tconst	imdb_url
tt0000591	https://www.imdb.com/title/tt0000591/
tt0000615	https://www.imdb.com/title/tt0000615/
tt0176294	https://www.imdb.com/title/tt0176294/
tt0177611	https://www.imdb.com/title/tt0177611/
tt0178369	https://www.imdb.com/title/tt0178369/
tt0212794	https://www.imdb.com/title/tt0212794/
tt0255698	https://www.imdb.com/title/tt0255698/
tt0279038	https://www.imdb.com/title/tt0279038/
tt0279232	https://www.imdb.com/title/tt0279232/
tt0279471	https://www.imdb.com/title/tt0279471/
tt0280714	https://www.imdb.com/title/tt0280714/
tt0488116	https://www.imdb.com/title/tt0488116/
tt1735401	https://www.imdb.com/title/tt1735401/
tt1799590	https://www.imdb.com/title/tt1799590/
tt32879833	https://www.imdb.com/title/tt32879833/
tt3663196	https://www.imdb.com/title/tt3663196/
tt9006018	https://www.imdb.com/title/tt9006018/
