tconst	imdb_url
tt0020654	https://www.imdb.com/title/tt0020654/
tt0022448	https://www.imdb.com/title/tt0022448/
tt0027510	https://www.imdb.com/title/tt0027510/
tt0027533	https://www.imdb.com/title/tt0027533/
tt0027666	https://www.imdb.com/title/tt0027666/
tt0027949	https://www.imdb.com/title/tt0027949/
tt0028160	https://www.imdb.com/title/tt0028160/
tt0028453	https://www.imdb.com/title/tt0028453/
tt0028542	https://www.imdb.com/title/tt0028542/
tt0028571	https://www.imdb.com/title/tt0028571/
tt0029258	https://www.imdb.com/title/tt0029258/
tt0029365	https://www.imdb.com/title/tt0029365/
tt0029396	https://www.imdb.com/title/tt0029396/
tt0029619	https://www.imdb.com/title/tt0029619/
tt0029832	https://www.imdb.com/title/tt0029832/
tt0029849	https://www.imdb.com/title/tt0029849/
tt0029875	https://www.imdb.com/title/tt0029875/
tt0029878	https://www.imdb.com/title/tt0029878/
tt0029908	https://www.imdb.com/title/tt0029908/
tt0029919	https://www.imdb.com/title/tt0029919/
tt0029974	https://www.imdb.com/title/tt0029974/
tt0029977	https://www.imdb.com/title/tt0029977/
tt0029980	https://www.imdb.com/title/tt0029980/
tt0029987	https://www.imdb.com/title/tt0029987/
tt0030011	https://www.imdb.com/title/tt0030011/
tt0030015	https://www.imdb.com/title/tt0030015/
tt0030050	https://www.imdb.com/title/tt0030050/
tt0030058	https://www.imdb.com/title/tt0030058/
tt0030064	https://www.imdb.com/title/tt0030064/
tt0030083	https://www.imdb.com/title/tt0030083/
tt0030087	https://www.imdb.com/title/tt0030087/
tt0030088	https://www.imdb.com/title/tt0030088/
tt0030097	https://www.imdb.com/title/tt0030097/
tt0030101	https://www.imdb.com/title/tt0030101/
tt0030102	https://www.imdb.com/title/tt0030102/
tt0030118	https://www.imdb.com/title/tt0030118/
tt0030124	https://www.imdb.com/title/tt0030124/
tt0030134	https://www.imdb.com/title/tt0030134/
tt0030278	https://www.imdb.com/title/tt0030278/
tt0030294	https://www.imdb.com/title/tt0030294/
tt0030306	https://www.imdb.com/title/tt0030306/
tt0030417	https://www.imdb.com/title/tt0030417/
tt0030420	https://www.imdb.com/title/tt0030420/
tt0030421	https://www.imdb.com/title/tt0030421/
tt0030438	https://www.imdb.com/title/tt0030438/
tt0030450	https://www.imdb.com/title/tt0030450/
tt0030458	https://www.imdb.com/title/tt0030458/
tt0030493	https://www.imdb.com/title/tt0030493/
tt0030497	https://www.imdb.com/title/tt0030497/
tt0030516	https://www.imdb.com/title/tt0030516/
tt0030533	https://www.imdb.com/title/tt0030533/
tt0030534	https://www.imdb.com/title/tt0030534/
tt0030583	https://www.imdb.com/title/tt0030583/
tt0030706	https://www.imdb.com/title/tt0030706/
tt0030724	https://www.imdb.com/title/tt0030724/
tt0030735	https://www.imdb.com/title/tt0030735/
tt0030769	https://www.imdb.com/title/tt0030769/
tt0030814	https://www.imdb.com/title/tt0030814/
tt0030843	https://www.imdb.com/title/tt0030843/
tt0030844	https://www.imdb.com/title/tt0030844/
tt0030882	https://www.imdb.com/title/tt0030882/
tt0030891	https://www.imdb.com/title/tt0030891/
tt0030893	https://www.imdb.com/title/tt0030893/
tt0030926	https://www.imdb.com/title/tt0030926/
tt0030945	https://www.imdb.com/title/tt0030945/
tt0030955	https://www.imdb.com/title/tt0030955/
tt0030966	https://www.imdb.com/title/tt0030966/
tt0031011	https://www.imdb.com/title/tt0031011/
tt0031012	https://www.imdb.com/title/tt0031012/
tt0031013	https://www.imdb.com/title/tt0031013/
tt0031014	https://www.imdb.com/title/tt0031014/
tt0031016	https://www.imdb.com/title/tt0031016/
tt0031017	https://www.imdb.com/title/tt0031017/
tt0031018	https://www.imdb.com/title/tt0031018/
tt0031019	https://www.imdb.com/title/tt0031019/
tt0031020	https://www.imdb.com/title/tt0031020/
tt0031021	https://www.imdb.com/title/tt0031021/
tt0031022	https://www.imdb.com/title/tt0031022/
tt0031023	https://www.imdb.com/title/tt0031023/
tt0031024	https://www.imdb.com/title/tt0031024/
tt0031026	https://www.imdb.com/title/tt0031026/
tt0031027	https://www.imdb.com/title/tt0031027/
tt0031031	https://www.imdb.com/title/tt0031031/
tt0031032	https://www.imdb.com/title/tt0031032/
tt0031033	https://www.imdb.com/title/tt0031033/
tt0031035	https://www.imdb.com/title/tt0031035/
tt0031037	https://www.imdb.com/title/tt0031037/
tt0031038	https://www.imdb.com/title/tt0031038/
tt0031039	https://www.imdb.com/title/tt0031039/
tt0031041	https://www.imdb.com/title/tt0031041/
tt0031043	https://www.imdb.com/title/tt0031043/
tt0031045	https://www.imdb.com/title/tt0031045/
tt0031046	https://www.imdb.com/title/tt0031046/
tt0031047	https://www.imdb.com/title/tt0031047/
tt0031048	https://www.imdb.com/title/tt0031048/
tt0031051	https://www.imdb.com/title/tt0031051/
tt0031052	https://www.imdb.com/title/tt0031052/
tt0031053	https://www.imdb.com/title/tt0031053/
tt0031055	https://www.imdb.com/title/tt0031055/
tt0031058	https://www.imdb.com/title/tt0031058/
tt0031059	https://www.imdb.com/title/tt0031059/
tt0031060	https://www.imdb.com/title/tt0031060/
tt0031062	https://www.imdb.com/title/tt0031062/
tt0031066	https://www.imdb.com/title/tt0031066/
tt0031067	https://www.imdb.com/title/tt0031067/
tt0031068	https://www.imdb.com/title/tt0031068/
tt0031069	https://www.imdb.com/title/tt0031069/
tt0031070	https://www.imdb.com/title/tt0031070/
tt0031071	https://www.imdb.com/title/tt0031071/
tt0031072	https://www.imdb.com/title/tt0031072/
tt0031073	https://www.imdb.com/title/tt0031073/
tt0031074	https://www.imdb.com/title/tt0031074/
tt0031075	https://www.imdb.com/title/tt0031075/
tt0031076	https://www.imdb.com/title/tt0031076/
tt0031079	https://www.imdb.com/title/tt0031079/
tt0031081	https://www.imdb.com/title/tt0031081/
tt0031082	https://www.imdb.com/title/tt0031082/
tt0031085	https://www.imdb.com/title/tt0031085/
tt0031088	https://www.imdb.com/title/tt0031088/
tt0031089	https://www.imdb.com/title/tt0031089/
tt0031090	https://www.imdb.com/title/tt0031090/
tt0031091	https://www.imdb.com/title/tt0031091/
tt0031092	https://www.imdb.com/title/tt0031092/
tt0031094	https://www.imdb.com/title/tt0031094/
tt0031095	https://www.imdb.com/title/tt0031095/
tt0031096	https://www.imdb.com/title/tt0031096/
tt0031097	https://www.imdb.com/title/tt0031097/
tt0031098	https://www.imdb.com/title/tt0031098/
tt0031100	https://www.imdb.com/title/tt0031100/
tt0031101	https://www.imdb.com/title/tt0031101/
tt0031102	https://www.imdb.com/title/tt0031102/
tt0031103	https://www.imdb.com/title/tt0031103/
tt0031104	https://www.imdb.com/title/tt0031104/
tt0031105	https://www.imdb.com/title/tt0031105/
tt0031106	https://www.imdb.com/title/tt0031106/
tt0031107	https://www.imdb.com/title/tt0031107/
tt0031108	https://www.imdb.com/title/tt0031108/
tt0031110	https://www.imdb.com/title/tt0031110/
tt0031111	https://www.imdb.com/title/tt0031111/
tt0031112	https://www.imdb.com/title/tt0031112/
tt0031114	https://www.imdb.com/title/tt0031114/
tt0031115	https://www.imdb.com/title/tt0031115/
tt0031117	https://www.imdb.com/title/tt0031117/
tt0031118	https://www.imdb.com/title/tt0031118/
tt0031119	https://www.imdb.com/title/tt0031119/
tt0031120	https://www.imdb.com/title/tt0031120/
tt0031121	https://www.imdb.com/title/tt0031121/
tt0031122	https://www.imdb.com/title/tt0031122/
tt0031124	https://www.imdb.com/title/tt0031124/
tt0031125	https://www.imdb.com/title/tt0031125/
tt0031126	https://www.imdb.com/title/tt0031126/
tt0031127	https://www.imdb.com/title/tt0031127/
tt0031129	https://www.imdb.com/title/tt0031129/
tt0031130	https://www.imdb.com/title/tt0031130/
tt0031132	https://www.imdb.com/title/tt0031132/
tt0031133	https://www.imdb.com/title/tt0031133/
tt0031134	https://www.imdb.com/title/tt0031134/
tt0031135	https://www.imdb.com/title/tt0031135/
tt0031137	https://www.imdb.com/title/tt0031137/
tt0031139	https://www.imdb.com/title/tt0031139/
tt0031140	https://www.imdb.com/title/tt0031140/
tt0031141	https://www.imdb.com/title/tt0031141/
tt0031143	https://www.imdb.com/title/tt0031143/
tt0031144	https://www.imdb.com/title/tt0031144/
tt0031145	https://www.imdb.com/title/tt0031145/
tt0031147	https://www.imdb.com/title/tt0031147/
tt0031148	https://www.imdb.com/title/tt0031148/
tt0031149	https://www.imdb.com/title/tt0031149/
tt0031150	https://www.imdb.com/title/tt0031150/
tt0031151	https://www.imdb.com/title/tt0031151/
tt0031152	https://www.imdb.com/title/tt0031152/
tt0031154	https://www.imdb.com/title/tt0031154/
tt0031155	https://www.imdb.com/title/tt0031155/
tt0031157	https://www.imdb.com/title/tt0031157/
tt0031158	https://www.imdb.com/title/tt0031158/
tt0031159	https://www.imdb.com/title/tt0031159/
tt0031163	https://www.imdb.com/title/tt0031163/
tt0031164	https://www.imdb.com/title/tt0031164/
tt0031165	https://www.imdb.com/title/tt0031165/
tt0031166	https://www.imdb.com/title/tt0031166/
tt0031167	https://www.imdb.com/title/tt0031167/
tt0031168	https://www.imdb.com/title/tt0031168/
tt0031169	https://www.imdb.com/title/tt0031169/
tt0031170	https://www.imdb.com/title/tt0031170/
tt0031173	https://www.imdb.com/title/tt0031173/
tt0031176	https://www.imdb.com/title/tt0031176/
tt0031177	https://www.imdb.com/title/tt0031177/
tt0031179	https://www.imdb.com/title/tt0031179/
tt0031181	https://www.imdb.com/title/tt0031181/
tt0031183	https://www.imdb.com/title/tt0031183/
tt0031184	https://www.imdb.com/title/tt0031184/
tt0031187	https://www.imdb.com/title/tt0031187/
tt0031188	https://www.imdb.com/title/tt0031188/
tt0031189	https://www.imdb.com/title/tt0031189/
tt0031190	https://www.imdb.com/title/tt0031190/
tt0031193	https://www.imdb.com/title/tt0031193/
tt0031194	https://www.imdb.com/title/tt0031194/
tt0031200	https://www.imdb.com/title/tt0031200/
tt0031203	https://www.imdb.com/title/tt0031203/
tt0031204	https://www.imdb.com/title/tt0031204/
tt0031205	https://www.imdb.com/title/tt0031205/
tt0031207	https://www.imdb.com/title/tt0031207/
tt0031208	https://www.imdb.com/title/tt0031208/
tt0031210	https://www.imdb.com/title/tt0031210/
tt0031211	https://www.imdb.com/title/tt0031211/
tt0031212	https://www.imdb.com/title/tt0031212/
tt0031214	https://www.imdb.com/title/tt0031214/
tt0031215	https://www.imdb.com/title/tt0031215/
tt0031216	https://www.imdb.com/title/tt0031216/
tt0031218	https://www.imdb.com/title/tt0031218/
tt0031220	https://www.imdb.com/title/tt0031220/
tt0031221	https://www.imdb.com/title/tt0031221/
tt0031222	https://www.imdb.com/title/tt0031222/
tt0031224	https://www.imdb.com/title/tt0031224/
tt0031225	https://www.imdb.com/title/tt0031225/
tt0031229	https://www.imdb.com/title/tt0031229/
tt0031230	https://www.imdb.com/title/tt0031230/
tt0031232	https://www.imdb.com/title/tt0031232/
tt0031233	https://www.imdb.com/title/tt0031233/
tt0031234	https://www.imdb.com/title/tt0031234/
tt0031235	https://www.imdb.com/title/tt0031235/
tt0031244	https://www.imdb.com/title/tt0031244/
tt0031245	https://www.imdb.com/title/tt0031245/
tt0031246	https://www.imdb.com/title/tt0031246/
tt0031247	https://www.imdb.com/title/tt0031247/
tt0031249	https://www.imdb.com/title/tt0031249/
tt0031250	https://www.imdb.com/title/tt0031250/
tt0031252	https://www.imdb.com/title/tt0031252/
tt0031254	https://www.imdb.com/title/tt0031254/
tt0031255	https://www.imdb.com/title/tt0031255/
tt0031256	https://www.imdb.com/title/tt0031256/
tt0031258	https://www.imdb.com/title/tt0031258/
tt0031259	https://www.imdb.com/title/tt0031259/
tt0031260	https://www.imdb.com/title/tt0031260/
tt0031261	https://www.imdb.com/title/tt0031261/
tt0031262	https://www.imdb.com/title/tt0031262/
tt0031263	https://www.imdb.com/title/tt0031263/
tt0031264	https://www.imdb.com/title/tt0031264/
tt0031265	https://www.imdb.com/title/tt0031265/
tt0031266	https://www.imdb.com/title/tt0031266/
tt0031267	https://www.imdb.com/title/tt0031267/
tt0031268	https://www.imdb.com/title/tt0031268/
tt0031269	https://www.imdb.com/title/tt0031269/
tt0031270	https://www.imdb.com/title/tt0031270/
tt0031273	https://www.imdb.com/title/tt0031273/
tt0031275	https://www.imdb.com/title/tt0031275/
tt0031276	https://www.imdb.com/title/tt0031276/
tt0031277	https://www.imdb.com/title/tt0031277/
tt0031278	https://www.imdb.com/title/tt0031278/
tt0031279	https://www.imdb.com/title/tt0031279/
tt0031280	https://www.imdb.com/title/tt0031280/
tt0031281	https://www.imdb.com/title/tt0031281/
tt0031282	https://www.imdb.com/title/tt0031282/
tt0031283	https://www.imdb.com/title/tt0031283/
tt0031284	https://www.imdb.com/title/tt0031284/
tt0031285	https://www.imdb.com/title/tt0031285/
tt0031286	https://www.imdb.com/title/tt0031286/
tt0031287	https://www.imdb.com/title/tt0031287/
tt0031288	https://www.imdb.com/title/tt0031288/
tt0031289	https://www.imdb.com/title/tt0031289/
tt0031291	https://www.imdb.com/title/tt0031291/
tt0031293	https://www.imdb.com/title/tt0031293/
tt0031295	https://www.imdb.com/title/tt0031295/
tt0031296	https://www.imdb.com/title/tt0031296/
tt0031297	https://www.imdb.com/title/tt0031297/
tt0031298	https://www.imdb.com/title/tt0031298/
tt0031299	https://www.imdb.com/title/tt0031299/
tt0031301	https://www.imdb.com/title/tt0031301/
tt0031302	https://www.imdb.com/title/tt0031302/
tt0031304	https://www.imdb.com/title/tt0031304/
tt0031305	https://www.imdb.com/title/tt0031305/
tt0031306	https://www.imdb.com/title/tt0031306/
tt0031307	https://www.imdb.com/title/tt0031307/
tt0031309	https://www.imdb.com/title/tt0031309/
tt0031310	https://www.imdb.com/title/tt0031310/
tt0031311	https://www.imdb.com/title/tt0031311/
tt0031312	https://www.imdb.com/title/tt0031312/
tt0031313	https://www.imdb.com/title/tt0031313/
tt0031314	https://www.imdb.com/title/tt0031314/
tt0031315	https://www.imdb.com/title/tt0031315/
tt0031317	https://www.imdb.com/title/tt0031317/
tt0031318	https://www.imdb.com/title/tt0031318/
tt0031320	https://www.imdb.com/title/tt0031320/
tt0031321	https://www.imdb.com/title/tt0031321/
tt0031322	https://www.imdb.com/title/tt0031322/
tt0031323	https://www.imdb.com/title/tt0031323/
tt0031324	https://www.imdb.com/title/tt0031324/
tt0031325	https://www.imdb.com/title/tt0031325/
tt0031326	https://www.imdb.com/title/tt0031326/
tt0031327	https://www.imdb.com/title/tt0031327/
tt0031328	https://www.imdb.com/title/tt0031328/
tt0031330	https://www.imdb.com/title/tt0031330/
tt0031331	https://www.imdb.com/title/tt0031331/
tt0031332	https://www.imdb.com/title/tt0031332/
tt0031333	https://www.imdb.com/title/tt0031333/
tt0031334	https://www.imdb.com/title/tt0031334/
tt0031335	https://www.imdb.com/title/tt0031335/
tt0031336	https://www.imdb.com/title/tt0031336/
tt0031337	https://www.imdb.com/title/tt0031337/
tt0031338	https://www.imdb.com/title/tt0031338/
tt0031339	https://www.imdb.com/title/tt0031339/
tt0031340	https://www.imdb.com/title/tt0031340/
tt0031342	https://www.imdb.com/title/tt0031342/
tt0031345	https://www.imdb.com/title/tt0031345/
tt0031346	https://www.imdb.com/title/tt0031346/
tt0031347	https://www.imdb.com/title/tt0031347/
tt0031349	https://www.imdb.com/title/tt0031349/
tt0031350	https://www.imdb.com/title/tt0031350/
tt0031351	https://www.imdb.com/title/tt0031351/
tt0031352	https://www.imdb.com/title/tt0031352/
tt0031353	https://www.imdb.com/title/tt0031353/
tt0031357	https://www.imdb.com/title/tt0031357/
tt0031358	https://www.imdb.com/title/tt0031358/
tt0031360	https://www.imdb.com/title/tt0031360/
tt0031361	https://www.imdb.com/title/tt0031361/
tt0031362	https://www.imdb.com/title/tt0031362/
tt0031363	https://www.imdb.com/title/tt0031363/
tt0031364	https://www.imdb.com/title/tt0031364/
tt0031365	https://www.imdb.com/title/tt0031365/
tt0031367	https://www.imdb.com/title/tt0031367/
tt0031369	https://www.imdb.com/title/tt0031369/
tt0031370	https://www.imdb.com/title/tt0031370/
tt0031371	https://www.imdb.com/title/tt0031371/
tt0031373	https://www.imdb.com/title/tt0031373/
tt0031374	https://www.imdb.com/title/tt0031374/
tt0031375	https://www.imdb.com/title/tt0031375/
tt0031377	https://www.imdb.com/title/tt0031377/
tt0031380	https://www.imdb.com/title/tt0031380/
tt0031381	https://www.imdb.com/title/tt0031381/
tt0031383	https://www.imdb.com/title/tt0031383/
tt0031385	https://www.imdb.com/title/tt0031385/
tt0031387	https://www.imdb.com/title/tt0031387/
tt0031388	https://www.imdb.com/title/tt0031388/
tt0031389	https://www.imdb.com/title/tt0031389/
tt0031390	https://www.imdb.com/title/tt0031390/
tt0031391	https://www.imdb.com/title/tt0031391/
tt0031392	https://www.imdb.com/title/tt0031392/
tt0031393	https://www.imdb.com/title/tt0031393/
tt0031395	https://www.imdb.com/title/tt0031395/
tt0031396	https://www.imdb.com/title/tt0031396/
tt0031397	https://www.imdb.com/title/tt0031397/
tt0031398	https://www.imdb.com/title/tt0031398/
tt0031399	https://www.imdb.com/title/tt0031399/
tt0031400	https://www.imdb.com/title/tt0031400/
tt0031403	https://www.imdb.com/title/tt0031403/
tt0031406	https://www.imdb.com/title/tt0031406/
tt0031407	https://www.imdb.com/title/tt0031407/
tt0031408	https://www.imdb.com/title/tt0031408/
tt0031409	https://www.imdb.com/title/tt0031409/
tt0031411	https://www.imdb.com/title/tt0031411/
tt0031412	https://www.imdb.com/title/tt0031412/
tt0031414	https://www.imdb.com/title/tt0031414/
tt0031416	https://www.imdb.com/title/tt0031416/
tt0031417	https://www.imdb.com/title/tt0031417/
tt0031418	https://www.imdb.com/title/tt0031418/
tt0031419	https://www.imdb.com/title/tt0031419/
tt0031420	https://www.imdb.com/title/tt0031420/
tt0031421	https://www.imdb.com/title/tt0031421/
tt0031423	https://www.imdb.com/title/tt0031423/
tt0031424	https://www.imdb.com/title/tt0031424/
tt0031427	https://www.imdb.com/title/tt0031427/
tt0031428	https://www.imdb.com/title/tt0031428/
tt0031430	https://www.imdb.com/title/tt0031430/
tt0031432	https://www.imdb.com/title/tt0031432/
tt0031433	https://www.imdb.com/title/tt0031433/
tt0031434	https://www.imdb.com/title/tt0031434/
tt0031435	https://www.imdb.com/title/tt0031435/
tt0031436	https://www.imdb.com/title/tt0031436/
tt0031437	https://www.imdb.com/title/tt0031437/
tt0031438	https://www.imdb.com/title/tt0031438/
tt0031440	https://www.imdb.com/title/tt0031440/
tt0031441	https://www.imdb.com/title/tt0031441/
tt0031442	https://www.imdb.com/title/tt0031442/
tt0031443	https://www.imdb.com/title/tt0031443/
tt0031445	https://www.imdb.com/title/tt0031445/
tt0031446	https://www.imdb.com/title/tt0031446/
tt0031447	https://www.imdb.com/title/tt0031447/
tt0031448	https://www.imdb.com/title/tt0031448/
tt0031449	https://www.imdb.com/title/tt0031449/
tt0031450	https://www.imdb.com/title/tt0031450/
tt0031453	https://www.imdb.com/title/tt0031453/
tt0031455	https://www.imdb.com/title/tt0031455/
tt0031456	https://www.imdb.com/title/tt0031456/
tt0031459	https://www.imdb.com/title/tt0031459/
tt0031461	https://www.imdb.com/title/tt0031461/
tt0031462	https://www.imdb.com/title/tt0031462/
tt0031463	https://www.imdb.com/title/tt0031463/
tt0031464	https://www.imdb.com/title/tt0031464/
tt0031465	https://www.imdb.com/title/tt0031465/
tt0031467	https://www.imdb.com/title/tt0031467/
tt0031468	https://www.imdb.com/title/tt0031468/
tt0031469	https://www.imdb.com/title/tt0031469/
tt0031470	https://www.imdb.com/title/tt0031470/
tt0031471	https://www.imdb.com/title/tt0031471/
tt0031472	https://www.imdb.com/title/tt0031472/
tt0031473	https://www.imdb.com/title/tt0031473/
tt0031474	https://www.imdb.com/title/tt0031474/
tt0031476	https://www.imdb.com/title/tt0031476/
tt0031477	https://www.imdb.com/title/tt0031477/
tt0031478	https://www.imdb.com/title/tt0031478/
tt0031479	https://www.imdb.com/title/tt0031479/
tt0031480	https://www.imdb.com/title/tt0031480/
tt0031481	https://www.imdb.com/title/tt0031481/
tt0031482	https://www.imdb.com/title/tt0031482/
tt0031483	https://www.imdb.com/title/tt0031483/
tt0031485	https://www.imdb.com/title/tt0031485/
tt0031486	https://www.imdb.com/title/tt0031486/
tt0031487	https://www.imdb.com/title/tt0031487/
tt0031488	https://www.imdb.com/title/tt0031488/
tt0031489	https://www.imdb.com/title/tt0031489/
tt0031490	https://www.imdb.com/title/tt0031490/
tt0031491	https://www.imdb.com/title/tt0031491/
tt0031492	https://www.imdb.com/title/tt0031492/
tt0031493	https://www.imdb.com/title/tt0031493/
tt0031495	https://www.imdb.com/title/tt0031495/
tt0031496	https://www.imdb.com/title/tt0031496/
tt0031497	https://www.imdb.com/title/tt0031497/
tt0031498	https://www.imdb.com/title/tt0031498/
tt0031499	https://www.imdb.com/title/tt0031499/
tt0031500	https://www.imdb.com/title/tt0031500/
tt0031505	https://www.imdb.com/title/tt0031505/
tt0031507	https://www.imdb.com/title/tt0031507/
tt0031508	https://www.imdb.com/title/tt0031508/
tt0031510	https://www.imdb.com/title/tt0031510/
tt0031511	https://www.imdb.com/title/tt0031511/
tt0031512	https://www.imdb.com/title/tt0031512/
tt0031513	https://www.imdb.com/title/tt0031513/
tt0031514	https://www.imdb.com/title/tt0031514/
tt0031516	https://www.imdb.com/title/tt0031516/
tt0031517	https://www.imdb.com/title/tt0031517/
tt0031519	https://www.imdb.com/title/tt0031519/
tt0031525	https://www.imdb.com/title/tt0031525/
tt0031526	https://www.imdb.com/title/tt0031526/
tt0031527	https://www.imdb.com/title/tt0031527/
tt0031528	https://www.imdb.com/title/tt0031528/
tt0031529	https://www.imdb.com/title/tt0031529/
tt0031530	https://www.imdb.com/title/tt0031530/
tt0031531	https://www.imdb.com/title/tt0031531/
tt0031532	https://www.imdb.com/title/tt0031532/
tt0031533	https://www.imdb.com/title/tt0031533/
tt0031534	https://www.imdb.com/title/tt0031534/
tt0031535	https://www.imdb.com/title/tt0031535/
tt0031536	https://www.imdb.com/title/tt0031536/
tt0031537	https://www.imdb.com/title/tt0031537/
tt0031538	https://www.imdb.com/title/tt0031538/
tt0031539	https://www.imdb.com/title/tt0031539/
tt0031540	https://www.imdb.com/title/tt0031540/
tt0031542	https://www.imdb.com/title/tt0031542/
tt0031544	https://www.imdb.com/title/tt0031544/
tt0031546	https://www.imdb.com/title/tt0031546/
tt0031547	https://www.imdb.com/title/tt0031547/
tt0031549	https://www.imdb.com/title/tt0031549/
tt0031550	https://www.imdb.com/title/tt0031550/
tt0031553	https://www.imdb.com/title/tt0031553/
tt0031554	https://www.imdb.com/title/tt0031554/
tt0031555	https://www.imdb.com/title/tt0031555/
tt0031556	https://www.imdb.com/title/tt0031556/
tt0031557	https://www.imdb.com/title/tt0031557/
tt0031558	https://www.imdb.com/title/tt0031558/
tt0031561	https://www.imdb.com/title/tt0031561/
tt0031562	https://www.imdb.com/title/tt0031562/
tt0031563	https://www.imdb.com/title/tt0031563/
tt0031564	https://www.imdb.com/title/tt0031564/
tt0031565	https://www.imdb.com/title/tt0031565/
tt0031566	https://www.imdb.com/title/tt0031566/
tt0031567	https://www.imdb.com/title/tt0031567/
tt0031569	https://www.imdb.com/title/tt0031569/
tt0031570	https://www.imdb.com/title/tt0031570/
tt0031571	https://www.imdb.com/title/tt0031571/
tt0031572	https://www.imdb.com/title/tt0031572/
tt0031574	https://www.imdb.com/title/tt0031574/
tt0031575	https://www.imdb.com/title/tt0031575/
tt0031576	https://www.imdb.com/title/tt0031576/
tt0031580	https://www.imdb.com/title/tt0031580/
tt0031581	https://www.imdb.com/title/tt0031581/
tt0031583	https://www.imdb.com/title/tt0031583/
tt0031585	https://www.imdb.com/title/tt0031585/
tt0031586	https://www.imdb.com/title/tt0031586/
tt0031587	https://www.imdb.com/title/tt0031587/
tt0031589	https://www.imdb.com/title/tt0031589/
tt0031590	https://www.imdb.com/title/tt0031590/
tt0031592	https://www.imdb.com/title/tt0031592/
tt0031593	https://www.imdb.com/title/tt0031593/
tt0031595	https://www.imdb.com/title/tt0031595/
tt0031596	https://www.imdb.com/title/tt0031596/
tt0031597	https://www.imdb.com/title/tt0031597/
tt0031599	https://www.imdb.com/title/tt0031599/
tt0031602	https://www.imdb.com/title/tt0031602/
tt0031604	https://www.imdb.com/title/tt0031604/
tt0031605	https://www.imdb.com/title/tt0031605/
tt0031607	https://www.imdb.com/title/tt0031607/
tt0031608	https://www.imdb.com/title/tt0031608/
tt0031611	https://www.imdb.com/title/tt0031611/
tt0031613	https://www.imdb.com/title/tt0031613/
tt0031614	https://www.imdb.com/title/tt0031614/
tt0031618	https://www.imdb.com/title/tt0031618/
tt0031619	https://www.imdb.com/title/tt0031619/
tt0031620	https://www.imdb.com/title/tt0031620/
tt0031621	https://www.imdb.com/title/tt0031621/
tt0031626	https://www.imdb.com/title/tt0031626/
tt0031627	https://www.imdb.com/title/tt0031627/
tt0031628	https://www.imdb.com/title/tt0031628/
tt0031629	https://www.imdb.com/title/tt0031629/
tt0031630	https://www.imdb.com/title/tt0031630/
tt0031634	https://www.imdb.com/title/tt0031634/
tt0031635	https://www.imdb.com/title/tt0031635/
tt0031637	https://www.imdb.com/title/tt0031637/
tt0031638	https://www.imdb.com/title/tt0031638/
tt0031639	https://www.imdb.com/title/tt0031639/
tt0031640	https://www.imdb.com/title/tt0031640/
tt0031641	https://www.imdb.com/title/tt0031641/
tt0031642	https://www.imdb.com/title/tt0031642/
tt0031643	https://www.imdb.com/title/tt0031643/
tt0031645	https://www.imdb.com/title/tt0031645/
tt0031646	https://www.imdb.com/title/tt0031646/
tt0031647	https://www.imdb.com/title/tt0031647/
tt0031648	https://www.imdb.com/title/tt0031648/
tt0031650	https://www.imdb.com/title/tt0031650/
tt0031651	https://www.imdb.com/title/tt0031651/
tt0031652	https://www.imdb.com/title/tt0031652/
tt0031653	https://www.imdb.com/title/tt0031653/
tt0031654	https://www.imdb.com/title/tt0031654/
tt0031655	https://www.imdb.com/title/tt0031655/
tt0031656	https://www.imdb.com/title/tt0031656/
tt0031657	https://www.imdb.com/title/tt0031657/
tt0031659	https://www.imdb.com/title/tt0031659/
tt0031661	https://www.imdb.com/title/tt0031661/
tt0031662	https://www.imdb.com/title/tt0031662/
tt0031664	https://www.imdb.com/title/tt0031664/
tt0031668	https://www.imdb.com/title/tt0031668/
tt0031669	https://www.imdb.com/title/tt0031669/
tt0031670	https://www.imdb.com/title/tt0031670/
tt0031671	https://www.imdb.com/title/tt0031671/
tt0031673	https://www.imdb.com/title/tt0031673/
tt0031674	https://www.imdb.com/title/tt0031674/
tt0031675	https://www.imdb.com/title/tt0031675/
tt0031676	https://www.imdb.com/title/tt0031676/
tt0031677	https://www.imdb.com/title/tt0031677/
tt0031679	https://www.imdb.com/title/tt0031679/
tt0031680	https://www.imdb.com/title/tt0031680/
tt0031683	https://www.imdb.com/title/tt0031683/
tt0031684	https://www.imdb.com/title/tt0031684/
tt0031685	https://www.imdb.com/title/tt0031685/
tt0031687	https://www.imdb.com/title/tt0031687/
tt0031688	https://www.imdb.com/title/tt0031688/
tt0031690	https://www.imdb.com/title/tt0031690/
tt0031691	https://www.imdb.com/title/tt0031691/
tt0031693	https://www.imdb.com/title/tt0031693/
tt0031697	https://www.imdb.com/title/tt0031697/
tt0031698	https://www.imdb.com/title/tt0031698/
tt0031699	https://www.imdb.com/title/tt0031699/
tt0031700	https://www.imdb.com/title/tt0031700/
tt0031701	https://www.imdb.com/title/tt0031701/
tt0031703	https://www.imdb.com/title/tt0031703/
tt0031704	https://www.imdb.com/title/tt0031704/
tt0031705	https://www.imdb.com/title/tt0031705/
tt0031707	https://www.imdb.com/title/tt0031707/
tt0031708	https://www.imdb.com/title/tt0031708/
tt0031709	https://www.imdb.com/title/tt0031709/
tt0031710	https://www.imdb.com/title/tt0031710/
tt0031712	https://www.imdb.com/title/tt0031712/
tt0031714	https://www.imdb.com/title/tt0031714/
tt0031715	https://www.imdb.com/title/tt0031715/
tt0031716	https://www.imdb.com/title/tt0031716/
tt0031718	https://www.imdb.com/title/tt0031718/
tt0031719	https://www.imdb.com/title/tt0031719/
tt0031721	https://www.imdb.com/title/tt0031721/
tt0031722	https://www.imdb.com/title/tt0031722/
tt0031723	https://www.imdb.com/title/tt0031723/
tt0031724	https://www.imdb.com/title/tt0031724/
tt0031725	https://www.imdb.com/title/tt0031725/
tt0031726	https://www.imdb.com/title/tt0031726/
tt0031727	https://www.imdb.com/title/tt0031727/
tt0031728	https://www.imdb.com/title/tt0031728/
tt0031729	https://www.imdb.com/title/tt0031729/
tt0031730	https://www.imdb.com/title/tt0031730/
tt0031732	https://www.imdb.com/title/tt0031732/
tt0031733	https://www.imdb.com/title/tt0031733/
tt0031735	https://www.imdb.com/title/tt0031735/
tt0031737	https://www.imdb.com/title/tt0031737/
tt0031738	https://www.imdb.com/title/tt0031738/
tt0031742	https://www.imdb.com/title/tt0031742/
tt0031743	https://www.imdb.com/title/tt0031743/
tt0031745	https://www.imdb.com/title/tt0031745/
tt0031747	https://www.imdb.com/title/tt0031747/
tt0031748	https://www.imdb.com/title/tt0031748/
tt0031750	https://www.imdb.com/title/tt0031750/
tt0031751	https://www.imdb.com/title/tt0031751/
tt0031752	https://www.imdb.com/title/tt0031752/
tt0031753	https://www.imdb.com/title/tt0031753/
tt0031754	https://www.imdb.com/title/tt0031754/
tt0031755	https://www.imdb.com/title/tt0031755/
tt0031756	https://www.imdb.com/title/tt0031756/
tt0031757	https://www.imdb.com/title/tt0031757/
tt0031758	https://www.imdb.com/title/tt0031758/
tt0031759	https://www.imdb.com/title/tt0031759/
tt0031761	https://www.imdb.com/title/tt0031761/
tt0031762	https://www.imdb.com/title/tt0031762/
tt0031763	https://www.imdb.com/title/tt0031763/
tt0031764	https://www.imdb.com/title/tt0031764/
tt0031765	https://www.imdb.com/title/tt0031765/
tt0031766	https://www.imdb.com/title/tt0031766/
tt0031767	https://www.imdb.com/title/tt0031767/
tt0031768	https://www.imdb.com/title/tt0031768/
tt0031769	https://www.imdb.com/title/tt0031769/
tt0031770	https://www.imdb.com/title/tt0031770/
tt0031771	https://www.imdb.com/title/tt0031771/
tt0031772	https://www.imdb.com/title/tt0031772/
tt0031773	https://www.imdb.com/title/tt0031773/
tt0031774	https://www.imdb.com/title/tt0031774/
tt0031775	https://www.imdb.com/title/tt0031775/
tt0031776	https://www.imdb.com/title/tt0031776/
tt0031777	https://www.imdb.com/title/tt0031777/
tt0031778	https://www.imdb.com/title/tt0031778/
tt0031779	https://www.imdb.com/title/tt0031779/
tt0031780	https://www.imdb.com/title/tt0031780/
tt0031781	https://www.imdb.com/title/tt0031781/
tt0031782	https://www.imdb.com/title/tt0031782/
tt0031783	https://www.imdb.com/title/tt0031783/
tt0031784	https://www.imdb.com/title/tt0031784/
tt0031785	https://www.imdb.com/title/tt0031785/
tt0031786	https://www.imdb.com/title/tt0031786/
tt0031788	https://www.imdb.com/title/tt0031788/
tt0031796	https://www.imdb.com/title/tt0031796/
tt0031797	https://www.imdb.com/title/tt0031797/
tt0031798	https://www.imdb.com/title/tt0031798/
tt0031800	https://www.imdb.com/title/tt0031800/
tt0031801	https://www.imdb.com/title/tt0031801/
tt0031804	https://www.imdb.com/title/tt0031804/
tt0031817	https://www.imdb.com/title/tt0031817/
tt0031823	https://www.imdb.com/title/tt0031823/
tt0031824	https://www.imdb.com/title/tt0031824/
tt0031825	https://www.imdb.com/title/tt0031825/
tt0031826	https://www.imdb.com/title/tt0031826/
tt0031829	https://www.imdb.com/title/tt0031829/
tt0031830	https://www.imdb.com/title/tt0031830/
tt0031831	https://www.imdb.com/title/tt0031831/
tt0031833	https://www.imdb.com/title/tt0031833/
tt0031835	https://www.imdb.com/title/tt0031835/
tt0031836	https://www.imdb.com/title/tt0031836/
tt0031838	https://www.imdb.com/title/tt0031838/
tt0031842	https://www.imdb.com/title/tt0031842/
tt0031843	https://www.imdb.com/title/tt0031843/
tt0031844	https://www.imdb.com/title/tt0031844/
tt0031845	https://www.imdb.com/title/tt0031845/
tt0031846	https://www.imdb.com/title/tt0031846/
tt0031847	https://www.imdb.com/title/tt0031847/
tt0031848	https://www.imdb.com/title/tt0031848/
tt0031849	https://www.imdb.com/title/tt0031849/
tt0031851	https://www.imdb.com/title/tt0031851/
tt0031852	https://www.imdb.com/title/tt0031852/
tt0031857	https://www.imdb.com/title/tt0031857/
tt0031859	https://www.imdb.com/title/tt0031859/
tt0031860	https://www.imdb.com/title/tt0031860/
tt0031861	https://www.imdb.com/title/tt0031861/
tt0031862	https://www.imdb.com/title/tt0031862/
tt0031863	https://www.imdb.com/title/tt0031863/
tt0031865	https://www.imdb.com/title/tt0031865/
tt0031867	https://www.imdb.com/title/tt0031867/
tt0031868	https://www.imdb.com/title/tt0031868/
tt0031871	https://www.imdb.com/title/tt0031871/
tt0031873	https://www.imdb.com/title/tt0031873/
tt0031874	https://www.imdb.com/title/tt0031874/
tt0031875	https://www.imdb.com/title/tt0031875/
tt0031876	https://www.imdb.com/title/tt0031876/
tt0031877	https://www.imdb.com/title/tt0031877/
tt0031879	https://www.imdb.com/title/tt0031879/
tt0031880	https://www.imdb.com/title/tt0031880/
tt0031881	https://www.imdb.com/title/tt0031881/
tt0031883	https://www.imdb.com/title/tt0031883/
tt0031885	https://www.imdb.com/title/tt0031885/
tt0031886	https://www.imdb.com/title/tt0031886/
tt0031887	https://www.imdb.com/title/tt0031887/
tt0031888	https://www.imdb.com/title/tt0031888/
tt0031889	https://www.imdb.com/title/tt0031889/
tt0031890	https://www.imdb.com/title/tt0031890/
tt0031891	https://www.imdb.com/title/tt0031891/
tt0031892	https://www.imdb.com/title/tt0031892/
tt0031894	https://www.imdb.com/title/tt0031894/
tt0031898	https://www.imdb.com/title/tt0031898/
tt0031902	https://www.imdb.com/title/tt0031902/
tt0031903	https://www.imdb.com/title/tt0031903/
tt0031907	https://www.imdb.com/title/tt0031907/
tt0031908	https://www.imdb.com/title/tt0031908/
tt0031909	https://www.imdb.com/title/tt0031909/
tt0031911	https://www.imdb.com/title/tt0031911/
tt0031914	https://www.imdb.com/title/tt0031914/
tt0031915	https://www.imdb.com/title/tt0031915/
tt0031916	https://www.imdb.com/title/tt0031916/
tt0031917	https://www.imdb.com/title/tt0031917/
tt0031919	https://www.imdb.com/title/tt0031919/
tt0031921	https://www.imdb.com/title/tt0031921/
tt0031922	https://www.imdb.com/title/tt0031922/
tt0031923	https://www.imdb.com/title/tt0031923/
tt0031924	https://www.imdb.com/title/tt0031924/
tt0031925	https://www.imdb.com/title/tt0031925/
tt0031926	https://www.imdb.com/title/tt0031926/
tt0031929	https://www.imdb.com/title/tt0031929/
tt0031930	https://www.imdb.com/title/tt0031930/
tt0031931	https://www.imdb.com/title/tt0031931/
tt0031932	https://www.imdb.com/title/tt0031932/
tt0031937	https://www.imdb.com/title/tt0031937/
tt0031940	https://www.imdb.com/title/tt0031940/
tt0031941	https://www.imdb.com/title/tt0031941/
tt0031946	https://www.imdb.com/title/tt0031946/
tt0031947	https://www.imdb.com/title/tt0031947/
tt0031948	https://www.imdb.com/title/tt0031948/
tt0031949	https://www.imdb.com/title/tt0031949/
tt0031950	https://www.imdb.com/title/tt0031950/
tt0031951	https://www.imdb.com/title/tt0031951/
tt0031954	https://www.imdb.com/title/tt0031954/
tt0031955	https://www.imdb.com/title/tt0031955/
tt0031956	https://www.imdb.com/title/tt0031956/
tt0031957	https://www.imdb.com/title/tt0031957/
tt0031958	https://www.imdb.com/title/tt0031958/
tt0031959	https://www.imdb.com/title/tt0031959/
tt0031961	https://www.imdb.com/title/tt0031961/
tt0031962	https://www.imdb.com/title/tt0031962/
tt0031963	https://www.imdb.com/title/tt0031963/
tt0031965	https://www.imdb.com/title/tt0031965/
tt0031968	https://www.imdb.com/title/tt0031968/
tt0031969	https://www.imdb.com/title/tt0031969/
tt0031970	https://www.imdb.com/title/tt0031970/
tt0031971	https://www.imdb.com/title/tt0031971/
tt0031972	https://www.imdb.com/title/tt0031972/
tt0031973	https://www.imdb.com/title/tt0031973/
tt0031974	https://www.imdb.com/title/tt0031974/
tt0031975	https://www.imdb.com/title/tt0031975/
tt0031978	https://www.imdb.com/title/tt0031978/
tt0031979	https://www.imdb.com/title/tt0031979/
tt0031980	https://www.imdb.com/title/tt0031980/
tt0031981	https://www.imdb.com/title/tt0031981/
tt0031983	https://www.imdb.com/title/tt0031983/
tt0031984	https://www.imdb.com/title/tt0031984/
tt0031986	https://www.imdb.com/title/tt0031986/
tt0031987	https://www.imdb.com/title/tt0031987/
tt0031988	https://www.imdb.com/title/tt0031988/
tt0031989	https://www.imdb.com/title/tt0031989/
tt0031990	https://www.imdb.com/title/tt0031990/
tt0031992	https://www.imdb.com/title/tt0031992/
tt0031993	https://www.imdb.com/title/tt0031993/
tt0031995	https://www.imdb.com/title/tt0031995/
tt0031996	https://www.imdb.com/title/tt0031996/
tt0031997	https://www.imdb.com/title/tt0031997/
tt0032001	https://www.imdb.com/title/tt0032001/
tt0032004	https://www.imdb.com/title/tt0032004/
tt0032005	https://www.imdb.com/title/tt0032005/
tt0032006	https://www.imdb.com/title/tt0032006/
tt0032007	https://www.imdb.com/title/tt0032007/
tt0032009	https://www.imdb.com/title/tt0032009/
tt0032010	https://www.imdb.com/title/tt0032010/
tt0032012	https://www.imdb.com/title/tt0032012/
tt0032013	https://www.imdb.com/title/tt0032013/
tt0032014	https://www.imdb.com/title/tt0032014/
tt0032015	https://www.imdb.com/title/tt0032015/
tt0032016	https://www.imdb.com/title/tt0032016/
tt0032018	https://www.imdb.com/title/tt0032018/
tt0032019	https://www.imdb.com/title/tt0032019/
tt0032020	https://www.imdb.com/title/tt0032020/
tt0032021	https://www.imdb.com/title/tt0032021/
tt0032022	https://www.imdb.com/title/tt0032022/
tt0032023	https://www.imdb.com/title/tt0032023/
tt0032026	https://www.imdb.com/title/tt0032026/
tt0032027	https://www.imdb.com/title/tt0032027/
tt0032028	https://www.imdb.com/title/tt0032028/
tt0032030	https://www.imdb.com/title/tt0032030/
tt0032031	https://www.imdb.com/title/tt0032031/
tt0032032	https://www.imdb.com/title/tt0032032/
tt0032034	https://www.imdb.com/title/tt0032034/
tt0032035	https://www.imdb.com/title/tt0032035/
tt0032036	https://www.imdb.com/title/tt0032036/
tt0032037	https://www.imdb.com/title/tt0032037/
tt0032040	https://www.imdb.com/title/tt0032040/
tt0032041	https://www.imdb.com/title/tt0032041/
tt0032042	https://www.imdb.com/title/tt0032042/
tt0032044	https://www.imdb.com/title/tt0032044/
tt0032045	https://www.imdb.com/title/tt0032045/
tt0032046	https://www.imdb.com/title/tt0032046/
tt0032047	https://www.imdb.com/title/tt0032047/
tt0032049	https://www.imdb.com/title/tt0032049/
tt0032050	https://www.imdb.com/title/tt0032050/
tt0032051	https://www.imdb.com/title/tt0032051/
tt0032053	https://www.imdb.com/title/tt0032053/
tt0032055	https://www.imdb.com/title/tt0032055/
tt0032056	https://www.imdb.com/title/tt0032056/
tt0032057	https://www.imdb.com/title/tt0032057/
tt0032059	https://www.imdb.com/title/tt0032059/
tt0032060	https://www.imdb.com/title/tt0032060/
tt0032061	https://www.imdb.com/title/tt0032061/
tt0032062	https://www.imdb.com/title/tt0032062/
tt0032063	https://www.imdb.com/title/tt0032063/
tt0032065	https://www.imdb.com/title/tt0032065/
tt0032066	https://www.imdb.com/title/tt0032066/
tt0032067	https://www.imdb.com/title/tt0032067/
tt0032068	https://www.imdb.com/title/tt0032068/
tt0032070	https://www.imdb.com/title/tt0032070/
tt0032074	https://www.imdb.com/title/tt0032074/
tt0032075	https://www.imdb.com/title/tt0032075/
tt0032076	https://www.imdb.com/title/tt0032076/
tt0032077	https://www.imdb.com/title/tt0032077/
tt0032078	https://www.imdb.com/title/tt0032078/
tt0032079	https://www.imdb.com/title/tt0032079/
tt0032080	https://www.imdb.com/title/tt0032080/
tt0032081	https://www.imdb.com/title/tt0032081/
tt0032082	https://www.imdb.com/title/tt0032082/
tt0032083	https://www.imdb.com/title/tt0032083/
tt0032085	https://www.imdb.com/title/tt0032085/
tt0032086	https://www.imdb.com/title/tt0032086/
tt0032087	https://www.imdb.com/title/tt0032087/
tt0032089	https://www.imdb.com/title/tt0032089/
tt0032091	https://www.imdb.com/title/tt0032091/
tt0032094	https://www.imdb.com/title/tt0032094/
tt0032095	https://www.imdb.com/title/tt0032095/
tt0032096	https://www.imdb.com/title/tt0032096/
tt0032097	https://www.imdb.com/title/tt0032097/
tt0032098	https://www.imdb.com/title/tt0032098/
tt0032099	https://www.imdb.com/title/tt0032099/
tt0032100	https://www.imdb.com/title/tt0032100/
tt0032103	https://www.imdb.com/title/tt0032103/
tt0032104	https://www.imdb.com/title/tt0032104/
tt0032105	https://www.imdb.com/title/tt0032105/
tt0032106	https://www.imdb.com/title/tt0032106/
tt0032107	https://www.imdb.com/title/tt0032107/
tt0032108	https://www.imdb.com/title/tt0032108/
tt0032111	https://www.imdb.com/title/tt0032111/
tt0032112	https://www.imdb.com/title/tt0032112/
tt0032113	https://www.imdb.com/title/tt0032113/
tt0032114	https://www.imdb.com/title/tt0032114/
tt0032115	https://www.imdb.com/title/tt0032115/
tt0032120	https://www.imdb.com/title/tt0032120/
tt0032122	https://www.imdb.com/title/tt0032122/
tt0032123	https://www.imdb.com/title/tt0032123/
tt0032124	https://www.imdb.com/title/tt0032124/
tt0032125	https://www.imdb.com/title/tt0032125/
tt0032127	https://www.imdb.com/title/tt0032127/
tt0032128	https://www.imdb.com/title/tt0032128/
tt0032130	https://www.imdb.com/title/tt0032130/
tt0032131	https://www.imdb.com/title/tt0032131/
tt0032132	https://www.imdb.com/title/tt0032132/
tt0032133	https://www.imdb.com/title/tt0032133/
tt0032135	https://www.imdb.com/title/tt0032135/
tt0032136	https://www.imdb.com/title/tt0032136/
tt0032137	https://www.imdb.com/title/tt0032137/
tt0032138	https://www.imdb.com/title/tt0032138/
tt0032139	https://www.imdb.com/title/tt0032139/
tt0032140	https://www.imdb.com/title/tt0032140/
tt0032141	https://www.imdb.com/title/tt0032141/
tt0032142	https://www.imdb.com/title/tt0032142/
tt0032143	https://www.imdb.com/title/tt0032143/
tt0032145	https://www.imdb.com/title/tt0032145/
tt0032146	https://www.imdb.com/title/tt0032146/
tt0032148	https://www.imdb.com/title/tt0032148/
tt0032149	https://www.imdb.com/title/tt0032149/
tt0032152	https://www.imdb.com/title/tt0032152/
tt0032153	https://www.imdb.com/title/tt0032153/
tt0032154	https://www.imdb.com/title/tt0032154/
tt0032155	https://www.imdb.com/title/tt0032155/
tt0032156	https://www.imdb.com/title/tt0032156/
tt0032158	https://www.imdb.com/title/tt0032158/
tt0032159	https://www.imdb.com/title/tt0032159/
tt0032160	https://www.imdb.com/title/tt0032160/
tt0032162	https://www.imdb.com/title/tt0032162/
tt0032164	https://www.imdb.com/title/tt0032164/
tt0032165	https://www.imdb.com/title/tt0032165/
tt0032166	https://www.imdb.com/title/tt0032166/
tt0032171	https://www.imdb.com/title/tt0032171/
tt0032173	https://www.imdb.com/title/tt0032173/
tt0032175	https://www.imdb.com/title/tt0032175/
tt0032203	https://www.imdb.com/title/tt0032203/
tt0032213	https://www.imdb.com/title/tt0032213/
tt0032229	https://www.imdb.com/title/tt0032229/
tt0032268	https://www.imdb.com/title/tt0032268/
tt0032283	https://www.imdb.com/title/tt0032283/
tt0032290	https://www.imdb.com/title/tt0032290/
tt0032299	https://www.imdb.com/title/tt0032299/
tt0032310	https://www.imdb.com/title/tt0032310/
tt0032333	https://www.imdb.com/title/tt0032333/
tt0032336	https://www.imdb.com/title/tt0032336/
tt0032341	https://www.imdb.com/title/tt0032341/
tt0032372	https://www.imdb.com/title/tt0032372/
tt0032387	https://www.imdb.com/title/tt0032387/
tt0032418	https://www.imdb.com/title/tt0032418/
tt0032634	https://www.imdb.com/title/tt0032634/
tt0032636	https://www.imdb.com/title/tt0032636/
tt0032688	https://www.imdb.com/title/tt0032688/
tt0032713	https://www.imdb.com/title/tt0032713/
tt0032740	https://www.imdb.com/title/tt0032740/
tt0032741	https://www.imdb.com/title/tt0032741/
tt0032749	https://www.imdb.com/title/tt0032749/
tt0032751	https://www.imdb.com/title/tt0032751/
tt0032784	https://www.imdb.com/title/tt0032784/
tt0032800	https://www.imdb.com/title/tt0032800/
tt0032807	https://www.imdb.com/title/tt0032807/
tt0032852	https://www.imdb.com/title/tt0032852/
tt0032858	https://www.imdb.com/title/tt0032858/
tt0032884	https://www.imdb.com/title/tt0032884/
tt0032888	https://www.imdb.com/title/tt0032888/
tt0032906	https://www.imdb.com/title/tt0032906/
tt0032948	https://www.imdb.com/title/tt0032948/
tt0032963	https://www.imdb.com/title/tt0032963/
tt0032979	https://www.imdb.com/title/tt0032979/
tt0032981	https://www.imdb.com/title/tt0032981/
tt0033025	https://www.imdb.com/title/tt0033025/
tt0033031	https://www.imdb.com/title/tt0033031/
tt0033043	https://www.imdb.com/title/tt0033043/
tt0033060	https://www.imdb.com/title/tt0033060/
tt0033062	https://www.imdb.com/title/tt0033062/
tt0033068	https://www.imdb.com/title/tt0033068/
tt0033089	https://www.imdb.com/title/tt0033089/
tt0033090	https://www.imdb.com/title/tt0033090/
tt0033104	https://www.imdb.com/title/tt0033104/
tt0033106	https://www.imdb.com/title/tt0033106/
tt0033113	https://www.imdb.com/title/tt0033113/
tt0033151	https://www.imdb.com/title/tt0033151/
tt0033156	https://www.imdb.com/title/tt0033156/
tt0033176	https://www.imdb.com/title/tt0033176/
tt0033195	https://www.imdb.com/title/tt0033195/
tt0033230	https://www.imdb.com/title/tt0033230/
tt0033252	https://www.imdb.com/title/tt0033252/
tt0033675	https://www.imdb.com/title/tt0033675/
tt0033713	https://www.imdb.com/title/tt0033713/
tt0033809	https://www.imdb.com/title/tt0033809/
tt0033822	https://www.imdb.com/title/tt0033822/
tt0035245	https://www.imdb.com/title/tt0035245/
tt0036575	https://www.imdb.com/title/tt0036575/
tt0037370	https://www.imdb.com/title/tt0037370/
tt0121369	https://www.imdb.com/title/tt0121369/
tt0121623	https://www.imdb.com/title/tt0121623/
tt0121836	https://www.imdb.com/title/tt0121836/
tt0121987	https://www.imdb.com/title/tt0121987/
tt0122845	https://www.imdb.com/title/tt0122845/
tt0122901	https://www.imdb.com/title/tt0122901/
tt0123010	https://www.imdb.com/title/tt0123010/
tt0123085	https://www.imdb.com/title/tt0123085/
tt0123118	https://www.imdb.com/title/tt0123118/
tt0123942	https://www.imdb.com/title/tt0123942/
tt0123969	https://www.imdb.com/title/tt0123969/
tt0124314	https://www.imdb.com/title/tt0124314/
tt0125437	https://www.imdb.com/title/tt0125437/
tt0125559	https://www.imdb.com/title/tt0125559/
tt0125696	https://www.imdb.com/title/tt0125696/
tt0125732	https://www.imdb.com/title/tt0125732/
tt0125955	https://www.imdb.com/title/tt0125955/
tt0126280	https://www.imdb.com/title/tt0126280/
tt0127567	https://www.imdb.com/title/tt0127567/
tt0128862	https://www.imdb.com/title/tt0128862/
tt0128918	https://www.imdb.com/title/tt0128918/
tt0128932	https://www.imdb.com/title/tt0128932/
tt0128934	https://www.imdb.com/title/tt0128934/
tt0129018	https://www.imdb.com/title/tt0129018/
tt0129021	https://www.imdb.com/title/tt0129021/
tt0129032	https://www.imdb.com/title/tt0129032/
tt0129036	https://www.imdb.com/title/tt0129036/
tt0129041	https://www.imdb.com/title/tt0129041/
tt0129043	https://www.imdb.com/title/tt0129043/
tt0129048	https://www.imdb.com/title/tt0129048/
tt0129072	https://www.imdb.com/title/tt0129072/
tt0129088	https://www.imdb.com/title/tt0129088/
tt0129090	https://www.imdb.com/title/tt0129090/
tt0129126	https://www.imdb.com/title/tt0129126/
tt0129164	https://www.imdb.com/title/tt0129164/
tt0129165	https://www.imdb.com/title/tt0129165/
tt0129170	https://www.imdb.com/title/tt0129170/
tt0129216	https://www.imdb.com/title/tt0129216/
tt0129241	https://www.imdb.com/title/tt0129241/
tt0129291	https://www.imdb.com/title/tt0129291/
tt0129296	https://www.imdb.com/title/tt0129296/
tt0129302	https://www.imdb.com/title/tt0129302/
tt0129311	https://www.imdb.com/title/tt0129311/
tt0129314	https://www.imdb.com/title/tt0129314/
tt0129317	https://www.imdb.com/title/tt0129317/
tt0129318	https://www.imdb.com/title/tt0129318/
tt0129421	https://www.imdb.com/title/tt0129421/
tt0129432	https://www.imdb.com/title/tt0129432/
tt0129481	https://www.imdb.com/title/tt0129481/
tt0129484	https://www.imdb.com/title/tt0129484/
tt0129530	https://www.imdb.com/title/tt0129530/
tt0129642	https://www.imdb.com/title/tt0129642/
tt0129798	https://www.imdb.com/title/tt0129798/
tt0131410	https://www.imdb.com/title/tt0131410/
tt0131567	https://www.imdb.com/title/tt0131567/
tt0132190	https://www.imdb.com/title/tt0132190/
tt0132215	https://www.imdb.com/title/tt0132215/
tt0132621	https://www.imdb.com/title/tt0132621/
tt0132638	https://www.imdb.com/title/tt0132638/
tt0133173	https://www.imdb.com/title/tt0133173/
tt0133389	https://www.imdb.com/title/tt0133389/
tt0133823	https://www.imdb.com/title/tt0133823/
tt0134091	https://www.imdb.com/title/tt0134091/
tt0134102	https://www.imdb.com/title/tt0134102/
tt0134126	https://www.imdb.com/title/tt0134126/
tt0135501	https://www.imdb.com/title/tt0135501/
tt0135818	https://www.imdb.com/title/tt0135818/
tt0136248	https://www.imdb.com/title/tt0136248/
tt0136286	https://www.imdb.com/title/tt0136286/
tt0136345	https://www.imdb.com/title/tt0136345/
tt0136980	https://www.imdb.com/title/tt0136980/
tt0136986	https://www.imdb.com/title/tt0136986/
tt0136993	https://www.imdb.com/title/tt0136993/
tt0137029	https://www.imdb.com/title/tt0137029/
tt0137866	https://www.imdb.com/title/tt0137866/
tt0138139	https://www.imdb.com/title/tt0138139/
tt0139419	https://www.imdb.com/title/tt0139419/
tt0139718	https://www.imdb.com/title/tt0139718/
tt0139719	https://www.imdb.com/title/tt0139719/
tt0140561	https://www.imdb.com/title/tt0140561/
tt0141313	https://www.imdb.com/title/tt0141313/
tt0142012	https://www.imdb.com/title/tt0142012/
tt0142160	https://www.imdb.com/title/tt0142160/
tt0142930	https://www.imdb.com/title/tt0142930/
tt0143748	https://www.imdb.com/title/tt0143748/
tt0143825	https://www.imdb.com/title/tt0143825/
tt0148244	https://www.imdb.com/title/tt0148244/
tt0148374	https://www.imdb.com/title/tt0148374/
tt0149843	https://www.imdb.com/title/tt0149843/
tt0149880	https://www.imdb.com/title/tt0149880/
tt0150299	https://www.imdb.com/title/tt0150299/
tt0150312	https://www.imdb.com/title/tt0150312/
tt0150929	https://www.imdb.com/title/tt0150929/
tt0151057	https://www.imdb.com/title/tt0151057/
tt0151123	https://www.imdb.com/title/tt0151123/
tt0151371	https://www.imdb.com/title/tt0151371/
tt0151573	https://www.imdb.com/title/tt0151573/
tt0151891	https://www.imdb.com/title/tt0151891/
tt0152482	https://www.imdb.com/title/tt0152482/
tt0153329	https://www.imdb.com/title/tt0153329/
tt0153392	https://www.imdb.com/title/tt0153392/
tt0153612	https://www.imdb.com/title/tt0153612/
tt0153885	https://www.imdb.com/title/tt0153885/
tt0154021	https://www.imdb.com/title/tt0154021/
tt0154107	https://www.imdb.com/title/tt0154107/
tt0154192	https://www.imdb.com/title/tt0154192/
tt0154312	https://www.imdb.com/title/tt0154312/
tt0154454	https://www.imdb.com/title/tt0154454/
tt0154504	https://www.imdb.com/title/tt0154504/
tt0154670	https://www.imdb.com/title/tt0154670/
tt0154674	https://www.imdb.com/title/tt0154674/
tt0154758	https://www.imdb.com/title/tt0154758/
tt0154868	https://www.imdb.com/title/tt0154868/
tt0154872	https://www.imdb.com/title/tt0154872/
tt0154875	https://www.imdb.com/title/tt0154875/
tt0154933	https://www.imdb.com/title/tt0154933/
tt0155125	https://www.imdb.com/title/tt0155125/
tt0155474	https://www.imdb.com/title/tt0155474/
tt0155553	https://www.imdb.com/title/tt0155553/
tt0155605	https://www.imdb.com/title/tt0155605/
tt0155607	https://www.imdb.com/title/tt0155607/
tt0155730	https://www.imdb.com/title/tt0155730/
tt0156002	https://www.imdb.com/title/tt0156002/
tt0156048	https://www.imdb.com/title/tt0156048/
tt0156265	https://www.imdb.com/title/tt0156265/
tt0157002	https://www.imdb.com/title/tt0157002/
tt0157203	https://www.imdb.com/title/tt0157203/
tt0157537	https://www.imdb.com/title/tt0157537/
tt0157851	https://www.imdb.com/title/tt0157851/
tt0157982	https://www.imdb.com/title/tt0157982/
tt0158349	https://www.imdb.com/title/tt0158349/
tt0158376	https://www.imdb.com/title/tt0158376/
tt0158606	https://www.imdb.com/title/tt0158606/
tt0158908	https://www.imdb.com/title/tt0158908/
tt0158933	https://www.imdb.com/title/tt0158933/
tt0158934	https://www.imdb.com/title/tt0158934/
tt0159043	https://www.imdb.com/title/tt0159043/
tt0159502	https://www.imdb.com/title/tt0159502/
tt0159828	https://www.imdb.com/title/tt0159828/
tt0160178	https://www.imdb.com/title/tt0160178/
tt0160230	https://www.imdb.com/title/tt0160230/
tt0160635	https://www.imdb.com/title/tt0160635/
tt0160656	https://www.imdb.com/title/tt0160656/
tt0160694	https://www.imdb.com/title/tt0160694/
tt0160737	https://www.imdb.com/title/tt0160737/
tt0160943	https://www.imdb.com/title/tt0160943/
tt0161570	https://www.imdb.com/title/tt0161570/
tt0161976	https://www.imdb.com/title/tt0161976/
tt0162308	https://www.imdb.com/title/tt0162308/
tt0162688	https://www.imdb.com/title/tt0162688/
tt0162714	https://www.imdb.com/title/tt0162714/
tt0164118	https://www.imdb.com/title/tt0164118/
tt0164600	https://www.imdb.com/title/tt0164600/
tt0164834	https://www.imdb.com/title/tt0164834/
tt0164871	https://www.imdb.com/title/tt0164871/
tt0166324	https://www.imdb.com/title/tt0166324/
tt0166994	https://www.imdb.com/title/tt0166994/
tt0167112	https://www.imdb.com/title/tt0167112/
tt0167144	https://www.imdb.com/title/tt0167144/
tt0167242	https://www.imdb.com/title/tt0167242/
tt0168574	https://www.imdb.com/title/tt0168574/
tt0168904	https://www.imdb.com/title/tt0168904/
tt0169060	https://www.imdb.com/title/tt0169060/
tt0169178	https://www.imdb.com/title/tt0169178/
tt0169776	https://www.imdb.com/title/tt0169776/
tt0169825	https://www.imdb.com/title/tt0169825/
tt0169879	https://www.imdb.com/title/tt0169879/
tt0169903	https://www.imdb.com/title/tt0169903/
tt0169924	https://www.imdb.com/title/tt0169924/
tt0169967	https://www.imdb.com/title/tt0169967/
tt0170051	https://www.imdb.com/title/tt0170051/
tt0170106	https://www.imdb.com/title/tt0170106/
tt0170274	https://www.imdb.com/title/tt0170274/
tt0170342	https://www.imdb.com/title/tt0170342/
tt0170470	https://www.imdb.com/title/tt0170470/
tt0170747	https://www.imdb.com/title/tt0170747/
tt0170761	https://www.imdb.com/title/tt0170761/
tt0171155	https://www.imdb.com/title/tt0171155/
tt0172133	https://www.imdb.com/title/tt0172133/
tt0173034	https://www.imdb.com/title/tt0173034/
tt0173180	https://www.imdb.com/title/tt0173180/
tt0175492	https://www.imdb.com/title/tt0175492/
tt0175596	https://www.imdb.com/title/tt0175596/
tt0175757	https://www.imdb.com/title/tt0175757/
tt0175825	https://www.imdb.com/title/tt0175825/
tt0175890	https://www.imdb.com/title/tt0175890/
tt0175993	https://www.imdb.com/title/tt0175993/
tt0176049	https://www.imdb.com/title/tt0176049/
tt0177601	https://www.imdb.com/title/tt0177601/
tt0178263	https://www.imdb.com/title/tt0178263/
tt0178362	https://www.imdb.com/title/tt0178362/
tt0178380	https://www.imdb.com/title/tt0178380/
tt0178641	https://www.imdb.com/title/tt0178641/
tt0178851	https://www.imdb.com/title/tt0178851/
tt0179698	https://www.imdb.com/title/tt0179698/
tt0179707	https://www.imdb.com/title/tt0179707/
tt0179794	https://www.imdb.com/title/tt0179794/
tt0179986	https://www.imdb.com/title/tt0179986/
tt0180094	https://www.imdb.com/title/tt0180094/
tt0180214	https://www.imdb.com/title/tt0180214/
tt0180673	https://www.imdb.com/title/tt0180673/
tt0180829	https://www.imdb.com/title/tt0180829/
tt0181280	https://www.imdb.com/title/tt0181280/
tt0182077	https://www.imdb.com/title/tt0182077/
tt0182863	https://www.imdb.com/title/tt0182863/
tt0185151	https://www.imdb.com/title/tt0185151/
tt0185249	https://www.imdb.com/title/tt0185249/
tt0185303	https://www.imdb.com/title/tt0185303/
tt0185590	https://www.imdb.com/title/tt0185590/
tt0185662	https://www.imdb.com/title/tt0185662/
tt0185721	https://www.imdb.com/title/tt0185721/
tt0185755	https://www.imdb.com/title/tt0185755/
tt0185836	https://www.imdb.com/title/tt0185836/
tt0186203	https://www.imdb.com/title/tt0186203/
tt0186403	https://www.imdb.com/title/tt0186403/
tt0187023	https://www.imdb.com/title/tt0187023/
tt0187814	https://www.imdb.com/title/tt0187814/
tt0187906	https://www.imdb.com/title/tt0187906/
tt0187915	https://www.imdb.com/title/tt0187915/
tt0188572	https://www.imdb.com/title/tt0188572/
tt0188725	https://www.imdb.com/title/tt0188725/
tt0188884	https://www.imdb.com/title/tt0188884/
tt0189708	https://www.imdb.com/title/tt0189708/
tt0189797	https://www.imdb.com/title/tt0189797/
tt0191036	https://www.imdb.com/title/tt0191036/
tt0191041	https://www.imdb.com/title/tt0191041/
tt0191145	https://www.imdb.com/title/tt0191145/
tt0191162	https://www.imdb.com/title/tt0191162/
tt0191304	https://www.imdb.com/title/tt0191304/
tt0191307	https://www.imdb.com/title/tt0191307/
tt0191406	https://www.imdb.com/title/tt0191406/
tt0191614	https://www.imdb.com/title/tt0191614/
tt0191633	https://www.imdb.com/title/tt0191633/
tt0191673	https://www.imdb.com/title/tt0191673/
tt0191820	https://www.imdb.com/title/tt0191820/
tt0191929	https://www.imdb.com/title/tt0191929/
tt0191993	https://www.imdb.com/title/tt0191993/
tt0192011	https://www.imdb.com/title/tt0192011/
tt0192020	https://www.imdb.com/title/tt0192020/
tt0192326	https://www.imdb.com/title/tt0192326/
tt0192338	https://www.imdb.com/title/tt0192338/
tt0192382	https://www.imdb.com/title/tt0192382/
tt0192717	https://www.imdb.com/title/tt0192717/
tt0192832	https://www.imdb.com/title/tt0192832/
tt0193063	https://www.imdb.com/title/tt0193063/
tt0193093	https://www.imdb.com/title/tt0193093/
tt0193116	https://www.imdb.com/title/tt0193116/
tt0193207	https://www.imdb.com/title/tt0193207/
tt0193222	https://www.imdb.com/title/tt0193222/
tt0193239	https://www.imdb.com/title/tt0193239/
tt0193327	https://www.imdb.com/title/tt0193327/
tt0193512	https://www.imdb.com/title/tt0193512/
tt0193540	https://www.imdb.com/title/tt0193540/
tt0193657	https://www.imdb.com/title/tt0193657/
tt0193970	https://www.imdb.com/title/tt0193970/
tt0194011	https://www.imdb.com/title/tt0194011/
tt0194035	https://www.imdb.com/title/tt0194035/
tt0194127	https://www.imdb.com/title/tt0194127/
tt0194574	https://www.imdb.com/title/tt0194574/
tt0194576	https://www.imdb.com/title/tt0194576/
tt0194817	https://www.imdb.com/title/tt0194817/
tt0194853	https://www.imdb.com/title/tt0194853/
tt0195080	https://www.imdb.com/title/tt0195080/
tt0195292	https://www.imdb.com/title/tt0195292/
tt0195434	https://www.imdb.com/title/tt0195434/
tt0195616	https://www.imdb.com/title/tt0195616/
tt0196166	https://www.imdb.com/title/tt0196166/
tt0197379	https://www.imdb.com/title/tt0197379/
tt0197688	https://www.imdb.com/title/tt0197688/
tt0197708	https://www.imdb.com/title/tt0197708/
tt0197788	https://www.imdb.com/title/tt0197788/
tt0199454	https://www.imdb.com/title/tt0199454/
tt0199721	https://www.imdb.com/title/tt0199721/
tt0199986	https://www.imdb.com/title/tt0199986/
tt0201139	https://www.imdb.com/title/tt0201139/
tt0201217	https://www.imdb.com/title/tt0201217/
tt0201306	https://www.imdb.com/title/tt0201306/
tt0201491	https://www.imdb.com/title/tt0201491/
tt0201824	https://www.imdb.com/title/tt0201824/
tt0201939	https://www.imdb.com/title/tt0201939/
tt0202043	https://www.imdb.com/title/tt0202043/
tt0203080	https://www.imdb.com/title/tt0203080/
tt0204182	https://www.imdb.com/title/tt0204182/
tt0204985	https://www.imdb.com/title/tt0204985/
tt0205025	https://www.imdb.com/title/tt0205025/
tt0205056	https://www.imdb.com/title/tt0205056/
tt0205093	https://www.imdb.com/title/tt0205093/
tt0205401	https://www.imdb.com/title/tt0205401/
tt0205460	https://www.imdb.com/title/tt0205460/
tt0205518	https://www.imdb.com/title/tt0205518/
tt0205520	https://www.imdb.com/title/tt0205520/
tt0205715	https://www.imdb.com/title/tt0205715/
tt0206061	https://www.imdb.com/title/tt0206061/
tt0206109	https://www.imdb.com/title/tt0206109/
tt0206286	https://www.imdb.com/title/tt0206286/
tt0208233	https://www.imdb.com/title/tt0208233/
tt0208912	https://www.imdb.com/title/tt0208912/
tt0211292	https://www.imdb.com/title/tt0211292/
tt0211596	https://www.imdb.com/title/tt0211596/
tt0213428	https://www.imdb.com/title/tt0213428/
tt0213436	https://www.imdb.com/title/tt0213436/
tt0213990	https://www.imdb.com/title/tt0213990/
tt0214068	https://www.imdb.com/title/tt0214068/
tt0214079	https://www.imdb.com/title/tt0214079/
tt0214271	https://www.imdb.com/title/tt0214271/
tt0216040	https://www.imdb.com/title/tt0216040/
tt0216072	https://www.imdb.com/title/tt0216072/
tt0216112	https://www.imdb.com/title/tt0216112/
tt0216336	https://www.imdb.com/title/tt0216336/
tt0216761	https://www.imdb.com/title/tt0216761/
tt0217134	https://www.imdb.com/title/tt0217134/
tt0217552	https://www.imdb.com/title/tt0217552/
tt0219575	https://www.imdb.com/title/tt0219575/
tt0221046	https://www.imdb.com/title/tt0221046/
tt0221079	https://www.imdb.com/title/tt0221079/
tt0221365	https://www.imdb.com/title/tt0221365/
tt0221854	https://www.imdb.com/title/tt0221854/
tt0223060	https://www.imdb.com/title/tt0223060/
tt0227530	https://www.imdb.com/title/tt0227530/
tt0227535	https://www.imdb.com/title/tt0227535/
tt0227601	https://www.imdb.com/title/tt0227601/
tt0227605	https://www.imdb.com/title/tt0227605/
tt0227836	https://www.imdb.com/title/tt0227836/
tt0228424	https://www.imdb.com/title/tt0228424/
tt0228787	https://www.imdb.com/title/tt0228787/
tt0229743	https://www.imdb.com/title/tt0229743/
tt0229975	https://www.imdb.com/title/tt0229975/
tt0230091	https://www.imdb.com/title/tt0230091/
tt0230149	https://www.imdb.com/title/tt0230149/
tt0230364	https://www.imdb.com/title/tt0230364/
tt0230381	https://www.imdb.com/title/tt0230381/
tt0230385	https://www.imdb.com/title/tt0230385/
tt0230476	https://www.imdb.com/title/tt0230476/
tt0230478	https://www.imdb.com/title/tt0230478/
tt0230711	https://www.imdb.com/title/tt0230711/
tt0230963	https://www.imdb.com/title/tt0230963/
tt0231313	https://www.imdb.com/title/tt0231313/
tt0231845	https://www.imdb.com/title/tt0231845/
tt0232009	https://www.imdb.com/title/tt0232009/
tt0232085	https://www.imdb.com/title/tt0232085/
tt0232138	https://www.imdb.com/title/tt0232138/
tt0232298	https://www.imdb.com/title/tt0232298/
tt0232798	https://www.imdb.com/title/tt0232798/
tt0232898	https://www.imdb.com/title/tt0232898/
tt0233434	https://www.imdb.com/title/tt0233434/
tt0234021	https://www.imdb.com/title/tt0234021/
tt0234699	https://www.imdb.com/title/tt0234699/
tt0235077	https://www.imdb.com/title/tt0235077/
tt0235598	https://www.imdb.com/title/tt0235598/
tt0236359	https://www.imdb.com/title/tt0236359/
tt0236510	https://www.imdb.com/title/tt0236510/
tt0237654	https://www.imdb.com/title/tt0237654/
tt0238223	https://www.imdb.com/title/tt0238223/
tt0238234	https://www.imdb.com/title/tt0238234/
tt0238361	https://www.imdb.com/title/tt0238361/
tt0238479	https://www.imdb.com/title/tt0238479/
tt0238529	https://www.imdb.com/title/tt0238529/
tt0238535	https://www.imdb.com/title/tt0238535/
tt0238652	https://www.imdb.com/title/tt0238652/
tt0238821	https://www.imdb.com/title/tt0238821/
tt0238980	https://www.imdb.com/title/tt0238980/
tt0238981	https://www.imdb.com/title/tt0238981/
tt0239240	https://www.imdb.com/title/tt0239240/
tt0239342	https://www.imdb.com/title/tt0239342/
tt0239481	https://www.imdb.com/title/tt0239481/
tt0239504	https://www.imdb.com/title/tt0239504/
tt0239659	https://www.imdb.com/title/tt0239659/
tt0239972	https://www.imdb.com/title/tt0239972/
tt0240052	https://www.imdb.com/title/tt0240052/
tt0240600	https://www.imdb.com/title/tt0240600/
tt0240763	https://www.imdb.com/title/tt0240763/
tt0240982	https://www.imdb.com/title/tt0240982/
tt0241026	https://www.imdb.com/title/tt0241026/
tt0241865	https://www.imdb.com/title/tt0241865/
tt0242168	https://www.imdb.com/title/tt0242168/
tt0242670	https://www.imdb.com/title/tt0242670/
tt0242878	https://www.imdb.com/title/tt0242878/
tt0244988	https://www.imdb.com/title/tt0244988/
tt0244991	https://www.imdb.com/title/tt0244991/
tt0245361	https://www.imdb.com/title/tt0245361/
tt0245411	https://www.imdb.com/title/tt0245411/
tt0247358	https://www.imdb.com/title/tt0247358/
tt0247365	https://www.imdb.com/title/tt0247365/
tt0247383	https://www.imdb.com/title/tt0247383/
tt0247390	https://www.imdb.com/title/tt0247390/
tt0247442	https://www.imdb.com/title/tt0247442/
tt0247461	https://www.imdb.com/title/tt0247461/
tt0247505	https://www.imdb.com/title/tt0247505/
tt0247624	https://www.imdb.com/title/tt0247624/
tt0247658	https://www.imdb.com/title/tt0247658/
tt0247669	https://www.imdb.com/title/tt0247669/
tt0247720	https://www.imdb.com/title/tt0247720/
tt0247723	https://www.imdb.com/title/tt0247723/
tt0247732	https://www.imdb.com/title/tt0247732/
tt0247822	https://www.imdb.com/title/tt0247822/
tt0249348	https://www.imdb.com/title/tt0249348/
tt0249573	https://www.imdb.com/title/tt0249573/
tt0250626	https://www.imdb.com/title/tt0250626/
tt0251570	https://www.imdb.com/title/tt0251570/
tt0252315	https://www.imdb.com/title/tt0252315/
tt0252697	https://www.imdb.com/title/tt0252697/
tt0253308	https://www.imdb.com/title/tt0253308/
tt0254774	https://www.imdb.com/title/tt0254774/
tt0254780	https://www.imdb.com/title/tt0254780/
tt0255669	https://www.imdb.com/title/tt0255669/
tt0255824	https://www.imdb.com/title/tt0255824/
tt0256210	https://www.imdb.com/title/tt0256210/
tt0256906	https://www.imdb.com/title/tt0256906/
tt0258912	https://www.imdb.com/title/tt0258912/
tt0259055	https://www.imdb.com/title/tt0259055/
tt0259348	https://www.imdb.com/title/tt0259348/
tt0259533	https://www.imdb.com/title/tt0259533/
tt0259590	https://www.imdb.com/title/tt0259590/
tt0259707	https://www.imdb.com/title/tt0259707/
tt0259920	https://www.imdb.com/title/tt0259920/
tt0261702	https://www.imdb.com/title/tt0261702/
tt0261758	https://www.imdb.com/title/tt0261758/
tt0261910	https://www.imdb.com/title/tt0261910/
tt0261941	https://www.imdb.com/title/tt0261941/
tt0262229	https://www.imdb.com/title/tt0262229/
tt0262532	https://www.imdb.com/title/tt0262532/
tt0263418	https://www.imdb.com/title/tt0263418/
tt0263456	https://www.imdb.com/title/tt0263456/
tt0263768	https://www.imdb.com/title/tt0263768/
tt0263950	https://www.imdb.com/title/tt0263950/
tt0264167	https://www.imdb.com/title/tt0264167/
tt0264452	https://www.imdb.com/title/tt0264452/
tt0264830	https://www.imdb.com/title/tt0264830/
tt0265684	https://www.imdb.com/title/tt0265684/
tt0265895	https://www.imdb.com/title/tt0265895/
tt0266474	https://www.imdb.com/title/tt0266474/
tt0266533	https://www.imdb.com/title/tt0266533/
tt0266754	https://www.imdb.com/title/tt0266754/
tt0267083	https://www.imdb.com/title/tt0267083/
tt0267138	https://www.imdb.com/title/tt0267138/
tt0267642	https://www.imdb.com/title/tt0267642/
tt0267820	https://www.imdb.com/title/tt0267820/
tt0270187	https://www.imdb.com/title/tt0270187/
tt0270289	https://www.imdb.com/title/tt0270289/
tt0270542	https://www.imdb.com/title/tt0270542/
tt0270667	https://www.imdb.com/title/tt0270667/
tt0270671	https://www.imdb.com/title/tt0270671/
tt0272450	https://www.imdb.com/title/tt0272450/
tt0274393	https://www.imdb.com/title/tt0274393/
tt0274394	https://www.imdb.com/title/tt0274394/
tt0274458	https://www.imdb.com/title/tt0274458/
tt0275180	https://www.imdb.com/title/tt0275180/
tt0275185	https://www.imdb.com/title/tt0275185/
tt0275209	https://www.imdb.com/title/tt0275209/
tt0275497	https://www.imdb.com/title/tt0275497/
tt0275585	https://www.imdb.com/title/tt0275585/
tt0275650	https://www.imdb.com/title/tt0275650/
tt0275651	https://www.imdb.com/title/tt0275651/
tt0275893	https://www.imdb.com/title/tt0275893/
tt0276559	https://www.imdb.com/title/tt0276559/
tt0276606	https://www.imdb.com/title/tt0276606/
tt0277979	https://www.imdb.com/title/tt0277979/
tt0278163	https://www.imdb.com/title/tt0278163/
tt0278279	https://www.imdb.com/title/tt0278279/
tt0279489	https://www.imdb.com/title/tt0279489/
tt0280404	https://www.imdb.com/title/tt0280404/
tt0280466	https://www.imdb.com/title/tt0280466/
tt0280608	https://www.imdb.com/title/tt0280608/
tt0280810	https://www.imdb.com/title/tt0280810/
tt0280834	https://www.imdb.com/title/tt0280834/
tt0280858	https://www.imdb.com/title/tt0280858/
tt0280864	https://www.imdb.com/title/tt0280864/
tt0280897	https://www.imdb.com/title/tt0280897/
tt0281040	https://www.imdb.com/title/tt0281040/
tt0281151	https://www.imdb.com/title/tt0281151/
tt0281188	https://www.imdb.com/title/tt0281188/
tt0281259	https://www.imdb.com/title/tt0281259/
tt0283092	https://www.imdb.com/title/tt0283092/
tt0283507	https://www.imdb.com/title/tt0283507/
tt0283531	https://www.imdb.com/title/tt0283531/
tt0284584	https://www.imdb.com/title/tt0284584/
tt0285493	https://www.imdb.com/title/tt0285493/
tt0285656	https://www.imdb.com/title/tt0285656/
tt0288769	https://www.imdb.com/title/tt0288769/
tt0289741	https://www.imdb.com/title/tt0289741/
tt0289793	https://www.imdb.com/title/tt0289793/
tt0290431	https://www.imdb.com/title/tt0290431/
tt0291692	https://www.imdb.com/title/tt0291692/
tt0296015	https://www.imdb.com/title/tt0296015/
tt0297137	https://www.imdb.com/title/tt0297137/
tt0297295	https://www.imdb.com/title/tt0297295/
tt0298851	https://www.imdb.com/title/tt0298851/
tt0299581	https://www.imdb.com/title/tt0299581/
tt0303622	https://www.imdb.com/title/tt0303622/
tt0304791	https://www.imdb.com/title/tt0304791/
tt0306031	https://www.imdb.com/title/tt0306031/
tt0313452	https://www.imdb.com/title/tt0313452/
tt0315400	https://www.imdb.com/title/tt0315400/
tt0316217	https://www.imdb.com/title/tt0316217/
tt0316687	https://www.imdb.com/title/tt0316687/
tt0319639	https://www.imdb.com/title/tt0319639/
tt0321899	https://www.imdb.com/title/tt0321899/
tt0325148	https://www.imdb.com/title/tt0325148/
tt0325500	https://www.imdb.com/title/tt0325500/
tt0325852	https://www.imdb.com/title/tt0325852/
tt0326326	https://www.imdb.com/title/tt0326326/
tt0329537	https://www.imdb.com/title/tt0329537/
tt0330105	https://www.imdb.com/title/tt0330105/
tt0331637	https://www.imdb.com/title/tt0331637/
tt0332263	https://www.imdb.com/title/tt0332263/
tt0332334	https://www.imdb.com/title/tt0332334/
tt0332387	https://www.imdb.com/title/tt0332387/
tt0335056	https://www.imdb.com/title/tt0335056/
tt0335235	https://www.imdb.com/title/tt0335235/
tt0335315	https://www.imdb.com/title/tt0335315/
tt0336131	https://www.imdb.com/title/tt0336131/
tt0337446	https://www.imdb.com/title/tt0337446/
tt0344314	https://www.imdb.com/title/tt0344314/
tt0346076	https://www.imdb.com/title/tt0346076/
tt0351768	https://www.imdb.com/title/tt0351768/
tt0355499	https://www.imdb.com/title/tt0355499/
tt0359595	https://www.imdb.com/title/tt0359595/
tt0360986	https://www.imdb.com/title/tt0360986/
tt0372306	https://www.imdb.com/title/tt0372306/
tt0373284	https://www.imdb.com/title/tt0373284/
tt0373708	https://www.imdb.com/title/tt0373708/
tt0373784	https://www.imdb.com/title/tt0373784/
tt0373953	https://www.imdb.com/title/tt0373953/
tt0375882	https://www.imdb.com/title/tt0375882/
tt0376905	https://www.imdb.com/title/tt0376905/
tt0376977	https://www.imdb.com/title/tt0376977/
tt0377504	https://www.imdb.com/title/tt0377504/
tt0377638	https://www.imdb.com/title/tt0377638/
tt0377961	https://www.imdb.com/title/tt0377961/
tt0378190	https://www.imdb.com/title/tt0378190/
tt0378733	https://www.imdb.com/title/tt0378733/
tt0379446	https://www.imdb.com/title/tt0379446/
tt0381675	https://www.imdb.com/title/tt0381675/
tt0384511	https://www.imdb.com/title/tt0384511/
tt0385288	https://www.imdb.com/title/tt0385288/
tt0396481	https://www.imdb.com/title/tt0396481/
tt0396795	https://www.imdb.com/title/tt0396795/
tt0398119	https://www.imdb.com/title/tt0398119/
tt0398138	https://www.imdb.com/title/tt0398138/
tt0407553	https://www.imdb.com/title/tt0407553/
tt0409917	https://www.imdb.com/title/tt0409917/
tt0415333	https://www.imdb.com/title/tt0415333/
tt0416215	https://www.imdb.com/title/tt0416215/
tt0418258	https://www.imdb.com/title/tt0418258/
tt0418461	https://www.imdb.com/title/tt0418461/
tt0419285	https://www.imdb.com/title/tt0419285/
tt0420339	https://www.imdb.com/title/tt0420339/
tt0421978	https://www.imdb.com/title/tt0421978/
tt0423438	https://www.imdb.com/title/tt0423438/
tt0425520	https://www.imdb.com/title/tt0425520/
tt0427669	https://www.imdb.com/title/tt0427669/
tt0438409	https://www.imdb.com/title/tt0438409/
tt0440063	https://www.imdb.com/title/tt0440063/
tt0440165	https://www.imdb.com/title/tt0440165/
tt0440436	https://www.imdb.com/title/tt0440436/
tt0440624	https://www.imdb.com/title/tt0440624/
tt0440851	https://www.imdb.com/title/tt0440851/
tt0440881	https://www.imdb.com/title/tt0440881/
tt0442245	https://www.imdb.com/title/tt0442245/
tt0442282	https://www.imdb.com/title/tt0442282/
tt0454191	https://www.imdb.com/title/tt0454191/
tt0454289	https://www.imdb.com/title/tt0454289/
tt0457086	https://www.imdb.com/title/tt0457086/
tt0466871	https://www.imdb.com/title/tt0466871/
tt0468308	https://www.imdb.com/title/tt0468308/
tt0471186	https://www.imdb.com/title/tt0471186/
tt0479378	https://www.imdb.com/title/tt0479378/
tt0483203	https://www.imdb.com/title/tt0483203/
tt0483990	https://www.imdb.com/title/tt0483990/
tt0489654	https://www.imdb.com/title/tt0489654/
tt0490303	https://www.imdb.com/title/tt0490303/
tt0493967	https://www.imdb.com/title/tt0493967/
tt0496564	https://www.imdb.com/title/tt0496564/
tt0497163	https://www.imdb.com/title/tt0497163/
tt0497222	https://www.imdb.com/title/tt0497222/
tt0497252	https://www.imdb.com/title/tt0497252/
tt0499134	https://www.imdb.com/title/tt0499134/
tt0764692	https://www.imdb.com/title/tt0764692/
tt0764708	https://www.imdb.com/title/tt0764708/
tt0764780	https://www.imdb.com/title/tt0764780/
tt0764807	https://www.imdb.com/title/tt0764807/
tt0764810	https://www.imdb.com/title/tt0764810/
tt0764817	https://www.imdb.com/title/tt0764817/
tt0764868	https://www.imdb.com/title/tt0764868/
tt0777929	https://www.imdb.com/title/tt0777929/
tt0781019	https://www.imdb.com/title/tt0781019/
tt0786919	https://www.imdb.com/title/tt0786919/
tt0787067	https://www.imdb.com/title/tt0787067/
tt0787074	https://www.imdb.com/title/tt0787074/
tt0787087	https://www.imdb.com/title/tt0787087/
tt0787248	https://www.imdb.com/title/tt0787248/
tt0788081	https://www.imdb.com/title/tt0788081/
tt0788161	https://www.imdb.com/title/tt0788161/
tt0788214	https://www.imdb.com/title/tt0788214/
tt0788242	https://www.imdb.com/title/tt0788242/
tt0791495	https://www.imdb.com/title/tt0791495/
tt0791500	https://www.imdb.com/title/tt0791500/
tt0791512	https://www.imdb.com/title/tt0791512/
tt0791526	https://www.imdb.com/title/tt0791526/
tt0791535	https://www.imdb.com/title/tt0791535/
tt0791582	https://www.imdb.com/title/tt0791582/
tt0807045	https://www.imdb.com/title/tt0807045/
tt0846854	https://www.imdb.com/title/tt0846854/
tt0846978	https://www.imdb.com/title/tt0846978/
tt0876573	https://www.imdb.com/title/tt0876573/
tt0892364	https://www.imdb.com/title/tt0892364/
tt0892366	https://www.imdb.com/title/tt0892366/
tt0892377	https://www.imdb.com/title/tt0892377/
tt0896788	https://www.imdb.com/title/tt0896788/
tt0896946	https://www.imdb.com/title/tt0896946/
tt0899285	https://www.imdb.com/title/tt0899285/
tt0900954	https://www.imdb.com/title/tt0900954/
tt0900997	https://www.imdb.com/title/tt0900997/
tt0903966	https://www.imdb.com/title/tt0903966/
tt0923793	https://www.imdb.com/title/tt0923793/
tt0949391	https://www.imdb.com/title/tt0949391/
tt0950637	https://www.imdb.com/title/tt0950637/
tt0953431	https://www.imdb.com/title/tt0953431/
tt0953639	https://www.imdb.com/title/tt0953639/
tt0959320	https://www.imdb.com/title/tt0959320/
tt0959332	https://www.imdb.com/title/tt0959332/
tt0959340	https://www.imdb.com/title/tt0959340/
tt1003211	https://www.imdb.com/title/tt1003211/
tt1029268	https://www.imdb.com/title/tt1029268/
tt10500198	https://www.imdb.com/title/tt10500198/
tt10540100	https://www.imdb.com/title/tt10540100/
tt1057922	https://www.imdb.com/title/tt1057922/
tt1058035	https://www.imdb.com/title/tt1058035/
tt1058037	https://www.imdb.com/title/tt1058037/
tt1090223	https://www.imdb.com/title/tt1090223/
tt10924010	https://www.imdb.com/title/tt10924010/
tt10938294	https://www.imdb.com/title/tt10938294/
tt1094254	https://www.imdb.com/title/tt1094254/
tt1094255	https://www.imdb.com/title/tt1094255/
tt10953122	https://www.imdb.com/title/tt10953122/
tt10956382	https://www.imdb.com/title/tt10956382/
tt10959858	https://www.imdb.com/title/tt10959858/
tt10960036	https://www.imdb.com/title/tt10960036/
tt11000434	https://www.imdb.com/title/tt11000434/
tt11000452	https://www.imdb.com/title/tt11000452/
tt11012306	https://www.imdb.com/title/tt11012306/
tt11018422	https://www.imdb.com/title/tt11018422/
tt11018442	https://www.imdb.com/title/tt11018442/
tt11018458	https://www.imdb.com/title/tt11018458/
tt11018668	https://www.imdb.com/title/tt11018668/
tt11018706	https://www.imdb.com/title/tt11018706/
tt11018746	https://www.imdb.com/title/tt11018746/
tt11018794	https://www.imdb.com/title/tt11018794/
tt11018866	https://www.imdb.com/title/tt11018866/
tt11019022	https://www.imdb.com/title/tt11019022/
tt11019302	https://www.imdb.com/title/tt11019302/
tt11092008	https://www.imdb.com/title/tt11092008/
tt11092034	https://www.imdb.com/title/tt11092034/
tt11092066	https://www.imdb.com/title/tt11092066/
tt11144396	https://www.imdb.com/title/tt11144396/
tt11144586	https://www.imdb.com/title/tt11144586/
tt11155690	https://www.imdb.com/title/tt11155690/
tt11239702	https://www.imdb.com/title/tt11239702/
tt11240632	https://www.imdb.com/title/tt11240632/
tt11281866	https://www.imdb.com/title/tt11281866/
tt11286274	https://www.imdb.com/title/tt11286274/
tt1139986	https://www.imdb.com/title/tt1139986/
tt1139987	https://www.imdb.com/title/tt1139987/
tt11512454	https://www.imdb.com/title/tt11512454/
tt11512456	https://www.imdb.com/title/tt11512456/
tt11529460	https://www.imdb.com/title/tt11529460/
tt11548540	https://www.imdb.com/title/tt11548540/
tt1161797	https://www.imdb.com/title/tt1161797/
tt1162063	https://www.imdb.com/title/tt1162063/
tt1162092	https://www.imdb.com/title/tt1162092/
tt11685242	https://www.imdb.com/title/tt11685242/
tt1171728	https://www.imdb.com/title/tt1171728/
tt1171729	https://www.imdb.com/title/tt1171729/
tt1172210	https://www.imdb.com/title/tt1172210/
tt11758402	https://www.imdb.com/title/tt11758402/
tt1199696	https://www.imdb.com/title/tt1199696/
tt1204368	https://www.imdb.com/title/tt1204368/
tt1207665	https://www.imdb.com/title/tt1207665/
tt12077260	https://www.imdb.com/title/tt12077260/
tt12077312	https://www.imdb.com/title/tt12077312/
tt12077396	https://www.imdb.com/title/tt12077396/
tt12131680	https://www.imdb.com/title/tt12131680/
tt1215071	https://www.imdb.com/title/tt1215071/
tt1215091	https://www.imdb.com/title/tt1215091/
tt1215140	https://www.imdb.com/title/tt1215140/
tt1215914	https://www.imdb.com/title/tt1215914/
tt12219828	https://www.imdb.com/title/tt12219828/
tt1229788	https://www.imdb.com/title/tt1229788/
tt1229789	https://www.imdb.com/title/tt1229789/
tt1244579	https://www.imdb.com/title/tt1244579/
tt1244580	https://www.imdb.com/title/tt1244580/
tt12545086	https://www.imdb.com/title/tt12545086/
tt1267426	https://www.imdb.com/title/tt1267426/
tt1303792	https://www.imdb.com/title/tt1303792/
tt1308949	https://www.imdb.com/title/tt1308949/
tt1308986	https://www.imdb.com/title/tt1308986/
tt1310665	https://www.imdb.com/title/tt1310665/
tt1315053	https://www.imdb.com/title/tt1315053/
tt13194068	https://www.imdb.com/title/tt13194068/
tt13879790	https://www.imdb.com/title/tt13879790/
tt13886802	https://www.imdb.com/title/tt13886802/
tt13893638	https://www.imdb.com/title/tt13893638/
tt13915774	https://www.imdb.com/title/tt13915774/
tt13922476	https://www.imdb.com/title/tt13922476/
tt1409597	https://www.imdb.com/title/tt1409597/
tt14506470	https://www.imdb.com/title/tt14506470/
tt1460650	https://www.imdb.com/title/tt1460650/
tt1508320	https://www.imdb.com/title/tt1508320/
tt1556158	https://www.imdb.com/title/tt1556158/
tt1559341	https://www.imdb.com/title/tt1559341/
tt1559347	https://www.imdb.com/title/tt1559347/
tt1559360	https://www.imdb.com/title/tt1559360/
tt1559362	https://www.imdb.com/title/tt1559362/
tt1566630	https://www.imdb.com/title/tt1566630/
tt1573887	https://www.imdb.com/title/tt1573887/
tt15788094	https://www.imdb.com/title/tt15788094/
tt1640698	https://www.imdb.com/title/tt1640698/
tt16409162	https://www.imdb.com/title/tt16409162/
tt1673651	https://www.imdb.com/title/tt1673651/
tt1692830	https://www.imdb.com/title/tt1692830/
tt1754289	https://www.imdb.com/title/tt1754289/
tt1848779	https://www.imdb.com/title/tt1848779/
tt1848901	https://www.imdb.com/title/tt1848901/
tt1848948	https://www.imdb.com/title/tt1848948/
tt1849065	https://www.imdb.com/title/tt1849065/
tt1849077	https://www.imdb.com/title/tt1849077/
tt1851022	https://www.imdb.com/title/tt1851022/
tt1959328	https://www.imdb.com/title/tt1959328/
tt2015302	https://www.imdb.com/title/tt2015302/
tt20218856	https://www.imdb.com/title/tt20218856/
tt20238488	https://www.imdb.com/title/tt20238488/
tt20244374	https://www.imdb.com/title/tt20244374/
tt20251708	https://www.imdb.com/title/tt20251708/
tt20258006	https://www.imdb.com/title/tt20258006/
tt20258148	https://www.imdb.com/title/tt20258148/
tt20276684	https://www.imdb.com/title/tt20276684/
tt20413002	https://www.imdb.com/title/tt20413002/
tt2153821	https://www.imdb.com/title/tt2153821/
tt2153925	https://www.imdb.com/title/tt2153925/
tt2154013	https://www.imdb.com/title/tt2154013/
tt2154019	https://www.imdb.com/title/tt2154019/
tt2268487	https://www.imdb.com/title/tt2268487/
tt2271759	https://www.imdb.com/title/tt2271759/
tt23135610	https://www.imdb.com/title/tt23135610/
tt23729456	https://www.imdb.com/title/tt23729456/
tt2496054	https://www.imdb.com/title/tt2496054/
tt25147834	https://www.imdb.com/title/tt25147834/
tt2519396	https://www.imdb.com/title/tt2519396/
tt26472690	https://www.imdb.com/title/tt26472690/
tt26774323	https://www.imdb.com/title/tt26774323/
tt26774395	https://www.imdb.com/title/tt26774395/
tt26956905	https://www.imdb.com/title/tt26956905/
tt2771804	https://www.imdb.com/title/tt2771804/
tt2878030	https://www.imdb.com/title/tt2878030/
tt28784708	https://www.imdb.com/title/tt28784708/
tt3054200	https://www.imdb.com/title/tt3054200/
tt3063724	https://www.imdb.com/title/tt3063724/
tt3063738	https://www.imdb.com/title/tt3063738/
tt3069564	https://www.imdb.com/title/tt3069564/
tt3069594	https://www.imdb.com/title/tt3069594/
tt3069698	https://www.imdb.com/title/tt3069698/
tt3070846	https://www.imdb.com/title/tt3070846/
tt3070904	https://www.imdb.com/title/tt3070904/
tt31565758	https://www.imdb.com/title/tt31565758/
tt31806941	https://www.imdb.com/title/tt31806941/
tt32192568	https://www.imdb.com/title/tt32192568/
tt32338475	https://www.imdb.com/title/tt32338475/
tt33079778	https://www.imdb.com/title/tt33079778/
tt3421466	https://www.imdb.com/title/tt3421466/
tt3421538	https://www.imdb.com/title/tt3421538/
tt3421762	https://www.imdb.com/title/tt3421762/
tt3421820	https://www.imdb.com/title/tt3421820/
tt3424740	https://www.imdb.com/title/tt3424740/
tt3424744	https://www.imdb.com/title/tt3424744/
tt3429022	https://www.imdb.com/title/tt3429022/
tt3429044	https://www.imdb.com/title/tt3429044/
tt3429156	https://www.imdb.com/title/tt3429156/
tt3429184	https://www.imdb.com/title/tt3429184/
tt3430140	https://www.imdb.com/title/tt3430140/
tt3430262	https://www.imdb.com/title/tt3430262/
tt3430374	https://www.imdb.com/title/tt3430374/
tt3430384	https://www.imdb.com/title/tt3430384/
tt3430448	https://www.imdb.com/title/tt3430448/
tt3430472	https://www.imdb.com/title/tt3430472/
tt3431772	https://www.imdb.com/title/tt3431772/
tt3431808	https://www.imdb.com/title/tt3431808/
tt3431848	https://www.imdb.com/title/tt3431848/
tt3431996	https://www.imdb.com/title/tt3431996/
tt3432042	https://www.imdb.com/title/tt3432042/
tt3432056	https://www.imdb.com/title/tt3432056/
tt3432072	https://www.imdb.com/title/tt3432072/
tt3433340	https://www.imdb.com/title/tt3433340/
tt3433664	https://www.imdb.com/title/tt3433664/
tt3433674	https://www.imdb.com/title/tt3433674/
tt3433700	https://www.imdb.com/title/tt3433700/
tt3433740	https://www.imdb.com/title/tt3433740/
tt3433872	https://www.imdb.com/title/tt3433872/
tt34355979	https://www.imdb.com/title/tt34355979/
tt3435622	https://www.imdb.com/title/tt3435622/
tt3435634	https://www.imdb.com/title/tt3435634/
tt3435730	https://www.imdb.com/title/tt3435730/
tt3435878	https://www.imdb.com/title/tt3435878/
tt3437716	https://www.imdb.com/title/tt3437716/
tt3437842	https://www.imdb.com/title/tt3437842/
tt3437848	https://www.imdb.com/title/tt3437848/
tt3437850	https://www.imdb.com/title/tt3437850/
tt3437888	https://www.imdb.com/title/tt3437888/
tt3437890	https://www.imdb.com/title/tt3437890/
tt3437904	https://www.imdb.com/title/tt3437904/
tt3437924	https://www.imdb.com/title/tt3437924/
tt3438092	https://www.imdb.com/title/tt3438092/
tt3438126	https://www.imdb.com/title/tt3438126/
tt3438180	https://www.imdb.com/title/tt3438180/
tt3438194	https://www.imdb.com/title/tt3438194/
tt3440006	https://www.imdb.com/title/tt3440006/
tt3440060	https://www.imdb.com/title/tt3440060/
tt3440136	https://www.imdb.com/title/tt3440136/
tt3440162	https://www.imdb.com/title/tt3440162/
tt3444522	https://www.imdb.com/title/tt3444522/
tt3444534	https://www.imdb.com/title/tt3444534/
tt3444550	https://www.imdb.com/title/tt3444550/
tt3444618	https://www.imdb.com/title/tt3444618/
tt3444626	https://www.imdb.com/title/tt3444626/
tt3444634	https://www.imdb.com/title/tt3444634/
tt3444656	https://www.imdb.com/title/tt3444656/
tt3444686	https://www.imdb.com/title/tt3444686/
tt3446706	https://www.imdb.com/title/tt3446706/
tt3446726	https://www.imdb.com/title/tt3446726/
tt3446802	https://www.imdb.com/title/tt3446802/
tt3446830	https://www.imdb.com/title/tt3446830/
tt3446900	https://www.imdb.com/title/tt3446900/
tt3447108	https://www.imdb.com/title/tt3447108/
tt3447138	https://www.imdb.com/title/tt3447138/
tt3447210	https://www.imdb.com/title/tt3447210/
tt3447310	https://www.imdb.com/title/tt3447310/
tt3451678	https://www.imdb.com/title/tt3451678/
tt3454240	https://www.imdb.com/title/tt3454240/
tt3454268	https://www.imdb.com/title/tt3454268/
tt3454292	https://www.imdb.com/title/tt3454292/
tt3454558	https://www.imdb.com/title/tt3454558/
tt3454638	https://www.imdb.com/title/tt3454638/
tt3454666	https://www.imdb.com/title/tt3454666/
tt3454678	https://www.imdb.com/title/tt3454678/
tt3454826	https://www.imdb.com/title/tt3454826/
tt3454852	https://www.imdb.com/title/tt3454852/
tt3454914	https://www.imdb.com/title/tt3454914/
tt3456256	https://www.imdb.com/title/tt3456256/
tt3456426	https://www.imdb.com/title/tt3456426/
tt3456612	https://www.imdb.com/title/tt3456612/
tt3456824	https://www.imdb.com/title/tt3456824/
tt3456922	https://www.imdb.com/title/tt3456922/
tt3457004	https://www.imdb.com/title/tt3457004/
tt3457068	https://www.imdb.com/title/tt3457068/
tt3457150	https://www.imdb.com/title/tt3457150/
tt34583492	https://www.imdb.com/title/tt34583492/
tt34583499	https://www.imdb.com/title/tt34583499/
tt3458944	https://www.imdb.com/title/tt3458944/
tt3458950	https://www.imdb.com/title/tt3458950/
tt3461046	https://www.imdb.com/title/tt3461046/
tt3461284	https://www.imdb.com/title/tt3461284/
tt3461332	https://www.imdb.com/title/tt3461332/
tt3461342	https://www.imdb.com/title/tt3461342/
tt3461430	https://www.imdb.com/title/tt3461430/
tt3461460	https://www.imdb.com/title/tt3461460/
tt34624227	https://www.imdb.com/title/tt34624227/
tt3463136	https://www.imdb.com/title/tt3463136/
tt3463218	https://www.imdb.com/title/tt3463218/
tt3463254	https://www.imdb.com/title/tt3463254/
tt3463320	https://www.imdb.com/title/tt3463320/
tt3463416	https://www.imdb.com/title/tt3463416/
tt3465420	https://www.imdb.com/title/tt3465420/
tt3465502	https://www.imdb.com/title/tt3465502/
tt3465508	https://www.imdb.com/title/tt3465508/
tt3465532	https://www.imdb.com/title/tt3465532/
tt3465550	https://www.imdb.com/title/tt3465550/
tt3465572	https://www.imdb.com/title/tt3465572/
tt3465674	https://www.imdb.com/title/tt3465674/
tt3465844	https://www.imdb.com/title/tt3465844/
tt3469666	https://www.imdb.com/title/tt3469666/
tt3469716	https://www.imdb.com/title/tt3469716/
tt3469734	https://www.imdb.com/title/tt3469734/
tt3469926	https://www.imdb.com/title/tt3469926/
tt3470020	https://www.imdb.com/title/tt3470020/
tt3470254	https://www.imdb.com/title/tt3470254/
tt3471862	https://www.imdb.com/title/tt3471862/
tt3472188	https://www.imdb.com/title/tt3472188/
tt3472254	https://www.imdb.com/title/tt3472254/
tt3474460	https://www.imdb.com/title/tt3474460/
tt3475908	https://www.imdb.com/title/tt3475908/
tt3475940	https://www.imdb.com/title/tt3475940/
tt3475950	https://www.imdb.com/title/tt3475950/
tt3475962	https://www.imdb.com/title/tt3475962/
tt3475968	https://www.imdb.com/title/tt3475968/
tt3475974	https://www.imdb.com/title/tt3475974/
tt34785840	https://www.imdb.com/title/tt34785840/
tt3552610	https://www.imdb.com/title/tt3552610/
tt3554676	https://www.imdb.com/title/tt3554676/
tt3741990	https://www.imdb.com/title/tt3741990/
tt3888930	https://www.imdb.com/title/tt3888930/
tt3893510	https://www.imdb.com/title/tt3893510/
tt3898670	https://www.imdb.com/title/tt3898670/
tt3961178	https://www.imdb.com/title/tt3961178/
tt5066242	https://www.imdb.com/title/tt5066242/
tt5127044	https://www.imdb.com/title/tt5127044/
tt5127152	https://www.imdb.com/title/tt5127152/
tt5168336	https://www.imdb.com/title/tt5168336/
tt5168352	https://www.imdb.com/title/tt5168352/
tt5247772	https://www.imdb.com/title/tt5247772/
tt5307228	https://www.imdb.com/title/tt5307228/
tt5328598	https://www.imdb.com/title/tt5328598/
tt5330770	https://www.imdb.com/title/tt5330770/
tt5423454	https://www.imdb.com/title/tt5423454/
tt5423458	https://www.imdb.com/title/tt5423458/
tt5423568	https://www.imdb.com/title/tt5423568/
tt5423572	https://www.imdb.com/title/tt5423572/
tt5483362	https://www.imdb.com/title/tt5483362/
tt6114612	https://www.imdb.com/title/tt6114612/
tt6114652	https://www.imdb.com/title/tt6114652/
tt6114706	https://www.imdb.com/title/tt6114706/
tt6146792	https://www.imdb.com/title/tt6146792/
tt6291626	https://www.imdb.com/title/tt6291626/
tt6355526	https://www.imdb.com/title/tt6355526/
tt6684680	https://www.imdb.com/title/tt6684680/
tt6726930	https://www.imdb.com/title/tt6726930/
tt6817246	https://www.imdb.com/title/tt6817246/
tt7492636	https://www.imdb.com/title/tt7492636/
tt7614812	https://www.imdb.com/title/tt7614812/
tt7622314	https://www.imdb.com/title/tt7622314/
tt7622384	https://www.imdb.com/title/tt7622384/
tt7622472	https://www.imdb.com/title/tt7622472/
tt7622492	https://www.imdb.com/title/tt7622492/
tt7629088	https://www.imdb.com/title/tt7629088/
tt7629098	https://www.imdb.com/title/tt7629098/
tt7629146	https://www.imdb.com/title/tt7629146/
tt7638068	https://www.imdb.com/title/tt7638068/
tt7702276	https://www.imdb.com/title/tt7702276/
tt7702746	https://www.imdb.com/title/tt7702746/
tt7702970	https://www.imdb.com/title/tt7702970/
tt7703002	https://www.imdb.com/title/tt7703002/
tt7703882	https://www.imdb.com/title/tt7703882/
tt7703898	https://www.imdb.com/title/tt7703898/
tt7703914	https://www.imdb.com/title/tt7703914/
tt7703930	https://www.imdb.com/title/tt7703930/
tt7703948	https://www.imdb.com/title/tt7703948/
tt7703966	https://www.imdb.com/title/tt7703966/
tt7801362	https://www.imdb.com/title/tt7801362/
tt7801452	https://www.imdb.com/title/tt7801452/
tt7801482	https://www.imdb.com/title/tt7801482/
tt7805066	https://www.imdb.com/title/tt7805066/
tt7805068	https://www.imdb.com/title/tt7805068/
tt7807214	https://www.imdb.com/title/tt7807214/
tt7810150	https://www.imdb.com/title/tt7810150/
tt7810174	https://www.imdb.com/title/tt7810174/
tt7811100	https://www.imdb.com/title/tt7811100/
tt7811310	https://www.imdb.com/title/tt7811310/
tt7811398	https://www.imdb.com/title/tt7811398/
tt7814458	https://www.imdb.com/title/tt7814458/
tt7814502	https://www.imdb.com/title/tt7814502/
tt8539790	https://www.imdb.com/title/tt8539790/
tt8695790	https://www.imdb.com/title/tt8695790/
tt8695952	https://www.imdb.com/title/tt8695952/
tt8848636	https://www.imdb.com/title/tt8848636/
tt8883866	https://www.imdb.com/title/tt8883866/
tt8926246	https://www.imdb.com/title/tt8926246/
tt9007524	https://www.imdb.com/title/tt9007524/
tt9007526	https://www.imdb.com/title/tt9007526/
tt9007528	https://www.imdb.com/title/tt9007528/
tt9007530	https://www.imdb.com/title/tt9007530/
tt9042440	https://www.imdb.com/title/tt9042440/
tt9063328	https://www.imdb.com/title/tt9063328/
tt9291704	https://www.imdb.com/title/tt9291704/
tt9445540	https://www.imdb.com/title/tt9445540/
tt9578420	https://www.imdb.com/title/tt9578420/
tt9834560	https://www.imdb.com/title/tt9834560/
tt9835192	https://www.imdb.com/title/tt9835192/
tt9835532	https://www.imdb.com/title/tt9835532/
