tconst	imdb_url
tt0033996	https://www.imdb.com/title/tt0033996/
tt0036143	https://www.imdb.com/title/tt0036143/
tt0036839	https://www.imdb.com/title/tt0036839/
tt0036958	https://www.imdb.com/title/tt0036958/
tt0037689	https://www.imdb.com/title/tt0037689/
tt0037755	https://www.imdb.com/title/tt0037755/
tt0037850	https://www.imdb.com/title/tt0037850/
tt0037910	https://www.imdb.com/title/tt0037910/
tt0037920	https://www.imdb.com/title/tt0037920/
tt0038315	https://www.imdb.com/title/tt0038315/
tt0038372	https://www.imdb.com/title/tt0038372/
tt0038844	https://www.imdb.com/title/tt0038844/
tt0038862	https://www.imdb.com/title/tt0038862/
tt0038867	https://www.imdb.com/title/tt0038867/
tt0038914	https://www.imdb.com/title/tt0038914/
tt0038935	https://www.imdb.com/title/tt0038935/
tt0038970	https://www.imdb.com/title/tt0038970/
tt0039135	https://www.imdb.com/title/tt0039135/
tt0039136	https://www.imdb.com/title/tt0039136/
tt0039141	https://www.imdb.com/title/tt0039141/
tt0039143	https://www.imdb.com/title/tt0039143/
tt0039147	https://www.imdb.com/title/tt0039147/
tt0039148	https://www.imdb.com/title/tt0039148/
tt0039149	https://www.imdb.com/title/tt0039149/
tt0039150	https://www.imdb.com/title/tt0039150/
tt0039156	https://www.imdb.com/title/tt0039156/
tt0039163	https://www.imdb.com/title/tt0039163/
tt0039165	https://www.imdb.com/title/tt0039165/
tt0039166	https://www.imdb.com/title/tt0039166/
tt0039179	https://www.imdb.com/title/tt0039179/
tt0039188	https://www.imdb.com/title/tt0039188/
tt0039195	https://www.imdb.com/title/tt0039195/
tt0039206	https://www.imdb.com/title/tt0039206/
tt0039213	https://www.imdb.com/title/tt0039213/
tt0039214	https://www.imdb.com/title/tt0039214/
tt0039220	https://www.imdb.com/title/tt0039220/
tt0039246	https://www.imdb.com/title/tt0039246/
tt0039247	https://www.imdb.com/title/tt0039247/
tt0039248	https://www.imdb.com/title/tt0039248/
tt0039255	https://www.imdb.com/title/tt0039255/
tt0039256	https://www.imdb.com/title/tt0039256/
tt0039259	https://www.imdb.com/title/tt0039259/
tt0039273	https://www.imdb.com/title/tt0039273/
tt0039274	https://www.imdb.com/title/tt0039274/
tt0039275	https://www.imdb.com/title/tt0039275/
tt0039285	https://www.imdb.com/title/tt0039285/
tt0039291	https://www.imdb.com/title/tt0039291/
tt0039296	https://www.imdb.com/title/tt0039296/
tt0039304	https://www.imdb.com/title/tt0039304/
tt0039310	https://www.imdb.com/title/tt0039310/
tt0039333	https://www.imdb.com/title/tt0039333/
tt0039344	https://www.imdb.com/title/tt0039344/
tt0039348	https://www.imdb.com/title/tt0039348/
tt0039353	https://www.imdb.com/title/tt0039353/
tt0039363	https://www.imdb.com/title/tt0039363/
tt0039373	https://www.imdb.com/title/tt0039373/
tt0039375	https://www.imdb.com/title/tt0039375/
tt0039382	https://www.imdb.com/title/tt0039382/
tt0039417	https://www.imdb.com/title/tt0039417/
tt0039424	https://www.imdb.com/title/tt0039424/
tt0039458	https://www.imdb.com/title/tt0039458/
tt0039489	https://www.imdb.com/title/tt0039489/
tt0039520	https://www.imdb.com/title/tt0039520/
tt0039539	https://www.imdb.com/title/tt0039539/
tt0039550	https://www.imdb.com/title/tt0039550/
tt0039561	https://www.imdb.com/title/tt0039561/
tt0039575	https://www.imdb.com/title/tt0039575/
tt0039576	https://www.imdb.com/title/tt0039576/
tt0039592	https://www.imdb.com/title/tt0039592/
tt0039593	https://www.imdb.com/title/tt0039593/
tt0039605	https://www.imdb.com/title/tt0039605/
tt0039613	https://www.imdb.com/title/tt0039613/
tt0039617	https://www.imdb.com/title/tt0039617/
tt0039629	https://www.imdb.com/title/tt0039629/
tt0039638	https://www.imdb.com/title/tt0039638/
tt0039640	https://www.imdb.com/title/tt0039640/
tt0039658	https://www.imdb.com/title/tt0039658/
tt0039665	https://www.imdb.com/title/tt0039665/
tt0039668	https://www.imdb.com/title/tt0039668/
tt0039669	https://www.imdb.com/title/tt0039669/
tt0039691	https://www.imdb.com/title/tt0039691/
tt0039731	https://www.imdb.com/title/tt0039731/
tt0039738	https://www.imdb.com/title/tt0039738/
tt0039742	https://www.imdb.com/title/tt0039742/
tt0039765	https://www.imdb.com/title/tt0039765/
tt0039766	https://www.imdb.com/title/tt0039766/
tt0039790	https://www.imdb.com/title/tt0039790/
tt0039792	https://www.imdb.com/title/tt0039792/
tt0039793	https://www.imdb.com/title/tt0039793/
tt0039814	https://www.imdb.com/title/tt0039814/
tt0039830	https://www.imdb.com/title/tt0039830/
tt0039833	https://www.imdb.com/title/tt0039833/
tt0039851	https://www.imdb.com/title/tt0039851/
tt0039854	https://www.imdb.com/title/tt0039854/
tt0039863	https://www.imdb.com/title/tt0039863/
tt0039890	https://www.imdb.com/title/tt0039890/
tt0039897	https://www.imdb.com/title/tt0039897/
tt0039904	https://www.imdb.com/title/tt0039904/
tt0039946	https://www.imdb.com/title/tt0039946/
tt0039953	https://www.imdb.com/title/tt0039953/
tt0039955	https://www.imdb.com/title/tt0039955/
tt0040002	https://www.imdb.com/title/tt0040002/
tt0040003	https://www.imdb.com/title/tt0040003/
tt0040063	https://www.imdb.com/title/tt0040063/
tt0040064	https://www.imdb.com/title/tt0040064/
tt0040067	https://www.imdb.com/title/tt0040067/
tt0040068	https://www.imdb.com/title/tt0040068/
tt0040069	https://www.imdb.com/title/tt0040069/
tt0040070	https://www.imdb.com/title/tt0040070/
tt0040072	https://www.imdb.com/title/tt0040072/
tt0040073	https://www.imdb.com/title/tt0040073/
tt0040074	https://www.imdb.com/title/tt0040074/
tt0040075	https://www.imdb.com/title/tt0040075/
tt0040076	https://www.imdb.com/title/tt0040076/
tt0040077	https://www.imdb.com/title/tt0040077/
tt0040078	https://www.imdb.com/title/tt0040078/
tt0040079	https://www.imdb.com/title/tt0040079/
tt0040080	https://www.imdb.com/title/tt0040080/
tt0040081	https://www.imdb.com/title/tt0040081/
tt0040082	https://www.imdb.com/title/tt0040082/
tt0040083	https://www.imdb.com/title/tt0040083/
tt0040085	https://www.imdb.com/title/tt0040085/
tt0040086	https://www.imdb.com/title/tt0040086/
tt0040087	https://www.imdb.com/title/tt0040087/
tt0040091	https://www.imdb.com/title/tt0040091/
tt0040092	https://www.imdb.com/title/tt0040092/
tt0040093	https://www.imdb.com/title/tt0040093/
tt0040094	https://www.imdb.com/title/tt0040094/
tt0040095	https://www.imdb.com/title/tt0040095/
tt0040096	https://www.imdb.com/title/tt0040096/
tt0040097	https://www.imdb.com/title/tt0040097/
tt0040098	https://www.imdb.com/title/tt0040098/
tt0040099	https://www.imdb.com/title/tt0040099/
tt0040100	https://www.imdb.com/title/tt0040100/
tt0040102	https://www.imdb.com/title/tt0040102/
tt0040103	https://www.imdb.com/title/tt0040103/
tt0040104	https://www.imdb.com/title/tt0040104/
tt0040105	https://www.imdb.com/title/tt0040105/
tt0040106	https://www.imdb.com/title/tt0040106/
tt0040107	https://www.imdb.com/title/tt0040107/
tt0040109	https://www.imdb.com/title/tt0040109/
tt0040110	https://www.imdb.com/title/tt0040110/
tt0040111	https://www.imdb.com/title/tt0040111/
tt0040112	https://www.imdb.com/title/tt0040112/
tt0040113	https://www.imdb.com/title/tt0040113/
tt0040114	https://www.imdb.com/title/tt0040114/
tt0040115	https://www.imdb.com/title/tt0040115/
tt0040118	https://www.imdb.com/title/tt0040118/
tt0040119	https://www.imdb.com/title/tt0040119/
tt0040121	https://www.imdb.com/title/tt0040121/
tt0040124	https://www.imdb.com/title/tt0040124/
tt0040125	https://www.imdb.com/title/tt0040125/
tt0040126	https://www.imdb.com/title/tt0040126/
tt0040127	https://www.imdb.com/title/tt0040127/
tt0040131	https://www.imdb.com/title/tt0040131/
tt0040132	https://www.imdb.com/title/tt0040132/
tt0040133	https://www.imdb.com/title/tt0040133/
tt0040135	https://www.imdb.com/title/tt0040135/
tt0040136	https://www.imdb.com/title/tt0040136/
tt0040139	https://www.imdb.com/title/tt0040139/
tt0040141	https://www.imdb.com/title/tt0040141/
tt0040142	https://www.imdb.com/title/tt0040142/
tt0040144	https://www.imdb.com/title/tt0040144/
tt0040146	https://www.imdb.com/title/tt0040146/
tt0040148	https://www.imdb.com/title/tt0040148/
tt0040149	https://www.imdb.com/title/tt0040149/
tt0040153	https://www.imdb.com/title/tt0040153/
tt0040154	https://www.imdb.com/title/tt0040154/
tt0040155	https://www.imdb.com/title/tt0040155/
tt0040156	https://www.imdb.com/title/tt0040156/
tt0040157	https://www.imdb.com/title/tt0040157/
tt0040158	https://www.imdb.com/title/tt0040158/
tt0040159	https://www.imdb.com/title/tt0040159/
tt0040160	https://www.imdb.com/title/tt0040160/
tt0040161	https://www.imdb.com/title/tt0040161/
tt0040162	https://www.imdb.com/title/tt0040162/
tt0040164	https://www.imdb.com/title/tt0040164/
tt0040166	https://www.imdb.com/title/tt0040166/
tt0040167	https://www.imdb.com/title/tt0040167/
tt0040168	https://www.imdb.com/title/tt0040168/
tt0040171	https://www.imdb.com/title/tt0040171/
tt0040172	https://www.imdb.com/title/tt0040172/
tt0040173	https://www.imdb.com/title/tt0040173/
tt0040174	https://www.imdb.com/title/tt0040174/
tt0040175	https://www.imdb.com/title/tt0040175/
tt0040176	https://www.imdb.com/title/tt0040176/
tt0040177	https://www.imdb.com/title/tt0040177/
tt0040178	https://www.imdb.com/title/tt0040178/
tt0040179	https://www.imdb.com/title/tt0040179/
tt0040180	https://www.imdb.com/title/tt0040180/
tt0040183	https://www.imdb.com/title/tt0040183/
tt0040185	https://www.imdb.com/title/tt0040185/
tt0040186	https://www.imdb.com/title/tt0040186/
tt0040187	https://www.imdb.com/title/tt0040187/
tt0040188	https://www.imdb.com/title/tt0040188/
tt0040189	https://www.imdb.com/title/tt0040189/
tt0040193	https://www.imdb.com/title/tt0040193/
tt0040195	https://www.imdb.com/title/tt0040195/
tt0040196	https://www.imdb.com/title/tt0040196/
tt0040198	https://www.imdb.com/title/tt0040198/
tt0040199	https://www.imdb.com/title/tt0040199/
tt0040201	https://www.imdb.com/title/tt0040201/
tt0040202	https://www.imdb.com/title/tt0040202/
tt0040204	https://www.imdb.com/title/tt0040204/
tt0040205	https://www.imdb.com/title/tt0040205/
tt0040207	https://www.imdb.com/title/tt0040207/
tt0040208	https://www.imdb.com/title/tt0040208/
tt0040209	https://www.imdb.com/title/tt0040209/
tt0040210	https://www.imdb.com/title/tt0040210/
tt0040213	https://www.imdb.com/title/tt0040213/
tt0040214	https://www.imdb.com/title/tt0040214/
tt0040215	https://www.imdb.com/title/tt0040215/
tt0040223	https://www.imdb.com/title/tt0040223/
tt0040224	https://www.imdb.com/title/tt0040224/
tt0040225	https://www.imdb.com/title/tt0040225/
tt0040227	https://www.imdb.com/title/tt0040227/
tt0040228	https://www.imdb.com/title/tt0040228/
tt0040230	https://www.imdb.com/title/tt0040230/
tt0040232	https://www.imdb.com/title/tt0040232/
tt0040236	https://www.imdb.com/title/tt0040236/
tt0040237	https://www.imdb.com/title/tt0040237/
tt0040238	https://www.imdb.com/title/tt0040238/
tt0040239	https://www.imdb.com/title/tt0040239/
tt0040240	https://www.imdb.com/title/tt0040240/
tt0040242	https://www.imdb.com/title/tt0040242/
tt0040243	https://www.imdb.com/title/tt0040243/
tt0040244	https://www.imdb.com/title/tt0040244/
tt0040245	https://www.imdb.com/title/tt0040245/
tt0040246	https://www.imdb.com/title/tt0040246/
tt0040249	https://www.imdb.com/title/tt0040249/
tt0040250	https://www.imdb.com/title/tt0040250/
tt0040251	https://www.imdb.com/title/tt0040251/
tt0040252	https://www.imdb.com/title/tt0040252/
tt0040253	https://www.imdb.com/title/tt0040253/
tt0040254	https://www.imdb.com/title/tt0040254/
tt0040256	https://www.imdb.com/title/tt0040256/
tt0040257	https://www.imdb.com/title/tt0040257/
tt0040263	https://www.imdb.com/title/tt0040263/
tt0040264	https://www.imdb.com/title/tt0040264/
tt0040268	https://www.imdb.com/title/tt0040268/
tt0040269	https://www.imdb.com/title/tt0040269/
tt0040270	https://www.imdb.com/title/tt0040270/
tt0040271	https://www.imdb.com/title/tt0040271/
tt0040272	https://www.imdb.com/title/tt0040272/
tt0040273	https://www.imdb.com/title/tt0040273/
tt0040276	https://www.imdb.com/title/tt0040276/
tt0040277	https://www.imdb.com/title/tt0040277/
tt0040278	https://www.imdb.com/title/tt0040278/
tt0040280	https://www.imdb.com/title/tt0040280/
tt0040281	https://www.imdb.com/title/tt0040281/
tt0040282	https://www.imdb.com/title/tt0040282/
tt0040286	https://www.imdb.com/title/tt0040286/
tt0040287	https://www.imdb.com/title/tt0040287/
tt0040288	https://www.imdb.com/title/tt0040288/
tt0040289	https://www.imdb.com/title/tt0040289/
tt0040290	https://www.imdb.com/title/tt0040290/
tt0040292	https://www.imdb.com/title/tt0040292/
tt0040293	https://www.imdb.com/title/tt0040293/
tt0040294	https://www.imdb.com/title/tt0040294/
tt0040296	https://www.imdb.com/title/tt0040296/
tt0040301	https://www.imdb.com/title/tt0040301/
tt0040302	https://www.imdb.com/title/tt0040302/
tt0040305	https://www.imdb.com/title/tt0040305/
tt0040307	https://www.imdb.com/title/tt0040307/
tt0040308	https://www.imdb.com/title/tt0040308/
tt0040309	https://www.imdb.com/title/tt0040309/
tt0040313	https://www.imdb.com/title/tt0040313/
tt0040315	https://www.imdb.com/title/tt0040315/
tt0040316	https://www.imdb.com/title/tt0040316/
tt0040317	https://www.imdb.com/title/tt0040317/
tt0040320	https://www.imdb.com/title/tt0040320/
tt0040321	https://www.imdb.com/title/tt0040321/
tt0040322	https://www.imdb.com/title/tt0040322/
tt0040324	https://www.imdb.com/title/tt0040324/
tt0040325	https://www.imdb.com/title/tt0040325/
tt0040327	https://www.imdb.com/title/tt0040327/
tt0040328	https://www.imdb.com/title/tt0040328/
tt0040330	https://www.imdb.com/title/tt0040330/
tt0040331	https://www.imdb.com/title/tt0040331/
tt0040333	https://www.imdb.com/title/tt0040333/
tt0040335	https://www.imdb.com/title/tt0040335/
tt0040338	https://www.imdb.com/title/tt0040338/
tt0040339	https://www.imdb.com/title/tt0040339/
tt0040342	https://www.imdb.com/title/tt0040342/
tt0040343	https://www.imdb.com/title/tt0040343/
tt0040344	https://www.imdb.com/title/tt0040344/
tt0040345	https://www.imdb.com/title/tt0040345/
tt0040347	https://www.imdb.com/title/tt0040347/
tt0040349	https://www.imdb.com/title/tt0040349/
tt0040351	https://www.imdb.com/title/tt0040351/
tt0040352	https://www.imdb.com/title/tt0040352/
tt0040353	https://www.imdb.com/title/tt0040353/
tt0040354	https://www.imdb.com/title/tt0040354/
tt0040355	https://www.imdb.com/title/tt0040355/
tt0040356	https://www.imdb.com/title/tt0040356/
tt0040357	https://www.imdb.com/title/tt0040357/
tt0040358	https://www.imdb.com/title/tt0040358/
tt0040359	https://www.imdb.com/title/tt0040359/
tt0040360	https://www.imdb.com/title/tt0040360/
tt0040362	https://www.imdb.com/title/tt0040362/
tt0040364	https://www.imdb.com/title/tt0040364/
tt0040366	https://www.imdb.com/title/tt0040366/
tt0040367	https://www.imdb.com/title/tt0040367/
tt0040369	https://www.imdb.com/title/tt0040369/
tt0040370	https://www.imdb.com/title/tt0040370/
tt0040371	https://www.imdb.com/title/tt0040371/
tt0040372	https://www.imdb.com/title/tt0040372/
tt0040374	https://www.imdb.com/title/tt0040374/
tt0040376	https://www.imdb.com/title/tt0040376/
tt0040378	https://www.imdb.com/title/tt0040378/
tt0040379	https://www.imdb.com/title/tt0040379/
tt0040380	https://www.imdb.com/title/tt0040380/
tt0040381	https://www.imdb.com/title/tt0040381/
tt0040382	https://www.imdb.com/title/tt0040382/
tt0040383	https://www.imdb.com/title/tt0040383/
tt0040384	https://www.imdb.com/title/tt0040384/
tt0040385	https://www.imdb.com/title/tt0040385/
tt0040386	https://www.imdb.com/title/tt0040386/
tt0040388	https://www.imdb.com/title/tt0040388/
tt0040389	https://www.imdb.com/title/tt0040389/
tt0040390	https://www.imdb.com/title/tt0040390/
tt0040391	https://www.imdb.com/title/tt0040391/
tt0040392	https://www.imdb.com/title/tt0040392/
tt0040394	https://www.imdb.com/title/tt0040394/
tt0040395	https://www.imdb.com/title/tt0040395/
tt0040396	https://www.imdb.com/title/tt0040396/
tt0040399	https://www.imdb.com/title/tt0040399/
tt0040401	https://www.imdb.com/title/tt0040401/
tt0040402	https://www.imdb.com/title/tt0040402/
tt0040403	https://www.imdb.com/title/tt0040403/
tt0040407	https://www.imdb.com/title/tt0040407/
tt0040408	https://www.imdb.com/title/tt0040408/
tt0040409	https://www.imdb.com/title/tt0040409/
tt0040410	https://www.imdb.com/title/tt0040410/
tt0040411	https://www.imdb.com/title/tt0040411/
tt0040413	https://www.imdb.com/title/tt0040413/
tt0040414	https://www.imdb.com/title/tt0040414/
tt0040416	https://www.imdb.com/title/tt0040416/
tt0040417	https://www.imdb.com/title/tt0040417/
tt0040418	https://www.imdb.com/title/tt0040418/
tt0040419	https://www.imdb.com/title/tt0040419/
tt0040420	https://www.imdb.com/title/tt0040420/
tt0040424	https://www.imdb.com/title/tt0040424/
tt0040426	https://www.imdb.com/title/tt0040426/
tt0040427	https://www.imdb.com/title/tt0040427/
tt0040430	https://www.imdb.com/title/tt0040430/
tt0040431	https://www.imdb.com/title/tt0040431/
tt0040432	https://www.imdb.com/title/tt0040432/
tt0040433	https://www.imdb.com/title/tt0040433/
tt0040434	https://www.imdb.com/title/tt0040434/
tt0040436	https://www.imdb.com/title/tt0040436/
tt0040437	https://www.imdb.com/title/tt0040437/
tt0040438	https://www.imdb.com/title/tt0040438/
tt0040439	https://www.imdb.com/title/tt0040439/
tt0040441	https://www.imdb.com/title/tt0040441/
tt0040442	https://www.imdb.com/title/tt0040442/
tt0040444	https://www.imdb.com/title/tt0040444/
tt0040446	https://www.imdb.com/title/tt0040446/
tt0040447	https://www.imdb.com/title/tt0040447/
tt0040449	https://www.imdb.com/title/tt0040449/
tt0040452	https://www.imdb.com/title/tt0040452/
tt0040454	https://www.imdb.com/title/tt0040454/
tt0040455	https://www.imdb.com/title/tt0040455/
tt0040456	https://www.imdb.com/title/tt0040456/
tt0040457	https://www.imdb.com/title/tt0040457/
tt0040458	https://www.imdb.com/title/tt0040458/
tt0040460	https://www.imdb.com/title/tt0040460/
tt0040461	https://www.imdb.com/title/tt0040461/
tt0040463	https://www.imdb.com/title/tt0040463/
tt0040464	https://www.imdb.com/title/tt0040464/
tt0040465	https://www.imdb.com/title/tt0040465/
tt0040467	https://www.imdb.com/title/tt0040467/
tt0040468	https://www.imdb.com/title/tt0040468/
tt0040469	https://www.imdb.com/title/tt0040469/
tt0040470	https://www.imdb.com/title/tt0040470/
tt0040472	https://www.imdb.com/title/tt0040472/
tt0040473	https://www.imdb.com/title/tt0040473/
tt0040474	https://www.imdb.com/title/tt0040474/
tt0040476	https://www.imdb.com/title/tt0040476/
tt0040478	https://www.imdb.com/title/tt0040478/
tt0040479	https://www.imdb.com/title/tt0040479/
tt0040480	https://www.imdb.com/title/tt0040480/
tt0040483	https://www.imdb.com/title/tt0040483/
tt0040485	https://www.imdb.com/title/tt0040485/
tt0040488	https://www.imdb.com/title/tt0040488/
tt0040489	https://www.imdb.com/title/tt0040489/
tt0040491	https://www.imdb.com/title/tt0040491/
tt0040492	https://www.imdb.com/title/tt0040492/
tt0040493	https://www.imdb.com/title/tt0040493/
tt0040495	https://www.imdb.com/title/tt0040495/
tt0040498	https://www.imdb.com/title/tt0040498/
tt0040499	https://www.imdb.com/title/tt0040499/
tt0040500	https://www.imdb.com/title/tt0040500/
tt0040501	https://www.imdb.com/title/tt0040501/
tt0040502	https://www.imdb.com/title/tt0040502/
tt0040503	https://www.imdb.com/title/tt0040503/
tt0040504	https://www.imdb.com/title/tt0040504/
tt0040505	https://www.imdb.com/title/tt0040505/
tt0040506	https://www.imdb.com/title/tt0040506/
tt0040507	https://www.imdb.com/title/tt0040507/
tt0040508	https://www.imdb.com/title/tt0040508/
tt0040509	https://www.imdb.com/title/tt0040509/
tt0040511	https://www.imdb.com/title/tt0040511/
tt0040512	https://www.imdb.com/title/tt0040512/
tt0040513	https://www.imdb.com/title/tt0040513/
tt0040516	https://www.imdb.com/title/tt0040516/
tt0040517	https://www.imdb.com/title/tt0040517/
tt0040520	https://www.imdb.com/title/tt0040520/
tt0040521	https://www.imdb.com/title/tt0040521/
tt0040522	https://www.imdb.com/title/tt0040522/
tt0040524	https://www.imdb.com/title/tt0040524/
tt0040526	https://www.imdb.com/title/tt0040526/
tt0040527	https://www.imdb.com/title/tt0040527/
tt0040528	https://www.imdb.com/title/tt0040528/
tt0040529	https://www.imdb.com/title/tt0040529/
tt0040530	https://www.imdb.com/title/tt0040530/
tt0040531	https://www.imdb.com/title/tt0040531/
tt0040532	https://www.imdb.com/title/tt0040532/
tt0040535	https://www.imdb.com/title/tt0040535/
tt0040536	https://www.imdb.com/title/tt0040536/
tt0040539	https://www.imdb.com/title/tt0040539/
tt0040540	https://www.imdb.com/title/tt0040540/
tt0040542	https://www.imdb.com/title/tt0040542/
tt0040543	https://www.imdb.com/title/tt0040543/
tt0040544	https://www.imdb.com/title/tt0040544/
tt0040545	https://www.imdb.com/title/tt0040545/
tt0040546	https://www.imdb.com/title/tt0040546/
tt0040548	https://www.imdb.com/title/tt0040548/
tt0040549	https://www.imdb.com/title/tt0040549/
tt0040550	https://www.imdb.com/title/tt0040550/
tt0040551	https://www.imdb.com/title/tt0040551/
tt0040552	https://www.imdb.com/title/tt0040552/
tt0040553	https://www.imdb.com/title/tt0040553/
tt0040555	https://www.imdb.com/title/tt0040555/
tt0040556	https://www.imdb.com/title/tt0040556/
tt0040557	https://www.imdb.com/title/tt0040557/
tt0040558	https://www.imdb.com/title/tt0040558/
tt0040560	https://www.imdb.com/title/tt0040560/
tt0040561	https://www.imdb.com/title/tt0040561/
tt0040565	https://www.imdb.com/title/tt0040565/
tt0040567	https://www.imdb.com/title/tt0040567/
tt0040568	https://www.imdb.com/title/tt0040568/
tt0040569	https://www.imdb.com/title/tt0040569/
tt0040570	https://www.imdb.com/title/tt0040570/
tt0040571	https://www.imdb.com/title/tt0040571/
tt0040572	https://www.imdb.com/title/tt0040572/
tt0040573	https://www.imdb.com/title/tt0040573/
tt0040574	https://www.imdb.com/title/tt0040574/
tt0040575	https://www.imdb.com/title/tt0040575/
tt0040576	https://www.imdb.com/title/tt0040576/
tt0040577	https://www.imdb.com/title/tt0040577/
tt0040580	https://www.imdb.com/title/tt0040580/
tt0040582	https://www.imdb.com/title/tt0040582/
tt0040584	https://www.imdb.com/title/tt0040584/
tt0040586	https://www.imdb.com/title/tt0040586/
tt0040590	https://www.imdb.com/title/tt0040590/
tt0040592	https://www.imdb.com/title/tt0040592/
tt0040593	https://www.imdb.com/title/tt0040593/
tt0040594	https://www.imdb.com/title/tt0040594/
tt0040596	https://www.imdb.com/title/tt0040596/
tt0040597	https://www.imdb.com/title/tt0040597/
tt0040599	https://www.imdb.com/title/tt0040599/
tt0040601	https://www.imdb.com/title/tt0040601/
tt0040602	https://www.imdb.com/title/tt0040602/
tt0040604	https://www.imdb.com/title/tt0040604/
tt0040607	https://www.imdb.com/title/tt0040607/
tt0040608	https://www.imdb.com/title/tt0040608/
tt0040609	https://www.imdb.com/title/tt0040609/
tt0040612	https://www.imdb.com/title/tt0040612/
tt0040613	https://www.imdb.com/title/tt0040613/
tt0040614	https://www.imdb.com/title/tt0040614/
tt0040615	https://www.imdb.com/title/tt0040615/
tt0040616	https://www.imdb.com/title/tt0040616/
tt0040617	https://www.imdb.com/title/tt0040617/
tt0040621	https://www.imdb.com/title/tt0040621/
tt0040622	https://www.imdb.com/title/tt0040622/
tt0040623	https://www.imdb.com/title/tt0040623/
tt0040624	https://www.imdb.com/title/tt0040624/
tt0040626	https://www.imdb.com/title/tt0040626/
tt0040627	https://www.imdb.com/title/tt0040627/
tt0040628	https://www.imdb.com/title/tt0040628/
tt0040630	https://www.imdb.com/title/tt0040630/
tt0040631	https://www.imdb.com/title/tt0040631/
tt0040634	https://www.imdb.com/title/tt0040634/
tt0040635	https://www.imdb.com/title/tt0040635/
tt0040636	https://www.imdb.com/title/tt0040636/
tt0040639	https://www.imdb.com/title/tt0040639/
tt0040640	https://www.imdb.com/title/tt0040640/
tt0040643	https://www.imdb.com/title/tt0040643/
tt0040644	https://www.imdb.com/title/tt0040644/
tt0040645	https://www.imdb.com/title/tt0040645/
tt0040646	https://www.imdb.com/title/tt0040646/
tt0040647	https://www.imdb.com/title/tt0040647/
tt0040648	https://www.imdb.com/title/tt0040648/
tt0040651	https://www.imdb.com/title/tt0040651/
tt0040652	https://www.imdb.com/title/tt0040652/
tt0040654	https://www.imdb.com/title/tt0040654/
tt0040657	https://www.imdb.com/title/tt0040657/
tt0040659	https://www.imdb.com/title/tt0040659/
tt0040660	https://www.imdb.com/title/tt0040660/
tt0040662	https://www.imdb.com/title/tt0040662/
tt0040663	https://www.imdb.com/title/tt0040663/
tt0040664	https://www.imdb.com/title/tt0040664/
tt0040665	https://www.imdb.com/title/tt0040665/
tt0040667	https://www.imdb.com/title/tt0040667/
tt0040668	https://www.imdb.com/title/tt0040668/
tt0040669	https://www.imdb.com/title/tt0040669/
tt0040670	https://www.imdb.com/title/tt0040670/
tt0040671	https://www.imdb.com/title/tt0040671/
tt0040674	https://www.imdb.com/title/tt0040674/
tt0040675	https://www.imdb.com/title/tt0040675/
tt0040676	https://www.imdb.com/title/tt0040676/
tt0040677	https://www.imdb.com/title/tt0040677/
tt0040678	https://www.imdb.com/title/tt0040678/
tt0040679	https://www.imdb.com/title/tt0040679/
tt0040682	https://www.imdb.com/title/tt0040682/
tt0040684	https://www.imdb.com/title/tt0040684/
tt0040685	https://www.imdb.com/title/tt0040685/
tt0040686	https://www.imdb.com/title/tt0040686/
tt0040687	https://www.imdb.com/title/tt0040687/
tt0040689	https://www.imdb.com/title/tt0040689/
tt0040691	https://www.imdb.com/title/tt0040691/
tt0040694	https://www.imdb.com/title/tt0040694/
tt0040695	https://www.imdb.com/title/tt0040695/
tt0040696	https://www.imdb.com/title/tt0040696/
tt0040702	https://www.imdb.com/title/tt0040702/
tt0040705	https://www.imdb.com/title/tt0040705/
tt0040706	https://www.imdb.com/title/tt0040706/
tt0040707	https://www.imdb.com/title/tt0040707/
tt0040709	https://www.imdb.com/title/tt0040709/
tt0040710	https://www.imdb.com/title/tt0040710/
tt0040713	https://www.imdb.com/title/tt0040713/
tt0040714	https://www.imdb.com/title/tt0040714/
tt0040716	https://www.imdb.com/title/tt0040716/
tt0040717	https://www.imdb.com/title/tt0040717/
tt0040719	https://www.imdb.com/title/tt0040719/
tt0040720	https://www.imdb.com/title/tt0040720/
tt0040723	https://www.imdb.com/title/tt0040723/
tt0040724	https://www.imdb.com/title/tt0040724/
tt0040725	https://www.imdb.com/title/tt0040725/
tt0040726	https://www.imdb.com/title/tt0040726/
tt0040727	https://www.imdb.com/title/tt0040727/
tt0040728	https://www.imdb.com/title/tt0040728/
tt0040730	https://www.imdb.com/title/tt0040730/
tt0040731	https://www.imdb.com/title/tt0040731/
tt0040732	https://www.imdb.com/title/tt0040732/
tt0040733	https://www.imdb.com/title/tt0040733/
tt0040734	https://www.imdb.com/title/tt0040734/
tt0040738	https://www.imdb.com/title/tt0040738/
tt0040739	https://www.imdb.com/title/tt0040739/
tt0040740	https://www.imdb.com/title/tt0040740/
tt0040742	https://www.imdb.com/title/tt0040742/
tt0040743	https://www.imdb.com/title/tt0040743/
tt0040744	https://www.imdb.com/title/tt0040744/
tt0040745	https://www.imdb.com/title/tt0040745/
tt0040746	https://www.imdb.com/title/tt0040746/
tt0040748	https://www.imdb.com/title/tt0040748/
tt0040749	https://www.imdb.com/title/tt0040749/
tt0040750	https://www.imdb.com/title/tt0040750/
tt0040751	https://www.imdb.com/title/tt0040751/
tt0040754	https://www.imdb.com/title/tt0040754/
tt0040758	https://www.imdb.com/title/tt0040758/
tt0040759	https://www.imdb.com/title/tt0040759/
tt0040761	https://www.imdb.com/title/tt0040761/
tt0040762	https://www.imdb.com/title/tt0040762/
tt0040764	https://www.imdb.com/title/tt0040764/
tt0040765	https://www.imdb.com/title/tt0040765/
tt0040767	https://www.imdb.com/title/tt0040767/
tt0040768	https://www.imdb.com/title/tt0040768/
tt0040771	https://www.imdb.com/title/tt0040771/
tt0040772	https://www.imdb.com/title/tt0040772/
tt0040773	https://www.imdb.com/title/tt0040773/
tt0040776	https://www.imdb.com/title/tt0040776/
tt0040777	https://www.imdb.com/title/tt0040777/
tt0040778	https://www.imdb.com/title/tt0040778/
tt0040779	https://www.imdb.com/title/tt0040779/
tt0040782	https://www.imdb.com/title/tt0040782/
tt0040785	https://www.imdb.com/title/tt0040785/
tt0040787	https://www.imdb.com/title/tt0040787/
tt0040789	https://www.imdb.com/title/tt0040789/
tt0040790	https://www.imdb.com/title/tt0040790/
tt0040792	https://www.imdb.com/title/tt0040792/
tt0040793	https://www.imdb.com/title/tt0040793/
tt0040795	https://www.imdb.com/title/tt0040795/
tt0040796	https://www.imdb.com/title/tt0040796/
tt0040797	https://www.imdb.com/title/tt0040797/
tt0040798	https://www.imdb.com/title/tt0040798/
tt0040799	https://www.imdb.com/title/tt0040799/
tt0040801	https://www.imdb.com/title/tt0040801/
tt0040802	https://www.imdb.com/title/tt0040802/
tt0040803	https://www.imdb.com/title/tt0040803/
tt0040804	https://www.imdb.com/title/tt0040804/
tt0040805	https://www.imdb.com/title/tt0040805/
tt0040806	https://www.imdb.com/title/tt0040806/
tt0040808	https://www.imdb.com/title/tt0040808/
tt0040809	https://www.imdb.com/title/tt0040809/
tt0040810	https://www.imdb.com/title/tt0040810/
tt0040815	https://www.imdb.com/title/tt0040815/
tt0040816	https://www.imdb.com/title/tt0040816/
tt0040817	https://www.imdb.com/title/tt0040817/
tt0040819	https://www.imdb.com/title/tt0040819/
tt0040820	https://www.imdb.com/title/tt0040820/
tt0040821	https://www.imdb.com/title/tt0040821/
tt0040822	https://www.imdb.com/title/tt0040822/
tt0040823	https://www.imdb.com/title/tt0040823/
tt0040825	https://www.imdb.com/title/tt0040825/
tt0040826	https://www.imdb.com/title/tt0040826/
tt0040827	https://www.imdb.com/title/tt0040827/
tt0040829	https://www.imdb.com/title/tt0040829/
tt0040830	https://www.imdb.com/title/tt0040830/
tt0040832	https://www.imdb.com/title/tt0040832/
tt0040833	https://www.imdb.com/title/tt0040833/
tt0040834	https://www.imdb.com/title/tt0040834/
tt0040835	https://www.imdb.com/title/tt0040835/
tt0040836	https://www.imdb.com/title/tt0040836/
tt0040837	https://www.imdb.com/title/tt0040837/
tt0040838	https://www.imdb.com/title/tt0040838/
tt0040839	https://www.imdb.com/title/tt0040839/
tt0040840	https://www.imdb.com/title/tt0040840/
tt0040841	https://www.imdb.com/title/tt0040841/
tt0040842	https://www.imdb.com/title/tt0040842/
tt0040843	https://www.imdb.com/title/tt0040843/
tt0040845	https://www.imdb.com/title/tt0040845/
tt0040848	https://www.imdb.com/title/tt0040848/
tt0040850	https://www.imdb.com/title/tt0040850/
tt0040851	https://www.imdb.com/title/tt0040851/
tt0040852	https://www.imdb.com/title/tt0040852/
tt0040853	https://www.imdb.com/title/tt0040853/
tt0040854	https://www.imdb.com/title/tt0040854/
tt0040855	https://www.imdb.com/title/tt0040855/
tt0040857	https://www.imdb.com/title/tt0040857/
tt0040858	https://www.imdb.com/title/tt0040858/
tt0040859	https://www.imdb.com/title/tt0040859/
tt0040860	https://www.imdb.com/title/tt0040860/
tt0040861	https://www.imdb.com/title/tt0040861/
tt0040862	https://www.imdb.com/title/tt0040862/
tt0040865	https://www.imdb.com/title/tt0040865/
tt0040866	https://www.imdb.com/title/tt0040866/
tt0040867	https://www.imdb.com/title/tt0040867/
tt0040868	https://www.imdb.com/title/tt0040868/
tt0040869	https://www.imdb.com/title/tt0040869/
tt0040870	https://www.imdb.com/title/tt0040870/
tt0040872	https://www.imdb.com/title/tt0040872/
tt0040875	https://www.imdb.com/title/tt0040875/
tt0040876	https://www.imdb.com/title/tt0040876/
tt0040877	https://www.imdb.com/title/tt0040877/
tt0040879	https://www.imdb.com/title/tt0040879/
tt0040880	https://www.imdb.com/title/tt0040880/
tt0040883	https://www.imdb.com/title/tt0040883/
tt0040884	https://www.imdb.com/title/tt0040884/
tt0040887	https://www.imdb.com/title/tt0040887/
tt0040888	https://www.imdb.com/title/tt0040888/
tt0040889	https://www.imdb.com/title/tt0040889/
tt0040890	https://www.imdb.com/title/tt0040890/
tt0040891	https://www.imdb.com/title/tt0040891/
tt0040892	https://www.imdb.com/title/tt0040892/
tt0040894	https://www.imdb.com/title/tt0040894/
tt0040895	https://www.imdb.com/title/tt0040895/
tt0040896	https://www.imdb.com/title/tt0040896/
tt0040897	https://www.imdb.com/title/tt0040897/
tt0040898	https://www.imdb.com/title/tt0040898/
tt0040900	https://www.imdb.com/title/tt0040900/
tt0040903	https://www.imdb.com/title/tt0040903/
tt0040904	https://www.imdb.com/title/tt0040904/
tt0040905	https://www.imdb.com/title/tt0040905/
tt0040906	https://www.imdb.com/title/tt0040906/
tt0040910	https://www.imdb.com/title/tt0040910/
tt0040911	https://www.imdb.com/title/tt0040911/
tt0040912	https://www.imdb.com/title/tt0040912/
tt0040914	https://www.imdb.com/title/tt0040914/
tt0040915	https://www.imdb.com/title/tt0040915/
tt0040916	https://www.imdb.com/title/tt0040916/
tt0040918	https://www.imdb.com/title/tt0040918/
tt0040919	https://www.imdb.com/title/tt0040919/
tt0040920	https://www.imdb.com/title/tt0040920/
tt0040921	https://www.imdb.com/title/tt0040921/
tt0040924	https://www.imdb.com/title/tt0040924/
tt0040925	https://www.imdb.com/title/tt0040925/
tt0040927	https://www.imdb.com/title/tt0040927/
tt0040928	https://www.imdb.com/title/tt0040928/
tt0040929	https://www.imdb.com/title/tt0040929/
tt0040931	https://www.imdb.com/title/tt0040931/
tt0040932	https://www.imdb.com/title/tt0040932/
tt0040933	https://www.imdb.com/title/tt0040933/
tt0040934	https://www.imdb.com/title/tt0040934/
tt0040938	https://www.imdb.com/title/tt0040938/
tt0040940	https://www.imdb.com/title/tt0040940/
tt0040941	https://www.imdb.com/title/tt0040941/
tt0040943	https://www.imdb.com/title/tt0040943/
tt0040946	https://www.imdb.com/title/tt0040946/
tt0040947	https://www.imdb.com/title/tt0040947/
tt0040948	https://www.imdb.com/title/tt0040948/
tt0040949	https://www.imdb.com/title/tt0040949/
tt0040951	https://www.imdb.com/title/tt0040951/
tt0040952	https://www.imdb.com/title/tt0040952/
tt0040953	https://www.imdb.com/title/tt0040953/
tt0040955	https://www.imdb.com/title/tt0040955/
tt0040956	https://www.imdb.com/title/tt0040956/
tt0040957	https://www.imdb.com/title/tt0040957/
tt0040962	https://www.imdb.com/title/tt0040962/
tt0040963	https://www.imdb.com/title/tt0040963/
tt0040964	https://www.imdb.com/title/tt0040964/
tt0040965	https://www.imdb.com/title/tt0040965/
tt0040966	https://www.imdb.com/title/tt0040966/
tt0040967	https://www.imdb.com/title/tt0040967/
tt0040969	https://www.imdb.com/title/tt0040969/
tt0040970	https://www.imdb.com/title/tt0040970/
tt0040971	https://www.imdb.com/title/tt0040971/
tt0040974	https://www.imdb.com/title/tt0040974/
tt0040976	https://www.imdb.com/title/tt0040976/
tt0040977	https://www.imdb.com/title/tt0040977/
tt0040978	https://www.imdb.com/title/tt0040978/
tt0040979	https://www.imdb.com/title/tt0040979/
tt0040980	https://www.imdb.com/title/tt0040980/
tt0040982	https://www.imdb.com/title/tt0040982/
tt0040983	https://www.imdb.com/title/tt0040983/
tt0041088	https://www.imdb.com/title/tt0041088/
tt0041121	https://www.imdb.com/title/tt0041121/
tt0041157	https://www.imdb.com/title/tt0041157/
tt0041187	https://www.imdb.com/title/tt0041187/
tt0041197	https://www.imdb.com/title/tt0041197/
tt0041331	https://www.imdb.com/title/tt0041331/
tt0041347	https://www.imdb.com/title/tt0041347/
tt0041359	https://www.imdb.com/title/tt0041359/
tt0041393	https://www.imdb.com/title/tt0041393/
tt0041410	https://www.imdb.com/title/tt0041410/
tt0041422	https://www.imdb.com/title/tt0041422/
tt0041508	https://www.imdb.com/title/tt0041508/
tt0041531	https://www.imdb.com/title/tt0041531/
tt0041552	https://www.imdb.com/title/tt0041552/
tt0041567	https://www.imdb.com/title/tt0041567/
tt0041571	https://www.imdb.com/title/tt0041571/
tt0041588	https://www.imdb.com/title/tt0041588/
tt0041625	https://www.imdb.com/title/tt0041625/
tt0041632	https://www.imdb.com/title/tt0041632/
tt0041707	https://www.imdb.com/title/tt0041707/
tt0041733	https://www.imdb.com/title/tt0041733/
tt0041755	https://www.imdb.com/title/tt0041755/
tt0041778	https://www.imdb.com/title/tt0041778/
tt0041828	https://www.imdb.com/title/tt0041828/
tt0041868	https://www.imdb.com/title/tt0041868/
tt0041888	https://www.imdb.com/title/tt0041888/
tt0041890	https://www.imdb.com/title/tt0041890/
tt0041990	https://www.imdb.com/title/tt0041990/
tt0041999	https://www.imdb.com/title/tt0041999/
tt0042051	https://www.imdb.com/title/tt0042051/
tt0042205	https://www.imdb.com/title/tt0042205/
tt0042414	https://www.imdb.com/title/tt0042414/
tt0042515	https://www.imdb.com/title/tt0042515/
tt0042606	https://www.imdb.com/title/tt0042606/
tt0043103	https://www.imdb.com/title/tt0043103/
tt0045552	https://www.imdb.com/title/tt0045552/
tt0045957	https://www.imdb.com/title/tt0045957/
tt0046229	https://www.imdb.com/title/tt0046229/
tt0046416	https://www.imdb.com/title/tt0046416/
tt0121574	https://www.imdb.com/title/tt0121574/
tt0121695	https://www.imdb.com/title/tt0121695/
tt0121840	https://www.imdb.com/title/tt0121840/
tt0122532	https://www.imdb.com/title/tt0122532/
tt0122575	https://www.imdb.com/title/tt0122575/
tt0123101	https://www.imdb.com/title/tt0123101/
tt0123326	https://www.imdb.com/title/tt0123326/
tt0123337	https://www.imdb.com/title/tt0123337/
tt0124907	https://www.imdb.com/title/tt0124907/
tt0124984	https://www.imdb.com/title/tt0124984/
tt0125030	https://www.imdb.com/title/tt0125030/
tt0125054	https://www.imdb.com/title/tt0125054/
tt0125401	https://www.imdb.com/title/tt0125401/
tt0125521	https://www.imdb.com/title/tt0125521/
tt0125793	https://www.imdb.com/title/tt0125793/
tt0126605	https://www.imdb.com/title/tt0126605/
tt0126630	https://www.imdb.com/title/tt0126630/
tt0126917	https://www.imdb.com/title/tt0126917/
tt0127049	https://www.imdb.com/title/tt0127049/
tt0129145	https://www.imdb.com/title/tt0129145/
tt0129572	https://www.imdb.com/title/tt0129572/
tt0129742	https://www.imdb.com/title/tt0129742/
tt0129826	https://www.imdb.com/title/tt0129826/
tt0130390	https://www.imdb.com/title/tt0130390/
tt0130613	https://www.imdb.com/title/tt0130613/
tt0131469	https://www.imdb.com/title/tt0131469/
tt0131781	https://www.imdb.com/title/tt0131781/
tt0133040	https://www.imdb.com/title/tt0133040/
tt0133120	https://www.imdb.com/title/tt0133120/
tt0133156	https://www.imdb.com/title/tt0133156/
tt0133206	https://www.imdb.com/title/tt0133206/
tt0134071	https://www.imdb.com/title/tt0134071/
tt0134076	https://www.imdb.com/title/tt0134076/
tt0135160	https://www.imdb.com/title/tt0135160/
tt0135233	https://www.imdb.com/title/tt0135233/
tt0135570	https://www.imdb.com/title/tt0135570/
tt0135648	https://www.imdb.com/title/tt0135648/
tt0136553	https://www.imdb.com/title/tt0136553/
tt0136603	https://www.imdb.com/title/tt0136603/
tt0136623	https://www.imdb.com/title/tt0136623/
tt0136686	https://www.imdb.com/title/tt0136686/
tt0136709	https://www.imdb.com/title/tt0136709/
tt0136977	https://www.imdb.com/title/tt0136977/
tt0136981	https://www.imdb.com/title/tt0136981/
tt0137027	https://www.imdb.com/title/tt0137027/
tt0137089	https://www.imdb.com/title/tt0137089/
tt0137093	https://www.imdb.com/title/tt0137093/
tt0137136	https://www.imdb.com/title/tt0137136/
tt0137516	https://www.imdb.com/title/tt0137516/
tt0137872	https://www.imdb.com/title/tt0137872/
tt0137923	https://www.imdb.com/title/tt0137923/
tt0137947	https://www.imdb.com/title/tt0137947/
tt0138057	https://www.imdb.com/title/tt0138057/
tt0138096	https://www.imdb.com/title/tt0138096/
tt0138679	https://www.imdb.com/title/tt0138679/
tt0138803	https://www.imdb.com/title/tt0138803/
tt0138845	https://www.imdb.com/title/tt0138845/
tt0139066	https://www.imdb.com/title/tt0139066/
tt0139096	https://www.imdb.com/title/tt0139096/
tt0139819	https://www.imdb.com/title/tt0139819/
tt0140059	https://www.imdb.com/title/tt0140059/
tt0140417	https://www.imdb.com/title/tt0140417/
tt0140822	https://www.imdb.com/title/tt0140822/
tt0141089	https://www.imdb.com/title/tt0141089/
tt0141534	https://www.imdb.com/title/tt0141534/
tt0141707	https://www.imdb.com/title/tt0141707/
tt0141819	https://www.imdb.com/title/tt0141819/
tt0142335	https://www.imdb.com/title/tt0142335/
tt0145650	https://www.imdb.com/title/tt0145650/
tt0145658	https://www.imdb.com/title/tt0145658/
tt0146347	https://www.imdb.com/title/tt0146347/
tt0149630	https://www.imdb.com/title/tt0149630/
tt0150367	https://www.imdb.com/title/tt0150367/
tt0150580	https://www.imdb.com/title/tt0150580/
tt0151028	https://www.imdb.com/title/tt0151028/
tt0151771	https://www.imdb.com/title/tt0151771/
tt0152143	https://www.imdb.com/title/tt0152143/
tt0152258	https://www.imdb.com/title/tt0152258/
tt0152276	https://www.imdb.com/title/tt0152276/
tt0153502	https://www.imdb.com/title/tt0153502/
tt0153632	https://www.imdb.com/title/tt0153632/
tt0154193	https://www.imdb.com/title/tt0154193/
tt0154199	https://www.imdb.com/title/tt0154199/
tt0154219	https://www.imdb.com/title/tt0154219/
tt0154395	https://www.imdb.com/title/tt0154395/
tt0154433	https://www.imdb.com/title/tt0154433/
tt0154661	https://www.imdb.com/title/tt0154661/
tt0154709	https://www.imdb.com/title/tt0154709/
tt0154900	https://www.imdb.com/title/tt0154900/
tt0154993	https://www.imdb.com/title/tt0154993/
tt0155772	https://www.imdb.com/title/tt0155772/
tt0155826	https://www.imdb.com/title/tt0155826/
tt0155862	https://www.imdb.com/title/tt0155862/
tt0155873	https://www.imdb.com/title/tt0155873/
tt0156270	https://www.imdb.com/title/tt0156270/
tt0156337	https://www.imdb.com/title/tt0156337/
tt0156338	https://www.imdb.com/title/tt0156338/
tt0156423	https://www.imdb.com/title/tt0156423/
tt0156490	https://www.imdb.com/title/tt0156490/
tt0156804	https://www.imdb.com/title/tt0156804/
tt0156915	https://www.imdb.com/title/tt0156915/
tt0156932	https://www.imdb.com/title/tt0156932/
tt0157061	https://www.imdb.com/title/tt0157061/
tt0157323	https://www.imdb.com/title/tt0157323/
tt0157352	https://www.imdb.com/title/tt0157352/
tt0158119	https://www.imdb.com/title/tt0158119/
tt0158138	https://www.imdb.com/title/tt0158138/
tt0158858	https://www.imdb.com/title/tt0158858/
tt0158953	https://www.imdb.com/title/tt0158953/
tt0159829	https://www.imdb.com/title/tt0159829/
tt0160791	https://www.imdb.com/title/tt0160791/
tt0161996	https://www.imdb.com/title/tt0161996/
tt0163002	https://www.imdb.com/title/tt0163002/
tt0163174	https://www.imdb.com/title/tt0163174/
tt0163209	https://www.imdb.com/title/tt0163209/
tt0163265	https://www.imdb.com/title/tt0163265/
tt0164240	https://www.imdb.com/title/tt0164240/
tt0164430	https://www.imdb.com/title/tt0164430/
tt0166886	https://www.imdb.com/title/tt0166886/
tt0168943	https://www.imdb.com/title/tt0168943/
tt0169088	https://www.imdb.com/title/tt0169088/
tt0169137	https://www.imdb.com/title/tt0169137/
tt0169596	https://www.imdb.com/title/tt0169596/
tt0169897	https://www.imdb.com/title/tt0169897/
tt0170192	https://www.imdb.com/title/tt0170192/
tt0170271	https://www.imdb.com/title/tt0170271/
tt0170859	https://www.imdb.com/title/tt0170859/
tt0171188	https://www.imdb.com/title/tt0171188/
tt0171242	https://www.imdb.com/title/tt0171242/
tt0171458	https://www.imdb.com/title/tt0171458/
tt0171710	https://www.imdb.com/title/tt0171710/
tt0171899	https://www.imdb.com/title/tt0171899/
tt0172153	https://www.imdb.com/title/tt0172153/
tt0172420	https://www.imdb.com/title/tt0172420/
tt0173149	https://www.imdb.com/title/tt0173149/
tt0173280	https://www.imdb.com/title/tt0173280/
tt0173413	https://www.imdb.com/title/tt0173413/
tt0173905	https://www.imdb.com/title/tt0173905/
tt0174569	https://www.imdb.com/title/tt0174569/
tt0174575	https://www.imdb.com/title/tt0174575/
tt0174809	https://www.imdb.com/title/tt0174809/
tt0174866	https://www.imdb.com/title/tt0174866/
tt0174919	https://www.imdb.com/title/tt0174919/
tt0175173	https://www.imdb.com/title/tt0175173/
tt0175191	https://www.imdb.com/title/tt0175191/
tt0175280	https://www.imdb.com/title/tt0175280/
tt0175467	https://www.imdb.com/title/tt0175467/
tt0175582	https://www.imdb.com/title/tt0175582/
tt0175679	https://www.imdb.com/title/tt0175679/
tt0175693	https://www.imdb.com/title/tt0175693/
tt0176162	https://www.imdb.com/title/tt0176162/
tt0176186	https://www.imdb.com/title/tt0176186/
tt0177471	https://www.imdb.com/title/tt0177471/
tt0177494	https://www.imdb.com/title/tt0177494/
tt0177501	https://www.imdb.com/title/tt0177501/
tt0177645	https://www.imdb.com/title/tt0177645/
tt0177782	https://www.imdb.com/title/tt0177782/
tt0177936	https://www.imdb.com/title/tt0177936/
tt0178026	https://www.imdb.com/title/tt0178026/
tt0178061	https://www.imdb.com/title/tt0178061/
tt0178065	https://www.imdb.com/title/tt0178065/
tt0178076	https://www.imdb.com/title/tt0178076/
tt0178193	https://www.imdb.com/title/tt0178193/
tt0178219	https://www.imdb.com/title/tt0178219/
tt0178522	https://www.imdb.com/title/tt0178522/
tt0178610	https://www.imdb.com/title/tt0178610/
tt0178645	https://www.imdb.com/title/tt0178645/
tt0178839	https://www.imdb.com/title/tt0178839/
tt0178991	https://www.imdb.com/title/tt0178991/
tt0179096	https://www.imdb.com/title/tt0179096/
tt0179209	https://www.imdb.com/title/tt0179209/
tt0179359	https://www.imdb.com/title/tt0179359/
tt0179394	https://www.imdb.com/title/tt0179394/
tt0179444	https://www.imdb.com/title/tt0179444/
tt0179675	https://www.imdb.com/title/tt0179675/
tt0179948	https://www.imdb.com/title/tt0179948/
tt0179971	https://www.imdb.com/title/tt0179971/
tt0180180	https://www.imdb.com/title/tt0180180/
tt0180268	https://www.imdb.com/title/tt0180268/
tt0180629	https://www.imdb.com/title/tt0180629/
tt0180680	https://www.imdb.com/title/tt0180680/
tt0180701	https://www.imdb.com/title/tt0180701/
tt0181671	https://www.imdb.com/title/tt0181671/
tt0181691	https://www.imdb.com/title/tt0181691/
tt0181847	https://www.imdb.com/title/tt0181847/
tt0181859	https://www.imdb.com/title/tt0181859/
tt0182061	https://www.imdb.com/title/tt0182061/
tt0182093	https://www.imdb.com/title/tt0182093/
tt0182383	https://www.imdb.com/title/tt0182383/
tt0183312	https://www.imdb.com/title/tt0183312/
tt0183364	https://www.imdb.com/title/tt0183364/
tt0183750	https://www.imdb.com/title/tt0183750/
tt0183996	https://www.imdb.com/title/tt0183996/
tt0184230	https://www.imdb.com/title/tt0184230/
tt0184740	https://www.imdb.com/title/tt0184740/
tt0184838	https://www.imdb.com/title/tt0184838/
tt0185159	https://www.imdb.com/title/tt0185159/
tt0185287	https://www.imdb.com/title/tt0185287/
tt0185492	https://www.imdb.com/title/tt0185492/
tt0185685	https://www.imdb.com/title/tt0185685/
tt0185971	https://www.imdb.com/title/tt0185971/
tt0186140	https://www.imdb.com/title/tt0186140/
tt0186145	https://www.imdb.com/title/tt0186145/
tt0186884	https://www.imdb.com/title/tt0186884/
tt0186983	https://www.imdb.com/title/tt0186983/
tt0187167	https://www.imdb.com/title/tt0187167/
tt0187386	https://www.imdb.com/title/tt0187386/
tt0187797	https://www.imdb.com/title/tt0187797/
tt0187899	https://www.imdb.com/title/tt0187899/
tt0188451	https://www.imdb.com/title/tt0188451/
tt0189219	https://www.imdb.com/title/tt0189219/
tt0189604	https://www.imdb.com/title/tt0189604/
tt0190115	https://www.imdb.com/title/tt0190115/
tt0191291	https://www.imdb.com/title/tt0191291/
tt0191363	https://www.imdb.com/title/tt0191363/
tt0191584	https://www.imdb.com/title/tt0191584/
tt0191615	https://www.imdb.com/title/tt0191615/
tt0191937	https://www.imdb.com/title/tt0191937/
tt0192100	https://www.imdb.com/title/tt0192100/
tt0192128	https://www.imdb.com/title/tt0192128/
tt0192182	https://www.imdb.com/title/tt0192182/
tt0192857	https://www.imdb.com/title/tt0192857/
tt0193091	https://www.imdb.com/title/tt0193091/
tt0193101	https://www.imdb.com/title/tt0193101/
tt0193112	https://www.imdb.com/title/tt0193112/
tt0193156	https://www.imdb.com/title/tt0193156/
tt0193178	https://www.imdb.com/title/tt0193178/
tt0193210	https://www.imdb.com/title/tt0193210/
tt0193379	https://www.imdb.com/title/tt0193379/
tt0193422	https://www.imdb.com/title/tt0193422/
tt0193636	https://www.imdb.com/title/tt0193636/
tt0193650	https://www.imdb.com/title/tt0193650/
tt0193656	https://www.imdb.com/title/tt0193656/
tt0193831	https://www.imdb.com/title/tt0193831/
tt0193888	https://www.imdb.com/title/tt0193888/
tt0194116	https://www.imdb.com/title/tt0194116/
tt0194124	https://www.imdb.com/title/tt0194124/
tt0194202	https://www.imdb.com/title/tt0194202/
tt0194203	https://www.imdb.com/title/tt0194203/
tt0194685	https://www.imdb.com/title/tt0194685/
tt0194872	https://www.imdb.com/title/tt0194872/
tt0194993	https://www.imdb.com/title/tt0194993/
tt0195213	https://www.imdb.com/title/tt0195213/
tt0195402	https://www.imdb.com/title/tt0195402/
tt0195902	https://www.imdb.com/title/tt0195902/
tt0197438	https://www.imdb.com/title/tt0197438/
tt0197463	https://www.imdb.com/title/tt0197463/
tt0197674	https://www.imdb.com/title/tt0197674/
tt0197721	https://www.imdb.com/title/tt0197721/
tt0197840	https://www.imdb.com/title/tt0197840/
tt0197938	https://www.imdb.com/title/tt0197938/
tt0199040	https://www.imdb.com/title/tt0199040/
tt0199957	https://www.imdb.com/title/tt0199957/
tt0200224	https://www.imdb.com/title/tt0200224/
tt0201074	https://www.imdb.com/title/tt0201074/
tt0201263	https://www.imdb.com/title/tt0201263/
tt0201623	https://www.imdb.com/title/tt0201623/
tt0201873	https://www.imdb.com/title/tt0201873/
tt0201896	https://www.imdb.com/title/tt0201896/
tt0202017	https://www.imdb.com/title/tt0202017/
tt0202302	https://www.imdb.com/title/tt0202302/
tt0202339	https://www.imdb.com/title/tt0202339/
tt0202554	https://www.imdb.com/title/tt0202554/
tt0202590	https://www.imdb.com/title/tt0202590/
tt0202664	https://www.imdb.com/title/tt0202664/
tt0202713	https://www.imdb.com/title/tt0202713/
tt0204244	https://www.imdb.com/title/tt0204244/
tt0204454	https://www.imdb.com/title/tt0204454/
tt0204699	https://www.imdb.com/title/tt0204699/
tt0204784	https://www.imdb.com/title/tt0204784/
tt0204796	https://www.imdb.com/title/tt0204796/
tt0205006	https://www.imdb.com/title/tt0205006/
tt0205345	https://www.imdb.com/title/tt0205345/
tt0205487	https://www.imdb.com/title/tt0205487/
tt0205568	https://www.imdb.com/title/tt0205568/
tt0205596	https://www.imdb.com/title/tt0205596/
tt0205762	https://www.imdb.com/title/tt0205762/
tt0205769	https://www.imdb.com/title/tt0205769/
tt0205819	https://www.imdb.com/title/tt0205819/
tt0205868	https://www.imdb.com/title/tt0205868/
tt0206030	https://www.imdb.com/title/tt0206030/
tt0206140	https://www.imdb.com/title/tt0206140/
tt0206435	https://www.imdb.com/title/tt0206435/
tt0206437	https://www.imdb.com/title/tt0206437/
tt0207724	https://www.imdb.com/title/tt0207724/
tt0209293	https://www.imdb.com/title/tt0209293/
tt0209399	https://www.imdb.com/title/tt0209399/
tt0212552	https://www.imdb.com/title/tt0212552/
tt0212870	https://www.imdb.com/title/tt0212870/
tt0213020	https://www.imdb.com/title/tt0213020/
tt0213147	https://www.imdb.com/title/tt0213147/
tt0213152	https://www.imdb.com/title/tt0213152/
tt0213503	https://www.imdb.com/title/tt0213503/
tt0213694	https://www.imdb.com/title/tt0213694/
tt0213743	https://www.imdb.com/title/tt0213743/
tt0213762	https://www.imdb.com/title/tt0213762/
tt0214090	https://www.imdb.com/title/tt0214090/
tt0214093	https://www.imdb.com/title/tt0214093/
tt0214630	https://www.imdb.com/title/tt0214630/
tt0215091	https://www.imdb.com/title/tt0215091/
tt0215186	https://www.imdb.com/title/tt0215186/
tt0215303	https://www.imdb.com/title/tt0215303/
tt0215563	https://www.imdb.com/title/tt0215563/
tt0216950	https://www.imdb.com/title/tt0216950/
tt0217033	https://www.imdb.com/title/tt0217033/
tt0218292	https://www.imdb.com/title/tt0218292/
tt0219520	https://www.imdb.com/title/tt0219520/
tt0220002	https://www.imdb.com/title/tt0220002/
tt0220758	https://www.imdb.com/title/tt0220758/
tt0221005	https://www.imdb.com/title/tt0221005/
tt0221029	https://www.imdb.com/title/tt0221029/
tt0221056	https://www.imdb.com/title/tt0221056/
tt0221068	https://www.imdb.com/title/tt0221068/
tt0221093	https://www.imdb.com/title/tt0221093/
tt0221524	https://www.imdb.com/title/tt0221524/
tt0221719	https://www.imdb.com/title/tt0221719/
tt0222926	https://www.imdb.com/title/tt0222926/
tt0223117	https://www.imdb.com/title/tt0223117/
tt0223160	https://www.imdb.com/title/tt0223160/
tt0224602	https://www.imdb.com/title/tt0224602/
tt0226066	https://www.imdb.com/title/tt0226066/
tt0227038	https://www.imdb.com/title/tt0227038/
tt0227847	https://www.imdb.com/title/tt0227847/
tt0230137	https://www.imdb.com/title/tt0230137/
tt0230143	https://www.imdb.com/title/tt0230143/
tt0231156	https://www.imdb.com/title/tt0231156/
tt0231333	https://www.imdb.com/title/tt0231333/
tt0233009	https://www.imdb.com/title/tt0233009/
tt0233769	https://www.imdb.com/title/tt0233769/
tt0233968	https://www.imdb.com/title/tt0233968/
tt0234647	https://www.imdb.com/title/tt0234647/
tt0234714	https://www.imdb.com/title/tt0234714/
tt0234987	https://www.imdb.com/title/tt0234987/
tt0235094	https://www.imdb.com/title/tt0235094/
tt0235227	https://www.imdb.com/title/tt0235227/
tt0235613	https://www.imdb.com/title/tt0235613/
tt0235951	https://www.imdb.com/title/tt0235951/
tt0236097	https://www.imdb.com/title/tt0236097/
tt0236269	https://www.imdb.com/title/tt0236269/
tt0236312	https://www.imdb.com/title/tt0236312/
tt0237698	https://www.imdb.com/title/tt0237698/
tt0237748	https://www.imdb.com/title/tt0237748/
tt0238292	https://www.imdb.com/title/tt0238292/
tt0238359	https://www.imdb.com/title/tt0238359/
tt0238858	https://www.imdb.com/title/tt0238858/
tt0239003	https://www.imdb.com/title/tt0239003/
tt0239024	https://www.imdb.com/title/tt0239024/
tt0239073	https://www.imdb.com/title/tt0239073/
tt0239104	https://www.imdb.com/title/tt0239104/
tt0239334	https://www.imdb.com/title/tt0239334/
tt0239585	https://www.imdb.com/title/tt0239585/
tt0239950	https://www.imdb.com/title/tt0239950/
tt0240504	https://www.imdb.com/title/tt0240504/
tt0241028	https://www.imdb.com/title/tt0241028/
tt0242291	https://www.imdb.com/title/tt0242291/
tt0242352	https://www.imdb.com/title/tt0242352/
tt0242461	https://www.imdb.com/title/tt0242461/
tt0242675	https://www.imdb.com/title/tt0242675/
tt0242884	https://www.imdb.com/title/tt0242884/
tt0243353	https://www.imdb.com/title/tt0243353/
tt0243738	https://www.imdb.com/title/tt0243738/
tt0243809	https://www.imdb.com/title/tt0243809/
tt0244119	https://www.imdb.com/title/tt0244119/
tt0244392	https://www.imdb.com/title/tt0244392/
tt0244478	https://www.imdb.com/title/tt0244478/
tt0244522	https://www.imdb.com/title/tt0244522/
tt0244753	https://www.imdb.com/title/tt0244753/
tt0244972	https://www.imdb.com/title/tt0244972/
tt0245135	https://www.imdb.com/title/tt0245135/
tt0245902	https://www.imdb.com/title/tt0245902/
tt0245923	https://www.imdb.com/title/tt0245923/
tt0246195	https://www.imdb.com/title/tt0246195/
tt0246293	https://www.imdb.com/title/tt0246293/
tt0246779	https://www.imdb.com/title/tt0246779/
tt0247004	https://www.imdb.com/title/tt0247004/
tt0247151	https://www.imdb.com/title/tt0247151/
tt0247310	https://www.imdb.com/title/tt0247310/
tt0247491	https://www.imdb.com/title/tt0247491/
tt0247798	https://www.imdb.com/title/tt0247798/
tt0247955	https://www.imdb.com/title/tt0247955/
tt0247988	https://www.imdb.com/title/tt0247988/
tt0248221	https://www.imdb.com/title/tt0248221/
tt0248805	https://www.imdb.com/title/tt0248805/
tt0249187	https://www.imdb.com/title/tt0249187/
tt0249382	https://www.imdb.com/title/tt0249382/
tt0249426	https://www.imdb.com/title/tt0249426/
tt0249499	https://www.imdb.com/title/tt0249499/
tt0249559	https://www.imdb.com/title/tt0249559/
tt0249578	https://www.imdb.com/title/tt0249578/
tt0249642	https://www.imdb.com/title/tt0249642/
tt0249787	https://www.imdb.com/title/tt0249787/
tt0249788	https://www.imdb.com/title/tt0249788/
tt0249826	https://www.imdb.com/title/tt0249826/
tt0249839	https://www.imdb.com/title/tt0249839/
tt0249845	https://www.imdb.com/title/tt0249845/
tt0249878	https://www.imdb.com/title/tt0249878/
tt0249912	https://www.imdb.com/title/tt0249912/
tt0250021	https://www.imdb.com/title/tt0250021/
tt0250241	https://www.imdb.com/title/tt0250241/
tt0250345	https://www.imdb.com/title/tt0250345/
tt0250448	https://www.imdb.com/title/tt0250448/
tt0250814	https://www.imdb.com/title/tt0250814/
tt0250835	https://www.imdb.com/title/tt0250835/
tt0251296	https://www.imdb.com/title/tt0251296/
tt0251311	https://www.imdb.com/title/tt0251311/
tt0251464	https://www.imdb.com/title/tt0251464/
tt0251603	https://www.imdb.com/title/tt0251603/
tt0251648	https://www.imdb.com/title/tt0251648/
tt0251683	https://www.imdb.com/title/tt0251683/
tt0251684	https://www.imdb.com/title/tt0251684/
tt0251687	https://www.imdb.com/title/tt0251687/
tt0251709	https://www.imdb.com/title/tt0251709/
tt0251794	https://www.imdb.com/title/tt0251794/
tt0251826	https://www.imdb.com/title/tt0251826/
tt0251872	https://www.imdb.com/title/tt0251872/
tt0251903	https://www.imdb.com/title/tt0251903/
tt0251977	https://www.imdb.com/title/tt0251977/
tt0251986	https://www.imdb.com/title/tt0251986/
tt0252083	https://www.imdb.com/title/tt0252083/
tt0252117	https://www.imdb.com/title/tt0252117/
tt0252119	https://www.imdb.com/title/tt0252119/
tt0253850	https://www.imdb.com/title/tt0253850/
tt0255130	https://www.imdb.com/title/tt0255130/
tt0255304	https://www.imdb.com/title/tt0255304/
tt0255682	https://www.imdb.com/title/tt0255682/
tt0255838	https://www.imdb.com/title/tt0255838/
tt0256064	https://www.imdb.com/title/tt0256064/
tt0256223	https://www.imdb.com/title/tt0256223/
tt0256224	https://www.imdb.com/title/tt0256224/
tt0256358	https://www.imdb.com/title/tt0256358/
tt0256950	https://www.imdb.com/title/tt0256950/
tt0259449	https://www.imdb.com/title/tt0259449/
tt0261173	https://www.imdb.com/title/tt0261173/
tt0261567	https://www.imdb.com/title/tt0261567/
tt0261603	https://www.imdb.com/title/tt0261603/
tt0261695	https://www.imdb.com/title/tt0261695/
tt0262217	https://www.imdb.com/title/tt0262217/
tt0262649	https://www.imdb.com/title/tt0262649/
tt0262670	https://www.imdb.com/title/tt0262670/
tt0263873	https://www.imdb.com/title/tt0263873/
tt0264698	https://www.imdb.com/title/tt0264698/
tt0264731	https://www.imdb.com/title/tt0264731/
tt0265618	https://www.imdb.com/title/tt0265618/
tt0266667	https://www.imdb.com/title/tt0266667/
tt0267264	https://www.imdb.com/title/tt0267264/
tt0267628	https://www.imdb.com/title/tt0267628/
tt0267674	https://www.imdb.com/title/tt0267674/
tt0267807	https://www.imdb.com/title/tt0267807/
tt0268480	https://www.imdb.com/title/tt0268480/
tt0268942	https://www.imdb.com/title/tt0268942/
tt0269438	https://www.imdb.com/title/tt0269438/
tt0270311	https://www.imdb.com/title/tt0270311/
tt0270360	https://www.imdb.com/title/tt0270360/
tt0270432	https://www.imdb.com/title/tt0270432/
tt0270473	https://www.imdb.com/title/tt0270473/
tt0270591	https://www.imdb.com/title/tt0270591/
tt0270719	https://www.imdb.com/title/tt0270719/
tt0273272	https://www.imdb.com/title/tt0273272/
tt0273730	https://www.imdb.com/title/tt0273730/
tt0274195	https://www.imdb.com/title/tt0274195/
tt0274196	https://www.imdb.com/title/tt0274196/
tt0274224	https://www.imdb.com/title/tt0274224/
tt0275582	https://www.imdb.com/title/tt0275582/
tt0278973	https://www.imdb.com/title/tt0278973/
tt0280942	https://www.imdb.com/title/tt0280942/
tt0281761	https://www.imdb.com/title/tt0281761/
tt0283591	https://www.imdb.com/title/tt0283591/
tt0283649	https://www.imdb.com/title/tt0283649/
tt0285049	https://www.imdb.com/title/tt0285049/
tt0285142	https://www.imdb.com/title/tt0285142/
tt0286842	https://www.imdb.com/title/tt0286842/
tt0289384	https://www.imdb.com/title/tt0289384/
tt0289606	https://www.imdb.com/title/tt0289606/
tt0295336	https://www.imdb.com/title/tt0295336/
tt0295874	https://www.imdb.com/title/tt0295874/
tt0296182	https://www.imdb.com/title/tt0296182/
tt0298967	https://www.imdb.com/title/tt0298967/
tt0299449	https://www.imdb.com/title/tt0299449/
tt0299456	https://www.imdb.com/title/tt0299456/
tt0299538	https://www.imdb.com/title/tt0299538/
tt0299582	https://www.imdb.com/title/tt0299582/
tt0299871	https://www.imdb.com/title/tt0299871/
tt0299872	https://www.imdb.com/title/tt0299872/
tt0299893	https://www.imdb.com/title/tt0299893/
tt0299939	https://www.imdb.com/title/tt0299939/
tt0299963	https://www.imdb.com/title/tt0299963/
tt0299968	https://www.imdb.com/title/tt0299968/
tt0299969	https://www.imdb.com/title/tt0299969/
tt0300005	https://www.imdb.com/title/tt0300005/
tt0300006	https://www.imdb.com/title/tt0300006/
tt0300022	https://www.imdb.com/title/tt0300022/
tt0300025	https://www.imdb.com/title/tt0300025/
tt0300046	https://www.imdb.com/title/tt0300046/
tt0300067	https://www.imdb.com/title/tt0300067/
tt0300074	https://www.imdb.com/title/tt0300074/
tt0300100	https://www.imdb.com/title/tt0300100/
tt0300103	https://www.imdb.com/title/tt0300103/
tt0300199	https://www.imdb.com/title/tt0300199/
tt0300215	https://www.imdb.com/title/tt0300215/
tt0300221	https://www.imdb.com/title/tt0300221/
tt0300249	https://www.imdb.com/title/tt0300249/
tt0300411	https://www.imdb.com/title/tt0300411/
tt0300436	https://www.imdb.com/title/tt0300436/
tt0300440	https://www.imdb.com/title/tt0300440/
tt0300441	https://www.imdb.com/title/tt0300441/
tt0300447	https://www.imdb.com/title/tt0300447/
tt0300481	https://www.imdb.com/title/tt0300481/
tt0300486	https://www.imdb.com/title/tt0300486/
tt0300541	https://www.imdb.com/title/tt0300541/
tt0300631	https://www.imdb.com/title/tt0300631/
tt0300635	https://www.imdb.com/title/tt0300635/
tt0300678	https://www.imdb.com/title/tt0300678/
tt0302748	https://www.imdb.com/title/tt0302748/
tt0303641	https://www.imdb.com/title/tt0303641/
tt0303766	https://www.imdb.com/title/tt0303766/
tt0303828	https://www.imdb.com/title/tt0303828/
tt0303997	https://www.imdb.com/title/tt0303997/
tt0304253	https://www.imdb.com/title/tt0304253/
tt0304264	https://www.imdb.com/title/tt0304264/
tt0304287	https://www.imdb.com/title/tt0304287/
tt0304455	https://www.imdb.com/title/tt0304455/
tt0304650	https://www.imdb.com/title/tt0304650/
tt0304958	https://www.imdb.com/title/tt0304958/
tt0307942	https://www.imdb.com/title/tt0307942/
tt0308037	https://www.imdb.com/title/tt0308037/
tt0308086	https://www.imdb.com/title/tt0308086/
tt0308145	https://www.imdb.com/title/tt0308145/
tt0308199	https://www.imdb.com/title/tt0308199/
tt0308200	https://www.imdb.com/title/tt0308200/
tt0308211	https://www.imdb.com/title/tt0308211/
tt0308346	https://www.imdb.com/title/tt0308346/
tt0308357	https://www.imdb.com/title/tt0308357/
tt0308420	https://www.imdb.com/title/tt0308420/
tt0308742	https://www.imdb.com/title/tt0308742/
tt0308945	https://www.imdb.com/title/tt0308945/
tt0309112	https://www.imdb.com/title/tt0309112/
tt0309299	https://www.imdb.com/title/tt0309299/
tt0309760	https://www.imdb.com/title/tt0309760/
tt0309766	https://www.imdb.com/title/tt0309766/
tt0309994	https://www.imdb.com/title/tt0309994/
tt0310153	https://www.imdb.com/title/tt0310153/
tt0310157	https://www.imdb.com/title/tt0310157/
tt0310195	https://www.imdb.com/title/tt0310195/
tt0310258	https://www.imdb.com/title/tt0310258/
tt0310380	https://www.imdb.com/title/tt0310380/
tt0311384	https://www.imdb.com/title/tt0311384/
tt0313295	https://www.imdb.com/title/tt0313295/
tt0315794	https://www.imdb.com/title/tt0315794/
tt0316488	https://www.imdb.com/title/tt0316488/
tt0316709	https://www.imdb.com/title/tt0316709/
tt0317947	https://www.imdb.com/title/tt0317947/
tt0319824	https://www.imdb.com/title/tt0319824/
tt0320627	https://www.imdb.com/title/tt0320627/
tt0325196	https://www.imdb.com/title/tt0325196/
tt0331892	https://www.imdb.com/title/tt0331892/
tt0332397	https://www.imdb.com/title/tt0332397/
tt0332419	https://www.imdb.com/title/tt0332419/
tt0332437	https://www.imdb.com/title/tt0332437/
tt0332476	https://www.imdb.com/title/tt0332476/
tt0333784	https://www.imdb.com/title/tt0333784/
tt0334526	https://www.imdb.com/title/tt0334526/
tt0334783	https://www.imdb.com/title/tt0334783/
tt0335845	https://www.imdb.com/title/tt0335845/
tt0336978	https://www.imdb.com/title/tt0336978/
tt0344794	https://www.imdb.com/title/tt0344794/
tt0356645	https://www.imdb.com/title/tt0356645/
tt0356660	https://www.imdb.com/title/tt0356660/
tt0357086	https://www.imdb.com/title/tt0357086/
tt0357274	https://www.imdb.com/title/tt0357274/
tt0361434	https://www.imdb.com/title/tt0361434/
tt0363193	https://www.imdb.com/title/tt0363193/
tt0364681	https://www.imdb.com/title/tt0364681/
tt0369043	https://www.imdb.com/title/tt0369043/
tt0369600	https://www.imdb.com/title/tt0369600/
tt0369810	https://www.imdb.com/title/tt0369810/
tt0370799	https://www.imdb.com/title/tt0370799/
tt0370967	https://www.imdb.com/title/tt0370967/
tt0371172	https://www.imdb.com/title/tt0371172/
tt0371943	https://www.imdb.com/title/tt0371943/
tt0374040	https://www.imdb.com/title/tt0374040/
tt0375805	https://www.imdb.com/title/tt0375805/
tt0375811	https://www.imdb.com/title/tt0375811/
tt0376680	https://www.imdb.com/title/tt0376680/
tt0376951	https://www.imdb.com/title/tt0376951/
tt0377498	https://www.imdb.com/title/tt0377498/
tt0377501	https://www.imdb.com/title/tt0377501/
tt0377623	https://www.imdb.com/title/tt0377623/
tt0377820	https://www.imdb.com/title/tt0377820/
tt0377918	https://www.imdb.com/title/tt0377918/
tt0378121	https://www.imdb.com/title/tt0378121/
tt0378205	https://www.imdb.com/title/tt0378205/
tt0379248	https://www.imdb.com/title/tt0379248/
tt0379502	https://www.imdb.com/title/tt0379502/
tt0381117	https://www.imdb.com/title/tt0381117/
tt0381888	https://www.imdb.com/title/tt0381888/
tt0381991	https://www.imdb.com/title/tt0381991/
tt0382930	https://www.imdb.com/title/tt0382930/
tt0384063	https://www.imdb.com/title/tt0384063/
tt0386303	https://www.imdb.com/title/tt0386303/
tt0386305	https://www.imdb.com/title/tt0386305/
tt0386308	https://www.imdb.com/title/tt0386308/
tt0386626	https://www.imdb.com/title/tt0386626/
tt0386764	https://www.imdb.com/title/tt0386764/
tt0387548	https://www.imdb.com/title/tt0387548/
tt0388682	https://www.imdb.com/title/tt0388682/
tt0395085	https://www.imdb.com/title/tt0395085/
tt0414033	https://www.imdb.com/title/tt0414033/
tt0414505	https://www.imdb.com/title/tt0414505/
tt0419472	https://www.imdb.com/title/tt0419472/
tt0420173	https://www.imdb.com/title/tt0420173/
tt0423829	https://www.imdb.com/title/tt0423829/
tt0424913	https://www.imdb.com/title/tt0424913/
tt0425419	https://www.imdb.com/title/tt0425419/
tt0425420	https://www.imdb.com/title/tt0425420/
tt0425521	https://www.imdb.com/title/tt0425521/
tt0427816	https://www.imdb.com/title/tt0427816/
tt0427826	https://www.imdb.com/title/tt0427826/
tt0431796	https://www.imdb.com/title/tt0431796/
tt0432185	https://www.imdb.com/title/tt0432185/
tt0439772	https://www.imdb.com/title/tt0439772/
tt0440459	https://www.imdb.com/title/tt0440459/
tt0440766	https://www.imdb.com/title/tt0440766/
tt0441889	https://www.imdb.com/title/tt0441889/
tt0442285	https://www.imdb.com/title/tt0442285/
tt0442413	https://www.imdb.com/title/tt0442413/
tt0442461	https://www.imdb.com/title/tt0442461/
tt0442483	https://www.imdb.com/title/tt0442483/
tt0442506	https://www.imdb.com/title/tt0442506/
tt0445290	https://www.imdb.com/title/tt0445290/
tt0445472	https://www.imdb.com/title/tt0445472/
tt0446422	https://www.imdb.com/title/tt0446422/
tt0446428	https://www.imdb.com/title/tt0446428/
tt0447508	https://www.imdb.com/title/tt0447508/
tt0448748	https://www.imdb.com/title/tt0448748/
tt0450133	https://www.imdb.com/title/tt0450133/
tt0450788	https://www.imdb.com/title/tt0450788/
tt0451805	https://www.imdb.com/title/tt0451805/
tt0451810	https://www.imdb.com/title/tt0451810/
tt0454294	https://www.imdb.com/title/tt0454294/
tt0459083	https://www.imdb.com/title/tt0459083/
tt0461752	https://www.imdb.com/title/tt0461752/
tt0467195	https://www.imdb.com/title/tt0467195/
tt0468106	https://www.imdb.com/title/tt0468106/
tt0469835	https://www.imdb.com/title/tt0469835/
tt0471084	https://www.imdb.com/title/tt0471084/
tt0472909	https://www.imdb.com/title/tt0472909/
tt0475724	https://www.imdb.com/title/tt0475724/
tt0482689	https://www.imdb.com/title/tt0482689/
tt0487171	https://www.imdb.com/title/tt0487171/
tt0497392	https://www.imdb.com/title/tt0497392/
tt0497469	https://www.imdb.com/title/tt0497469/
tt0764683	https://www.imdb.com/title/tt0764683/
tt0764727	https://www.imdb.com/title/tt0764727/
tt0764794	https://www.imdb.com/title/tt0764794/
tt0764854	https://www.imdb.com/title/tt0764854/
tt0777718	https://www.imdb.com/title/tt0777718/
tt0777825	https://www.imdb.com/title/tt0777825/
tt0777880	https://www.imdb.com/title/tt0777880/
tt0777907	https://www.imdb.com/title/tt0777907/
tt0777910	https://www.imdb.com/title/tt0777910/
tt0787080	https://www.imdb.com/title/tt0787080/
tt0787088	https://www.imdb.com/title/tt0787088/
tt0787231	https://www.imdb.com/title/tt0787231/
tt0788001	https://www.imdb.com/title/tt0788001/
tt0788123	https://www.imdb.com/title/tt0788123/
tt0788243	https://www.imdb.com/title/tt0788243/
tt0791427	https://www.imdb.com/title/tt0791427/
tt0791432	https://www.imdb.com/title/tt0791432/
tt0791476	https://www.imdb.com/title/tt0791476/
tt0791477	https://www.imdb.com/title/tt0791477/
tt0791487	https://www.imdb.com/title/tt0791487/
tt0791498	https://www.imdb.com/title/tt0791498/
tt0791542	https://www.imdb.com/title/tt0791542/
tt0824374	https://www.imdb.com/title/tt0824374/
tt0860415	https://www.imdb.com/title/tt0860415/
tt0891486	https://www.imdb.com/title/tt0891486/
tt0900898	https://www.imdb.com/title/tt0900898/
tt0903889	https://www.imdb.com/title/tt0903889/
tt0903895	https://www.imdb.com/title/tt0903895/
tt0922556	https://www.imdb.com/title/tt0922556/
tt0949717	https://www.imdb.com/title/tt0949717/
tt0950618	https://www.imdb.com/title/tt0950618/
tt0960776	https://www.imdb.com/title/tt0960776/
tt1003146	https://www.imdb.com/title/tt1003146/
tt1003189	https://www.imdb.com/title/tt1003189/
tt1003212	https://www.imdb.com/title/tt1003212/
tt1003213	https://www.imdb.com/title/tt1003213/
tt10075696	https://www.imdb.com/title/tt10075696/
tt10079570	https://www.imdb.com/title/tt10079570/
tt10168756	https://www.imdb.com/title/tt10168756/
tt10189016	https://www.imdb.com/title/tt10189016/
tt10442134	https://www.imdb.com/title/tt10442134/
tt10442164	https://www.imdb.com/title/tt10442164/
tt10473032	https://www.imdb.com/title/tt10473032/
tt10622062	https://www.imdb.com/title/tt10622062/
tt10622128	https://www.imdb.com/title/tt10622128/
tt10627356	https://www.imdb.com/title/tt10627356/
tt10917258	https://www.imdb.com/title/tt10917258/
tt10941622	https://www.imdb.com/title/tt10941622/
tt11170688	https://www.imdb.com/title/tt11170688/
tt11181056	https://www.imdb.com/title/tt11181056/
tt11191164	https://www.imdb.com/title/tt11191164/
tt11200926	https://www.imdb.com/title/tt11200926/
tt1121979	https://www.imdb.com/title/tt1121979/
tt11399764	https://www.imdb.com/title/tt11399764/
tt11399890	https://www.imdb.com/title/tt11399890/
tt11410030	https://www.imdb.com/title/tt11410030/
tt11439642	https://www.imdb.com/title/tt11439642/
tt11457280	https://www.imdb.com/title/tt11457280/
tt1147455	https://www.imdb.com/title/tt1147455/
tt1147457	https://www.imdb.com/title/tt1147457/
tt11478350	https://www.imdb.com/title/tt11478350/
tt11517984	https://www.imdb.com/title/tt11517984/
tt11517988	https://www.imdb.com/title/tt11517988/
tt11529886	https://www.imdb.com/title/tt11529886/
tt11639586	https://www.imdb.com/title/tt11639586/
tt11754884	https://www.imdb.com/title/tt11754884/
tt11771396	https://www.imdb.com/title/tt11771396/
tt11880962	https://www.imdb.com/title/tt11880962/
tt11905640	https://www.imdb.com/title/tt11905640/
tt11910540	https://www.imdb.com/title/tt11910540/
tt1206581	https://www.imdb.com/title/tt1206581/
tt1215187	https://www.imdb.com/title/tt1215187/
tt12170618	https://www.imdb.com/title/tt12170618/
tt12170630	https://www.imdb.com/title/tt12170630/
tt12182410	https://www.imdb.com/title/tt12182410/
tt12380900	https://www.imdb.com/title/tt12380900/
tt12572696	https://www.imdb.com/title/tt12572696/
tt12572800	https://www.imdb.com/title/tt12572800/
tt12606600	https://www.imdb.com/title/tt12606600/
tt12637236	https://www.imdb.com/title/tt12637236/
tt12637412	https://www.imdb.com/title/tt12637412/
tt12650976	https://www.imdb.com/title/tt12650976/
tt1265110	https://www.imdb.com/title/tt1265110/
tt12817050	https://www.imdb.com/title/tt12817050/
tt1286560	https://www.imdb.com/title/tt1286560/
tt1286598	https://www.imdb.com/title/tt1286598/
tt12867688	https://www.imdb.com/title/tt12867688/
tt1308994	https://www.imdb.com/title/tt1308994/
tt13146582	https://www.imdb.com/title/tt13146582/
tt13279566	https://www.imdb.com/title/tt13279566/
tt1330553	https://www.imdb.com/title/tt1330553/
tt1330588	https://www.imdb.com/title/tt1330588/
tt1354682	https://www.imdb.com/title/tt1354682/
tt13587636	https://www.imdb.com/title/tt13587636/
tt13759846	https://www.imdb.com/title/tt13759846/
tt13868396	https://www.imdb.com/title/tt13868396/
tt13868796	https://www.imdb.com/title/tt13868796/
tt13869274	https://www.imdb.com/title/tt13869274/
tt13869396	https://www.imdb.com/title/tt13869396/
tt13869954	https://www.imdb.com/title/tt13869954/
tt13870538	https://www.imdb.com/title/tt13870538/
tt13870584	https://www.imdb.com/title/tt13870584/
tt13871478	https://www.imdb.com/title/tt13871478/
tt13871622	https://www.imdb.com/title/tt13871622/
tt13871786	https://www.imdb.com/title/tt13871786/
tt1399060	https://www.imdb.com/title/tt1399060/
tt1409738	https://www.imdb.com/title/tt1409738/
tt1427948	https://www.imdb.com/title/tt1427948/
tt1464211	https://www.imdb.com/title/tt1464211/
tt1464609	https://www.imdb.com/title/tt1464609/
tt1468865	https://www.imdb.com/title/tt1468865/
tt14790744	https://www.imdb.com/title/tt14790744/
tt1492738	https://www.imdb.com/title/tt1492738/
tt1492764	https://www.imdb.com/title/tt1492764/
tt15026206	https://www.imdb.com/title/tt15026206/
tt15062832	https://www.imdb.com/title/tt15062832/
tt1603270	https://www.imdb.com/title/tt1603270/
tt16249610	https://www.imdb.com/title/tt16249610/
tt16282280	https://www.imdb.com/title/tt16282280/
tt1762338	https://www.imdb.com/title/tt1762338/
tt1762339	https://www.imdb.com/title/tt1762339/
tt18303376	https://www.imdb.com/title/tt18303376/
tt1851047	https://www.imdb.com/title/tt1851047/
tt1954872	https://www.imdb.com/title/tt1954872/
tt2034670	https://www.imdb.com/title/tt2034670/
tt2050459	https://www.imdb.com/title/tt2050459/
tt2059265	https://www.imdb.com/title/tt2059265/
tt2062617	https://www.imdb.com/title/tt2062617/
tt2063857	https://www.imdb.com/title/tt2063857/
tt2083976	https://www.imdb.com/title/tt2083976/
tt2094945	https://www.imdb.com/title/tt2094945/
tt2097867	https://www.imdb.com/title/tt2097867/
tt2097950	https://www.imdb.com/title/tt2097950/
tt21112988	https://www.imdb.com/title/tt21112988/
tt2122356	https://www.imdb.com/title/tt2122356/
tt21373348	https://www.imdb.com/title/tt21373348/
tt2152330	https://www.imdb.com/title/tt2152330/
tt2165553	https://www.imdb.com/title/tt2165553/
tt2273094	https://www.imdb.com/title/tt2273094/
tt2273102	https://www.imdb.com/title/tt2273102/
tt24441672	https://www.imdb.com/title/tt24441672/
tt2449250	https://www.imdb.com/title/tt2449250/
tt24656944	https://www.imdb.com/title/tt24656944/
tt2530360	https://www.imdb.com/title/tt2530360/
tt2532488	https://www.imdb.com/title/tt2532488/
tt2549818	https://www.imdb.com/title/tt2549818/
tt26425999	https://www.imdb.com/title/tt26425999/
tt26426285	https://www.imdb.com/title/tt26426285/
tt26742893	https://www.imdb.com/title/tt26742893/
tt27485905	https://www.imdb.com/title/tt27485905/
tt27859712	https://www.imdb.com/title/tt27859712/
tt27860118	https://www.imdb.com/title/tt27860118/
tt27860746	https://www.imdb.com/title/tt27860746/
tt27880939	https://www.imdb.com/title/tt27880939/
tt27881074	https://www.imdb.com/title/tt27881074/
tt27882544	https://www.imdb.com/title/tt27882544/
tt27882817	https://www.imdb.com/title/tt27882817/
tt27891594	https://www.imdb.com/title/tt27891594/
tt27930271	https://www.imdb.com/title/tt27930271/
tt27932526	https://www.imdb.com/title/tt27932526/
tt29273532	https://www.imdb.com/title/tt29273532/
tt2980304	https://www.imdb.com/title/tt2980304/
tt2982672	https://www.imdb.com/title/tt2982672/
tt3063500	https://www.imdb.com/title/tt3063500/
tt3097918	https://www.imdb.com/title/tt3097918/
tt31465205	https://www.imdb.com/title/tt31465205/
tt3153266	https://www.imdb.com/title/tt3153266/
tt3155912	https://www.imdb.com/title/tt3155912/
tt3155930	https://www.imdb.com/title/tt3155930/
tt31868085	https://www.imdb.com/title/tt31868085/
tt32320685	https://www.imdb.com/title/tt32320685/
tt32527236	https://www.imdb.com/title/tt32527236/
tt33290589	https://www.imdb.com/title/tt33290589/
tt3417602	https://www.imdb.com/title/tt3417602/
tt3437750	https://www.imdb.com/title/tt3437750/
tt3444664	https://www.imdb.com/title/tt3444664/
tt34787334	https://www.imdb.com/title/tt34787334/
tt3506438	https://www.imdb.com/title/tt3506438/
tt35325472	https://www.imdb.com/title/tt35325472/
tt3608322	https://www.imdb.com/title/tt3608322/
tt3667390	https://www.imdb.com/title/tt3667390/
tt3801412	https://www.imdb.com/title/tt3801412/
tt4187612	https://www.imdb.com/title/tt4187612/
tt4559326	https://www.imdb.com/title/tt4559326/
tt4834510	https://www.imdb.com/title/tt4834510/
tt5115690	https://www.imdb.com/title/tt5115690/
tt5116954	https://www.imdb.com/title/tt5116954/
tt5124414	https://www.imdb.com/title/tt5124414/
tt5168088	https://www.imdb.com/title/tt5168088/
tt5226334	https://www.imdb.com/title/tt5226334/
tt5249206	https://www.imdb.com/title/tt5249206/
tt5295386	https://www.imdb.com/title/tt5295386/
tt5568440	https://www.imdb.com/title/tt5568440/
tt5670360	https://www.imdb.com/title/tt5670360/
tt6012730	https://www.imdb.com/title/tt6012730/
tt6017308	https://www.imdb.com/title/tt6017308/
tt6023864	https://www.imdb.com/title/tt6023864/
tt6023906	https://www.imdb.com/title/tt6023906/
tt6033908	https://www.imdb.com/title/tt6033908/
tt6033940	https://www.imdb.com/title/tt6033940/
tt6034234	https://www.imdb.com/title/tt6034234/
tt6131372	https://www.imdb.com/title/tt6131372/
tt6151790	https://www.imdb.com/title/tt6151790/
tt6241040	https://www.imdb.com/title/tt6241040/
tt6241056	https://www.imdb.com/title/tt6241056/
tt6265374	https://www.imdb.com/title/tt6265374/
tt6290102	https://www.imdb.com/title/tt6290102/
tt6498856	https://www.imdb.com/title/tt6498856/
tt6511748	https://www.imdb.com/title/tt6511748/
tt6913784	https://www.imdb.com/title/tt6913784/
tt6993856	https://www.imdb.com/title/tt6993856/
tt7036122	https://www.imdb.com/title/tt7036122/
tt7166454	https://www.imdb.com/title/tt7166454/
tt7166470	https://www.imdb.com/title/tt7166470/
tt7254920	https://www.imdb.com/title/tt7254920/
tt7309050	https://www.imdb.com/title/tt7309050/
tt7678374	https://www.imdb.com/title/tt7678374/
tt7827106	https://www.imdb.com/title/tt7827106/
tt7834894	https://www.imdb.com/title/tt7834894/
tt8530408	https://www.imdb.com/title/tt8530408/
tt8553064	https://www.imdb.com/title/tt8553064/
tt8899508	https://www.imdb.com/title/tt8899508/
tt8900624	https://www.imdb.com/title/tt8900624/
tt8929164	https://www.imdb.com/title/tt8929164/
tt9008140	https://www.imdb.com/title/tt9008140/
tt9008144	https://www.imdb.com/title/tt9008144/
tt9008148	https://www.imdb.com/title/tt9008148/
tt9008150	https://www.imdb.com/title/tt9008150/
tt9008158	https://www.imdb.com/title/tt9008158/
tt9222244	https://www.imdb.com/title/tt9222244/
tt9246050	https://www.imdb.com/title/tt9246050/
tt9278984	https://www.imdb.com/title/tt9278984/
tt9324640	https://www.imdb.com/title/tt9324640/
tt9385130	https://www.imdb.com/title/tt9385130/
tt9476914	https://www.imdb.com/title/tt9476914/
tt9476936	https://www.imdb.com/title/tt9476936/
tt9476954	https://www.imdb.com/title/tt9476954/
tt9477010	https://www.imdb.com/title/tt9477010/
tt9477036	https://www.imdb.com/title/tt9477036/
tt9583876	https://www.imdb.com/title/tt9583876/
tt9617280	https://www.imdb.com/title/tt9617280/
tt9618564	https://www.imdb.com/title/tt9618564/
tt9698796	https://www.imdb.com/title/tt9698796/
tt9699108	https://www.imdb.com/title/tt9699108/
tt9808756	https://www.imdb.com/title/tt9808756/
tt9834466	https://www.imdb.com/title/tt9834466/
tt9893922	https://www.imdb.com/title/tt9893922/
