tconst	imdb_url
tt0035076	https://www.imdb.com/title/tt0035076/
tt0035515	https://www.imdb.com/title/tt0035515/
tt0035600	https://www.imdb.com/title/tt0035600/
tt0035606	https://www.imdb.com/title/tt0035606/
tt0035626	https://www.imdb.com/title/tt0035626/
tt0035696	https://www.imdb.com/title/tt0035696/
tt0035716	https://www.imdb.com/title/tt0035716/
tt0035719	https://www.imdb.com/title/tt0035719/
tt0035853	https://www.imdb.com/title/tt0035853/
tt0035865	https://www.imdb.com/title/tt0035865/
tt0035901	https://www.imdb.com/title/tt0035901/
tt0035902	https://www.imdb.com/title/tt0035902/
tt0036108	https://www.imdb.com/title/tt0036108/
tt0036199	https://www.imdb.com/title/tt0036199/
tt0036214	https://www.imdb.com/title/tt0036214/
tt0036252	https://www.imdb.com/title/tt0036252/
tt0036273	https://www.imdb.com/title/tt0036273/
tt0036284	https://www.imdb.com/title/tt0036284/
tt0036577	https://www.imdb.com/title/tt0036577/
tt0036580	https://www.imdb.com/title/tt0036580/
tt0036588	https://www.imdb.com/title/tt0036588/
tt0036594	https://www.imdb.com/title/tt0036594/
tt0036604	https://www.imdb.com/title/tt0036604/
tt0036627	https://www.imdb.com/title/tt0036627/
tt0036639	https://www.imdb.com/title/tt0036639/
tt0036640	https://www.imdb.com/title/tt0036640/
tt0036666	https://www.imdb.com/title/tt0036666/
tt0036678	https://www.imdb.com/title/tt0036678/
tt0036691	https://www.imdb.com/title/tt0036691/
tt0036756	https://www.imdb.com/title/tt0036756/
tt0036758	https://www.imdb.com/title/tt0036758/
tt0036781	https://www.imdb.com/title/tt0036781/
tt0036812	https://www.imdb.com/title/tt0036812/
tt0036815	https://www.imdb.com/title/tt0036815/
tt0036817	https://www.imdb.com/title/tt0036817/
tt0036870	https://www.imdb.com/title/tt0036870/
tt0036901	https://www.imdb.com/title/tt0036901/
tt0036927	https://www.imdb.com/title/tt0036927/
tt0036963	https://www.imdb.com/title/tt0036963/
tt0036965	https://www.imdb.com/title/tt0036965/
tt0036985	https://www.imdb.com/title/tt0036985/
tt0036989	https://www.imdb.com/title/tt0036989/
tt0037035	https://www.imdb.com/title/tt0037035/
tt0037038	https://www.imdb.com/title/tt0037038/
tt0037061	https://www.imdb.com/title/tt0037061/
tt0037079	https://www.imdb.com/title/tt0037079/
tt0037097	https://www.imdb.com/title/tt0037097/
tt0037128	https://www.imdb.com/title/tt0037128/
tt0037133	https://www.imdb.com/title/tt0037133/
tt0037143	https://www.imdb.com/title/tt0037143/
tt0037169	https://www.imdb.com/title/tt0037169/
tt0037174	https://www.imdb.com/title/tt0037174/
tt0037179	https://www.imdb.com/title/tt0037179/
tt0037189	https://www.imdb.com/title/tt0037189/
tt0037195	https://www.imdb.com/title/tt0037195/
tt0037218	https://www.imdb.com/title/tt0037218/
tt0037241	https://www.imdb.com/title/tt0037241/
tt0037247	https://www.imdb.com/title/tt0037247/
tt0037275	https://www.imdb.com/title/tt0037275/
tt0037290	https://www.imdb.com/title/tt0037290/
tt0037293	https://www.imdb.com/title/tt0037293/
tt0037294	https://www.imdb.com/title/tt0037294/
tt0037300	https://www.imdb.com/title/tt0037300/
tt0037345	https://www.imdb.com/title/tt0037345/
tt0037358	https://www.imdb.com/title/tt0037358/
tt0037394	https://www.imdb.com/title/tt0037394/
tt0037426	https://www.imdb.com/title/tt0037426/
tt0037430	https://www.imdb.com/title/tt0037430/
tt0037437	https://www.imdb.com/title/tt0037437/
tt0037447	https://www.imdb.com/title/tt0037447/
tt0037486	https://www.imdb.com/title/tt0037486/
tt0037488	https://www.imdb.com/title/tt0037488/
tt0037489	https://www.imdb.com/title/tt0037489/
tt0037490	https://www.imdb.com/title/tt0037490/
tt0037491	https://www.imdb.com/title/tt0037491/
tt0037492	https://www.imdb.com/title/tt0037492/
tt0037494	https://www.imdb.com/title/tt0037494/
tt0037496	https://www.imdb.com/title/tt0037496/
tt0037497	https://www.imdb.com/title/tt0037497/
tt0037498	https://www.imdb.com/title/tt0037498/
tt0037499	https://www.imdb.com/title/tt0037499/
tt0037505	https://www.imdb.com/title/tt0037505/
tt0037506	https://www.imdb.com/title/tt0037506/
tt0037508	https://www.imdb.com/title/tt0037508/
tt0037509	https://www.imdb.com/title/tt0037509/
tt0037511	https://www.imdb.com/title/tt0037511/
tt0037512	https://www.imdb.com/title/tt0037512/
tt0037513	https://www.imdb.com/title/tt0037513/
tt0037514	https://www.imdb.com/title/tt0037514/
tt0037515	https://www.imdb.com/title/tt0037515/
tt0037516	https://www.imdb.com/title/tt0037516/
tt0037517	https://www.imdb.com/title/tt0037517/
tt0037518	https://www.imdb.com/title/tt0037518/
tt0037520	https://www.imdb.com/title/tt0037520/
tt0037521	https://www.imdb.com/title/tt0037521/
tt0037522	https://www.imdb.com/title/tt0037522/
tt0037523	https://www.imdb.com/title/tt0037523/
tt0037524	https://www.imdb.com/title/tt0037524/
tt0037525	https://www.imdb.com/title/tt0037525/
tt0037526	https://www.imdb.com/title/tt0037526/
tt0037527	https://www.imdb.com/title/tt0037527/
tt0037529	https://www.imdb.com/title/tt0037529/
tt0037530	https://www.imdb.com/title/tt0037530/
tt0037532	https://www.imdb.com/title/tt0037532/
tt0037534	https://www.imdb.com/title/tt0037534/
tt0037535	https://www.imdb.com/title/tt0037535/
tt0037536	https://www.imdb.com/title/tt0037536/
tt0037537	https://www.imdb.com/title/tt0037537/
tt0037538	https://www.imdb.com/title/tt0037538/
tt0037539	https://www.imdb.com/title/tt0037539/
tt0037540	https://www.imdb.com/title/tt0037540/
tt0037541	https://www.imdb.com/title/tt0037541/
tt0037543	https://www.imdb.com/title/tt0037543/
tt0037544	https://www.imdb.com/title/tt0037544/
tt0037545	https://www.imdb.com/title/tt0037545/
tt0037546	https://www.imdb.com/title/tt0037546/
tt0037547	https://www.imdb.com/title/tt0037547/
tt0037548	https://www.imdb.com/title/tt0037548/
tt0037549	https://www.imdb.com/title/tt0037549/
tt0037552	https://www.imdb.com/title/tt0037552/
tt0037553	https://www.imdb.com/title/tt0037553/
tt0037554	https://www.imdb.com/title/tt0037554/
tt0037555	https://www.imdb.com/title/tt0037555/
tt0037556	https://www.imdb.com/title/tt0037556/
tt0037557	https://www.imdb.com/title/tt0037557/
tt0037558	https://www.imdb.com/title/tt0037558/
tt0037559	https://www.imdb.com/title/tt0037559/
tt0037560	https://www.imdb.com/title/tt0037560/
tt0037561	https://www.imdb.com/title/tt0037561/
tt0037562	https://www.imdb.com/title/tt0037562/
tt0037563	https://www.imdb.com/title/tt0037563/
tt0037567	https://www.imdb.com/title/tt0037567/
tt0037573	https://www.imdb.com/title/tt0037573/
tt0037575	https://www.imdb.com/title/tt0037575/
tt0037576	https://www.imdb.com/title/tt0037576/
tt0037577	https://www.imdb.com/title/tt0037577/
tt0037579	https://www.imdb.com/title/tt0037579/
tt0037580	https://www.imdb.com/title/tt0037580/
tt0037581	https://www.imdb.com/title/tt0037581/
tt0037583	https://www.imdb.com/title/tt0037583/
tt0037584	https://www.imdb.com/title/tt0037584/
tt0037586	https://www.imdb.com/title/tt0037586/
tt0037588	https://www.imdb.com/title/tt0037588/
tt0037589	https://www.imdb.com/title/tt0037589/
tt0037590	https://www.imdb.com/title/tt0037590/
tt0037591	https://www.imdb.com/title/tt0037591/
tt0037592	https://www.imdb.com/title/tt0037592/
tt0037593	https://www.imdb.com/title/tt0037593/
tt0037594	https://www.imdb.com/title/tt0037594/
tt0037595	https://www.imdb.com/title/tt0037595/
tt0037596	https://www.imdb.com/title/tt0037596/
tt0037598	https://www.imdb.com/title/tt0037598/
tt0037599	https://www.imdb.com/title/tt0037599/
tt0037600	https://www.imdb.com/title/tt0037600/
tt0037601	https://www.imdb.com/title/tt0037601/
tt0037604	https://www.imdb.com/title/tt0037604/
tt0037605	https://www.imdb.com/title/tt0037605/
tt0037608	https://www.imdb.com/title/tt0037608/
tt0037609	https://www.imdb.com/title/tt0037609/
tt0037610	https://www.imdb.com/title/tt0037610/
tt0037611	https://www.imdb.com/title/tt0037611/
tt0037613	https://www.imdb.com/title/tt0037613/
tt0037614	https://www.imdb.com/title/tt0037614/
tt0037615	https://www.imdb.com/title/tt0037615/
tt0037616	https://www.imdb.com/title/tt0037616/
tt0037618	https://www.imdb.com/title/tt0037618/
tt0037620	https://www.imdb.com/title/tt0037620/
tt0037621	https://www.imdb.com/title/tt0037621/
tt0037622	https://www.imdb.com/title/tt0037622/
tt0037623	https://www.imdb.com/title/tt0037623/
tt0037626	https://www.imdb.com/title/tt0037626/
tt0037627	https://www.imdb.com/title/tt0037627/
tt0037628	https://www.imdb.com/title/tt0037628/
tt0037629	https://www.imdb.com/title/tt0037629/
tt0037630	https://www.imdb.com/title/tt0037630/
tt0037632	https://www.imdb.com/title/tt0037632/
tt0037633	https://www.imdb.com/title/tt0037633/
tt0037634	https://www.imdb.com/title/tt0037634/
tt0037635	https://www.imdb.com/title/tt0037635/
tt0037636	https://www.imdb.com/title/tt0037636/
tt0037637	https://www.imdb.com/title/tt0037637/
tt0037638	https://www.imdb.com/title/tt0037638/
tt0037639	https://www.imdb.com/title/tt0037639/
tt0037640	https://www.imdb.com/title/tt0037640/
tt0037642	https://www.imdb.com/title/tt0037642/
tt0037643	https://www.imdb.com/title/tt0037643/
tt0037644	https://www.imdb.com/title/tt0037644/
tt0037645	https://www.imdb.com/title/tt0037645/
tt0037646	https://www.imdb.com/title/tt0037646/
tt0037648	https://www.imdb.com/title/tt0037648/
tt0037650	https://www.imdb.com/title/tt0037650/
tt0037651	https://www.imdb.com/title/tt0037651/
tt0037652	https://www.imdb.com/title/tt0037652/
tt0037653	https://www.imdb.com/title/tt0037653/
tt0037655	https://www.imdb.com/title/tt0037655/
tt0037656	https://www.imdb.com/title/tt0037656/
tt0037658	https://www.imdb.com/title/tt0037658/
tt0037662	https://www.imdb.com/title/tt0037662/
tt0037663	https://www.imdb.com/title/tt0037663/
tt0037664	https://www.imdb.com/title/tt0037664/
tt0037665	https://www.imdb.com/title/tt0037665/
tt0037666	https://www.imdb.com/title/tt0037666/
tt0037670	https://www.imdb.com/title/tt0037670/
tt0037671	https://www.imdb.com/title/tt0037671/
tt0037672	https://www.imdb.com/title/tt0037672/
tt0037673	https://www.imdb.com/title/tt0037673/
tt0037674	https://www.imdb.com/title/tt0037674/
tt0037677	https://www.imdb.com/title/tt0037677/
tt0037678	https://www.imdb.com/title/tt0037678/
tt0037681	https://www.imdb.com/title/tt0037681/
tt0037684	https://www.imdb.com/title/tt0037684/
tt0037685	https://www.imdb.com/title/tt0037685/
tt0037686	https://www.imdb.com/title/tt0037686/
tt0037687	https://www.imdb.com/title/tt0037687/
tt0037690	https://www.imdb.com/title/tt0037690/
tt0037691	https://www.imdb.com/title/tt0037691/
tt0037692	https://www.imdb.com/title/tt0037692/
tt0037693	https://www.imdb.com/title/tt0037693/
tt0037694	https://www.imdb.com/title/tt0037694/
tt0037695	https://www.imdb.com/title/tt0037695/
tt0037697	https://www.imdb.com/title/tt0037697/
tt0037698	https://www.imdb.com/title/tt0037698/
tt0037699	https://www.imdb.com/title/tt0037699/
tt0037701	https://www.imdb.com/title/tt0037701/
tt0037702	https://www.imdb.com/title/tt0037702/
tt0037703	https://www.imdb.com/title/tt0037703/
tt0037704	https://www.imdb.com/title/tt0037704/
tt0037706	https://www.imdb.com/title/tt0037706/
tt0037707	https://www.imdb.com/title/tt0037707/
tt0037708	https://www.imdb.com/title/tt0037708/
tt0037711	https://www.imdb.com/title/tt0037711/
tt0037712	https://www.imdb.com/title/tt0037712/
tt0037713	https://www.imdb.com/title/tt0037713/
tt0037714	https://www.imdb.com/title/tt0037714/
tt0037715	https://www.imdb.com/title/tt0037715/
tt0037717	https://www.imdb.com/title/tt0037717/
tt0037719	https://www.imdb.com/title/tt0037719/
tt0037720	https://www.imdb.com/title/tt0037720/
tt0037721	https://www.imdb.com/title/tt0037721/
tt0037722	https://www.imdb.com/title/tt0037722/
tt0037723	https://www.imdb.com/title/tt0037723/
tt0037724	https://www.imdb.com/title/tt0037724/
tt0037725	https://www.imdb.com/title/tt0037725/
tt0037726	https://www.imdb.com/title/tt0037726/
tt0037727	https://www.imdb.com/title/tt0037727/
tt0037728	https://www.imdb.com/title/tt0037728/
tt0037729	https://www.imdb.com/title/tt0037729/
tt0037730	https://www.imdb.com/title/tt0037730/
tt0037731	https://www.imdb.com/title/tt0037731/
tt0037732	https://www.imdb.com/title/tt0037732/
tt0037733	https://www.imdb.com/title/tt0037733/
tt0037736	https://www.imdb.com/title/tt0037736/
tt0037737	https://www.imdb.com/title/tt0037737/
tt0037739	https://www.imdb.com/title/tt0037739/
tt0037741	https://www.imdb.com/title/tt0037741/
tt0037742	https://www.imdb.com/title/tt0037742/
tt0037744	https://www.imdb.com/title/tt0037744/
tt0037746	https://www.imdb.com/title/tt0037746/
tt0037747	https://www.imdb.com/title/tt0037747/
tt0037748	https://www.imdb.com/title/tt0037748/
tt0037749	https://www.imdb.com/title/tt0037749/
tt0037750	https://www.imdb.com/title/tt0037750/
tt0037751	https://www.imdb.com/title/tt0037751/
tt0037752	https://www.imdb.com/title/tt0037752/
tt0037756	https://www.imdb.com/title/tt0037756/
tt0037757	https://www.imdb.com/title/tt0037757/
tt0037759	https://www.imdb.com/title/tt0037759/
tt0037761	https://www.imdb.com/title/tt0037761/
tt0037762	https://www.imdb.com/title/tt0037762/
tt0037766	https://www.imdb.com/title/tt0037766/
tt0037767	https://www.imdb.com/title/tt0037767/
tt0037769	https://www.imdb.com/title/tt0037769/
tt0037770	https://www.imdb.com/title/tt0037770/
tt0037771	https://www.imdb.com/title/tt0037771/
tt0037773	https://www.imdb.com/title/tt0037773/
tt0037776	https://www.imdb.com/title/tt0037776/
tt0037777	https://www.imdb.com/title/tt0037777/
tt0037778	https://www.imdb.com/title/tt0037778/
tt0037779	https://www.imdb.com/title/tt0037779/
tt0037780	https://www.imdb.com/title/tt0037780/
tt0037782	https://www.imdb.com/title/tt0037782/
tt0037785	https://www.imdb.com/title/tt0037785/
tt0037786	https://www.imdb.com/title/tt0037786/
tt0037787	https://www.imdb.com/title/tt0037787/
tt0037788	https://www.imdb.com/title/tt0037788/
tt0037789	https://www.imdb.com/title/tt0037789/
tt0037790	https://www.imdb.com/title/tt0037790/
tt0037791	https://www.imdb.com/title/tt0037791/
tt0037793	https://www.imdb.com/title/tt0037793/
tt0037794	https://www.imdb.com/title/tt0037794/
tt0037795	https://www.imdb.com/title/tt0037795/
tt0037796	https://www.imdb.com/title/tt0037796/
tt0037799	https://www.imdb.com/title/tt0037799/
tt0037800	https://www.imdb.com/title/tt0037800/
tt0037801	https://www.imdb.com/title/tt0037801/
tt0037802	https://www.imdb.com/title/tt0037802/
tt0037803	https://www.imdb.com/title/tt0037803/
tt0037804	https://www.imdb.com/title/tt0037804/
tt0037805	https://www.imdb.com/title/tt0037805/
tt0037806	https://www.imdb.com/title/tt0037806/
tt0037807	https://www.imdb.com/title/tt0037807/
tt0037808	https://www.imdb.com/title/tt0037808/
tt0037810	https://www.imdb.com/title/tt0037810/
tt0037811	https://www.imdb.com/title/tt0037811/
tt0037816	https://www.imdb.com/title/tt0037816/
tt0037817	https://www.imdb.com/title/tt0037817/
tt0037819	https://www.imdb.com/title/tt0037819/
tt0037820	https://www.imdb.com/title/tt0037820/
tt0037821	https://www.imdb.com/title/tt0037821/
tt0037822	https://www.imdb.com/title/tt0037822/
tt0037823	https://www.imdb.com/title/tt0037823/
tt0037825	https://www.imdb.com/title/tt0037825/
tt0037826	https://www.imdb.com/title/tt0037826/
tt0037827	https://www.imdb.com/title/tt0037827/
tt0037829	https://www.imdb.com/title/tt0037829/
tt0037832	https://www.imdb.com/title/tt0037832/
tt0037833	https://www.imdb.com/title/tt0037833/
tt0037834	https://www.imdb.com/title/tt0037834/
tt0037835	https://www.imdb.com/title/tt0037835/
tt0037837	https://www.imdb.com/title/tt0037837/
tt0037838	https://www.imdb.com/title/tt0037838/
tt0037839	https://www.imdb.com/title/tt0037839/
tt0037840	https://www.imdb.com/title/tt0037840/
tt0037842	https://www.imdb.com/title/tt0037842/
tt0037843	https://www.imdb.com/title/tt0037843/
tt0037845	https://www.imdb.com/title/tt0037845/
tt0037846	https://www.imdb.com/title/tt0037846/
tt0037847	https://www.imdb.com/title/tt0037847/
tt0037848	https://www.imdb.com/title/tt0037848/
tt0037849	https://www.imdb.com/title/tt0037849/
tt0037851	https://www.imdb.com/title/tt0037851/
tt0037852	https://www.imdb.com/title/tt0037852/
tt0037853	https://www.imdb.com/title/tt0037853/
tt0037854	https://www.imdb.com/title/tt0037854/
tt0037855	https://www.imdb.com/title/tt0037855/
tt0037856	https://www.imdb.com/title/tt0037856/
tt0037858	https://www.imdb.com/title/tt0037858/
tt0037859	https://www.imdb.com/title/tt0037859/
tt0037860	https://www.imdb.com/title/tt0037860/
tt0037865	https://www.imdb.com/title/tt0037865/
tt0037866	https://www.imdb.com/title/tt0037866/
tt0037867	https://www.imdb.com/title/tt0037867/
tt0037869	https://www.imdb.com/title/tt0037869/
tt0037871	https://www.imdb.com/title/tt0037871/
tt0037872	https://www.imdb.com/title/tt0037872/
tt0037876	https://www.imdb.com/title/tt0037876/
tt0037882	https://www.imdb.com/title/tt0037882/
tt0037883	https://www.imdb.com/title/tt0037883/
tt0037884	https://www.imdb.com/title/tt0037884/
tt0037885	https://www.imdb.com/title/tt0037885/
tt0037886	https://www.imdb.com/title/tt0037886/
tt0037888	https://www.imdb.com/title/tt0037888/
tt0037891	https://www.imdb.com/title/tt0037891/
tt0037892	https://www.imdb.com/title/tt0037892/
tt0037893	https://www.imdb.com/title/tt0037893/
tt0037894	https://www.imdb.com/title/tt0037894/
tt0037895	https://www.imdb.com/title/tt0037895/
tt0037896	https://www.imdb.com/title/tt0037896/
tt0037897	https://www.imdb.com/title/tt0037897/
tt0037898	https://www.imdb.com/title/tt0037898/
tt0037901	https://www.imdb.com/title/tt0037901/
tt0037902	https://www.imdb.com/title/tt0037902/
tt0037903	https://www.imdb.com/title/tt0037903/
tt0037904	https://www.imdb.com/title/tt0037904/
tt0037905	https://www.imdb.com/title/tt0037905/
tt0037906	https://www.imdb.com/title/tt0037906/
tt0037907	https://www.imdb.com/title/tt0037907/
tt0037908	https://www.imdb.com/title/tt0037908/
tt0037909	https://www.imdb.com/title/tt0037909/
tt0037913	https://www.imdb.com/title/tt0037913/
tt0037914	https://www.imdb.com/title/tt0037914/
tt0037916	https://www.imdb.com/title/tt0037916/
tt0037918	https://www.imdb.com/title/tt0037918/
tt0037919	https://www.imdb.com/title/tt0037919/
tt0037922	https://www.imdb.com/title/tt0037922/
tt0037923	https://www.imdb.com/title/tt0037923/
tt0037924	https://www.imdb.com/title/tt0037924/
tt0037926	https://www.imdb.com/title/tt0037926/
tt0037927	https://www.imdb.com/title/tt0037927/
tt0037930	https://www.imdb.com/title/tt0037930/
tt0037931	https://www.imdb.com/title/tt0037931/
tt0037932	https://www.imdb.com/title/tt0037932/
tt0037933	https://www.imdb.com/title/tt0037933/
tt0037936	https://www.imdb.com/title/tt0037936/
tt0037937	https://www.imdb.com/title/tt0037937/
tt0037939	https://www.imdb.com/title/tt0037939/
tt0037940	https://www.imdb.com/title/tt0037940/
tt0037941	https://www.imdb.com/title/tt0037941/
tt0037942	https://www.imdb.com/title/tt0037942/
tt0037946	https://www.imdb.com/title/tt0037946/
tt0037947	https://www.imdb.com/title/tt0037947/
tt0037948	https://www.imdb.com/title/tt0037948/
tt0037949	https://www.imdb.com/title/tt0037949/
tt0037950	https://www.imdb.com/title/tt0037950/
tt0037954	https://www.imdb.com/title/tt0037954/
tt0037955	https://www.imdb.com/title/tt0037955/
tt0037957	https://www.imdb.com/title/tt0037957/
tt0037959	https://www.imdb.com/title/tt0037959/
tt0037960	https://www.imdb.com/title/tt0037960/
tt0037961	https://www.imdb.com/title/tt0037961/
tt0037962	https://www.imdb.com/title/tt0037962/
tt0037963	https://www.imdb.com/title/tt0037963/
tt0037964	https://www.imdb.com/title/tt0037964/
tt0037965	https://www.imdb.com/title/tt0037965/
tt0037966	https://www.imdb.com/title/tt0037966/
tt0037967	https://www.imdb.com/title/tt0037967/
tt0037969	https://www.imdb.com/title/tt0037969/
tt0037970	https://www.imdb.com/title/tt0037970/
tt0037971	https://www.imdb.com/title/tt0037971/
tt0037972	https://www.imdb.com/title/tt0037972/
tt0037973	https://www.imdb.com/title/tt0037973/
tt0037978	https://www.imdb.com/title/tt0037978/
tt0037980	https://www.imdb.com/title/tt0037980/
tt0037983	https://www.imdb.com/title/tt0037983/
tt0037984	https://www.imdb.com/title/tt0037984/
tt0037985	https://www.imdb.com/title/tt0037985/
tt0037986	https://www.imdb.com/title/tt0037986/
tt0037988	https://www.imdb.com/title/tt0037988/
tt0037989	https://www.imdb.com/title/tt0037989/
tt0037990	https://www.imdb.com/title/tt0037990/
tt0037991	https://www.imdb.com/title/tt0037991/
tt0037993	https://www.imdb.com/title/tt0037993/
tt0037997	https://www.imdb.com/title/tt0037997/
tt0037999	https://www.imdb.com/title/tt0037999/
tt0038000	https://www.imdb.com/title/tt0038000/
tt0038001	https://www.imdb.com/title/tt0038001/
tt0038004	https://www.imdb.com/title/tt0038004/
tt0038007	https://www.imdb.com/title/tt0038007/
tt0038008	https://www.imdb.com/title/tt0038008/
tt0038010	https://www.imdb.com/title/tt0038010/
tt0038012	https://www.imdb.com/title/tt0038012/
tt0038013	https://www.imdb.com/title/tt0038013/
tt0038014	https://www.imdb.com/title/tt0038014/
tt0038015	https://www.imdb.com/title/tt0038015/
tt0038016	https://www.imdb.com/title/tt0038016/
tt0038017	https://www.imdb.com/title/tt0038017/
tt0038018	https://www.imdb.com/title/tt0038018/
tt0038019	https://www.imdb.com/title/tt0038019/
tt0038021	https://www.imdb.com/title/tt0038021/
tt0038022	https://www.imdb.com/title/tt0038022/
tt0038023	https://www.imdb.com/title/tt0038023/
tt0038025	https://www.imdb.com/title/tt0038025/
tt0038026	https://www.imdb.com/title/tt0038026/
tt0038027	https://www.imdb.com/title/tt0038027/
tt0038029	https://www.imdb.com/title/tt0038029/
tt0038030	https://www.imdb.com/title/tt0038030/
tt0038031	https://www.imdb.com/title/tt0038031/
tt0038032	https://www.imdb.com/title/tt0038032/
tt0038033	https://www.imdb.com/title/tt0038033/
tt0038035	https://www.imdb.com/title/tt0038035/
tt0038036	https://www.imdb.com/title/tt0038036/
tt0038037	https://www.imdb.com/title/tt0038037/
tt0038038	https://www.imdb.com/title/tt0038038/
tt0038039	https://www.imdb.com/title/tt0038039/
tt0038040	https://www.imdb.com/title/tt0038040/
tt0038041	https://www.imdb.com/title/tt0038041/
tt0038043	https://www.imdb.com/title/tt0038043/
tt0038044	https://www.imdb.com/title/tt0038044/
tt0038045	https://www.imdb.com/title/tt0038045/
tt0038046	https://www.imdb.com/title/tt0038046/
tt0038047	https://www.imdb.com/title/tt0038047/
tt0038048	https://www.imdb.com/title/tt0038048/
tt0038049	https://www.imdb.com/title/tt0038049/
tt0038050	https://www.imdb.com/title/tt0038050/
tt0038052	https://www.imdb.com/title/tt0038052/
tt0038053	https://www.imdb.com/title/tt0038053/
tt0038054	https://www.imdb.com/title/tt0038054/
tt0038055	https://www.imdb.com/title/tt0038055/
tt0038056	https://www.imdb.com/title/tt0038056/
tt0038057	https://www.imdb.com/title/tt0038057/
tt0038058	https://www.imdb.com/title/tt0038058/
tt0038061	https://www.imdb.com/title/tt0038061/
tt0038062	https://www.imdb.com/title/tt0038062/
tt0038065	https://www.imdb.com/title/tt0038065/
tt0038067	https://www.imdb.com/title/tt0038067/
tt0038068	https://www.imdb.com/title/tt0038068/
tt0038069	https://www.imdb.com/title/tt0038069/
tt0038071	https://www.imdb.com/title/tt0038071/
tt0038075	https://www.imdb.com/title/tt0038075/
tt0038076	https://www.imdb.com/title/tt0038076/
tt0038077	https://www.imdb.com/title/tt0038077/
tt0038078	https://www.imdb.com/title/tt0038078/
tt0038079	https://www.imdb.com/title/tt0038079/
tt0038080	https://www.imdb.com/title/tt0038080/
tt0038082	https://www.imdb.com/title/tt0038082/
tt0038083	https://www.imdb.com/title/tt0038083/
tt0038084	https://www.imdb.com/title/tt0038084/
tt0038085	https://www.imdb.com/title/tt0038085/
tt0038088	https://www.imdb.com/title/tt0038088/
tt0038090	https://www.imdb.com/title/tt0038090/
tt0038091	https://www.imdb.com/title/tt0038091/
tt0038092	https://www.imdb.com/title/tt0038092/
tt0038095	https://www.imdb.com/title/tt0038095/
tt0038097	https://www.imdb.com/title/tt0038097/
tt0038099	https://www.imdb.com/title/tt0038099/
tt0038100	https://www.imdb.com/title/tt0038100/
tt0038101	https://www.imdb.com/title/tt0038101/
tt0038102	https://www.imdb.com/title/tt0038102/
tt0038103	https://www.imdb.com/title/tt0038103/
tt0038104	https://www.imdb.com/title/tt0038104/
tt0038105	https://www.imdb.com/title/tt0038105/
tt0038106	https://www.imdb.com/title/tt0038106/
tt0038107	https://www.imdb.com/title/tt0038107/
tt0038108	https://www.imdb.com/title/tt0038108/
tt0038109	https://www.imdb.com/title/tt0038109/
tt0038110	https://www.imdb.com/title/tt0038110/
tt0038112	https://www.imdb.com/title/tt0038112/
tt0038113	https://www.imdb.com/title/tt0038113/
tt0038116	https://www.imdb.com/title/tt0038116/
tt0038117	https://www.imdb.com/title/tt0038117/
tt0038118	https://www.imdb.com/title/tt0038118/
tt0038119	https://www.imdb.com/title/tt0038119/
tt0038120	https://www.imdb.com/title/tt0038120/
tt0038122	https://www.imdb.com/title/tt0038122/
tt0038123	https://www.imdb.com/title/tt0038123/
tt0038124	https://www.imdb.com/title/tt0038124/
tt0038125	https://www.imdb.com/title/tt0038125/
tt0038126	https://www.imdb.com/title/tt0038126/
tt0038128	https://www.imdb.com/title/tt0038128/
tt0038129	https://www.imdb.com/title/tt0038129/
tt0038132	https://www.imdb.com/title/tt0038132/
tt0038133	https://www.imdb.com/title/tt0038133/
tt0038134	https://www.imdb.com/title/tt0038134/
tt0038135	https://www.imdb.com/title/tt0038135/
tt0038136	https://www.imdb.com/title/tt0038136/
tt0038137	https://www.imdb.com/title/tt0038137/
tt0038138	https://www.imdb.com/title/tt0038138/
tt0038139	https://www.imdb.com/title/tt0038139/
tt0038140	https://www.imdb.com/title/tt0038140/
tt0038141	https://www.imdb.com/title/tt0038141/
tt0038142	https://www.imdb.com/title/tt0038142/
tt0038144	https://www.imdb.com/title/tt0038144/
tt0038149	https://www.imdb.com/title/tt0038149/
tt0038150	https://www.imdb.com/title/tt0038150/
tt0038151	https://www.imdb.com/title/tt0038151/
tt0038153	https://www.imdb.com/title/tt0038153/
tt0038156	https://www.imdb.com/title/tt0038156/
tt0038157	https://www.imdb.com/title/tt0038157/
tt0038158	https://www.imdb.com/title/tt0038158/
tt0038160	https://www.imdb.com/title/tt0038160/
tt0038161	https://www.imdb.com/title/tt0038161/
tt0038162	https://www.imdb.com/title/tt0038162/
tt0038163	https://www.imdb.com/title/tt0038163/
tt0038164	https://www.imdb.com/title/tt0038164/
tt0038165	https://www.imdb.com/title/tt0038165/
tt0038168	https://www.imdb.com/title/tt0038168/
tt0038169	https://www.imdb.com/title/tt0038169/
tt0038170	https://www.imdb.com/title/tt0038170/
tt0038172	https://www.imdb.com/title/tt0038172/
tt0038173	https://www.imdb.com/title/tt0038173/
tt0038178	https://www.imdb.com/title/tt0038178/
tt0038179	https://www.imdb.com/title/tt0038179/
tt0038180	https://www.imdb.com/title/tt0038180/
tt0038181	https://www.imdb.com/title/tt0038181/
tt0038182	https://www.imdb.com/title/tt0038182/
tt0038183	https://www.imdb.com/title/tt0038183/
tt0038185	https://www.imdb.com/title/tt0038185/
tt0038186	https://www.imdb.com/title/tt0038186/
tt0038188	https://www.imdb.com/title/tt0038188/
tt0038189	https://www.imdb.com/title/tt0038189/
tt0038190	https://www.imdb.com/title/tt0038190/
tt0038192	https://www.imdb.com/title/tt0038192/
tt0038193	https://www.imdb.com/title/tt0038193/
tt0038195	https://www.imdb.com/title/tt0038195/
tt0038196	https://www.imdb.com/title/tt0038196/
tt0038197	https://www.imdb.com/title/tt0038197/
tt0038199	https://www.imdb.com/title/tt0038199/
tt0038201	https://www.imdb.com/title/tt0038201/
tt0038203	https://www.imdb.com/title/tt0038203/
tt0038205	https://www.imdb.com/title/tt0038205/
tt0038211	https://www.imdb.com/title/tt0038211/
tt0038212	https://www.imdb.com/title/tt0038212/
tt0038213	https://www.imdb.com/title/tt0038213/
tt0038214	https://www.imdb.com/title/tt0038214/
tt0038215	https://www.imdb.com/title/tt0038215/
tt0038216	https://www.imdb.com/title/tt0038216/
tt0038219	https://www.imdb.com/title/tt0038219/
tt0038221	https://www.imdb.com/title/tt0038221/
tt0038225	https://www.imdb.com/title/tt0038225/
tt0038228	https://www.imdb.com/title/tt0038228/
tt0038230	https://www.imdb.com/title/tt0038230/
tt0038231	https://www.imdb.com/title/tt0038231/
tt0038234	https://www.imdb.com/title/tt0038234/
tt0038235	https://www.imdb.com/title/tt0038235/
tt0038236	https://www.imdb.com/title/tt0038236/
tt0038237	https://www.imdb.com/title/tt0038237/
tt0038238	https://www.imdb.com/title/tt0038238/
tt0038239	https://www.imdb.com/title/tt0038239/
tt0038241	https://www.imdb.com/title/tt0038241/
tt0038242	https://www.imdb.com/title/tt0038242/
tt0038243	https://www.imdb.com/title/tt0038243/
tt0038244	https://www.imdb.com/title/tt0038244/
tt0038245	https://www.imdb.com/title/tt0038245/
tt0038246	https://www.imdb.com/title/tt0038246/
tt0038248	https://www.imdb.com/title/tt0038248/
tt0038249	https://www.imdb.com/title/tt0038249/
tt0038250	https://www.imdb.com/title/tt0038250/
tt0038254	https://www.imdb.com/title/tt0038254/
tt0038255	https://www.imdb.com/title/tt0038255/
tt0038256	https://www.imdb.com/title/tt0038256/
tt0038257	https://www.imdb.com/title/tt0038257/
tt0038258	https://www.imdb.com/title/tt0038258/
tt0038259	https://www.imdb.com/title/tt0038259/
tt0038260	https://www.imdb.com/title/tt0038260/
tt0038261	https://www.imdb.com/title/tt0038261/
tt0038262	https://www.imdb.com/title/tt0038262/
tt0038263	https://www.imdb.com/title/tt0038263/
tt0038266	https://www.imdb.com/title/tt0038266/
tt0038267	https://www.imdb.com/title/tt0038267/
tt0038268	https://www.imdb.com/title/tt0038268/
tt0038269	https://www.imdb.com/title/tt0038269/
tt0038270	https://www.imdb.com/title/tt0038270/
tt0038273	https://www.imdb.com/title/tt0038273/
tt0038274	https://www.imdb.com/title/tt0038274/
tt0038275	https://www.imdb.com/title/tt0038275/
tt0038320	https://www.imdb.com/title/tt0038320/
tt0038339	https://www.imdb.com/title/tt0038339/
tt0038363	https://www.imdb.com/title/tt0038363/
tt0038390	https://www.imdb.com/title/tt0038390/
tt0038450	https://www.imdb.com/title/tt0038450/
tt0038451	https://www.imdb.com/title/tt0038451/
tt0038539	https://www.imdb.com/title/tt0038539/
tt0038543	https://www.imdb.com/title/tt0038543/
tt0038549	https://www.imdb.com/title/tt0038549/
tt0038594	https://www.imdb.com/title/tt0038594/
tt0038603	https://www.imdb.com/title/tt0038603/
tt0038660	https://www.imdb.com/title/tt0038660/
tt0038663	https://www.imdb.com/title/tt0038663/
tt0038684	https://www.imdb.com/title/tt0038684/
tt0038686	https://www.imdb.com/title/tt0038686/
tt0038691	https://www.imdb.com/title/tt0038691/
tt0038723	https://www.imdb.com/title/tt0038723/
tt0038771	https://www.imdb.com/title/tt0038771/
tt0038817	https://www.imdb.com/title/tt0038817/
tt0038826	https://www.imdb.com/title/tt0038826/
tt0038852	https://www.imdb.com/title/tt0038852/
tt0038860	https://www.imdb.com/title/tt0038860/
tt0038890	https://www.imdb.com/title/tt0038890/
tt0038918	https://www.imdb.com/title/tt0038918/
tt0038924	https://www.imdb.com/title/tt0038924/
tt0038940	https://www.imdb.com/title/tt0038940/
tt0038957	https://www.imdb.com/title/tt0038957/
tt0039016	https://www.imdb.com/title/tt0039016/
tt0039019	https://www.imdb.com/title/tt0039019/
tt0039051	https://www.imdb.com/title/tt0039051/
tt0039116	https://www.imdb.com/title/tt0039116/
tt0039215	https://www.imdb.com/title/tt0039215/
tt0039234	https://www.imdb.com/title/tt0039234/
tt0039642	https://www.imdb.com/title/tt0039642/
tt0039741	https://www.imdb.com/title/tt0039741/
tt0039925	https://www.imdb.com/title/tt0039925/
tt0039987	https://www.imdb.com/title/tt0039987/
tt0040005	https://www.imdb.com/title/tt0040005/
tt0040603	https://www.imdb.com/title/tt0040603/
tt0047905	https://www.imdb.com/title/tt0047905/
tt0103317	https://www.imdb.com/title/tt0103317/
tt0121329	https://www.imdb.com/title/tt0121329/
tt0121500	https://www.imdb.com/title/tt0121500/
tt0121724	https://www.imdb.com/title/tt0121724/
tt0122203	https://www.imdb.com/title/tt0122203/
tt0123307	https://www.imdb.com/title/tt0123307/
tt0123312	https://www.imdb.com/title/tt0123312/
tt0123993	https://www.imdb.com/title/tt0123993/
tt0124789	https://www.imdb.com/title/tt0124789/
tt0126110	https://www.imdb.com/title/tt0126110/
tt0126345	https://www.imdb.com/title/tt0126345/
tt0126555	https://www.imdb.com/title/tt0126555/
tt0132064	https://www.imdb.com/title/tt0132064/
tt0133371	https://www.imdb.com/title/tt0133371/
tt0134809	https://www.imdb.com/title/tt0134809/
tt0134944	https://www.imdb.com/title/tt0134944/
tt0135517	https://www.imdb.com/title/tt0135517/
tt0136734	https://www.imdb.com/title/tt0136734/
tt0137940	https://www.imdb.com/title/tt0137940/
tt0138809	https://www.imdb.com/title/tt0138809/
tt0139676	https://www.imdb.com/title/tt0139676/
tt0139695	https://www.imdb.com/title/tt0139695/
tt0139904	https://www.imdb.com/title/tt0139904/
tt0139914	https://www.imdb.com/title/tt0139914/
tt0140026	https://www.imdb.com/title/tt0140026/
tt0140030	https://www.imdb.com/title/tt0140030/
tt0140372	https://www.imdb.com/title/tt0140372/
tt0140405	https://www.imdb.com/title/tt0140405/
tt0140957	https://www.imdb.com/title/tt0140957/
tt0142385	https://www.imdb.com/title/tt0142385/
tt0142666	https://www.imdb.com/title/tt0142666/
tt0143021	https://www.imdb.com/title/tt0143021/
tt0145807	https://www.imdb.com/title/tt0145807/
tt0148295	https://www.imdb.com/title/tt0148295/
tt0149773	https://www.imdb.com/title/tt0149773/
tt0149951	https://www.imdb.com/title/tt0149951/
tt0150079	https://www.imdb.com/title/tt0150079/
tt0150475	https://www.imdb.com/title/tt0150475/
tt0150610	https://www.imdb.com/title/tt0150610/
tt0151681	https://www.imdb.com/title/tt0151681/
tt0153549	https://www.imdb.com/title/tt0153549/
tt0154026	https://www.imdb.com/title/tt0154026/
tt0154185	https://www.imdb.com/title/tt0154185/
tt0154707	https://www.imdb.com/title/tt0154707/
tt0154994	https://www.imdb.com/title/tt0154994/
tt0155093	https://www.imdb.com/title/tt0155093/
tt0155489	https://www.imdb.com/title/tt0155489/
tt0155823	https://www.imdb.com/title/tt0155823/
tt0155898	https://www.imdb.com/title/tt0155898/
tt0156368	https://www.imdb.com/title/tt0156368/
tt0156694	https://www.imdb.com/title/tt0156694/
tt0156781	https://www.imdb.com/title/tt0156781/
tt0156785	https://www.imdb.com/title/tt0156785/
tt0157081	https://www.imdb.com/title/tt0157081/
tt0157162	https://www.imdb.com/title/tt0157162/
tt0158843	https://www.imdb.com/title/tt0158843/
tt0158862	https://www.imdb.com/title/tt0158862/
tt0160724	https://www.imdb.com/title/tt0160724/
tt0161392	https://www.imdb.com/title/tt0161392/
tt0161535	https://www.imdb.com/title/tt0161535/
tt0162234	https://www.imdb.com/title/tt0162234/
tt0163182	https://www.imdb.com/title/tt0163182/
tt0163189	https://www.imdb.com/title/tt0163189/
tt0163278	https://www.imdb.com/title/tt0163278/
tt0164037	https://www.imdb.com/title/tt0164037/
tt0165130	https://www.imdb.com/title/tt0165130/
tt0167227	https://www.imdb.com/title/tt0167227/
tt0168595	https://www.imdb.com/title/tt0168595/
tt0169149	https://www.imdb.com/title/tt0169149/
tt0169607	https://www.imdb.com/title/tt0169607/
tt0169898	https://www.imdb.com/title/tt0169898/
tt0170193	https://www.imdb.com/title/tt0170193/
tt0171687	https://www.imdb.com/title/tt0171687/
tt0173942	https://www.imdb.com/title/tt0173942/
tt0174804	https://www.imdb.com/title/tt0174804/
tt0175079	https://www.imdb.com/title/tt0175079/
tt0175437	https://www.imdb.com/title/tt0175437/
tt0175947	https://www.imdb.com/title/tt0175947/
tt0176107	https://www.imdb.com/title/tt0176107/
tt0176284	https://www.imdb.com/title/tt0176284/
tt0176296	https://www.imdb.com/title/tt0176296/
tt0177596	https://www.imdb.com/title/tt0177596/
tt0178201	https://www.imdb.com/title/tt0178201/
tt0178387	https://www.imdb.com/title/tt0178387/
tt0178728	https://www.imdb.com/title/tt0178728/
tt0178875	https://www.imdb.com/title/tt0178875/
tt0178906	https://www.imdb.com/title/tt0178906/
tt0179543	https://www.imdb.com/title/tt0179543/
tt0179733	https://www.imdb.com/title/tt0179733/
tt0179797	https://www.imdb.com/title/tt0179797/
tt0180132	https://www.imdb.com/title/tt0180132/
tt0180265	https://www.imdb.com/title/tt0180265/
tt0180619	https://www.imdb.com/title/tt0180619/
tt0180908	https://www.imdb.com/title/tt0180908/
tt0181285	https://www.imdb.com/title/tt0181285/
tt0181350	https://www.imdb.com/title/tt0181350/
tt0181433	https://www.imdb.com/title/tt0181433/
tt0181525	https://www.imdb.com/title/tt0181525/
tt0181603	https://www.imdb.com/title/tt0181603/
tt0181881	https://www.imdb.com/title/tt0181881/
tt0182190	https://www.imdb.com/title/tt0182190/
tt0183108	https://www.imdb.com/title/tt0183108/
tt0183410	https://www.imdb.com/title/tt0183410/
tt0183997	https://www.imdb.com/title/tt0183997/
tt0184326	https://www.imdb.com/title/tt0184326/
tt0184887	https://www.imdb.com/title/tt0184887/
tt0184893	https://www.imdb.com/title/tt0184893/
tt0185138	https://www.imdb.com/title/tt0185138/
tt0185223	https://www.imdb.com/title/tt0185223/
tt0185405	https://www.imdb.com/title/tt0185405/
tt0186039	https://www.imdb.com/title/tt0186039/
tt0186213	https://www.imdb.com/title/tt0186213/
tt0187361	https://www.imdb.com/title/tt0187361/
tt0187583	https://www.imdb.com/title/tt0187583/
tt0188860	https://www.imdb.com/title/tt0188860/
tt0190557	https://www.imdb.com/title/tt0190557/
tt0191007	https://www.imdb.com/title/tt0191007/
tt0191833	https://www.imdb.com/title/tt0191833/
tt0191897	https://www.imdb.com/title/tt0191897/
tt0192127	https://www.imdb.com/title/tt0192127/
tt0192157	https://www.imdb.com/title/tt0192157/
tt0192352	https://www.imdb.com/title/tt0192352/
tt0192530	https://www.imdb.com/title/tt0192530/
tt0193039	https://www.imdb.com/title/tt0193039/
tt0193814	https://www.imdb.com/title/tt0193814/
tt0193883	https://www.imdb.com/title/tt0193883/
tt0193885	https://www.imdb.com/title/tt0193885/
tt0193986	https://www.imdb.com/title/tt0193986/
tt0194052	https://www.imdb.com/title/tt0194052/
tt0194068	https://www.imdb.com/title/tt0194068/
tt0194313	https://www.imdb.com/title/tt0194313/
tt0194317	https://www.imdb.com/title/tt0194317/
tt0194375	https://www.imdb.com/title/tt0194375/
tt0194689	https://www.imdb.com/title/tt0194689/
tt0194976	https://www.imdb.com/title/tt0194976/
tt0195122	https://www.imdb.com/title/tt0195122/
tt0195132	https://www.imdb.com/title/tt0195132/
tt0195247	https://www.imdb.com/title/tt0195247/
tt0195249	https://www.imdb.com/title/tt0195249/
tt0195386	https://www.imdb.com/title/tt0195386/
tt0195662	https://www.imdb.com/title/tt0195662/
tt0196193	https://www.imdb.com/title/tt0196193/
tt0198721	https://www.imdb.com/title/tt0198721/
tt0199406	https://www.imdb.com/title/tt0199406/
tt0200480	https://www.imdb.com/title/tt0200480/
tt0200572	https://www.imdb.com/title/tt0200572/
tt0200987	https://www.imdb.com/title/tt0200987/
tt0203004	https://www.imdb.com/title/tt0203004/
tt0204319	https://www.imdb.com/title/tt0204319/
tt0204444	https://www.imdb.com/title/tt0204444/
tt0205932	https://www.imdb.com/title/tt0205932/
tt0208392	https://www.imdb.com/title/tt0208392/
tt0210367	https://www.imdb.com/title/tt0210367/
tt0210814	https://www.imdb.com/title/tt0210814/
tt0212861	https://www.imdb.com/title/tt0212861/
tt0212913	https://www.imdb.com/title/tt0212913/
tt0213892	https://www.imdb.com/title/tt0213892/
tt0214072	https://www.imdb.com/title/tt0214072/
tt0214182	https://www.imdb.com/title/tt0214182/
tt0214483	https://www.imdb.com/title/tt0214483/
tt0214567	https://www.imdb.com/title/tt0214567/
tt0214826	https://www.imdb.com/title/tt0214826/
tt0214940	https://www.imdb.com/title/tt0214940/
tt0215121	https://www.imdb.com/title/tt0215121/
tt0215122	https://www.imdb.com/title/tt0215122/
tt0215300	https://www.imdb.com/title/tt0215300/
tt0215327	https://www.imdb.com/title/tt0215327/
tt0215576	https://www.imdb.com/title/tt0215576/
tt0217235	https://www.imdb.com/title/tt0217235/
tt0217250	https://www.imdb.com/title/tt0217250/
tt0217301	https://www.imdb.com/title/tt0217301/
tt0217308	https://www.imdb.com/title/tt0217308/
tt0217513	https://www.imdb.com/title/tt0217513/
tt0217521	https://www.imdb.com/title/tt0217521/
tt0217549	https://www.imdb.com/title/tt0217549/
tt0217695	https://www.imdb.com/title/tt0217695/
tt0217801	https://www.imdb.com/title/tt0217801/
tt0218022	https://www.imdb.com/title/tt0218022/
tt0218072	https://www.imdb.com/title/tt0218072/
tt0218105	https://www.imdb.com/title/tt0218105/
tt0218144	https://www.imdb.com/title/tt0218144/
tt0218171	https://www.imdb.com/title/tt0218171/
tt0218257	https://www.imdb.com/title/tt0218257/
tt0218333	https://www.imdb.com/title/tt0218333/
tt0218404	https://www.imdb.com/title/tt0218404/
tt0218448	https://www.imdb.com/title/tt0218448/
tt0218449	https://www.imdb.com/title/tt0218449/
tt0218501	https://www.imdb.com/title/tt0218501/
tt0218614	https://www.imdb.com/title/tt0218614/
tt0218686	https://www.imdb.com/title/tt0218686/
tt0219503	https://www.imdb.com/title/tt0219503/
tt0219570	https://www.imdb.com/title/tt0219570/
tt0219580	https://www.imdb.com/title/tt0219580/
tt0219598	https://www.imdb.com/title/tt0219598/
tt0219617	https://www.imdb.com/title/tt0219617/
tt0219910	https://www.imdb.com/title/tt0219910/
tt0219917	https://www.imdb.com/title/tt0219917/
tt0219936	https://www.imdb.com/title/tt0219936/
tt0219940	https://www.imdb.com/title/tt0219940/
tt0219979	https://www.imdb.com/title/tt0219979/
tt0219986	https://www.imdb.com/title/tt0219986/
tt0219998	https://www.imdb.com/title/tt0219998/
tt0220012	https://www.imdb.com/title/tt0220012/
tt0220075	https://www.imdb.com/title/tt0220075/
tt0220105	https://www.imdb.com/title/tt0220105/
tt0220124	https://www.imdb.com/title/tt0220124/
tt0220127	https://www.imdb.com/title/tt0220127/
tt0220185	https://www.imdb.com/title/tt0220185/
tt0228258	https://www.imdb.com/title/tt0228258/
tt0232049	https://www.imdb.com/title/tt0232049/
tt0232593	https://www.imdb.com/title/tt0232593/
tt0232615	https://www.imdb.com/title/tt0232615/
tt0233286	https://www.imdb.com/title/tt0233286/
tt0233327	https://www.imdb.com/title/tt0233327/
tt0234640	https://www.imdb.com/title/tt0234640/
tt0235656	https://www.imdb.com/title/tt0235656/
tt0236151	https://www.imdb.com/title/tt0236151/
tt0236697	https://www.imdb.com/title/tt0236697/
tt0236847	https://www.imdb.com/title/tt0236847/
tt0237033	https://www.imdb.com/title/tt0237033/
tt0237688	https://www.imdb.com/title/tt0237688/
tt0237800	https://www.imdb.com/title/tt0237800/
tt0238070	https://www.imdb.com/title/tt0238070/
tt0238358	https://www.imdb.com/title/tt0238358/
tt0238428	https://www.imdb.com/title/tt0238428/
tt0239539	https://www.imdb.com/title/tt0239539/
tt0240455	https://www.imdb.com/title/tt0240455/
tt0240546	https://www.imdb.com/title/tt0240546/
tt0240552	https://www.imdb.com/title/tt0240552/
tt0240638	https://www.imdb.com/title/tt0240638/
tt0240789	https://www.imdb.com/title/tt0240789/
tt0240829	https://www.imdb.com/title/tt0240829/
tt0240922	https://www.imdb.com/title/tt0240922/
tt0241031	https://www.imdb.com/title/tt0241031/
tt0241036	https://www.imdb.com/title/tt0241036/
tt0241058	https://www.imdb.com/title/tt0241058/
tt0241842	https://www.imdb.com/title/tt0241842/
tt0242557	https://www.imdb.com/title/tt0242557/
tt0242669	https://www.imdb.com/title/tt0242669/
tt0242799	https://www.imdb.com/title/tt0242799/
tt0243239	https://www.imdb.com/title/tt0243239/
tt0243479	https://www.imdb.com/title/tt0243479/
tt0243515	https://www.imdb.com/title/tt0243515/
tt0243749	https://www.imdb.com/title/tt0243749/
tt0244378	https://www.imdb.com/title/tt0244378/
tt0244643	https://www.imdb.com/title/tt0244643/
tt0244815	https://www.imdb.com/title/tt0244815/
tt0244849	https://www.imdb.com/title/tt0244849/
tt0244883	https://www.imdb.com/title/tt0244883/
tt0245555	https://www.imdb.com/title/tt0245555/
tt0245895	https://www.imdb.com/title/tt0245895/
tt0245909	https://www.imdb.com/title/tt0245909/
tt0245940	https://www.imdb.com/title/tt0245940/
tt0246139	https://www.imdb.com/title/tt0246139/
tt0246222	https://www.imdb.com/title/tt0246222/
tt0246953	https://www.imdb.com/title/tt0246953/
tt0247054	https://www.imdb.com/title/tt0247054/
tt0247568	https://www.imdb.com/title/tt0247568/
tt0247569	https://www.imdb.com/title/tt0247569/
tt0248521	https://www.imdb.com/title/tt0248521/
tt0248698	https://www.imdb.com/title/tt0248698/
tt0252892	https://www.imdb.com/title/tt0252892/
tt0255941	https://www.imdb.com/title/tt0255941/
tt0256189	https://www.imdb.com/title/tt0256189/
tt0256636	https://www.imdb.com/title/tt0256636/
tt0257652	https://www.imdb.com/title/tt0257652/
tt0258278	https://www.imdb.com/title/tt0258278/
tt0258477	https://www.imdb.com/title/tt0258477/
tt0258872	https://www.imdb.com/title/tt0258872/
tt0258954	https://www.imdb.com/title/tt0258954/
tt0259431	https://www.imdb.com/title/tt0259431/
tt0259488	https://www.imdb.com/title/tt0259488/
tt0259604	https://www.imdb.com/title/tt0259604/
tt0261701	https://www.imdb.com/title/tt0261701/
tt0262546	https://www.imdb.com/title/tt0262546/
tt0264481	https://www.imdb.com/title/tt0264481/
tt0266507	https://www.imdb.com/title/tt0266507/
tt0266616	https://www.imdb.com/title/tt0266616/
tt0267145	https://www.imdb.com/title/tt0267145/
tt0267805	https://www.imdb.com/title/tt0267805/
tt0267868	https://www.imdb.com/title/tt0267868/
tt0268741	https://www.imdb.com/title/tt0268741/
tt0270718	https://www.imdb.com/title/tt0270718/
tt0273431	https://www.imdb.com/title/tt0273431/
tt0273432	https://www.imdb.com/title/tt0273432/
tt0274965	https://www.imdb.com/title/tt0274965/
tt0276159	https://www.imdb.com/title/tt0276159/
tt0278371	https://www.imdb.com/title/tt0278371/
tt0279422	https://www.imdb.com/title/tt0279422/
tt0279644	https://www.imdb.com/title/tt0279644/
tt0280395	https://www.imdb.com/title/tt0280395/
tt0281757	https://www.imdb.com/title/tt0281757/
tt0281780	https://www.imdb.com/title/tt0281780/
tt0283863	https://www.imdb.com/title/tt0283863/
tt0283864	https://www.imdb.com/title/tt0283864/
tt0283865	https://www.imdb.com/title/tt0283865/
tt0283903	https://www.imdb.com/title/tt0283903/
tt0283932	https://www.imdb.com/title/tt0283932/
tt0284161	https://www.imdb.com/title/tt0284161/
tt0284165	https://www.imdb.com/title/tt0284165/
tt0284175	https://www.imdb.com/title/tt0284175/
tt0284193	https://www.imdb.com/title/tt0284193/
tt0284219	https://www.imdb.com/title/tt0284219/
tt0284221	https://www.imdb.com/title/tt0284221/
tt0284230	https://www.imdb.com/title/tt0284230/
tt0284241	https://www.imdb.com/title/tt0284241/
tt0284246	https://www.imdb.com/title/tt0284246/
tt0284247	https://www.imdb.com/title/tt0284247/
tt0284283	https://www.imdb.com/title/tt0284283/
tt0284299	https://www.imdb.com/title/tt0284299/
tt0284418	https://www.imdb.com/title/tt0284418/
tt0284448	https://www.imdb.com/title/tt0284448/
tt0284550	https://www.imdb.com/title/tt0284550/
tt0286619	https://www.imdb.com/title/tt0286619/
tt0286642	https://www.imdb.com/title/tt0286642/
tt0286679	https://www.imdb.com/title/tt0286679/
tt0286784	https://www.imdb.com/title/tt0286784/
tt0286933	https://www.imdb.com/title/tt0286933/
tt0286954	https://www.imdb.com/title/tt0286954/
tt0287067	https://www.imdb.com/title/tt0287067/
tt0287165	https://www.imdb.com/title/tt0287165/
tt0289321	https://www.imdb.com/title/tt0289321/
tt0289958	https://www.imdb.com/title/tt0289958/
tt0293203	https://www.imdb.com/title/tt0293203/
tt0293216	https://www.imdb.com/title/tt0293216/
tt0293218	https://www.imdb.com/title/tt0293218/
tt0293227	https://www.imdb.com/title/tt0293227/
tt0294287	https://www.imdb.com/title/tt0294287/
tt0297182	https://www.imdb.com/title/tt0297182/
tt0297205	https://www.imdb.com/title/tt0297205/
tt0298004	https://www.imdb.com/title/tt0298004/
tt0298005	https://www.imdb.com/title/tt0298005/
tt0298011	https://www.imdb.com/title/tt0298011/
tt0298014	https://www.imdb.com/title/tt0298014/
tt0305740	https://www.imdb.com/title/tt0305740/
tt0305854	https://www.imdb.com/title/tt0305854/
tt0305891	https://www.imdb.com/title/tt0305891/
tt0305894	https://www.imdb.com/title/tt0305894/
tt0307266	https://www.imdb.com/title/tt0307266/
tt0307297	https://www.imdb.com/title/tt0307297/
tt0310107	https://www.imdb.com/title/tt0310107/
tt0311202	https://www.imdb.com/title/tt0311202/
tt0311721	https://www.imdb.com/title/tt0311721/
tt0311807	https://www.imdb.com/title/tt0311807/
tt0313528	https://www.imdb.com/title/tt0313528/
tt0314711	https://www.imdb.com/title/tt0314711/
tt0318261	https://www.imdb.com/title/tt0318261/
tt0322276	https://www.imdb.com/title/tt0322276/
tt0324320	https://www.imdb.com/title/tt0324320/
tt0331914	https://www.imdb.com/title/tt0331914/
tt0332108	https://www.imdb.com/title/tt0332108/
tt0332394	https://www.imdb.com/title/tt0332394/
tt0332487	https://www.imdb.com/title/tt0332487/
tt0334691	https://www.imdb.com/title/tt0334691/
tt0351036	https://www.imdb.com/title/tt0351036/
tt0359462	https://www.imdb.com/title/tt0359462/
tt0360721	https://www.imdb.com/title/tt0360721/
tt0362145	https://www.imdb.com/title/tt0362145/
tt0365623	https://www.imdb.com/title/tt0365623/
tt0366912	https://www.imdb.com/title/tt0366912/
tt0368815	https://www.imdb.com/title/tt0368815/
tt0368999	https://www.imdb.com/title/tt0368999/
tt0369833	https://www.imdb.com/title/tt0369833/
tt0370855	https://www.imdb.com/title/tt0370855/
tt0370857	https://www.imdb.com/title/tt0370857/
tt0377622	https://www.imdb.com/title/tt0377622/
tt0377624	https://www.imdb.com/title/tt0377624/
tt0377774	https://www.imdb.com/title/tt0377774/
tt0378305	https://www.imdb.com/title/tt0378305/
tt0378424	https://www.imdb.com/title/tt0378424/
tt0379423	https://www.imdb.com/title/tt0379423/
tt0379477	https://www.imdb.com/title/tt0379477/
tt0379553	https://www.imdb.com/title/tt0379553/
tt0381350	https://www.imdb.com/title/tt0381350/
tt0386369	https://www.imdb.com/title/tt0386369/
tt0386893	https://www.imdb.com/title/tt0386893/
tt0387590	https://www.imdb.com/title/tt0387590/
tt0389126	https://www.imdb.com/title/tt0389126/
tt0396571	https://www.imdb.com/title/tt0396571/
tt0398218	https://www.imdb.com/title/tt0398218/
tt0398669	https://www.imdb.com/title/tt0398669/
tt0399421	https://www.imdb.com/title/tt0399421/
tt0412998	https://www.imdb.com/title/tt0412998/
tt0419789	https://www.imdb.com/title/tt0419789/
tt0434135	https://www.imdb.com/title/tt0434135/
tt0436748	https://www.imdb.com/title/tt0436748/
tt0440820	https://www.imdb.com/title/tt0440820/
tt0443828	https://www.imdb.com/title/tt0443828/
tt0448690	https://www.imdb.com/title/tt0448690/
tt0455220	https://www.imdb.com/title/tt0455220/
tt0464789	https://www.imdb.com/title/tt0464789/
tt0466998	https://www.imdb.com/title/tt0466998/
tt0470111	https://www.imdb.com/title/tt0470111/
tt0470113	https://www.imdb.com/title/tt0470113/
tt0482823	https://www.imdb.com/title/tt0482823/
tt0490012	https://www.imdb.com/title/tt0490012/
tt0851564	https://www.imdb.com/title/tt0851564/
tt0904098	https://www.imdb.com/title/tt0904098/
tt0961152	https://www.imdb.com/title/tt0961152/
tt1003171	https://www.imdb.com/title/tt1003171/
tt1045617	https://www.imdb.com/title/tt1045617/
tt11349902	https://www.imdb.com/title/tt11349902/
tt11399972	https://www.imdb.com/title/tt11399972/
tt11688066	https://www.imdb.com/title/tt11688066/
tt1215169	https://www.imdb.com/title/tt1215169/
tt12199912	https://www.imdb.com/title/tt12199912/
tt1286501	https://www.imdb.com/title/tt1286501/
tt13692862	https://www.imdb.com/title/tt13692862/
tt14134176	https://www.imdb.com/title/tt14134176/
tt14684706	https://www.imdb.com/title/tt14684706/
tt14799270	https://www.imdb.com/title/tt14799270/
tt1525784	https://www.imdb.com/title/tt1525784/
tt1572174	https://www.imdb.com/title/tt1572174/
tt17068656	https://www.imdb.com/title/tt17068656/
tt18592290	https://www.imdb.com/title/tt18592290/
tt1916757	https://www.imdb.com/title/tt1916757/
tt20140070	https://www.imdb.com/title/tt20140070/
tt2110423	https://www.imdb.com/title/tt2110423/
tt21365686	https://www.imdb.com/title/tt21365686/
tt21366046	https://www.imdb.com/title/tt21366046/
tt2137620	https://www.imdb.com/title/tt2137620/
tt2187560	https://www.imdb.com/title/tt2187560/
tt2238550	https://www.imdb.com/title/tt2238550/
tt2440534	https://www.imdb.com/title/tt2440534/
tt2529928	https://www.imdb.com/title/tt2529928/
tt2529932	https://www.imdb.com/title/tt2529932/
tt25445918	https://www.imdb.com/title/tt25445918/
tt27461048	https://www.imdb.com/title/tt27461048/
tt27626569	https://www.imdb.com/title/tt27626569/
tt28335303	https://www.imdb.com/title/tt28335303/
tt28959396	https://www.imdb.com/title/tt28959396/
tt29568864	https://www.imdb.com/title/tt29568864/
tt29732165	https://www.imdb.com/title/tt29732165/
tt34381727	https://www.imdb.com/title/tt34381727/
tt34793729	https://www.imdb.com/title/tt34793729/
tt34793730	https://www.imdb.com/title/tt34793730/
tt34798714	https://www.imdb.com/title/tt34798714/
tt3586858	https://www.imdb.com/title/tt3586858/
tt3658054	https://www.imdb.com/title/tt3658054/
tt3742756	https://www.imdb.com/title/tt3742756/
tt3850930	https://www.imdb.com/title/tt3850930/
tt3850960	https://www.imdb.com/title/tt3850960/
tt3850976	https://www.imdb.com/title/tt3850976/
tt3851036	https://www.imdb.com/title/tt3851036/
tt4458802	https://www.imdb.com/title/tt4458802/
tt4458810	https://www.imdb.com/title/tt4458810/
tt5038274	https://www.imdb.com/title/tt5038274/
tt5125104	https://www.imdb.com/title/tt5125104/
tt5232584	https://www.imdb.com/title/tt5232584/
tt5299256	https://www.imdb.com/title/tt5299256/
tt6065718	https://www.imdb.com/title/tt6065718/
tt6350544	https://www.imdb.com/title/tt6350544/
tt6445734	https://www.imdb.com/title/tt6445734/
tt6445766	https://www.imdb.com/title/tt6445766/
tt6445770	https://www.imdb.com/title/tt6445770/
tt6445772	https://www.imdb.com/title/tt6445772/
tt6445774	https://www.imdb.com/title/tt6445774/
tt6445776	https://www.imdb.com/title/tt6445776/
tt6445778	https://www.imdb.com/title/tt6445778/
tt6445780	https://www.imdb.com/title/tt6445780/
tt6445782	https://www.imdb.com/title/tt6445782/
tt6445784	https://www.imdb.com/title/tt6445784/
tt6445786	https://www.imdb.com/title/tt6445786/
tt6445788	https://www.imdb.com/title/tt6445788/
tt6445790	https://www.imdb.com/title/tt6445790/
tt6445792	https://www.imdb.com/title/tt6445792/
tt6445794	https://www.imdb.com/title/tt6445794/
tt6445796	https://www.imdb.com/title/tt6445796/
tt8129706	https://www.imdb.com/title/tt8129706/
tt9240286	https://www.imdb.com/title/tt9240286/
tt9476692	https://www.imdb.com/title/tt9476692/
tt9476704	https://www.imdb.com/title/tt9476704/
tt9476710	https://www.imdb.com/title/tt9476710/
tt9652590	https://www.imdb.com/title/tt9652590/
