tconst	imdb_url
tt0000886	https://www.imdb.com/title/tt0000886/
tt0001038	https://www.imdb.com/title/tt0001038/
tt0001101	https://www.imdb.com/title/tt0001101/
tt0001109	https://www.imdb.com/title/tt0001109/
tt0001112	https://www.imdb.com/title/tt0001112/
tt0001113	https://www.imdb.com/title/tt0001113/
tt0001115	https://www.imdb.com/title/tt0001115/
tt0001116	https://www.imdb.com/title/tt0001116/
tt0001122	https://www.imdb.com/title/tt0001122/
tt0001141	https://www.imdb.com/title/tt0001141/
tt0001142	https://www.imdb.com/title/tt0001142/
tt0001147	https://www.imdb.com/title/tt0001147/
tt0001159	https://www.imdb.com/title/tt0001159/
tt0001163	https://www.imdb.com/title/tt0001163/
tt0001179	https://www.imdb.com/title/tt0001179/
tt0001184	https://www.imdb.com/title/tt0001184/
tt0001203	https://www.imdb.com/title/tt0001203/
tt0001230	https://www.imdb.com/title/tt0001230/
tt0001247	https://www.imdb.com/title/tt0001247/
tt0001277	https://www.imdb.com/title/tt0001277/
tt0001338	https://www.imdb.com/title/tt0001338/
tt0001348	https://www.imdb.com/title/tt0001348/
tt0001359	https://www.imdb.com/title/tt0001359/
tt0001364	https://www.imdb.com/title/tt0001364/
tt0001366	https://www.imdb.com/title/tt0001366/
tt0001370	https://www.imdb.com/title/tt0001370/
tt0001379	https://www.imdb.com/title/tt0001379/
tt0001382	https://www.imdb.com/title/tt0001382/
tt0001386	https://www.imdb.com/title/tt0001386/
tt0001422	https://www.imdb.com/title/tt0001422/
tt0001440	https://www.imdb.com/title/tt0001440/
tt0001465	https://www.imdb.com/title/tt0001465/
tt0131322	https://www.imdb.com/title/tt0131322/
tt0132490	https://www.imdb.com/title/tt0132490/
tt0134787	https://www.imdb.com/title/tt0134787/
tt0159428	https://www.imdb.com/title/tt0159428/
tt0173853	https://www.imdb.com/title/tt0173853/
tt0181274	https://www.imdb.com/title/tt0181274/
tt0181759	https://www.imdb.com/title/tt0181759/
tt0191172	https://www.imdb.com/title/tt0191172/
tt0191294	https://www.imdb.com/title/tt0191294/
tt0191382	https://www.imdb.com/title/tt0191382/
tt0193528	https://www.imdb.com/title/tt0193528/
tt0203451	https://www.imdb.com/title/tt0203451/
tt0203943	https://www.imdb.com/title/tt0203943/
tt0221685	https://www.imdb.com/title/tt0221685/
tt0223474	https://www.imdb.com/title/tt0223474/
tt0228359	https://www.imdb.com/title/tt0228359/
tt0233985	https://www.imdb.com/title/tt0233985/
tt0238559	https://www.imdb.com/title/tt0238559/
tt0250729	https://www.imdb.com/title/tt0250729/
tt0251154	https://www.imdb.com/title/tt0251154/
tt0252881	https://www.imdb.com/title/tt0252881/
tt0272663	https://www.imdb.com/title/tt0272663/
tt0272773	https://www.imdb.com/title/tt0272773/
tt0272806	https://www.imdb.com/title/tt0272806/
tt0273087	https://www.imdb.com/title/tt0273087/
tt0275944	https://www.imdb.com/title/tt0275944/
tt0275977	https://www.imdb.com/title/tt0275977/
tt0276451	https://www.imdb.com/title/tt0276451/
tt0276520	https://www.imdb.com/title/tt0276520/
tt0276778	https://www.imdb.com/title/tt0276778/
tt0277247	https://www.imdb.com/title/tt0277247/
tt0277254	https://www.imdb.com/title/tt0277254/
tt0279482	https://www.imdb.com/title/tt0279482/
tt0281694	https://www.imdb.com/title/tt0281694/
tt0281739	https://www.imdb.com/title/tt0281739/
tt0282614	https://www.imdb.com/title/tt0282614/
tt0284899	https://www.imdb.com/title/tt0284899/
tt0290677	https://www.imdb.com/title/tt0290677/
tt0310569	https://www.imdb.com/title/tt0310569/
tt0321755	https://www.imdb.com/title/tt0321755/
tt0357057	https://www.imdb.com/title/tt0357057/
tt0381961	https://www.imdb.com/title/tt0381961/
tt0400865	https://www.imdb.com/title/tt0400865/
tt0462607	https://www.imdb.com/title/tt0462607/
tt0489812	https://www.imdb.com/title/tt0489812/
tt0499315	https://www.imdb.com/title/tt0499315/
tt0756242	https://www.imdb.com/title/tt0756242/
tt0877604	https://www.imdb.com/title/tt0877604/
tt11471546	https://www.imdb.com/title/tt11471546/
tt1163741	https://www.imdb.com/title/tt1163741/
tt1337250	https://www.imdb.com/title/tt1337250/
tt1441270	https://www.imdb.com/title/tt1441270/
tt1483378	https://www.imdb.com/title/tt1483378/
tt1611210	https://www.imdb.com/title/tt1611210/
tt1707278	https://www.imdb.com/title/tt1707278/
tt1709647	https://www.imdb.com/title/tt1709647/
tt1783708	https://www.imdb.com/title/tt1783708/
tt1874538	https://www.imdb.com/title/tt1874538/
tt1878999	https://www.imdb.com/title/tt1878999/
tt4008474	https://www.imdb.com/title/tt4008474/
tt4011296	https://www.imdb.com/title/tt4011296/
tt4654558	https://www.imdb.com/title/tt4654558/
tt4930024	https://www.imdb.com/title/tt4930024/
tt5039730	https://www.imdb.com/title/tt5039730/
tt5093526	https://www.imdb.com/title/tt5093526/
tt5255176	https://www.imdb.com/title/tt5255176/
tt5255178	https://www.imdb.com/title/tt5255178/
tt5255180	https://www.imdb.com/title/tt5255180/
tt9517496	https://www.imdb.com/title/tt9517496/
