tconst	imdb_url
tt0030827	https://www.imdb.com/title/tt0030827/
tt0031042	https://www.imdb.com/title/tt0031042/
tt0032163	https://www.imdb.com/title/tt0032163/
tt0032187	https://www.imdb.com/title/tt0032187/
tt0032248	https://www.imdb.com/title/tt0032248/
tt0032307	https://www.imdb.com/title/tt0032307/
tt0032318	https://www.imdb.com/title/tt0032318/
tt0032365	https://www.imdb.com/title/tt0032365/
tt0032370	https://www.imdb.com/title/tt0032370/
tt0032388	https://www.imdb.com/title/tt0032388/
tt0032434	https://www.imdb.com/title/tt0032434/
tt0032435	https://www.imdb.com/title/tt0032435/
tt0032437	https://www.imdb.com/title/tt0032437/
tt0032469	https://www.imdb.com/title/tt0032469/
tt0032488	https://www.imdb.com/title/tt0032488/
tt0032511	https://www.imdb.com/title/tt0032511/
tt0032512	https://www.imdb.com/title/tt0032512/
tt0032524	https://www.imdb.com/title/tt0032524/
tt0032532	https://www.imdb.com/title/tt0032532/
tt0032565	https://www.imdb.com/title/tt0032565/
tt0032570	https://www.imdb.com/title/tt0032570/
tt0032578	https://www.imdb.com/title/tt0032578/
tt0032623	https://www.imdb.com/title/tt0032623/
tt0032738	https://www.imdb.com/title/tt0032738/
tt0032745	https://www.imdb.com/title/tt0032745/
tt0032758	https://www.imdb.com/title/tt0032758/
tt0032765	https://www.imdb.com/title/tt0032765/
tt0032767	https://www.imdb.com/title/tt0032767/
tt0032792	https://www.imdb.com/title/tt0032792/
tt0032853	https://www.imdb.com/title/tt0032853/
tt0032860	https://www.imdb.com/title/tt0032860/
tt0032861	https://www.imdb.com/title/tt0032861/
tt0032878	https://www.imdb.com/title/tt0032878/
tt0032916	https://www.imdb.com/title/tt0032916/
tt0032938	https://www.imdb.com/title/tt0032938/
tt0032944	https://www.imdb.com/title/tt0032944/
tt0032961	https://www.imdb.com/title/tt0032961/
tt0032964	https://www.imdb.com/title/tt0032964/
tt0032969	https://www.imdb.com/title/tt0032969/
tt0032974	https://www.imdb.com/title/tt0032974/
tt0032975	https://www.imdb.com/title/tt0032975/
tt0032991	https://www.imdb.com/title/tt0032991/
tt0033004	https://www.imdb.com/title/tt0033004/
tt0033051	https://www.imdb.com/title/tt0033051/
tt0033088	https://www.imdb.com/title/tt0033088/
tt0033094	https://www.imdb.com/title/tt0033094/
tt0033108	https://www.imdb.com/title/tt0033108/
tt0033118	https://www.imdb.com/title/tt0033118/
tt0033126	https://www.imdb.com/title/tt0033126/
tt0033177	https://www.imdb.com/title/tt0033177/
tt0033202	https://www.imdb.com/title/tt0033202/
tt0033203	https://www.imdb.com/title/tt0033203/
tt0033229	https://www.imdb.com/title/tt0033229/
tt0033296	https://www.imdb.com/title/tt0033296/
tt0033303	https://www.imdb.com/title/tt0033303/
tt0033305	https://www.imdb.com/title/tt0033305/
tt0033306	https://www.imdb.com/title/tt0033306/
tt0033309	https://www.imdb.com/title/tt0033309/
tt0033311	https://www.imdb.com/title/tt0033311/
tt0033313	https://www.imdb.com/title/tt0033313/
tt0033314	https://www.imdb.com/title/tt0033314/
tt0033315	https://www.imdb.com/title/tt0033315/
tt0033317	https://www.imdb.com/title/tt0033317/
tt0033319	https://www.imdb.com/title/tt0033319/
tt0033323	https://www.imdb.com/title/tt0033323/
tt0033327	https://www.imdb.com/title/tt0033327/
tt0033328	https://www.imdb.com/title/tt0033328/
tt0033330	https://www.imdb.com/title/tt0033330/
tt0033331	https://www.imdb.com/title/tt0033331/
tt0033332	https://www.imdb.com/title/tt0033332/
tt0033333	https://www.imdb.com/title/tt0033333/
tt0033334	https://www.imdb.com/title/tt0033334/
tt0033335	https://www.imdb.com/title/tt0033335/
tt0033337	https://www.imdb.com/title/tt0033337/
tt0033338	https://www.imdb.com/title/tt0033338/
tt0033339	https://www.imdb.com/title/tt0033339/
tt0033340	https://www.imdb.com/title/tt0033340/
tt0033341	https://www.imdb.com/title/tt0033341/
tt0033342	https://www.imdb.com/title/tt0033342/
tt0033343	https://www.imdb.com/title/tt0033343/
tt0033345	https://www.imdb.com/title/tt0033345/
tt0033346	https://www.imdb.com/title/tt0033346/
tt0033347	https://www.imdb.com/title/tt0033347/
tt0033348	https://www.imdb.com/title/tt0033348/
tt0033350	https://www.imdb.com/title/tt0033350/
tt0033351	https://www.imdb.com/title/tt0033351/
tt0033352	https://www.imdb.com/title/tt0033352/
tt0033353	https://www.imdb.com/title/tt0033353/
tt0033357	https://www.imdb.com/title/tt0033357/
tt0033358	https://www.imdb.com/title/tt0033358/
tt0033359	https://www.imdb.com/title/tt0033359/
tt0033362	https://www.imdb.com/title/tt0033362/
tt0033364	https://www.imdb.com/title/tt0033364/
tt0033365	https://www.imdb.com/title/tt0033365/
tt0033366	https://www.imdb.com/title/tt0033366/
tt0033367	https://www.imdb.com/title/tt0033367/
tt0033368	https://www.imdb.com/title/tt0033368/
tt0033369	https://www.imdb.com/title/tt0033369/
tt0033370	https://www.imdb.com/title/tt0033370/
tt0033372	https://www.imdb.com/title/tt0033372/
tt0033373	https://www.imdb.com/title/tt0033373/
tt0033375	https://www.imdb.com/title/tt0033375/
tt0033376	https://www.imdb.com/title/tt0033376/
tt0033377	https://www.imdb.com/title/tt0033377/
tt0033378	https://www.imdb.com/title/tt0033378/
tt0033380	https://www.imdb.com/title/tt0033380/
tt0033382	https://www.imdb.com/title/tt0033382/
tt0033383	https://www.imdb.com/title/tt0033383/
tt0033385	https://www.imdb.com/title/tt0033385/
tt0033387	https://www.imdb.com/title/tt0033387/
tt0033388	https://www.imdb.com/title/tt0033388/
tt0033389	https://www.imdb.com/title/tt0033389/
tt0033391	https://www.imdb.com/title/tt0033391/
tt0033392	https://www.imdb.com/title/tt0033392/
tt0033393	https://www.imdb.com/title/tt0033393/
tt0033394	https://www.imdb.com/title/tt0033394/
tt0033395	https://www.imdb.com/title/tt0033395/
tt0033396	https://www.imdb.com/title/tt0033396/
tt0033397	https://www.imdb.com/title/tt0033397/
tt0033399	https://www.imdb.com/title/tt0033399/
tt0033400	https://www.imdb.com/title/tt0033400/
tt0033401	https://www.imdb.com/title/tt0033401/
tt0033402	https://www.imdb.com/title/tt0033402/
tt0033403	https://www.imdb.com/title/tt0033403/
tt0033404	https://www.imdb.com/title/tt0033404/
tt0033405	https://www.imdb.com/title/tt0033405/
tt0033406	https://www.imdb.com/title/tt0033406/
tt0033407	https://www.imdb.com/title/tt0033407/
tt0033409	https://www.imdb.com/title/tt0033409/
tt0033410	https://www.imdb.com/title/tt0033410/
tt0033412	https://www.imdb.com/title/tt0033412/
tt0033414	https://www.imdb.com/title/tt0033414/
tt0033416	https://www.imdb.com/title/tt0033416/
tt0033417	https://www.imdb.com/title/tt0033417/
tt0033418	https://www.imdb.com/title/tt0033418/
tt0033419	https://www.imdb.com/title/tt0033419/
tt0033420	https://www.imdb.com/title/tt0033420/
tt0033421	https://www.imdb.com/title/tt0033421/
tt0033422	https://www.imdb.com/title/tt0033422/
tt0033425	https://www.imdb.com/title/tt0033425/
tt0033426	https://www.imdb.com/title/tt0033426/
tt0033428	https://www.imdb.com/title/tt0033428/
tt0033431	https://www.imdb.com/title/tt0033431/
tt0033432	https://www.imdb.com/title/tt0033432/
tt0033434	https://www.imdb.com/title/tt0033434/
tt0033435	https://www.imdb.com/title/tt0033435/
tt0033436	https://www.imdb.com/title/tt0033436/
tt0033439	https://www.imdb.com/title/tt0033439/
tt0033440	https://www.imdb.com/title/tt0033440/
tt0033441	https://www.imdb.com/title/tt0033441/
tt0033442	https://www.imdb.com/title/tt0033442/
tt0033445	https://www.imdb.com/title/tt0033445/
tt0033447	https://www.imdb.com/title/tt0033447/
tt0033450	https://www.imdb.com/title/tt0033450/
tt0033451	https://www.imdb.com/title/tt0033451/
tt0033452	https://www.imdb.com/title/tt0033452/
tt0033454	https://www.imdb.com/title/tt0033454/
tt0033455	https://www.imdb.com/title/tt0033455/
tt0033457	https://www.imdb.com/title/tt0033457/
tt0033458	https://www.imdb.com/title/tt0033458/
tt0033459	https://www.imdb.com/title/tt0033459/
tt0033463	https://www.imdb.com/title/tt0033463/
tt0033464	https://www.imdb.com/title/tt0033464/
tt0033467	https://www.imdb.com/title/tt0033467/
tt0033468	https://www.imdb.com/title/tt0033468/
tt0033469	https://www.imdb.com/title/tt0033469/
tt0033471	https://www.imdb.com/title/tt0033471/
tt0033474	https://www.imdb.com/title/tt0033474/
tt0033477	https://www.imdb.com/title/tt0033477/
tt0033479	https://www.imdb.com/title/tt0033479/
tt0033480	https://www.imdb.com/title/tt0033480/
tt0033481	https://www.imdb.com/title/tt0033481/
tt0033483	https://www.imdb.com/title/tt0033483/
tt0033484	https://www.imdb.com/title/tt0033484/
tt0033486	https://www.imdb.com/title/tt0033486/
tt0033487	https://www.imdb.com/title/tt0033487/
tt0033489	https://www.imdb.com/title/tt0033489/
tt0033490	https://www.imdb.com/title/tt0033490/
tt0033491	https://www.imdb.com/title/tt0033491/
tt0033492	https://www.imdb.com/title/tt0033492/
tt0033495	https://www.imdb.com/title/tt0033495/
tt0033497	https://www.imdb.com/title/tt0033497/
tt0033500	https://www.imdb.com/title/tt0033500/
tt0033502	https://www.imdb.com/title/tt0033502/
tt0033505	https://www.imdb.com/title/tt0033505/
tt0033507	https://www.imdb.com/title/tt0033507/
tt0033509	https://www.imdb.com/title/tt0033509/
tt0033510	https://www.imdb.com/title/tt0033510/
tt0033511	https://www.imdb.com/title/tt0033511/
tt0033512	https://www.imdb.com/title/tt0033512/
tt0033513	https://www.imdb.com/title/tt0033513/
tt0033515	https://www.imdb.com/title/tt0033515/
tt0033516	https://www.imdb.com/title/tt0033516/
tt0033519	https://www.imdb.com/title/tt0033519/
tt0033520	https://www.imdb.com/title/tt0033520/
tt0033521	https://www.imdb.com/title/tt0033521/
tt0033522	https://www.imdb.com/title/tt0033522/
tt0033523	https://www.imdb.com/title/tt0033523/
tt0033524	https://www.imdb.com/title/tt0033524/
tt0033525	https://www.imdb.com/title/tt0033525/
tt0033526	https://www.imdb.com/title/tt0033526/
tt0033527	https://www.imdb.com/title/tt0033527/
tt0033529	https://www.imdb.com/title/tt0033529/
tt0033530	https://www.imdb.com/title/tt0033530/
tt0033531	https://www.imdb.com/title/tt0033531/
tt0033532	https://www.imdb.com/title/tt0033532/
tt0033533	https://www.imdb.com/title/tt0033533/
tt0033534	https://www.imdb.com/title/tt0033534/
tt0033535	https://www.imdb.com/title/tt0033535/
tt0033536	https://www.imdb.com/title/tt0033536/
tt0033537	https://www.imdb.com/title/tt0033537/
tt0033538	https://www.imdb.com/title/tt0033538/
tt0033539	https://www.imdb.com/title/tt0033539/
tt0033541	https://www.imdb.com/title/tt0033541/
tt0033545	https://www.imdb.com/title/tt0033545/
tt0033546	https://www.imdb.com/title/tt0033546/
tt0033547	https://www.imdb.com/title/tt0033547/
tt0033548	https://www.imdb.com/title/tt0033548/
tt0033549	https://www.imdb.com/title/tt0033549/
tt0033550	https://www.imdb.com/title/tt0033550/
tt0033551	https://www.imdb.com/title/tt0033551/
tt0033553	https://www.imdb.com/title/tt0033553/
tt0033555	https://www.imdb.com/title/tt0033555/
tt0033557	https://www.imdb.com/title/tt0033557/
tt0033558	https://www.imdb.com/title/tt0033558/
tt0033559	https://www.imdb.com/title/tt0033559/
tt0033560	https://www.imdb.com/title/tt0033560/
tt0033561	https://www.imdb.com/title/tt0033561/
tt0033562	https://www.imdb.com/title/tt0033562/
tt0033563	https://www.imdb.com/title/tt0033563/
tt0033564	https://www.imdb.com/title/tt0033564/
tt0033566	https://www.imdb.com/title/tt0033566/
tt0033570	https://www.imdb.com/title/tt0033570/
tt0033571	https://www.imdb.com/title/tt0033571/
tt0033572	https://www.imdb.com/title/tt0033572/
tt0033573	https://www.imdb.com/title/tt0033573/
tt0033574	https://www.imdb.com/title/tt0033574/
tt0033576	https://www.imdb.com/title/tt0033576/
tt0033577	https://www.imdb.com/title/tt0033577/
tt0033578	https://www.imdb.com/title/tt0033578/
tt0033579	https://www.imdb.com/title/tt0033579/
tt0033580	https://www.imdb.com/title/tt0033580/
tt0033581	https://www.imdb.com/title/tt0033581/
tt0033582	https://www.imdb.com/title/tt0033582/
tt0033583	https://www.imdb.com/title/tt0033583/
tt0033586	https://www.imdb.com/title/tt0033586/
tt0033590	https://www.imdb.com/title/tt0033590/
tt0033592	https://www.imdb.com/title/tt0033592/
tt0033593	https://www.imdb.com/title/tt0033593/
tt0033594	https://www.imdb.com/title/tt0033594/
tt0033595	https://www.imdb.com/title/tt0033595/
tt0033596	https://www.imdb.com/title/tt0033596/
tt0033601	https://www.imdb.com/title/tt0033601/
tt0033606	https://www.imdb.com/title/tt0033606/
tt0033608	https://www.imdb.com/title/tt0033608/
tt0033611	https://www.imdb.com/title/tt0033611/
tt0033612	https://www.imdb.com/title/tt0033612/
tt0033613	https://www.imdb.com/title/tt0033613/
tt0033615	https://www.imdb.com/title/tt0033615/
tt0033616	https://www.imdb.com/title/tt0033616/
tt0033619	https://www.imdb.com/title/tt0033619/
tt0033620	https://www.imdb.com/title/tt0033620/
tt0033623	https://www.imdb.com/title/tt0033623/
tt0033624	https://www.imdb.com/title/tt0033624/
tt0033627	https://www.imdb.com/title/tt0033627/
tt0033628	https://www.imdb.com/title/tt0033628/
tt0033629	https://www.imdb.com/title/tt0033629/
tt0033631	https://www.imdb.com/title/tt0033631/
tt0033632	https://www.imdb.com/title/tt0033632/
tt0033633	https://www.imdb.com/title/tt0033633/
tt0033634	https://www.imdb.com/title/tt0033634/
tt0033635	https://www.imdb.com/title/tt0033635/
tt0033637	https://www.imdb.com/title/tt0033637/
tt0033638	https://www.imdb.com/title/tt0033638/
tt0033639	https://www.imdb.com/title/tt0033639/
tt0033640	https://www.imdb.com/title/tt0033640/
tt0033641	https://www.imdb.com/title/tt0033641/
tt0033642	https://www.imdb.com/title/tt0033642/
tt0033644	https://www.imdb.com/title/tt0033644/
tt0033645	https://www.imdb.com/title/tt0033645/
tt0033646	https://www.imdb.com/title/tt0033646/
tt0033647	https://www.imdb.com/title/tt0033647/
tt0033649	https://www.imdb.com/title/tt0033649/
tt0033650	https://www.imdb.com/title/tt0033650/
tt0033652	https://www.imdb.com/title/tt0033652/
tt0033653	https://www.imdb.com/title/tt0033653/
tt0033654	https://www.imdb.com/title/tt0033654/
tt0033655	https://www.imdb.com/title/tt0033655/
tt0033657	https://www.imdb.com/title/tt0033657/
tt0033660	https://www.imdb.com/title/tt0033660/
tt0033661	https://www.imdb.com/title/tt0033661/
tt0033662	https://www.imdb.com/title/tt0033662/
tt0033664	https://www.imdb.com/title/tt0033664/
tt0033666	https://www.imdb.com/title/tt0033666/
tt0033667	https://www.imdb.com/title/tt0033667/
tt0033669	https://www.imdb.com/title/tt0033669/
tt0033670	https://www.imdb.com/title/tt0033670/
tt0033674	https://www.imdb.com/title/tt0033674/
tt0033676	https://www.imdb.com/title/tt0033676/
tt0033677	https://www.imdb.com/title/tt0033677/
tt0033678	https://www.imdb.com/title/tt0033678/
tt0033679	https://www.imdb.com/title/tt0033679/
tt0033680	https://www.imdb.com/title/tt0033680/
tt0033682	https://www.imdb.com/title/tt0033682/
tt0033683	https://www.imdb.com/title/tt0033683/
tt0033684	https://www.imdb.com/title/tt0033684/
tt0033685	https://www.imdb.com/title/tt0033685/
tt0033686	https://www.imdb.com/title/tt0033686/
tt0033687	https://www.imdb.com/title/tt0033687/
tt0033688	https://www.imdb.com/title/tt0033688/
tt0033690	https://www.imdb.com/title/tt0033690/
tt0033691	https://www.imdb.com/title/tt0033691/
tt0033694	https://www.imdb.com/title/tt0033694/
tt0033695	https://www.imdb.com/title/tt0033695/
tt0033697	https://www.imdb.com/title/tt0033697/
tt0033701	https://www.imdb.com/title/tt0033701/
tt0033702	https://www.imdb.com/title/tt0033702/
tt0033703	https://www.imdb.com/title/tt0033703/
tt0033704	https://www.imdb.com/title/tt0033704/
tt0033706	https://www.imdb.com/title/tt0033706/
tt0033708	https://www.imdb.com/title/tt0033708/
tt0033709	https://www.imdb.com/title/tt0033709/
tt0033711	https://www.imdb.com/title/tt0033711/
tt0033712	https://www.imdb.com/title/tt0033712/
tt0033714	https://www.imdb.com/title/tt0033714/
tt0033716	https://www.imdb.com/title/tt0033716/
tt0033717	https://www.imdb.com/title/tt0033717/
tt0033718	https://www.imdb.com/title/tt0033718/
tt0033719	https://www.imdb.com/title/tt0033719/
tt0033720	https://www.imdb.com/title/tt0033720/
tt0033721	https://www.imdb.com/title/tt0033721/
tt0033722	https://www.imdb.com/title/tt0033722/
tt0033723	https://www.imdb.com/title/tt0033723/
tt0033725	https://www.imdb.com/title/tt0033725/
tt0033726	https://www.imdb.com/title/tt0033726/
tt0033727	https://www.imdb.com/title/tt0033727/
tt0033728	https://www.imdb.com/title/tt0033728/
tt0033729	https://www.imdb.com/title/tt0033729/
tt0033733	https://www.imdb.com/title/tt0033733/
tt0033734	https://www.imdb.com/title/tt0033734/
tt0033735	https://www.imdb.com/title/tt0033735/
tt0033736	https://www.imdb.com/title/tt0033736/
tt0033738	https://www.imdb.com/title/tt0033738/
tt0033739	https://www.imdb.com/title/tt0033739/
tt0033740	https://www.imdb.com/title/tt0033740/
tt0033741	https://www.imdb.com/title/tt0033741/
tt0033742	https://www.imdb.com/title/tt0033742/
tt0033743	https://www.imdb.com/title/tt0033743/
tt0033744	https://www.imdb.com/title/tt0033744/
tt0033747	https://www.imdb.com/title/tt0033747/
tt0033748	https://www.imdb.com/title/tt0033748/
tt0033749	https://www.imdb.com/title/tt0033749/
tt0033750	https://www.imdb.com/title/tt0033750/
tt0033751	https://www.imdb.com/title/tt0033751/
tt0033752	https://www.imdb.com/title/tt0033752/
tt0033753	https://www.imdb.com/title/tt0033753/
tt0033754	https://www.imdb.com/title/tt0033754/
tt0033757	https://www.imdb.com/title/tt0033757/
tt0033758	https://www.imdb.com/title/tt0033758/
tt0033759	https://www.imdb.com/title/tt0033759/
tt0033760	https://www.imdb.com/title/tt0033760/
tt0033761	https://www.imdb.com/title/tt0033761/
tt0033766	https://www.imdb.com/title/tt0033766/
tt0033769	https://www.imdb.com/title/tt0033769/
tt0033770	https://www.imdb.com/title/tt0033770/
tt0033771	https://www.imdb.com/title/tt0033771/
tt0033772	https://www.imdb.com/title/tt0033772/
tt0033774	https://www.imdb.com/title/tt0033774/
tt0033775	https://www.imdb.com/title/tt0033775/
tt0033776	https://www.imdb.com/title/tt0033776/
tt0033777	https://www.imdb.com/title/tt0033777/
tt0033778	https://www.imdb.com/title/tt0033778/
tt0033779	https://www.imdb.com/title/tt0033779/
tt0033780	https://www.imdb.com/title/tt0033780/
tt0033781	https://www.imdb.com/title/tt0033781/
tt0033783	https://www.imdb.com/title/tt0033783/
tt0033784	https://www.imdb.com/title/tt0033784/
tt0033785	https://www.imdb.com/title/tt0033785/
tt0033786	https://www.imdb.com/title/tt0033786/
tt0033787	https://www.imdb.com/title/tt0033787/
tt0033790	https://www.imdb.com/title/tt0033790/
tt0033791	https://www.imdb.com/title/tt0033791/
tt0033792	https://www.imdb.com/title/tt0033792/
tt0033794	https://www.imdb.com/title/tt0033794/
tt0033795	https://www.imdb.com/title/tt0033795/
tt0033796	https://www.imdb.com/title/tt0033796/
tt0033797	https://www.imdb.com/title/tt0033797/
tt0033798	https://www.imdb.com/title/tt0033798/
tt0033799	https://www.imdb.com/title/tt0033799/
tt0033800	https://www.imdb.com/title/tt0033800/
tt0033802	https://www.imdb.com/title/tt0033802/
tt0033803	https://www.imdb.com/title/tt0033803/
tt0033804	https://www.imdb.com/title/tt0033804/
tt0033805	https://www.imdb.com/title/tt0033805/
tt0033807	https://www.imdb.com/title/tt0033807/
tt0033808	https://www.imdb.com/title/tt0033808/
tt0033812	https://www.imdb.com/title/tt0033812/
tt0033814	https://www.imdb.com/title/tt0033814/
tt0033815	https://www.imdb.com/title/tt0033815/
tt0033816	https://www.imdb.com/title/tt0033816/
tt0033817	https://www.imdb.com/title/tt0033817/
tt0033818	https://www.imdb.com/title/tt0033818/
tt0033819	https://www.imdb.com/title/tt0033819/
tt0033820	https://www.imdb.com/title/tt0033820/
tt0033821	https://www.imdb.com/title/tt0033821/
tt0033823	https://www.imdb.com/title/tt0033823/
tt0033826	https://www.imdb.com/title/tt0033826/
tt0033827	https://www.imdb.com/title/tt0033827/
tt0033829	https://www.imdb.com/title/tt0033829/
tt0033831	https://www.imdb.com/title/tt0033831/
tt0033832	https://www.imdb.com/title/tt0033832/
tt0033836	https://www.imdb.com/title/tt0033836/
tt0033839	https://www.imdb.com/title/tt0033839/
tt0033840	https://www.imdb.com/title/tt0033840/
tt0033841	https://www.imdb.com/title/tt0033841/
tt0033842	https://www.imdb.com/title/tt0033842/
tt0033843	https://www.imdb.com/title/tt0033843/
tt0033844	https://www.imdb.com/title/tt0033844/
tt0033845	https://www.imdb.com/title/tt0033845/
tt0033846	https://www.imdb.com/title/tt0033846/
tt0033847	https://www.imdb.com/title/tt0033847/
tt0033849	https://www.imdb.com/title/tt0033849/
tt0033850	https://www.imdb.com/title/tt0033850/
tt0033851	https://www.imdb.com/title/tt0033851/
tt0033852	https://www.imdb.com/title/tt0033852/
tt0033853	https://www.imdb.com/title/tt0033853/
tt0033854	https://www.imdb.com/title/tt0033854/
tt0033855	https://www.imdb.com/title/tt0033855/
tt0033857	https://www.imdb.com/title/tt0033857/
tt0033858	https://www.imdb.com/title/tt0033858/
tt0033859	https://www.imdb.com/title/tt0033859/
tt0033864	https://www.imdb.com/title/tt0033864/
tt0033867	https://www.imdb.com/title/tt0033867/
tt0033868	https://www.imdb.com/title/tt0033868/
tt0033869	https://www.imdb.com/title/tt0033869/
tt0033870	https://www.imdb.com/title/tt0033870/
tt0033871	https://www.imdb.com/title/tt0033871/
tt0033872	https://www.imdb.com/title/tt0033872/
tt0033873	https://www.imdb.com/title/tt0033873/
tt0033874	https://www.imdb.com/title/tt0033874/
tt0033875	https://www.imdb.com/title/tt0033875/
tt0033876	https://www.imdb.com/title/tt0033876/
tt0033877	https://www.imdb.com/title/tt0033877/
tt0033878	https://www.imdb.com/title/tt0033878/
tt0033879	https://www.imdb.com/title/tt0033879/
tt0033881	https://www.imdb.com/title/tt0033881/
tt0033882	https://www.imdb.com/title/tt0033882/
tt0033883	https://www.imdb.com/title/tt0033883/
tt0033884	https://www.imdb.com/title/tt0033884/
tt0033886	https://www.imdb.com/title/tt0033886/
tt0033887	https://www.imdb.com/title/tt0033887/
tt0033890	https://www.imdb.com/title/tt0033890/
tt0033891	https://www.imdb.com/title/tt0033891/
tt0033894	https://www.imdb.com/title/tt0033894/
tt0033895	https://www.imdb.com/title/tt0033895/
tt0033896	https://www.imdb.com/title/tt0033896/
tt0033897	https://www.imdb.com/title/tt0033897/
tt0033898	https://www.imdb.com/title/tt0033898/
tt0033900	https://www.imdb.com/title/tt0033900/
tt0033902	https://www.imdb.com/title/tt0033902/
tt0033903	https://www.imdb.com/title/tt0033903/
tt0033904	https://www.imdb.com/title/tt0033904/
tt0033906	https://www.imdb.com/title/tt0033906/
tt0033907	https://www.imdb.com/title/tt0033907/
tt0033910	https://www.imdb.com/title/tt0033910/
tt0033911	https://www.imdb.com/title/tt0033911/
tt0033912	https://www.imdb.com/title/tt0033912/
tt0033913	https://www.imdb.com/title/tt0033913/
tt0033914	https://www.imdb.com/title/tt0033914/
tt0033915	https://www.imdb.com/title/tt0033915/
tt0033916	https://www.imdb.com/title/tt0033916/
tt0033917	https://www.imdb.com/title/tt0033917/
tt0033918	https://www.imdb.com/title/tt0033918/
tt0033919	https://www.imdb.com/title/tt0033919/
tt0033921	https://www.imdb.com/title/tt0033921/
tt0033922	https://www.imdb.com/title/tt0033922/
tt0033923	https://www.imdb.com/title/tt0033923/
tt0033924	https://www.imdb.com/title/tt0033924/
tt0033925	https://www.imdb.com/title/tt0033925/
tt0033927	https://www.imdb.com/title/tt0033927/
tt0033928	https://www.imdb.com/title/tt0033928/
tt0033929	https://www.imdb.com/title/tt0033929/
tt0033930	https://www.imdb.com/title/tt0033930/
tt0033932	https://www.imdb.com/title/tt0033932/
tt0033933	https://www.imdb.com/title/tt0033933/
tt0033934	https://www.imdb.com/title/tt0033934/
tt0033936	https://www.imdb.com/title/tt0033936/
tt0033937	https://www.imdb.com/title/tt0033937/
tt0033940	https://www.imdb.com/title/tt0033940/
tt0033941	https://www.imdb.com/title/tt0033941/
tt0033942	https://www.imdb.com/title/tt0033942/
tt0033943	https://www.imdb.com/title/tt0033943/
tt0033944	https://www.imdb.com/title/tt0033944/
tt0033945	https://www.imdb.com/title/tt0033945/
tt0033946	https://www.imdb.com/title/tt0033946/
tt0033947	https://www.imdb.com/title/tt0033947/
tt0033948	https://www.imdb.com/title/tt0033948/
tt0033950	https://www.imdb.com/title/tt0033950/
tt0033954	https://www.imdb.com/title/tt0033954/
tt0033955	https://www.imdb.com/title/tt0033955/
tt0033957	https://www.imdb.com/title/tt0033957/
tt0033958	https://www.imdb.com/title/tt0033958/
tt0033959	https://www.imdb.com/title/tt0033959/
tt0033960	https://www.imdb.com/title/tt0033960/
tt0033963	https://www.imdb.com/title/tt0033963/
tt0033964	https://www.imdb.com/title/tt0033964/
tt0033966	https://www.imdb.com/title/tt0033966/
tt0033967	https://www.imdb.com/title/tt0033967/
tt0033971	https://www.imdb.com/title/tt0033971/
tt0033972	https://www.imdb.com/title/tt0033972/
tt0033973	https://www.imdb.com/title/tt0033973/
tt0033975	https://www.imdb.com/title/tt0033975/
tt0033976	https://www.imdb.com/title/tt0033976/
tt0033979	https://www.imdb.com/title/tt0033979/
tt0033980	https://www.imdb.com/title/tt0033980/
tt0033981	https://www.imdb.com/title/tt0033981/
tt0033982	https://www.imdb.com/title/tt0033982/
tt0033984	https://www.imdb.com/title/tt0033984/
tt0033986	https://www.imdb.com/title/tt0033986/
tt0033987	https://www.imdb.com/title/tt0033987/
tt0033988	https://www.imdb.com/title/tt0033988/
tt0033989	https://www.imdb.com/title/tt0033989/
tt0033990	https://www.imdb.com/title/tt0033990/
tt0033991	https://www.imdb.com/title/tt0033991/
tt0033992	https://www.imdb.com/title/tt0033992/
tt0033993	https://www.imdb.com/title/tt0033993/
tt0033994	https://www.imdb.com/title/tt0033994/
tt0033995	https://www.imdb.com/title/tt0033995/
tt0033998	https://www.imdb.com/title/tt0033998/
tt0033999	https://www.imdb.com/title/tt0033999/
tt0034000	https://www.imdb.com/title/tt0034000/
tt0034001	https://www.imdb.com/title/tt0034001/
tt0034002	https://www.imdb.com/title/tt0034002/
tt0034004	https://www.imdb.com/title/tt0034004/
tt0034006	https://www.imdb.com/title/tt0034006/
tt0034007	https://www.imdb.com/title/tt0034007/
tt0034009	https://www.imdb.com/title/tt0034009/
tt0034010	https://www.imdb.com/title/tt0034010/
tt0034011	https://www.imdb.com/title/tt0034011/
tt0034012	https://www.imdb.com/title/tt0034012/
tt0034013	https://www.imdb.com/title/tt0034013/
tt0034014	https://www.imdb.com/title/tt0034014/
tt0034015	https://www.imdb.com/title/tt0034015/
tt0034018	https://www.imdb.com/title/tt0034018/
tt0034019	https://www.imdb.com/title/tt0034019/
tt0034020	https://www.imdb.com/title/tt0034020/
tt0034022	https://www.imdb.com/title/tt0034022/
tt0034023	https://www.imdb.com/title/tt0034023/
tt0034025	https://www.imdb.com/title/tt0034025/
tt0034027	https://www.imdb.com/title/tt0034027/
tt0034028	https://www.imdb.com/title/tt0034028/
tt0034029	https://www.imdb.com/title/tt0034029/
tt0034030	https://www.imdb.com/title/tt0034030/
tt0034031	https://www.imdb.com/title/tt0034031/
tt0034032	https://www.imdb.com/title/tt0034032/
tt0034033	https://www.imdb.com/title/tt0034033/
tt0034035	https://www.imdb.com/title/tt0034035/
tt0034044	https://www.imdb.com/title/tt0034044/
tt0034045	https://www.imdb.com/title/tt0034045/
tt0034053	https://www.imdb.com/title/tt0034053/
tt0034054	https://www.imdb.com/title/tt0034054/
tt0034055	https://www.imdb.com/title/tt0034055/
tt0034056	https://www.imdb.com/title/tt0034056/
tt0034057	https://www.imdb.com/title/tt0034057/
tt0034059	https://www.imdb.com/title/tt0034059/
tt0034060	https://www.imdb.com/title/tt0034060/
tt0034063	https://www.imdb.com/title/tt0034063/
tt0034065	https://www.imdb.com/title/tt0034065/
tt0034067	https://www.imdb.com/title/tt0034067/
tt0034068	https://www.imdb.com/title/tt0034068/
tt0034071	https://www.imdb.com/title/tt0034071/
tt0034073	https://www.imdb.com/title/tt0034073/
tt0034074	https://www.imdb.com/title/tt0034074/
tt0034075	https://www.imdb.com/title/tt0034075/
tt0034076	https://www.imdb.com/title/tt0034076/
tt0034078	https://www.imdb.com/title/tt0034078/
tt0034080	https://www.imdb.com/title/tt0034080/
tt0034081	https://www.imdb.com/title/tt0034081/
tt0034083	https://www.imdb.com/title/tt0034083/
tt0034084	https://www.imdb.com/title/tt0034084/
tt0034085	https://www.imdb.com/title/tt0034085/
tt0034086	https://www.imdb.com/title/tt0034086/
tt0034087	https://www.imdb.com/title/tt0034087/
tt0034088	https://www.imdb.com/title/tt0034088/
tt0034089	https://www.imdb.com/title/tt0034089/
tt0034091	https://www.imdb.com/title/tt0034091/
tt0034092	https://www.imdb.com/title/tt0034092/
tt0034093	https://www.imdb.com/title/tt0034093/
tt0034094	https://www.imdb.com/title/tt0034094/
tt0034096	https://www.imdb.com/title/tt0034096/
tt0034099	https://www.imdb.com/title/tt0034099/
tt0034100	https://www.imdb.com/title/tt0034100/
tt0034101	https://www.imdb.com/title/tt0034101/
tt0034102	https://www.imdb.com/title/tt0034102/
tt0034103	https://www.imdb.com/title/tt0034103/
tt0034104	https://www.imdb.com/title/tt0034104/
tt0034105	https://www.imdb.com/title/tt0034105/
tt0034106	https://www.imdb.com/title/tt0034106/
tt0034107	https://www.imdb.com/title/tt0034107/
tt0034108	https://www.imdb.com/title/tt0034108/
tt0034110	https://www.imdb.com/title/tt0034110/
tt0034111	https://www.imdb.com/title/tt0034111/
tt0034112	https://www.imdb.com/title/tt0034112/
tt0034114	https://www.imdb.com/title/tt0034114/
tt0034115	https://www.imdb.com/title/tt0034115/
tt0034116	https://www.imdb.com/title/tt0034116/
tt0034117	https://www.imdb.com/title/tt0034117/
tt0034118	https://www.imdb.com/title/tt0034118/
tt0034119	https://www.imdb.com/title/tt0034119/
tt0034120	https://www.imdb.com/title/tt0034120/
tt0034125	https://www.imdb.com/title/tt0034125/
tt0034126	https://www.imdb.com/title/tt0034126/
tt0034129	https://www.imdb.com/title/tt0034129/
tt0034133	https://www.imdb.com/title/tt0034133/
tt0034134	https://www.imdb.com/title/tt0034134/
tt0034136	https://www.imdb.com/title/tt0034136/
tt0034137	https://www.imdb.com/title/tt0034137/
tt0034138	https://www.imdb.com/title/tt0034138/
tt0034142	https://www.imdb.com/title/tt0034142/
tt0034144	https://www.imdb.com/title/tt0034144/
tt0034146	https://www.imdb.com/title/tt0034146/
tt0034147	https://www.imdb.com/title/tt0034147/
tt0034148	https://www.imdb.com/title/tt0034148/
tt0034152	https://www.imdb.com/title/tt0034152/
tt0034153	https://www.imdb.com/title/tt0034153/
tt0034154	https://www.imdb.com/title/tt0034154/
tt0034155	https://www.imdb.com/title/tt0034155/
tt0034156	https://www.imdb.com/title/tt0034156/
tt0034157	https://www.imdb.com/title/tt0034157/
tt0034158	https://www.imdb.com/title/tt0034158/
tt0034159	https://www.imdb.com/title/tt0034159/
tt0034160	https://www.imdb.com/title/tt0034160/
tt0034161	https://www.imdb.com/title/tt0034161/
tt0034162	https://www.imdb.com/title/tt0034162/
tt0034164	https://www.imdb.com/title/tt0034164/
tt0034165	https://www.imdb.com/title/tt0034165/
tt0034166	https://www.imdb.com/title/tt0034166/
tt0034167	https://www.imdb.com/title/tt0034167/
tt0034172	https://www.imdb.com/title/tt0034172/
tt0034173	https://www.imdb.com/title/tt0034173/
tt0034175	https://www.imdb.com/title/tt0034175/
tt0034176	https://www.imdb.com/title/tt0034176/
tt0034179	https://www.imdb.com/title/tt0034179/
tt0034181	https://www.imdb.com/title/tt0034181/
tt0034182	https://www.imdb.com/title/tt0034182/
tt0034183	https://www.imdb.com/title/tt0034183/
tt0034184	https://www.imdb.com/title/tt0034184/
tt0034185	https://www.imdb.com/title/tt0034185/
tt0034186	https://www.imdb.com/title/tt0034186/
tt0034187	https://www.imdb.com/title/tt0034187/
tt0034188	https://www.imdb.com/title/tt0034188/
tt0034189	https://www.imdb.com/title/tt0034189/
tt0034190	https://www.imdb.com/title/tt0034190/
tt0034191	https://www.imdb.com/title/tt0034191/
tt0034192	https://www.imdb.com/title/tt0034192/
tt0034193	https://www.imdb.com/title/tt0034193/
tt0034195	https://www.imdb.com/title/tt0034195/
tt0034196	https://www.imdb.com/title/tt0034196/
tt0034197	https://www.imdb.com/title/tt0034197/
tt0034198	https://www.imdb.com/title/tt0034198/
tt0034199	https://www.imdb.com/title/tt0034199/
tt0034200	https://www.imdb.com/title/tt0034200/
tt0034201	https://www.imdb.com/title/tt0034201/
tt0034202	https://www.imdb.com/title/tt0034202/
tt0034203	https://www.imdb.com/title/tt0034203/
tt0034204	https://www.imdb.com/title/tt0034204/
tt0034208	https://www.imdb.com/title/tt0034208/
tt0034211	https://www.imdb.com/title/tt0034211/
tt0034212	https://www.imdb.com/title/tt0034212/
tt0034214	https://www.imdb.com/title/tt0034214/
tt0034215	https://www.imdb.com/title/tt0034215/
tt0034217	https://www.imdb.com/title/tt0034217/
tt0034218	https://www.imdb.com/title/tt0034218/
tt0034219	https://www.imdb.com/title/tt0034219/
tt0034220	https://www.imdb.com/title/tt0034220/
tt0034221	https://www.imdb.com/title/tt0034221/
tt0034222	https://www.imdb.com/title/tt0034222/
tt0034223	https://www.imdb.com/title/tt0034223/
tt0034224	https://www.imdb.com/title/tt0034224/
tt0034226	https://www.imdb.com/title/tt0034226/
tt0034227	https://www.imdb.com/title/tt0034227/
tt0034228	https://www.imdb.com/title/tt0034228/
tt0034229	https://www.imdb.com/title/tt0034229/
tt0034230	https://www.imdb.com/title/tt0034230/
tt0034232	https://www.imdb.com/title/tt0034232/
tt0034233	https://www.imdb.com/title/tt0034233/
tt0034234	https://www.imdb.com/title/tt0034234/
tt0034235	https://www.imdb.com/title/tt0034235/
tt0034236	https://www.imdb.com/title/tt0034236/
tt0034237	https://www.imdb.com/title/tt0034237/
tt0034238	https://www.imdb.com/title/tt0034238/
tt0034240	https://www.imdb.com/title/tt0034240/
tt0034241	https://www.imdb.com/title/tt0034241/
tt0034242	https://www.imdb.com/title/tt0034242/
tt0034243	https://www.imdb.com/title/tt0034243/
tt0034245	https://www.imdb.com/title/tt0034245/
tt0034246	https://www.imdb.com/title/tt0034246/
tt0034248	https://www.imdb.com/title/tt0034248/
tt0034249	https://www.imdb.com/title/tt0034249/
tt0034251	https://www.imdb.com/title/tt0034251/
tt0034252	https://www.imdb.com/title/tt0034252/
tt0034253	https://www.imdb.com/title/tt0034253/
tt0034255	https://www.imdb.com/title/tt0034255/
tt0034256	https://www.imdb.com/title/tt0034256/
tt0034257	https://www.imdb.com/title/tt0034257/
tt0034258	https://www.imdb.com/title/tt0034258/
tt0034259	https://www.imdb.com/title/tt0034259/
tt0034260	https://www.imdb.com/title/tt0034260/
tt0034262	https://www.imdb.com/title/tt0034262/
tt0034264	https://www.imdb.com/title/tt0034264/
tt0034265	https://www.imdb.com/title/tt0034265/
tt0034266	https://www.imdb.com/title/tt0034266/
tt0034268	https://www.imdb.com/title/tt0034268/
tt0034269	https://www.imdb.com/title/tt0034269/
tt0034270	https://www.imdb.com/title/tt0034270/
tt0034271	https://www.imdb.com/title/tt0034271/
tt0034272	https://www.imdb.com/title/tt0034272/
tt0034273	https://www.imdb.com/title/tt0034273/
tt0034274	https://www.imdb.com/title/tt0034274/
tt0034275	https://www.imdb.com/title/tt0034275/
tt0034276	https://www.imdb.com/title/tt0034276/
tt0034277	https://www.imdb.com/title/tt0034277/
tt0034279	https://www.imdb.com/title/tt0034279/
tt0034280	https://www.imdb.com/title/tt0034280/
tt0034281	https://www.imdb.com/title/tt0034281/
tt0034282	https://www.imdb.com/title/tt0034282/
tt0034284	https://www.imdb.com/title/tt0034284/
tt0034285	https://www.imdb.com/title/tt0034285/
tt0034286	https://www.imdb.com/title/tt0034286/
tt0034287	https://www.imdb.com/title/tt0034287/
tt0034288	https://www.imdb.com/title/tt0034288/
tt0034289	https://www.imdb.com/title/tt0034289/
tt0034292	https://www.imdb.com/title/tt0034292/
tt0034293	https://www.imdb.com/title/tt0034293/
tt0034294	https://www.imdb.com/title/tt0034294/
tt0034296	https://www.imdb.com/title/tt0034296/
tt0034297	https://www.imdb.com/title/tt0034297/
tt0034298	https://www.imdb.com/title/tt0034298/
tt0034299	https://www.imdb.com/title/tt0034299/
tt0034300	https://www.imdb.com/title/tt0034300/
tt0034301	https://www.imdb.com/title/tt0034301/
tt0034302	https://www.imdb.com/title/tt0034302/
tt0034303	https://www.imdb.com/title/tt0034303/
tt0034304	https://www.imdb.com/title/tt0034304/
tt0034306	https://www.imdb.com/title/tt0034306/
tt0034309	https://www.imdb.com/title/tt0034309/
tt0034311	https://www.imdb.com/title/tt0034311/
tt0034313	https://www.imdb.com/title/tt0034313/
tt0034315	https://www.imdb.com/title/tt0034315/
tt0034317	https://www.imdb.com/title/tt0034317/
tt0034318	https://www.imdb.com/title/tt0034318/
tt0034319	https://www.imdb.com/title/tt0034319/
tt0034320	https://www.imdb.com/title/tt0034320/
tt0034324	https://www.imdb.com/title/tt0034324/
tt0034325	https://www.imdb.com/title/tt0034325/
tt0034327	https://www.imdb.com/title/tt0034327/
tt0034328	https://www.imdb.com/title/tt0034328/
tt0034329	https://www.imdb.com/title/tt0034329/
tt0034330	https://www.imdb.com/title/tt0034330/
tt0034333	https://www.imdb.com/title/tt0034333/
tt0034334	https://www.imdb.com/title/tt0034334/
tt0034335	https://www.imdb.com/title/tt0034335/
tt0034336	https://www.imdb.com/title/tt0034336/
tt0034337	https://www.imdb.com/title/tt0034337/
tt0034338	https://www.imdb.com/title/tt0034338/
tt0034339	https://www.imdb.com/title/tt0034339/
tt0034340	https://www.imdb.com/title/tt0034340/
tt0034341	https://www.imdb.com/title/tt0034341/
tt0034342	https://www.imdb.com/title/tt0034342/
tt0034346	https://www.imdb.com/title/tt0034346/
tt0034348	https://www.imdb.com/title/tt0034348/
tt0034352	https://www.imdb.com/title/tt0034352/
tt0034353	https://www.imdb.com/title/tt0034353/
tt0034354	https://www.imdb.com/title/tt0034354/
tt0034355	https://www.imdb.com/title/tt0034355/
tt0034358	https://www.imdb.com/title/tt0034358/
tt0034359	https://www.imdb.com/title/tt0034359/
tt0034361	https://www.imdb.com/title/tt0034361/
tt0034364	https://www.imdb.com/title/tt0034364/
tt0034367	https://www.imdb.com/title/tt0034367/
tt0034370	https://www.imdb.com/title/tt0034370/
tt0034371	https://www.imdb.com/title/tt0034371/
tt0034373	https://www.imdb.com/title/tt0034373/
tt0034374	https://www.imdb.com/title/tt0034374/
tt0034375	https://www.imdb.com/title/tt0034375/
tt0034378	https://www.imdb.com/title/tt0034378/
tt0034379	https://www.imdb.com/title/tt0034379/
tt0034380	https://www.imdb.com/title/tt0034380/
tt0034381	https://www.imdb.com/title/tt0034381/
tt0034382	https://www.imdb.com/title/tt0034382/
tt0034384	https://www.imdb.com/title/tt0034384/
tt0034385	https://www.imdb.com/title/tt0034385/
tt0034386	https://www.imdb.com/title/tt0034386/
tt0034388	https://www.imdb.com/title/tt0034388/
tt0034389	https://www.imdb.com/title/tt0034389/
tt0034390	https://www.imdb.com/title/tt0034390/
tt0034391	https://www.imdb.com/title/tt0034391/
tt0034393	https://www.imdb.com/title/tt0034393/
tt0034394	https://www.imdb.com/title/tt0034394/
tt0034396	https://www.imdb.com/title/tt0034396/
tt0034398	https://www.imdb.com/title/tt0034398/
tt0034399	https://www.imdb.com/title/tt0034399/
tt0034402	https://www.imdb.com/title/tt0034402/
tt0034403	https://www.imdb.com/title/tt0034403/
tt0034404	https://www.imdb.com/title/tt0034404/
tt0034405	https://www.imdb.com/title/tt0034405/
tt0034407	https://www.imdb.com/title/tt0034407/
tt0034409	https://www.imdb.com/title/tt0034409/
tt0034410	https://www.imdb.com/title/tt0034410/
tt0034411	https://www.imdb.com/title/tt0034411/
tt0034412	https://www.imdb.com/title/tt0034412/
tt0034415	https://www.imdb.com/title/tt0034415/
tt0034416	https://www.imdb.com/title/tt0034416/
tt0034417	https://www.imdb.com/title/tt0034417/
tt0034418	https://www.imdb.com/title/tt0034418/
tt0034419	https://www.imdb.com/title/tt0034419/
tt0034484	https://www.imdb.com/title/tt0034484/
tt0034485	https://www.imdb.com/title/tt0034485/
tt0034537	https://www.imdb.com/title/tt0034537/
tt0034539	https://www.imdb.com/title/tt0034539/
tt0034628	https://www.imdb.com/title/tt0034628/
tt0034730	https://www.imdb.com/title/tt0034730/
tt0034812	https://www.imdb.com/title/tt0034812/
tt0034830	https://www.imdb.com/title/tt0034830/
tt0034831	https://www.imdb.com/title/tt0034831/
tt0034863	https://www.imdb.com/title/tt0034863/
tt0034867	https://www.imdb.com/title/tt0034867/
tt0034878	https://www.imdb.com/title/tt0034878/
tt0035034	https://www.imdb.com/title/tt0035034/
tt0035067	https://www.imdb.com/title/tt0035067/
tt0035071	https://www.imdb.com/title/tt0035071/
tt0035089	https://www.imdb.com/title/tt0035089/
tt0035090	https://www.imdb.com/title/tt0035090/
tt0035128	https://www.imdb.com/title/tt0035128/
tt0035158	https://www.imdb.com/title/tt0035158/
tt0035261	https://www.imdb.com/title/tt0035261/
tt0035280	https://www.imdb.com/title/tt0035280/
tt0035322	https://www.imdb.com/title/tt0035322/
tt0035339	https://www.imdb.com/title/tt0035339/
tt0035347	https://www.imdb.com/title/tt0035347/
tt0035462	https://www.imdb.com/title/tt0035462/
tt0036324	https://www.imdb.com/title/tt0036324/
tt0040704	https://www.imdb.com/title/tt0040704/
tt0045360	https://www.imdb.com/title/tt0045360/
tt0121368	https://www.imdb.com/title/tt0121368/
tt0121398	https://www.imdb.com/title/tt0121398/
tt0121453	https://www.imdb.com/title/tt0121453/
tt0121791	https://www.imdb.com/title/tt0121791/
tt0122211	https://www.imdb.com/title/tt0122211/
tt0122220	https://www.imdb.com/title/tt0122220/
tt0122799	https://www.imdb.com/title/tt0122799/
tt0123022	https://www.imdb.com/title/tt0123022/
tt0123023	https://www.imdb.com/title/tt0123023/
tt0123081	https://www.imdb.com/title/tt0123081/
tt0123126	https://www.imdb.com/title/tt0123126/
tt0123164	https://www.imdb.com/title/tt0123164/
tt0123199	https://www.imdb.com/title/tt0123199/
tt0123267	https://www.imdb.com/title/tt0123267/
tt0123445	https://www.imdb.com/title/tt0123445/
tt0123994	https://www.imdb.com/title/tt0123994/
tt0124153	https://www.imdb.com/title/tt0124153/
tt0124532	https://www.imdb.com/title/tt0124532/
tt0124894	https://www.imdb.com/title/tt0124894/
tt0124905	https://www.imdb.com/title/tt0124905/
tt0124928	https://www.imdb.com/title/tt0124928/
tt0125435	https://www.imdb.com/title/tt0125435/
tt0125526	https://www.imdb.com/title/tt0125526/
tt0125535	https://www.imdb.com/title/tt0125535/
tt0125737	https://www.imdb.com/title/tt0125737/
tt0126336	https://www.imdb.com/title/tt0126336/
tt0127638	https://www.imdb.com/title/tt0127638/
tt0129098	https://www.imdb.com/title/tt0129098/
tt0129982	https://www.imdb.com/title/tt0129982/
tt0129993	https://www.imdb.com/title/tt0129993/
tt0130112	https://www.imdb.com/title/tt0130112/
tt0130269	https://www.imdb.com/title/tt0130269/
tt0130357	https://www.imdb.com/title/tt0130357/
tt0130809	https://www.imdb.com/title/tt0130809/
tt0130984	https://www.imdb.com/title/tt0130984/
tt0131478	https://www.imdb.com/title/tt0131478/
tt0131582	https://www.imdb.com/title/tt0131582/
tt0131709	https://www.imdb.com/title/tt0131709/
tt0134034	https://www.imdb.com/title/tt0134034/
tt0136277	https://www.imdb.com/title/tt0136277/
tt0137042	https://www.imdb.com/title/tt0137042/
tt0138700	https://www.imdb.com/title/tt0138700/
tt0139047	https://www.imdb.com/title/tt0139047/
tt0139399	https://www.imdb.com/title/tt0139399/
tt0139485	https://www.imdb.com/title/tt0139485/
tt0139517	https://www.imdb.com/title/tt0139517/
tt0139678	https://www.imdb.com/title/tt0139678/
tt0139720	https://www.imdb.com/title/tt0139720/
tt0139888	https://www.imdb.com/title/tt0139888/
tt0140386	https://www.imdb.com/title/tt0140386/
tt0140470	https://www.imdb.com/title/tt0140470/
tt0140578	https://www.imdb.com/title/tt0140578/
tt0140626	https://www.imdb.com/title/tt0140626/
tt0140723	https://www.imdb.com/title/tt0140723/
tt0146001	https://www.imdb.com/title/tt0146001/
tt0150485	https://www.imdb.com/title/tt0150485/
tt0150969	https://www.imdb.com/title/tt0150969/
tt0151097	https://www.imdb.com/title/tt0151097/
tt0151727	https://www.imdb.com/title/tt0151727/
tt0152058	https://www.imdb.com/title/tt0152058/
tt0152223	https://www.imdb.com/title/tt0152223/
tt0152238	https://www.imdb.com/title/tt0152238/
tt0152244	https://www.imdb.com/title/tt0152244/
tt0152386	https://www.imdb.com/title/tt0152386/
tt0152994	https://www.imdb.com/title/tt0152994/
tt0154020	https://www.imdb.com/title/tt0154020/
tt0154182	https://www.imdb.com/title/tt0154182/
tt0154198	https://www.imdb.com/title/tt0154198/
tt0154264	https://www.imdb.com/title/tt0154264/
tt0154718	https://www.imdb.com/title/tt0154718/
tt0154833	https://www.imdb.com/title/tt0154833/
tt0154997	https://www.imdb.com/title/tt0154997/
tt0155163	https://www.imdb.com/title/tt0155163/
tt0155205	https://www.imdb.com/title/tt0155205/
tt0155336	https://www.imdb.com/title/tt0155336/
tt0155630	https://www.imdb.com/title/tt0155630/
tt0155843	https://www.imdb.com/title/tt0155843/
tt0155868	https://www.imdb.com/title/tt0155868/
tt0156000	https://www.imdb.com/title/tt0156000/
tt0156156	https://www.imdb.com/title/tt0156156/
tt0156303	https://www.imdb.com/title/tt0156303/
tt0156432	https://www.imdb.com/title/tt0156432/
tt0156697	https://www.imdb.com/title/tt0156697/
tt0156871	https://www.imdb.com/title/tt0156871/
tt0157315	https://www.imdb.com/title/tt0157315/
tt0157332	https://www.imdb.com/title/tt0157332/
tt0158460	https://www.imdb.com/title/tt0158460/
tt0158503	https://www.imdb.com/title/tt0158503/
tt0158597	https://www.imdb.com/title/tt0158597/
tt0158861	https://www.imdb.com/title/tt0158861/
tt0158869	https://www.imdb.com/title/tt0158869/
tt0158915	https://www.imdb.com/title/tt0158915/
tt0158919	https://www.imdb.com/title/tt0158919/
tt0159435	https://www.imdb.com/title/tt0159435/
tt0159449	https://www.imdb.com/title/tt0159449/
tt0159495	https://www.imdb.com/title/tt0159495/
tt0159500	https://www.imdb.com/title/tt0159500/
tt0159504	https://www.imdb.com/title/tt0159504/
tt0159513	https://www.imdb.com/title/tt0159513/
tt0159516	https://www.imdb.com/title/tt0159516/
tt0159590	https://www.imdb.com/title/tt0159590/
tt0159801	https://www.imdb.com/title/tt0159801/
tt0159814	https://www.imdb.com/title/tt0159814/
tt0159831	https://www.imdb.com/title/tt0159831/
tt0161609	https://www.imdb.com/title/tt0161609/
tt0161870	https://www.imdb.com/title/tt0161870/
tt0162147	https://www.imdb.com/title/tt0162147/
tt0162405	https://www.imdb.com/title/tt0162405/
tt0165157	https://www.imdb.com/title/tt0165157/
tt0166385	https://www.imdb.com/title/tt0166385/
tt0168556	https://www.imdb.com/title/tt0168556/
tt0169309	https://www.imdb.com/title/tt0169309/
tt0169854	https://www.imdb.com/title/tt0169854/
tt0170002	https://www.imdb.com/title/tt0170002/
tt0170027	https://www.imdb.com/title/tt0170027/
tt0170448	https://www.imdb.com/title/tt0170448/
tt0172241	https://www.imdb.com/title/tt0172241/
tt0175503	https://www.imdb.com/title/tt0175503/
tt0175892	https://www.imdb.com/title/tt0175892/
tt0175903	https://www.imdb.com/title/tt0175903/
tt0176017	https://www.imdb.com/title/tt0176017/
tt0177912	https://www.imdb.com/title/tt0177912/
tt0178289	https://www.imdb.com/title/tt0178289/
tt0178549	https://www.imdb.com/title/tt0178549/
tt0178785	https://www.imdb.com/title/tt0178785/
tt0178805	https://www.imdb.com/title/tt0178805/
tt0178827	https://www.imdb.com/title/tt0178827/
tt0178908	https://www.imdb.com/title/tt0178908/
tt0178967	https://www.imdb.com/title/tt0178967/
tt0178995	https://www.imdb.com/title/tt0178995/
tt0179545	https://www.imdb.com/title/tt0179545/
tt0179690	https://www.imdb.com/title/tt0179690/
tt0180422	https://www.imdb.com/title/tt0180422/
tt0180989	https://www.imdb.com/title/tt0180989/
tt0181348	https://www.imdb.com/title/tt0181348/
tt0182671	https://www.imdb.com/title/tt0182671/
tt0183518	https://www.imdb.com/title/tt0183518/
tt0183805	https://www.imdb.com/title/tt0183805/
tt0184188	https://www.imdb.com/title/tt0184188/
tt0184831	https://www.imdb.com/title/tt0184831/
tt0185317	https://www.imdb.com/title/tt0185317/
tt0186672	https://www.imdb.com/title/tt0186672/
tt0186788	https://www.imdb.com/title/tt0186788/
tt0186989	https://www.imdb.com/title/tt0186989/
tt0187012	https://www.imdb.com/title/tt0187012/
tt0187136	https://www.imdb.com/title/tt0187136/
tt0188406	https://www.imdb.com/title/tt0188406/
tt0188923	https://www.imdb.com/title/tt0188923/
tt0189422	https://www.imdb.com/title/tt0189422/
tt0189945	https://www.imdb.com/title/tt0189945/
tt0190444	https://www.imdb.com/title/tt0190444/
tt0190671	https://www.imdb.com/title/tt0190671/
tt0191178	https://www.imdb.com/title/tt0191178/
tt0191870	https://www.imdb.com/title/tt0191870/
tt0191978	https://www.imdb.com/title/tt0191978/
tt0192177	https://www.imdb.com/title/tt0192177/
tt0192355	https://www.imdb.com/title/tt0192355/
tt0192367	https://www.imdb.com/title/tt0192367/
tt0192376	https://www.imdb.com/title/tt0192376/
tt0192502	https://www.imdb.com/title/tt0192502/
tt0192739	https://www.imdb.com/title/tt0192739/
tt0192759	https://www.imdb.com/title/tt0192759/
tt0193341	https://www.imdb.com/title/tt0193341/
tt0193666	https://www.imdb.com/title/tt0193666/
tt0193718	https://www.imdb.com/title/tt0193718/
tt0193768	https://www.imdb.com/title/tt0193768/
tt0193806	https://www.imdb.com/title/tt0193806/
tt0193817	https://www.imdb.com/title/tt0193817/
tt0193819	https://www.imdb.com/title/tt0193819/
tt0194349	https://www.imdb.com/title/tt0194349/
tt0194559	https://www.imdb.com/title/tt0194559/
tt0194560	https://www.imdb.com/title/tt0194560/
tt0194563	https://www.imdb.com/title/tt0194563/
tt0194944	https://www.imdb.com/title/tt0194944/
tt0194975	https://www.imdb.com/title/tt0194975/
tt0195020	https://www.imdb.com/title/tt0195020/
tt0197681	https://www.imdb.com/title/tt0197681/
tt0197709	https://www.imdb.com/title/tt0197709/
tt0197879	https://www.imdb.com/title/tt0197879/
tt0197988	https://www.imdb.com/title/tt0197988/
tt0198281	https://www.imdb.com/title/tt0198281/
tt0198585	https://www.imdb.com/title/tt0198585/
tt0199460	https://www.imdb.com/title/tt0199460/
tt0199656	https://www.imdb.com/title/tt0199656/
tt0199930	https://www.imdb.com/title/tt0199930/
tt0200678	https://www.imdb.com/title/tt0200678/
tt0201664	https://www.imdb.com/title/tt0201664/
tt0201785	https://www.imdb.com/title/tt0201785/
tt0202115	https://www.imdb.com/title/tt0202115/
tt0202781	https://www.imdb.com/title/tt0202781/
tt0204381	https://www.imdb.com/title/tt0204381/
tt0204894	https://www.imdb.com/title/tt0204894/
tt0205053	https://www.imdb.com/title/tt0205053/
tt0205234	https://www.imdb.com/title/tt0205234/
tt0205339	https://www.imdb.com/title/tt0205339/
tt0205372	https://www.imdb.com/title/tt0205372/
tt0205375	https://www.imdb.com/title/tt0205375/
tt0205378	https://www.imdb.com/title/tt0205378/
tt0205555	https://www.imdb.com/title/tt0205555/
tt0205561	https://www.imdb.com/title/tt0205561/
tt0205866	https://www.imdb.com/title/tt0205866/
tt0205929	https://www.imdb.com/title/tt0205929/
tt0206060	https://www.imdb.com/title/tt0206060/
tt0206165	https://www.imdb.com/title/tt0206165/
tt0206288	https://www.imdb.com/title/tt0206288/
tt0206289	https://www.imdb.com/title/tt0206289/
tt0206428	https://www.imdb.com/title/tt0206428/
tt0206443	https://www.imdb.com/title/tt0206443/
tt0206449	https://www.imdb.com/title/tt0206449/
tt0206655	https://www.imdb.com/title/tt0206655/
tt0206763	https://www.imdb.com/title/tt0206763/
tt0206822	https://www.imdb.com/title/tt0206822/
tt0206870	https://www.imdb.com/title/tt0206870/
tt0206935	https://www.imdb.com/title/tt0206935/
tt0206936	https://www.imdb.com/title/tt0206936/
tt0207117	https://www.imdb.com/title/tt0207117/
tt0207232	https://www.imdb.com/title/tt0207232/
tt0210324	https://www.imdb.com/title/tt0210324/
tt0211515	https://www.imdb.com/title/tt0211515/
tt0212327	https://www.imdb.com/title/tt0212327/
tt0212935	https://www.imdb.com/title/tt0212935/
tt0213494	https://www.imdb.com/title/tt0213494/
tt0213547	https://www.imdb.com/title/tt0213547/
tt0213946	https://www.imdb.com/title/tt0213946/
tt0213979	https://www.imdb.com/title/tt0213979/
tt0214031	https://www.imdb.com/title/tt0214031/
tt0214085	https://www.imdb.com/title/tt0214085/
tt0214109	https://www.imdb.com/title/tt0214109/
tt0214225	https://www.imdb.com/title/tt0214225/
tt0214457	https://www.imdb.com/title/tt0214457/
tt0214846	https://www.imdb.com/title/tt0214846/
tt0216305	https://www.imdb.com/title/tt0216305/
tt0217108	https://www.imdb.com/title/tt0217108/
tt0217902	https://www.imdb.com/title/tt0217902/
tt0218154	https://www.imdb.com/title/tt0218154/
tt0218471	https://www.imdb.com/title/tt0218471/
tt0219132	https://www.imdb.com/title/tt0219132/
tt0220109	https://www.imdb.com/title/tt0220109/
tt0220295	https://www.imdb.com/title/tt0220295/
tt0220862	https://www.imdb.com/title/tt0220862/
tt0221337	https://www.imdb.com/title/tt0221337/
tt0228039	https://www.imdb.com/title/tt0228039/
tt0228530	https://www.imdb.com/title/tt0228530/
tt0230076	https://www.imdb.com/title/tt0230076/
tt0230395	https://www.imdb.com/title/tt0230395/
tt0230508	https://www.imdb.com/title/tt0230508/
tt0230626	https://www.imdb.com/title/tt0230626/
tt0230671	https://www.imdb.com/title/tt0230671/
tt0231085	https://www.imdb.com/title/tt0231085/
tt0231112	https://www.imdb.com/title/tt0231112/
tt0231320	https://www.imdb.com/title/tt0231320/
tt0231323	https://www.imdb.com/title/tt0231323/
tt0232095	https://www.imdb.com/title/tt0232095/
tt0232571	https://www.imdb.com/title/tt0232571/
tt0232610	https://www.imdb.com/title/tt0232610/
tt0232743	https://www.imdb.com/title/tt0232743/
tt0232794	https://www.imdb.com/title/tt0232794/
tt0233205	https://www.imdb.com/title/tt0233205/
tt0233457	https://www.imdb.com/title/tt0233457/
tt0233623	https://www.imdb.com/title/tt0233623/
tt0233736	https://www.imdb.com/title/tt0233736/
tt0233868	https://www.imdb.com/title/tt0233868/
tt0233999	https://www.imdb.com/title/tt0233999/
tt0235005	https://www.imdb.com/title/tt0235005/
tt0235088	https://www.imdb.com/title/tt0235088/
tt0235983	https://www.imdb.com/title/tt0235983/
tt0237600	https://www.imdb.com/title/tt0237600/
tt0237950	https://www.imdb.com/title/tt0237950/
tt0238383	https://www.imdb.com/title/tt0238383/
tt0239534	https://www.imdb.com/title/tt0239534/
tt0239535	https://www.imdb.com/title/tt0239535/
tt0239667	https://www.imdb.com/title/tt0239667/
tt0239704	https://www.imdb.com/title/tt0239704/
tt0240479	https://www.imdb.com/title/tt0240479/
tt0240875	https://www.imdb.com/title/tt0240875/
tt0241309	https://www.imdb.com/title/tt0241309/
tt0241896	https://www.imdb.com/title/tt0241896/
tt0242141	https://www.imdb.com/title/tt0242141/
tt0242300	https://www.imdb.com/title/tt0242300/
tt0242992	https://www.imdb.com/title/tt0242992/
tt0243008	https://www.imdb.com/title/tt0243008/
tt0243247	https://www.imdb.com/title/tt0243247/
tt0243559	https://www.imdb.com/title/tt0243559/
tt0244625	https://www.imdb.com/title/tt0244625/
tt0244671	https://www.imdb.com/title/tt0244671/
tt0245543	https://www.imdb.com/title/tt0245543/
tt0245816	https://www.imdb.com/title/tt0245816/
tt0245946	https://www.imdb.com/title/tt0245946/
tt0246192	https://www.imdb.com/title/tt0246192/
tt0246742	https://www.imdb.com/title/tt0246742/
tt0247268	https://www.imdb.com/title/tt0247268/
tt0247604	https://www.imdb.com/title/tt0247604/
tt0247736	https://www.imdb.com/title/tt0247736/
tt0247914	https://www.imdb.com/title/tt0247914/
tt0248226	https://www.imdb.com/title/tt0248226/
tt0248366	https://www.imdb.com/title/tt0248366/
tt0248674	https://www.imdb.com/title/tt0248674/
tt0248999	https://www.imdb.com/title/tt0248999/
tt0249390	https://www.imdb.com/title/tt0249390/
tt0249409	https://www.imdb.com/title/tt0249409/
tt0249439	https://www.imdb.com/title/tt0249439/
tt0249907	https://www.imdb.com/title/tt0249907/
tt0250788	https://www.imdb.com/title/tt0250788/
tt0251134	https://www.imdb.com/title/tt0251134/
tt0251350	https://www.imdb.com/title/tt0251350/
tt0252583	https://www.imdb.com/title/tt0252583/
tt0253436	https://www.imdb.com/title/tt0253436/
tt0253806	https://www.imdb.com/title/tt0253806/
tt0254810	https://www.imdb.com/title/tt0254810/
tt0255711	https://www.imdb.com/title/tt0255711/
tt0255833	https://www.imdb.com/title/tt0255833/
tt0255924	https://www.imdb.com/title/tt0255924/
tt0255925	https://www.imdb.com/title/tt0255925/
tt0256281	https://www.imdb.com/title/tt0256281/
tt0256410	https://www.imdb.com/title/tt0256410/
tt0257829	https://www.imdb.com/title/tt0257829/
tt0258496	https://www.imdb.com/title/tt0258496/
tt0258514	https://www.imdb.com/title/tt0258514/
tt0258790	https://www.imdb.com/title/tt0258790/
tt0258944	https://www.imdb.com/title/tt0258944/
tt0259086	https://www.imdb.com/title/tt0259086/
tt0259189	https://www.imdb.com/title/tt0259189/
tt0259204	https://www.imdb.com/title/tt0259204/
tt0259215	https://www.imdb.com/title/tt0259215/
tt0259384	https://www.imdb.com/title/tt0259384/
tt0261812	https://www.imdb.com/title/tt0261812/
tt0262611	https://www.imdb.com/title/tt0262611/
tt0263493	https://www.imdb.com/title/tt0263493/
tt0263835	https://www.imdb.com/title/tt0263835/
tt0264463	https://www.imdb.com/title/tt0264463/
tt0265658	https://www.imdb.com/title/tt0265658/
tt0265706	https://www.imdb.com/title/tt0265706/
tt0266642	https://www.imdb.com/title/tt0266642/
tt0267017	https://www.imdb.com/title/tt0267017/
tt0267245	https://www.imdb.com/title/tt0267245/
tt0267529	https://www.imdb.com/title/tt0267529/
tt0267646	https://www.imdb.com/title/tt0267646/
tt0268284	https://www.imdb.com/title/tt0268284/
tt0268709	https://www.imdb.com/title/tt0268709/
tt0272435	https://www.imdb.com/title/tt0272435/
tt0273929	https://www.imdb.com/title/tt0273929/
tt0274573	https://www.imdb.com/title/tt0274573/
tt0274709	https://www.imdb.com/title/tt0274709/
tt0276344	https://www.imdb.com/title/tt0276344/
tt0278760	https://www.imdb.com/title/tt0278760/
tt0278917	https://www.imdb.com/title/tt0278917/
tt0279030	https://www.imdb.com/title/tt0279030/
tt0279731	https://www.imdb.com/title/tt0279731/
tt0280358	https://www.imdb.com/title/tt0280358/
tt0280411	https://www.imdb.com/title/tt0280411/
tt0280439	https://www.imdb.com/title/tt0280439/
tt0280532	https://www.imdb.com/title/tt0280532/
tt0280686	https://www.imdb.com/title/tt0280686/
tt0280717	https://www.imdb.com/title/tt0280717/
tt0280762	https://www.imdb.com/title/tt0280762/
tt0280868	https://www.imdb.com/title/tt0280868/
tt0281110	https://www.imdb.com/title/tt0281110/
tt0281160	https://www.imdb.com/title/tt0281160/
tt0281192	https://www.imdb.com/title/tt0281192/
tt0281613	https://www.imdb.com/title/tt0281613/
tt0281754	https://www.imdb.com/title/tt0281754/
tt0281773	https://www.imdb.com/title/tt0281773/
tt0284687	https://www.imdb.com/title/tt0284687/
tt0284688	https://www.imdb.com/title/tt0284688/
tt0287435	https://www.imdb.com/title/tt0287435/
tt0288487	https://www.imdb.com/title/tt0288487/
tt0288504	https://www.imdb.com/title/tt0288504/
tt0289409	https://www.imdb.com/title/tt0289409/
tt0294623	https://www.imdb.com/title/tt0294623/
tt0294630	https://www.imdb.com/title/tt0294630/
tt0294856	https://www.imdb.com/title/tt0294856/
tt0296136	https://www.imdb.com/title/tt0296136/
tt0298400	https://www.imdb.com/title/tt0298400/
tt0302766	https://www.imdb.com/title/tt0302766/
tt0302792	https://www.imdb.com/title/tt0302792/
tt0304254	https://www.imdb.com/title/tt0304254/
tt0304298	https://www.imdb.com/title/tt0304298/
tt0308088	https://www.imdb.com/title/tt0308088/
tt0308733	https://www.imdb.com/title/tt0308733/
tt0312794	https://www.imdb.com/title/tt0312794/
tt0315382	https://www.imdb.com/title/tt0315382/
tt0315612	https://www.imdb.com/title/tt0315612/
tt0316747	https://www.imdb.com/title/tt0316747/
tt0316838	https://www.imdb.com/title/tt0316838/
tt0324162	https://www.imdb.com/title/tt0324162/
tt0325308	https://www.imdb.com/title/tt0325308/
tt0326267	https://www.imdb.com/title/tt0326267/
tt0326279	https://www.imdb.com/title/tt0326279/
tt0327221	https://www.imdb.com/title/tt0327221/
tt0329722	https://www.imdb.com/title/tt0329722/
tt0330883	https://www.imdb.com/title/tt0330883/
tt0331308	https://www.imdb.com/title/tt0331308/
tt0331868	https://www.imdb.com/title/tt0331868/
tt0331915	https://www.imdb.com/title/tt0331915/
tt0332353	https://www.imdb.com/title/tt0332353/
tt0332395	https://www.imdb.com/title/tt0332395/
tt0335516	https://www.imdb.com/title/tt0335516/
tt0335521	https://www.imdb.com/title/tt0335521/
tt0335783	https://www.imdb.com/title/tt0335783/
tt0335830	https://www.imdb.com/title/tt0335830/
tt0336663	https://www.imdb.com/title/tt0336663/
tt0343877	https://www.imdb.com/title/tt0343877/
tt0344012	https://www.imdb.com/title/tt0344012/
tt0344925	https://www.imdb.com/title/tt0344925/
tt0347805	https://www.imdb.com/title/tt0347805/
tt0351946	https://www.imdb.com/title/tt0351946/
tt0358622	https://www.imdb.com/title/tt0358622/
tt0359975	https://www.imdb.com/title/tt0359975/
tt0360992	https://www.imdb.com/title/tt0360992/
tt0361768	https://www.imdb.com/title/tt0361768/
tt0361878	https://www.imdb.com/title/tt0361878/
tt0364405	https://www.imdb.com/title/tt0364405/
tt0371165	https://www.imdb.com/title/tt0371165/
tt0372549	https://www.imdb.com/title/tt0372549/
tt0373018	https://www.imdb.com/title/tt0373018/
tt0373091	https://www.imdb.com/title/tt0373091/
tt0373248	https://www.imdb.com/title/tt0373248/
tt0375119	https://www.imdb.com/title/tt0375119/
tt0376618	https://www.imdb.com/title/tt0376618/
tt0376679	https://www.imdb.com/title/tt0376679/
tt0379247	https://www.imdb.com/title/tt0379247/
tt0381358	https://www.imdb.com/title/tt0381358/
tt0383189	https://www.imdb.com/title/tt0383189/
tt0383323	https://www.imdb.com/title/tt0383323/
tt0386725	https://www.imdb.com/title/tt0386725/
tt0387532	https://www.imdb.com/title/tt0387532/
tt0398195	https://www.imdb.com/title/tt0398195/
tt0404569	https://www.imdb.com/title/tt0404569/
tt0404935	https://www.imdb.com/title/tt0404935/
tt0404994	https://www.imdb.com/title/tt0404994/
tt0417961	https://www.imdb.com/title/tt0417961/
tt0419788	https://www.imdb.com/title/tt0419788/
tt0419961	https://www.imdb.com/title/tt0419961/
tt0422104	https://www.imdb.com/title/tt0422104/
tt0422827	https://www.imdb.com/title/tt0422827/
tt0427424	https://www.imdb.com/title/tt0427424/
tt0428002	https://www.imdb.com/title/tt0428002/
tt0434133	https://www.imdb.com/title/tt0434133/
tt0437285	https://www.imdb.com/title/tt0437285/
tt0437510	https://www.imdb.com/title/tt0437510/
tt0444173	https://www.imdb.com/title/tt0444173/
tt0447887	https://www.imdb.com/title/tt0447887/
tt0448585	https://www.imdb.com/title/tt0448585/
tt0451917	https://www.imdb.com/title/tt0451917/
tt0458197	https://www.imdb.com/title/tt0458197/
tt0461787	https://www.imdb.com/title/tt0461787/
tt0461798	https://www.imdb.com/title/tt0461798/
tt0466695	https://www.imdb.com/title/tt0466695/
tt0466697	https://www.imdb.com/title/tt0466697/
tt0467202	https://www.imdb.com/title/tt0467202/
tt0468113	https://www.imdb.com/title/tt0468113/
tt0468944	https://www.imdb.com/title/tt0468944/
tt0469514	https://www.imdb.com/title/tt0469514/
tt0470917	https://www.imdb.com/title/tt0470917/
tt0471295	https://www.imdb.com/title/tt0471295/
tt0471945	https://www.imdb.com/title/tt0471945/
tt0473232	https://www.imdb.com/title/tt0473232/
tt0483919	https://www.imdb.com/title/tt0483919/
tt0486271	https://www.imdb.com/title/tt0486271/
tt0488144	https://www.imdb.com/title/tt0488144/
tt0497710	https://www.imdb.com/title/tt0497710/
tt0764704	https://www.imdb.com/title/tt0764704/
tt0764826	https://www.imdb.com/title/tt0764826/
tt0764872	https://www.imdb.com/title/tt0764872/
tt0764897	https://www.imdb.com/title/tt0764897/
tt0764917	https://www.imdb.com/title/tt0764917/
tt0777777	https://www.imdb.com/title/tt0777777/
tt0778004	https://www.imdb.com/title/tt0778004/
tt0786923	https://www.imdb.com/title/tt0786923/
tt0786926	https://www.imdb.com/title/tt0786926/
tt0787023	https://www.imdb.com/title/tt0787023/
tt0787034	https://www.imdb.com/title/tt0787034/
tt0787065	https://www.imdb.com/title/tt0787065/
tt0787142	https://www.imdb.com/title/tt0787142/
tt0787220	https://www.imdb.com/title/tt0787220/
tt0787237	https://www.imdb.com/title/tt0787237/
tt0788040	https://www.imdb.com/title/tt0788040/
tt0788158	https://www.imdb.com/title/tt0788158/
tt0788159	https://www.imdb.com/title/tt0788159/
tt0788204	https://www.imdb.com/title/tt0788204/
tt0791491	https://www.imdb.com/title/tt0791491/
tt0791518	https://www.imdb.com/title/tt0791518/
tt0795909	https://www.imdb.com/title/tt0795909/
tt0829304	https://www.imdb.com/title/tt0829304/
tt0846959	https://www.imdb.com/title/tt0846959/
tt0881199	https://www.imdb.com/title/tt0881199/
tt0881346	https://www.imdb.com/title/tt0881346/
tt0881357	https://www.imdb.com/title/tt0881357/
tt0885501	https://www.imdb.com/title/tt0885501/
tt0900904	https://www.imdb.com/title/tt0900904/
tt0900934	https://www.imdb.com/title/tt0900934/
tt0900957	https://www.imdb.com/title/tt0900957/
tt0900987	https://www.imdb.com/title/tt0900987/
tt0900993	https://www.imdb.com/title/tt0900993/
tt0905983	https://www.imdb.com/title/tt0905983/
tt0924124	https://www.imdb.com/title/tt0924124/
tt0940713	https://www.imdb.com/title/tt0940713/
tt0949415	https://www.imdb.com/title/tt0949415/
tt0953513	https://www.imdb.com/title/tt0953513/
tt0954320	https://www.imdb.com/title/tt0954320/
tt0969703	https://www.imdb.com/title/tt0969703/
tt0969768	https://www.imdb.com/title/tt0969768/
tt10287212	https://www.imdb.com/title/tt10287212/
tt1057931	https://www.imdb.com/title/tt1057931/
tt10827284	https://www.imdb.com/title/tt10827284/
tt1092623	https://www.imdb.com/title/tt1092623/
tt10955934	https://www.imdb.com/title/tt10955934/
tt10995428	https://www.imdb.com/title/tt10995428/
tt10995536	https://www.imdb.com/title/tt10995536/
tt11227296	https://www.imdb.com/title/tt11227296/
tt11389200	https://www.imdb.com/title/tt11389200/
tt11465776	https://www.imdb.com/title/tt11465776/
tt11655592	https://www.imdb.com/title/tt11655592/
tt1167633	https://www.imdb.com/title/tt1167633/
tt1168753	https://www.imdb.com/title/tt1168753/
tt11754788	https://www.imdb.com/title/tt11754788/
tt1199638	https://www.imdb.com/title/tt1199638/
tt1199639	https://www.imdb.com/title/tt1199639/
tt1215040	https://www.imdb.com/title/tt1215040/
tt1215937	https://www.imdb.com/title/tt1215937/
tt1227551	https://www.imdb.com/title/tt1227551/
tt12380804	https://www.imdb.com/title/tt12380804/
tt1315384	https://www.imdb.com/title/tt1315384/
tt13218986	https://www.imdb.com/title/tt13218986/
tt1325009	https://www.imdb.com/title/tt1325009/
tt1341142	https://www.imdb.com/title/tt1341142/
tt1341171	https://www.imdb.com/title/tt1341171/
tt1341227	https://www.imdb.com/title/tt1341227/
tt13783846	https://www.imdb.com/title/tt13783846/
tt13803834	https://www.imdb.com/title/tt13803834/
tt13844112	https://www.imdb.com/title/tt13844112/
tt13848706	https://www.imdb.com/title/tt13848706/
tt13870384	https://www.imdb.com/title/tt13870384/
tt1417584	https://www.imdb.com/title/tt1417584/
tt14345676	https://www.imdb.com/title/tt14345676/
tt14473434	https://www.imdb.com/title/tt14473434/
tt14473852	https://www.imdb.com/title/tt14473852/
tt1467015	https://www.imdb.com/title/tt1467015/
tt1467406	https://www.imdb.com/title/tt1467406/
tt1556157	https://www.imdb.com/title/tt1556157/
tt1566647	https://www.imdb.com/title/tt1566647/
tt1591027	https://www.imdb.com/title/tt1591027/
tt1604114	https://www.imdb.com/title/tt1604114/
tt1605753	https://www.imdb.com/title/tt1605753/
tt16297832	https://www.imdb.com/title/tt16297832/
tt1657426	https://www.imdb.com/title/tt1657426/
tt1738319	https://www.imdb.com/title/tt1738319/
tt17936260	https://www.imdb.com/title/tt17936260/
tt1810745	https://www.imdb.com/title/tt1810745/
tt1847601	https://www.imdb.com/title/tt1847601/
tt1851028	https://www.imdb.com/title/tt1851028/
tt1851091	https://www.imdb.com/title/tt1851091/
tt1951184	https://www.imdb.com/title/tt1951184/
tt1989466	https://www.imdb.com/title/tt1989466/
tt2012568	https://www.imdb.com/title/tt2012568/
tt2012622	https://www.imdb.com/title/tt2012622/
tt20192202	https://www.imdb.com/title/tt20192202/
tt20517130	https://www.imdb.com/title/tt20517130/
tt2081287	https://www.imdb.com/title/tt2081287/
tt20916078	https://www.imdb.com/title/tt20916078/
tt21248882	https://www.imdb.com/title/tt21248882/
tt21296534	https://www.imdb.com/title/tt21296534/
tt2149640	https://www.imdb.com/title/tt2149640/
tt2186708	https://www.imdb.com/title/tt2186708/
tt2258413	https://www.imdb.com/title/tt2258413/
tt2273701	https://www.imdb.com/title/tt2273701/
tt2305480	https://www.imdb.com/title/tt2305480/
tt2513640	https://www.imdb.com/title/tt2513640/
tt26427411	https://www.imdb.com/title/tt26427411/
tt26741410	https://www.imdb.com/title/tt26741410/
tt27055370	https://www.imdb.com/title/tt27055370/
tt2717080	https://www.imdb.com/title/tt2717080/
tt2759632	https://www.imdb.com/title/tt2759632/
tt28138829	https://www.imdb.com/title/tt28138829/
tt29604587	https://www.imdb.com/title/tt29604587/
tt30224159	https://www.imdb.com/title/tt30224159/
tt3052004	https://www.imdb.com/title/tt3052004/
tt33098821	https://www.imdb.com/title/tt33098821/
tt33503522	https://www.imdb.com/title/tt33503522/
tt3524502	https://www.imdb.com/title/tt3524502/
tt35283109	https://www.imdb.com/title/tt35283109/
tt3550032	https://www.imdb.com/title/tt3550032/
tt3556624	https://www.imdb.com/title/tt3556624/
tt3556630	https://www.imdb.com/title/tt3556630/
tt3560878	https://www.imdb.com/title/tt3560878/
tt3560908	https://www.imdb.com/title/tt3560908/
tt3560946	https://www.imdb.com/title/tt3560946/
tt3563000	https://www.imdb.com/title/tt3563000/
tt3565190	https://www.imdb.com/title/tt3565190/
tt3565234	https://www.imdb.com/title/tt3565234/
tt3565244	https://www.imdb.com/title/tt3565244/
tt3565272	https://www.imdb.com/title/tt3565272/
tt3565454	https://www.imdb.com/title/tt3565454/
tt3567450	https://www.imdb.com/title/tt3567450/
tt3567464	https://www.imdb.com/title/tt3567464/
tt3567472	https://www.imdb.com/title/tt3567472/
tt3567560	https://www.imdb.com/title/tt3567560/
tt3569856	https://www.imdb.com/title/tt3569856/
tt3569918	https://www.imdb.com/title/tt3569918/
tt3571702	https://www.imdb.com/title/tt3571702/
tt3571744	https://www.imdb.com/title/tt3571744/
tt3571770	https://www.imdb.com/title/tt3571770/
tt3571846	https://www.imdb.com/title/tt3571846/
tt3577520	https://www.imdb.com/title/tt3577520/
tt3577524	https://www.imdb.com/title/tt3577524/
tt3577544	https://www.imdb.com/title/tt3577544/
tt3577648	https://www.imdb.com/title/tt3577648/
tt3577702	https://www.imdb.com/title/tt3577702/
tt3577898	https://www.imdb.com/title/tt3577898/
tt3577944	https://www.imdb.com/title/tt3577944/
tt3577956	https://www.imdb.com/title/tt3577956/
tt3577968	https://www.imdb.com/title/tt3577968/
tt3577974	https://www.imdb.com/title/tt3577974/
tt3579756	https://www.imdb.com/title/tt3579756/
tt3579782	https://www.imdb.com/title/tt3579782/
tt3579822	https://www.imdb.com/title/tt3579822/
tt3580402	https://www.imdb.com/title/tt3580402/
tt3580470	https://www.imdb.com/title/tt3580470/
tt3580484	https://www.imdb.com/title/tt3580484/
tt3582116	https://www.imdb.com/title/tt3582116/
tt3582172	https://www.imdb.com/title/tt3582172/
tt3582216	https://www.imdb.com/title/tt3582216/
tt3582264	https://www.imdb.com/title/tt3582264/
tt3582414	https://www.imdb.com/title/tt3582414/
tt3582502	https://www.imdb.com/title/tt3582502/
tt3582592	https://www.imdb.com/title/tt3582592/
tt3582642	https://www.imdb.com/title/tt3582642/
tt3582854	https://www.imdb.com/title/tt3582854/
tt3582880	https://www.imdb.com/title/tt3582880/
tt3582918	https://www.imdb.com/title/tt3582918/
tt3582958	https://www.imdb.com/title/tt3582958/
tt3586766	https://www.imdb.com/title/tt3586766/
tt3586784	https://www.imdb.com/title/tt3586784/
tt3586808	https://www.imdb.com/title/tt3586808/
tt3586824	https://www.imdb.com/title/tt3586824/
tt3586838	https://www.imdb.com/title/tt3586838/
tt3586882	https://www.imdb.com/title/tt3586882/
tt3586942	https://www.imdb.com/title/tt3586942/
tt3588292	https://www.imdb.com/title/tt3588292/
tt3588392	https://www.imdb.com/title/tt3588392/
tt3588438	https://www.imdb.com/title/tt3588438/
tt3590626	https://www.imdb.com/title/tt3590626/
tt3590638	https://www.imdb.com/title/tt3590638/
tt3590664	https://www.imdb.com/title/tt3590664/
tt3592648	https://www.imdb.com/title/tt3592648/
tt3594666	https://www.imdb.com/title/tt3594666/
tt3594718	https://www.imdb.com/title/tt3594718/
tt3594848	https://www.imdb.com/title/tt3594848/
tt3594882	https://www.imdb.com/title/tt3594882/
tt3596440	https://www.imdb.com/title/tt3596440/
tt3596478	https://www.imdb.com/title/tt3596478/
tt3596764	https://www.imdb.com/title/tt3596764/
tt3596830	https://www.imdb.com/title/tt3596830/
tt3596884	https://www.imdb.com/title/tt3596884/
tt3596936	https://www.imdb.com/title/tt3596936/
tt3599682	https://www.imdb.com/title/tt3599682/
tt3599692	https://www.imdb.com/title/tt3599692/
tt3600734	https://www.imdb.com/title/tt3600734/
tt3600782	https://www.imdb.com/title/tt3600782/
tt3600808	https://www.imdb.com/title/tt3600808/
tt3763958	https://www.imdb.com/title/tt3763958/
tt3804428	https://www.imdb.com/title/tt3804428/
tt3872774	https://www.imdb.com/title/tt3872774/
tt3882630	https://www.imdb.com/title/tt3882630/
tt3907386	https://www.imdb.com/title/tt3907386/
tt4254196	https://www.imdb.com/title/tt4254196/
tt5059482	https://www.imdb.com/title/tt5059482/
tt5102108	https://www.imdb.com/title/tt5102108/
tt5124454	https://www.imdb.com/title/tt5124454/
tt5168118	https://www.imdb.com/title/tt5168118/
tt5326440	https://www.imdb.com/title/tt5326440/
tt5423434	https://www.imdb.com/title/tt5423434/
tt5490032	https://www.imdb.com/title/tt5490032/
tt5490048	https://www.imdb.com/title/tt5490048/
tt5511804	https://www.imdb.com/title/tt5511804/
tt5511822	https://www.imdb.com/title/tt5511822/
tt6046316	https://www.imdb.com/title/tt6046316/
tt6272636	https://www.imdb.com/title/tt6272636/
tt6272646	https://www.imdb.com/title/tt6272646/
tt6324224	https://www.imdb.com/title/tt6324224/
tt6324310	https://www.imdb.com/title/tt6324310/
tt6324372	https://www.imdb.com/title/tt6324372/
tt6672496	https://www.imdb.com/title/tt6672496/
tt6680502	https://www.imdb.com/title/tt6680502/
tt7551898	https://www.imdb.com/title/tt7551898/
tt7556670	https://www.imdb.com/title/tt7556670/
tt7556832	https://www.imdb.com/title/tt7556832/
tt7614522	https://www.imdb.com/title/tt7614522/
tt7614716	https://www.imdb.com/title/tt7614716/
tt7789176	https://www.imdb.com/title/tt7789176/
tt8262180	https://www.imdb.com/title/tt8262180/
tt8818906	https://www.imdb.com/title/tt8818906/
tt8843170	https://www.imdb.com/title/tt8843170/
tt8882676	https://www.imdb.com/title/tt8882676/
tt8910556	https://www.imdb.com/title/tt8910556/
tt9448856	https://www.imdb.com/title/tt9448856/
tt9448860	https://www.imdb.com/title/tt9448860/
tt9448920	https://www.imdb.com/title/tt9448920/
tt9450228	https://www.imdb.com/title/tt9450228/
tt9806300	https://www.imdb.com/title/tt9806300/
tt9844734	https://www.imdb.com/title/tt9844734/
