tconst	imdb_url
tt0020625	https://www.imdb.com/title/tt0020625/
tt0021623	https://www.imdb.com/title/tt0021623/
tt0021787	https://www.imdb.com/title/tt0021787/
tt0022542	https://www.imdb.com/title/tt0022542/
tt0022609	https://www.imdb.com/title/tt0022609/
tt0022621	https://www.imdb.com/title/tt0022621/
tt0022744	https://www.imdb.com/title/tt0022744/
tt0023081	https://www.imdb.com/title/tt0023081/
tt0023454	https://www.imdb.com/title/tt0023454/
tt0023745	https://www.imdb.com/title/tt0023745/
tt0023752	https://www.imdb.com/title/tt0023752/
tt0023769	https://www.imdb.com/title/tt0023769/
tt0023772	https://www.imdb.com/title/tt0023772/
tt0023774	https://www.imdb.com/title/tt0023774/
tt0023863	https://www.imdb.com/title/tt0023863/
tt0023901	https://www.imdb.com/title/tt0023901/
tt0023902	https://www.imdb.com/title/tt0023902/
tt0023916	https://www.imdb.com/title/tt0023916/
tt0023946	https://www.imdb.com/title/tt0023946/
tt0023958	https://www.imdb.com/title/tt0023958/
tt0023978	https://www.imdb.com/title/tt0023978/
tt0023981	https://www.imdb.com/title/tt0023981/
tt0023988	https://www.imdb.com/title/tt0023988/
tt0024056	https://www.imdb.com/title/tt0024056/
tt0024173	https://www.imdb.com/title/tt0024173/
tt0024177	https://www.imdb.com/title/tt0024177/
tt0024203	https://www.imdb.com/title/tt0024203/
tt0024206	https://www.imdb.com/title/tt0024206/
tt0024271	https://www.imdb.com/title/tt0024271/
tt0024274	https://www.imdb.com/title/tt0024274/
tt0024289	https://www.imdb.com/title/tt0024289/
tt0024319	https://www.imdb.com/title/tt0024319/
tt0024322	https://www.imdb.com/title/tt0024322/
tt0024338	https://www.imdb.com/title/tt0024338/
tt0024340	https://www.imdb.com/title/tt0024340/
tt0024359	https://www.imdb.com/title/tt0024359/
tt0024362	https://www.imdb.com/title/tt0024362/
tt0024399	https://www.imdb.com/title/tt0024399/
tt0024409	https://www.imdb.com/title/tt0024409/
tt0024410	https://www.imdb.com/title/tt0024410/
tt0024437	https://www.imdb.com/title/tt0024437/
tt0024449	https://www.imdb.com/title/tt0024449/
tt0024458	https://www.imdb.com/title/tt0024458/
tt0024485	https://www.imdb.com/title/tt0024485/
tt0024494	https://www.imdb.com/title/tt0024494/
tt0024529	https://www.imdb.com/title/tt0024529/
tt0024532	https://www.imdb.com/title/tt0024532/
tt0024533	https://www.imdb.com/title/tt0024533/
tt0024556	https://www.imdb.com/title/tt0024556/
tt0024588	https://www.imdb.com/title/tt0024588/
tt0024597	https://www.imdb.com/title/tt0024597/
tt0024602	https://www.imdb.com/title/tt0024602/
tt0024659	https://www.imdb.com/title/tt0024659/
tt0024737	https://www.imdb.com/title/tt0024737/
tt0024741	https://www.imdb.com/title/tt0024741/
tt0024747	https://www.imdb.com/title/tt0024747/
tt0024782	https://www.imdb.com/title/tt0024782/
tt0024805	https://www.imdb.com/title/tt0024805/
tt0024806	https://www.imdb.com/title/tt0024806/
tt0024808	https://www.imdb.com/title/tt0024808/
tt0024809	https://www.imdb.com/title/tt0024809/
tt0024810	https://www.imdb.com/title/tt0024810/
tt0024812	https://www.imdb.com/title/tt0024812/
tt0024813	https://www.imdb.com/title/tt0024813/
tt0024816	https://www.imdb.com/title/tt0024816/
tt0024817	https://www.imdb.com/title/tt0024817/
tt0024818	https://www.imdb.com/title/tt0024818/
tt0024819	https://www.imdb.com/title/tt0024819/
tt0024820	https://www.imdb.com/title/tt0024820/
tt0024821	https://www.imdb.com/title/tt0024821/
tt0024822	https://www.imdb.com/title/tt0024822/
tt0024827	https://www.imdb.com/title/tt0024827/
tt0024828	https://www.imdb.com/title/tt0024828/
tt0024829	https://www.imdb.com/title/tt0024829/
tt0024830	https://www.imdb.com/title/tt0024830/
tt0024831	https://www.imdb.com/title/tt0024831/
tt0024834	https://www.imdb.com/title/tt0024834/
tt0024835	https://www.imdb.com/title/tt0024835/
tt0024841	https://www.imdb.com/title/tt0024841/
tt0024844	https://www.imdb.com/title/tt0024844/
tt0024845	https://www.imdb.com/title/tt0024845/
tt0024846	https://www.imdb.com/title/tt0024846/
tt0024848	https://www.imdb.com/title/tt0024848/
tt0024851	https://www.imdb.com/title/tt0024851/
tt0024852	https://www.imdb.com/title/tt0024852/
tt0024854	https://www.imdb.com/title/tt0024854/
tt0024855	https://www.imdb.com/title/tt0024855/
tt0024856	https://www.imdb.com/title/tt0024856/
tt0024858	https://www.imdb.com/title/tt0024858/
tt0024859	https://www.imdb.com/title/tt0024859/
tt0024860	https://www.imdb.com/title/tt0024860/
tt0024862	https://www.imdb.com/title/tt0024862/
tt0024864	https://www.imdb.com/title/tt0024864/
tt0024865	https://www.imdb.com/title/tt0024865/
tt0024867	https://www.imdb.com/title/tt0024867/
tt0024869	https://www.imdb.com/title/tt0024869/
tt0024870	https://www.imdb.com/title/tt0024870/
tt0024872	https://www.imdb.com/title/tt0024872/
tt0024873	https://www.imdb.com/title/tt0024873/
tt0024874	https://www.imdb.com/title/tt0024874/
tt0024876	https://www.imdb.com/title/tt0024876/
tt0024884	https://www.imdb.com/title/tt0024884/
tt0024887	https://www.imdb.com/title/tt0024887/
tt0024890	https://www.imdb.com/title/tt0024890/
tt0024892	https://www.imdb.com/title/tt0024892/
tt0024893	https://www.imdb.com/title/tt0024893/
tt0024894	https://www.imdb.com/title/tt0024894/
tt0024895	https://www.imdb.com/title/tt0024895/
tt0024896	https://www.imdb.com/title/tt0024896/
tt0024897	https://www.imdb.com/title/tt0024897/
tt0024898	https://www.imdb.com/title/tt0024898/
tt0024899	https://www.imdb.com/title/tt0024899/
tt0024900	https://www.imdb.com/title/tt0024900/
tt0024901	https://www.imdb.com/title/tt0024901/
tt0024902	https://www.imdb.com/title/tt0024902/
tt0024903	https://www.imdb.com/title/tt0024903/
tt0024904	https://www.imdb.com/title/tt0024904/
tt0024905	https://www.imdb.com/title/tt0024905/
tt0024906	https://www.imdb.com/title/tt0024906/
tt0024907	https://www.imdb.com/title/tt0024907/
tt0024910	https://www.imdb.com/title/tt0024910/
tt0024911	https://www.imdb.com/title/tt0024911/
tt0024912	https://www.imdb.com/title/tt0024912/
tt0024913	https://www.imdb.com/title/tt0024913/
tt0024914	https://www.imdb.com/title/tt0024914/
tt0024915	https://www.imdb.com/title/tt0024915/
tt0024916	https://www.imdb.com/title/tt0024916/
tt0024917	https://www.imdb.com/title/tt0024917/
tt0024918	https://www.imdb.com/title/tt0024918/
tt0024919	https://www.imdb.com/title/tt0024919/
tt0024931	https://www.imdb.com/title/tt0024931/
tt0024932	https://www.imdb.com/title/tt0024932/
tt0024936	https://www.imdb.com/title/tt0024936/
tt0024939	https://www.imdb.com/title/tt0024939/
tt0024940	https://www.imdb.com/title/tt0024940/
tt0024943	https://www.imdb.com/title/tt0024943/
tt0024944	https://www.imdb.com/title/tt0024944/
tt0024945	https://www.imdb.com/title/tt0024945/
tt0024948	https://www.imdb.com/title/tt0024948/
tt0024949	https://www.imdb.com/title/tt0024949/
tt0024951	https://www.imdb.com/title/tt0024951/
tt0024952	https://www.imdb.com/title/tt0024952/
tt0024953	https://www.imdb.com/title/tt0024953/
tt0024956	https://www.imdb.com/title/tt0024956/
tt0024958	https://www.imdb.com/title/tt0024958/
tt0024959	https://www.imdb.com/title/tt0024959/
tt0024960	https://www.imdb.com/title/tt0024960/
tt0024961	https://www.imdb.com/title/tt0024961/
tt0024962	https://www.imdb.com/title/tt0024962/
tt0024963	https://www.imdb.com/title/tt0024963/
tt0024964	https://www.imdb.com/title/tt0024964/
tt0024965	https://www.imdb.com/title/tt0024965/
tt0024966	https://www.imdb.com/title/tt0024966/
tt0024967	https://www.imdb.com/title/tt0024967/
tt0024968	https://www.imdb.com/title/tt0024968/
tt0024969	https://www.imdb.com/title/tt0024969/
tt0024971	https://www.imdb.com/title/tt0024971/
tt0024972	https://www.imdb.com/title/tt0024972/
tt0024973	https://www.imdb.com/title/tt0024973/
tt0024974	https://www.imdb.com/title/tt0024974/
tt0024978	https://www.imdb.com/title/tt0024978/
tt0024979	https://www.imdb.com/title/tt0024979/
tt0024980	https://www.imdb.com/title/tt0024980/
tt0024981	https://www.imdb.com/title/tt0024981/
tt0024983	https://www.imdb.com/title/tt0024983/
tt0024984	https://www.imdb.com/title/tt0024984/
tt0024985	https://www.imdb.com/title/tt0024985/
tt0024988	https://www.imdb.com/title/tt0024988/
tt0024990	https://www.imdb.com/title/tt0024990/
tt0024991	https://www.imdb.com/title/tt0024991/
tt0024992	https://www.imdb.com/title/tt0024992/
tt0024993	https://www.imdb.com/title/tt0024993/
tt0024995	https://www.imdb.com/title/tt0024995/
tt0024996	https://www.imdb.com/title/tt0024996/
tt0024997	https://www.imdb.com/title/tt0024997/
tt0024999	https://www.imdb.com/title/tt0024999/
tt0025000	https://www.imdb.com/title/tt0025000/
tt0025001	https://www.imdb.com/title/tt0025001/
tt0025002	https://www.imdb.com/title/tt0025002/
tt0025004	https://www.imdb.com/title/tt0025004/
tt0025005	https://www.imdb.com/title/tt0025005/
tt0025006	https://www.imdb.com/title/tt0025006/
tt0025008	https://www.imdb.com/title/tt0025008/
tt0025009	https://www.imdb.com/title/tt0025009/
tt0025010	https://www.imdb.com/title/tt0025010/
tt0025011	https://www.imdb.com/title/tt0025011/
tt0025012	https://www.imdb.com/title/tt0025012/
tt0025014	https://www.imdb.com/title/tt0025014/
tt0025015	https://www.imdb.com/title/tt0025015/
tt0025016	https://www.imdb.com/title/tt0025016/
tt0025017	https://www.imdb.com/title/tt0025017/
tt0025018	https://www.imdb.com/title/tt0025018/
tt0025021	https://www.imdb.com/title/tt0025021/
tt0025022	https://www.imdb.com/title/tt0025022/
tt0025024	https://www.imdb.com/title/tt0025024/
tt0025026	https://www.imdb.com/title/tt0025026/
tt0025027	https://www.imdb.com/title/tt0025027/
tt0025028	https://www.imdb.com/title/tt0025028/
tt0025030	https://www.imdb.com/title/tt0025030/
tt0025031	https://www.imdb.com/title/tt0025031/
tt0025032	https://www.imdb.com/title/tt0025032/
tt0025033	https://www.imdb.com/title/tt0025033/
tt0025034	https://www.imdb.com/title/tt0025034/
tt0025035	https://www.imdb.com/title/tt0025035/
tt0025037	https://www.imdb.com/title/tt0025037/
tt0025038	https://www.imdb.com/title/tt0025038/
tt0025039	https://www.imdb.com/title/tt0025039/
tt0025040	https://www.imdb.com/title/tt0025040/
tt0025041	https://www.imdb.com/title/tt0025041/
tt0025043	https://www.imdb.com/title/tt0025043/
tt0025044	https://www.imdb.com/title/tt0025044/
tt0025046	https://www.imdb.com/title/tt0025046/
tt0025048	https://www.imdb.com/title/tt0025048/
tt0025049	https://www.imdb.com/title/tt0025049/
tt0025050	https://www.imdb.com/title/tt0025050/
tt0025054	https://www.imdb.com/title/tt0025054/
tt0025056	https://www.imdb.com/title/tt0025056/
tt0025057	https://www.imdb.com/title/tt0025057/
tt0025058	https://www.imdb.com/title/tt0025058/
tt0025060	https://www.imdb.com/title/tt0025060/
tt0025061	https://www.imdb.com/title/tt0025061/
tt0025062	https://www.imdb.com/title/tt0025062/
tt0025063	https://www.imdb.com/title/tt0025063/
tt0025064	https://www.imdb.com/title/tt0025064/
tt0025065	https://www.imdb.com/title/tt0025065/
tt0025066	https://www.imdb.com/title/tt0025066/
tt0025067	https://www.imdb.com/title/tt0025067/
tt0025068	https://www.imdb.com/title/tt0025068/
tt0025069	https://www.imdb.com/title/tt0025069/
tt0025072	https://www.imdb.com/title/tt0025072/
tt0025073	https://www.imdb.com/title/tt0025073/
tt0025075	https://www.imdb.com/title/tt0025075/
tt0025076	https://www.imdb.com/title/tt0025076/
tt0025077	https://www.imdb.com/title/tt0025077/
tt0025078	https://www.imdb.com/title/tt0025078/
tt0025079	https://www.imdb.com/title/tt0025079/
tt0025080	https://www.imdb.com/title/tt0025080/
tt0025081	https://www.imdb.com/title/tt0025081/
tt0025082	https://www.imdb.com/title/tt0025082/
tt0025085	https://www.imdb.com/title/tt0025085/
tt0025087	https://www.imdb.com/title/tt0025087/
tt0025089	https://www.imdb.com/title/tt0025089/
tt0025090	https://www.imdb.com/title/tt0025090/
tt0025091	https://www.imdb.com/title/tt0025091/
tt0025092	https://www.imdb.com/title/tt0025092/
tt0025093	https://www.imdb.com/title/tt0025093/
tt0025094	https://www.imdb.com/title/tt0025094/
tt0025095	https://www.imdb.com/title/tt0025095/
tt0025096	https://www.imdb.com/title/tt0025096/
tt0025097	https://www.imdb.com/title/tt0025097/
tt0025098	https://www.imdb.com/title/tt0025098/
tt0025099	https://www.imdb.com/title/tt0025099/
tt0025100	https://www.imdb.com/title/tt0025100/
tt0025101	https://www.imdb.com/title/tt0025101/
tt0025102	https://www.imdb.com/title/tt0025102/
tt0025104	https://www.imdb.com/title/tt0025104/
tt0025105	https://www.imdb.com/title/tt0025105/
tt0025106	https://www.imdb.com/title/tt0025106/
tt0025107	https://www.imdb.com/title/tt0025107/
tt0025109	https://www.imdb.com/title/tt0025109/
tt0025111	https://www.imdb.com/title/tt0025111/
tt0025112	https://www.imdb.com/title/tt0025112/
tt0025113	https://www.imdb.com/title/tt0025113/
tt0025114	https://www.imdb.com/title/tt0025114/
tt0025115	https://www.imdb.com/title/tt0025115/
tt0025116	https://www.imdb.com/title/tt0025116/
tt0025117	https://www.imdb.com/title/tt0025117/
tt0025118	https://www.imdb.com/title/tt0025118/
tt0025119	https://www.imdb.com/title/tt0025119/
tt0025122	https://www.imdb.com/title/tt0025122/
tt0025123	https://www.imdb.com/title/tt0025123/
tt0025124	https://www.imdb.com/title/tt0025124/
tt0025125	https://www.imdb.com/title/tt0025125/
tt0025127	https://www.imdb.com/title/tt0025127/
tt0025129	https://www.imdb.com/title/tt0025129/
tt0025131	https://www.imdb.com/title/tt0025131/
tt0025132	https://www.imdb.com/title/tt0025132/
tt0025133	https://www.imdb.com/title/tt0025133/
tt0025134	https://www.imdb.com/title/tt0025134/
tt0025135	https://www.imdb.com/title/tt0025135/
tt0025137	https://www.imdb.com/title/tt0025137/
tt0025138	https://www.imdb.com/title/tt0025138/
tt0025139	https://www.imdb.com/title/tt0025139/
tt0025140	https://www.imdb.com/title/tt0025140/
tt0025141	https://www.imdb.com/title/tt0025141/
tt0025142	https://www.imdb.com/title/tt0025142/
tt0025143	https://www.imdb.com/title/tt0025143/
tt0025144	https://www.imdb.com/title/tt0025144/
tt0025145	https://www.imdb.com/title/tt0025145/
tt0025147	https://www.imdb.com/title/tt0025147/
tt0025148	https://www.imdb.com/title/tt0025148/
tt0025149	https://www.imdb.com/title/tt0025149/
tt0025150	https://www.imdb.com/title/tt0025150/
tt0025151	https://www.imdb.com/title/tt0025151/
tt0025152	https://www.imdb.com/title/tt0025152/
tt0025154	https://www.imdb.com/title/tt0025154/
tt0025156	https://www.imdb.com/title/tt0025156/
tt0025157	https://www.imdb.com/title/tt0025157/
tt0025158	https://www.imdb.com/title/tt0025158/
tt0025159	https://www.imdb.com/title/tt0025159/
tt0025160	https://www.imdb.com/title/tt0025160/
tt0025161	https://www.imdb.com/title/tt0025161/
tt0025162	https://www.imdb.com/title/tt0025162/
tt0025163	https://www.imdb.com/title/tt0025163/
tt0025164	https://www.imdb.com/title/tt0025164/
tt0025165	https://www.imdb.com/title/tt0025165/
tt0025166	https://www.imdb.com/title/tt0025166/
tt0025167	https://www.imdb.com/title/tt0025167/
tt0025168	https://www.imdb.com/title/tt0025168/
tt0025169	https://www.imdb.com/title/tt0025169/
tt0025170	https://www.imdb.com/title/tt0025170/
tt0025173	https://www.imdb.com/title/tt0025173/
tt0025174	https://www.imdb.com/title/tt0025174/
tt0025175	https://www.imdb.com/title/tt0025175/
tt0025177	https://www.imdb.com/title/tt0025177/
tt0025178	https://www.imdb.com/title/tt0025178/
tt0025179	https://www.imdb.com/title/tt0025179/
tt0025181	https://www.imdb.com/title/tt0025181/
tt0025182	https://www.imdb.com/title/tt0025182/
tt0025189	https://www.imdb.com/title/tt0025189/
tt0025192	https://www.imdb.com/title/tt0025192/
tt0025195	https://www.imdb.com/title/tt0025195/
tt0025196	https://www.imdb.com/title/tt0025196/
tt0025197	https://www.imdb.com/title/tt0025197/
tt0025198	https://www.imdb.com/title/tt0025198/
tt0025201	https://www.imdb.com/title/tt0025201/
tt0025202	https://www.imdb.com/title/tt0025202/
tt0025203	https://www.imdb.com/title/tt0025203/
tt0025204	https://www.imdb.com/title/tt0025204/
tt0025205	https://www.imdb.com/title/tt0025205/
tt0025206	https://www.imdb.com/title/tt0025206/
tt0025207	https://www.imdb.com/title/tt0025207/
tt0025208	https://www.imdb.com/title/tt0025208/
tt0025209	https://www.imdb.com/title/tt0025209/
tt0025210	https://www.imdb.com/title/tt0025210/
tt0025214	https://www.imdb.com/title/tt0025214/
tt0025215	https://www.imdb.com/title/tt0025215/
tt0025217	https://www.imdb.com/title/tt0025217/
tt0025218	https://www.imdb.com/title/tt0025218/
tt0025219	https://www.imdb.com/title/tt0025219/
tt0025220	https://www.imdb.com/title/tt0025220/
tt0025221	https://www.imdb.com/title/tt0025221/
tt0025222	https://www.imdb.com/title/tt0025222/
tt0025223	https://www.imdb.com/title/tt0025223/
tt0025224	https://www.imdb.com/title/tt0025224/
tt0025226	https://www.imdb.com/title/tt0025226/
tt0025228	https://www.imdb.com/title/tt0025228/
tt0025230	https://www.imdb.com/title/tt0025230/
tt0025231	https://www.imdb.com/title/tt0025231/
tt0025232	https://www.imdb.com/title/tt0025232/
tt0025233	https://www.imdb.com/title/tt0025233/
tt0025234	https://www.imdb.com/title/tt0025234/
tt0025236	https://www.imdb.com/title/tt0025236/
tt0025237	https://www.imdb.com/title/tt0025237/
tt0025238	https://www.imdb.com/title/tt0025238/
tt0025239	https://www.imdb.com/title/tt0025239/
tt0025240	https://www.imdb.com/title/tt0025240/
tt0025242	https://www.imdb.com/title/tt0025242/
tt0025243	https://www.imdb.com/title/tt0025243/
tt0025244	https://www.imdb.com/title/tt0025244/
tt0025245	https://www.imdb.com/title/tt0025245/
tt0025246	https://www.imdb.com/title/tt0025246/
tt0025248	https://www.imdb.com/title/tt0025248/
tt0025250	https://www.imdb.com/title/tt0025250/
tt0025251	https://www.imdb.com/title/tt0025251/
tt0025253	https://www.imdb.com/title/tt0025253/
tt0025254	https://www.imdb.com/title/tt0025254/
tt0025255	https://www.imdb.com/title/tt0025255/
tt0025256	https://www.imdb.com/title/tt0025256/
tt0025258	https://www.imdb.com/title/tt0025258/
tt0025259	https://www.imdb.com/title/tt0025259/
tt0025262	https://www.imdb.com/title/tt0025262/
tt0025263	https://www.imdb.com/title/tt0025263/
tt0025266	https://www.imdb.com/title/tt0025266/
tt0025269	https://www.imdb.com/title/tt0025269/
tt0025271	https://www.imdb.com/title/tt0025271/
tt0025272	https://www.imdb.com/title/tt0025272/
tt0025273	https://www.imdb.com/title/tt0025273/
tt0025275	https://www.imdb.com/title/tt0025275/
tt0025276	https://www.imdb.com/title/tt0025276/
tt0025278	https://www.imdb.com/title/tt0025278/
tt0025279	https://www.imdb.com/title/tt0025279/
tt0025280	https://www.imdb.com/title/tt0025280/
tt0025281	https://www.imdb.com/title/tt0025281/
tt0025282	https://www.imdb.com/title/tt0025282/
tt0025283	https://www.imdb.com/title/tt0025283/
tt0025284	https://www.imdb.com/title/tt0025284/
tt0025285	https://www.imdb.com/title/tt0025285/
tt0025287	https://www.imdb.com/title/tt0025287/
tt0025289	https://www.imdb.com/title/tt0025289/
tt0025290	https://www.imdb.com/title/tt0025290/
tt0025291	https://www.imdb.com/title/tt0025291/
tt0025292	https://www.imdb.com/title/tt0025292/
tt0025293	https://www.imdb.com/title/tt0025293/
tt0025294	https://www.imdb.com/title/tt0025294/
tt0025295	https://www.imdb.com/title/tt0025295/
tt0025296	https://www.imdb.com/title/tt0025296/
tt0025298	https://www.imdb.com/title/tt0025298/
tt0025299	https://www.imdb.com/title/tt0025299/
tt0025301	https://www.imdb.com/title/tt0025301/
tt0025302	https://www.imdb.com/title/tt0025302/
tt0025303	https://www.imdb.com/title/tt0025303/
tt0025308	https://www.imdb.com/title/tt0025308/
tt0025309	https://www.imdb.com/title/tt0025309/
tt0025310	https://www.imdb.com/title/tt0025310/
tt0025311	https://www.imdb.com/title/tt0025311/
tt0025312	https://www.imdb.com/title/tt0025312/
tt0025313	https://www.imdb.com/title/tt0025313/
tt0025314	https://www.imdb.com/title/tt0025314/
tt0025316	https://www.imdb.com/title/tt0025316/
tt0025317	https://www.imdb.com/title/tt0025317/
tt0025318	https://www.imdb.com/title/tt0025318/
tt0025320	https://www.imdb.com/title/tt0025320/
tt0025323	https://www.imdb.com/title/tt0025323/
tt0025324	https://www.imdb.com/title/tt0025324/
tt0025325	https://www.imdb.com/title/tt0025325/
tt0025326	https://www.imdb.com/title/tt0025326/
tt0025327	https://www.imdb.com/title/tt0025327/
tt0025329	https://www.imdb.com/title/tt0025329/
tt0025330	https://www.imdb.com/title/tt0025330/
tt0025331	https://www.imdb.com/title/tt0025331/
tt0025333	https://www.imdb.com/title/tt0025333/
tt0025334	https://www.imdb.com/title/tt0025334/
tt0025335	https://www.imdb.com/title/tt0025335/
tt0025336	https://www.imdb.com/title/tt0025336/
tt0025338	https://www.imdb.com/title/tt0025338/
tt0025340	https://www.imdb.com/title/tt0025340/
tt0025341	https://www.imdb.com/title/tt0025341/
tt0025342	https://www.imdb.com/title/tt0025342/
tt0025345	https://www.imdb.com/title/tt0025345/
tt0025346	https://www.imdb.com/title/tt0025346/
tt0025347	https://www.imdb.com/title/tt0025347/
tt0025348	https://www.imdb.com/title/tt0025348/
tt0025349	https://www.imdb.com/title/tt0025349/
tt0025350	https://www.imdb.com/title/tt0025350/
tt0025351	https://www.imdb.com/title/tt0025351/
tt0025353	https://www.imdb.com/title/tt0025353/
tt0025355	https://www.imdb.com/title/tt0025355/
tt0025356	https://www.imdb.com/title/tt0025356/
tt0025357	https://www.imdb.com/title/tt0025357/
tt0025358	https://www.imdb.com/title/tt0025358/
tt0025359	https://www.imdb.com/title/tt0025359/
tt0025362	https://www.imdb.com/title/tt0025362/
tt0025363	https://www.imdb.com/title/tt0025363/
tt0025365	https://www.imdb.com/title/tt0025365/
tt0025366	https://www.imdb.com/title/tt0025366/
tt0025367	https://www.imdb.com/title/tt0025367/
tt0025368	https://www.imdb.com/title/tt0025368/
tt0025370	https://www.imdb.com/title/tt0025370/
tt0025371	https://www.imdb.com/title/tt0025371/
tt0025372	https://www.imdb.com/title/tt0025372/
tt0025373	https://www.imdb.com/title/tt0025373/
tt0025375	https://www.imdb.com/title/tt0025375/
tt0025376	https://www.imdb.com/title/tt0025376/
tt0025378	https://www.imdb.com/title/tt0025378/
tt0025380	https://www.imdb.com/title/tt0025380/
tt0025384	https://www.imdb.com/title/tt0025384/
tt0025386	https://www.imdb.com/title/tt0025386/
tt0025388	https://www.imdb.com/title/tt0025388/
tt0025389	https://www.imdb.com/title/tt0025389/
tt0025391	https://www.imdb.com/title/tt0025391/
tt0025392	https://www.imdb.com/title/tt0025392/
tt0025393	https://www.imdb.com/title/tt0025393/
tt0025394	https://www.imdb.com/title/tt0025394/
tt0025395	https://www.imdb.com/title/tt0025395/
tt0025396	https://www.imdb.com/title/tt0025396/
tt0025397	https://www.imdb.com/title/tt0025397/
tt0025399	https://www.imdb.com/title/tt0025399/
tt0025402	https://www.imdb.com/title/tt0025402/
tt0025406	https://www.imdb.com/title/tt0025406/
tt0025408	https://www.imdb.com/title/tt0025408/
tt0025409	https://www.imdb.com/title/tt0025409/
tt0025410	https://www.imdb.com/title/tt0025410/
tt0025412	https://www.imdb.com/title/tt0025412/
tt0025415	https://www.imdb.com/title/tt0025415/
tt0025417	https://www.imdb.com/title/tt0025417/
tt0025418	https://www.imdb.com/title/tt0025418/
tt0025419	https://www.imdb.com/title/tt0025419/
tt0025420	https://www.imdb.com/title/tt0025420/
tt0025421	https://www.imdb.com/title/tt0025421/
tt0025422	https://www.imdb.com/title/tt0025422/
tt0025423	https://www.imdb.com/title/tt0025423/
tt0025424	https://www.imdb.com/title/tt0025424/
tt0025427	https://www.imdb.com/title/tt0025427/
tt0025428	https://www.imdb.com/title/tt0025428/
tt0025430	https://www.imdb.com/title/tt0025430/
tt0025431	https://www.imdb.com/title/tt0025431/
tt0025435	https://www.imdb.com/title/tt0025435/
tt0025437	https://www.imdb.com/title/tt0025437/
tt0025439	https://www.imdb.com/title/tt0025439/
tt0025440	https://www.imdb.com/title/tt0025440/
tt0025442	https://www.imdb.com/title/tt0025442/
tt0025443	https://www.imdb.com/title/tt0025443/
tt0025444	https://www.imdb.com/title/tt0025444/
tt0025447	https://www.imdb.com/title/tt0025447/
tt0025449	https://www.imdb.com/title/tt0025449/
tt0025450	https://www.imdb.com/title/tt0025450/
tt0025451	https://www.imdb.com/title/tt0025451/
tt0025452	https://www.imdb.com/title/tt0025452/
tt0025453	https://www.imdb.com/title/tt0025453/
tt0025454	https://www.imdb.com/title/tt0025454/
tt0025455	https://www.imdb.com/title/tt0025455/
tt0025456	https://www.imdb.com/title/tt0025456/
tt0025457	https://www.imdb.com/title/tt0025457/
tt0025459	https://www.imdb.com/title/tt0025459/
tt0025460	https://www.imdb.com/title/tt0025460/
tt0025461	https://www.imdb.com/title/tt0025461/
tt0025463	https://www.imdb.com/title/tt0025463/
tt0025464	https://www.imdb.com/title/tt0025464/
tt0025465	https://www.imdb.com/title/tt0025465/
tt0025466	https://www.imdb.com/title/tt0025466/
tt0025468	https://www.imdb.com/title/tt0025468/
tt0025469	https://www.imdb.com/title/tt0025469/
tt0025471	https://www.imdb.com/title/tt0025471/
tt0025472	https://www.imdb.com/title/tt0025472/
tt0025473	https://www.imdb.com/title/tt0025473/
tt0025474	https://www.imdb.com/title/tt0025474/
tt0025475	https://www.imdb.com/title/tt0025475/
tt0025478	https://www.imdb.com/title/tt0025478/
tt0025479	https://www.imdb.com/title/tt0025479/
tt0025480	https://www.imdb.com/title/tt0025480/
tt0025481	https://www.imdb.com/title/tt0025481/
tt0025483	https://www.imdb.com/title/tt0025483/
tt0025484	https://www.imdb.com/title/tt0025484/
tt0025485	https://www.imdb.com/title/tt0025485/
tt0025486	https://www.imdb.com/title/tt0025486/
tt0025489	https://www.imdb.com/title/tt0025489/
tt0025490	https://www.imdb.com/title/tt0025490/
tt0025491	https://www.imdb.com/title/tt0025491/
tt0025492	https://www.imdb.com/title/tt0025492/
tt0025493	https://www.imdb.com/title/tt0025493/
tt0025494	https://www.imdb.com/title/tt0025494/
tt0025496	https://www.imdb.com/title/tt0025496/
tt0025499	https://www.imdb.com/title/tt0025499/
tt0025500	https://www.imdb.com/title/tt0025500/
tt0025501	https://www.imdb.com/title/tt0025501/
tt0025504	https://www.imdb.com/title/tt0025504/
tt0025505	https://www.imdb.com/title/tt0025505/
tt0025506	https://www.imdb.com/title/tt0025506/
tt0025507	https://www.imdb.com/title/tt0025507/
tt0025508	https://www.imdb.com/title/tt0025508/
tt0025509	https://www.imdb.com/title/tt0025509/
tt0025510	https://www.imdb.com/title/tt0025510/
tt0025511	https://www.imdb.com/title/tt0025511/
tt0025512	https://www.imdb.com/title/tt0025512/
tt0025513	https://www.imdb.com/title/tt0025513/
tt0025514	https://www.imdb.com/title/tt0025514/
tt0025515	https://www.imdb.com/title/tt0025515/
tt0025516	https://www.imdb.com/title/tt0025516/
tt0025518	https://www.imdb.com/title/tt0025518/
tt0025520	https://www.imdb.com/title/tt0025520/
tt0025523	https://www.imdb.com/title/tt0025523/
tt0025524	https://www.imdb.com/title/tt0025524/
tt0025526	https://www.imdb.com/title/tt0025526/
tt0025528	https://www.imdb.com/title/tt0025528/
tt0025529	https://www.imdb.com/title/tt0025529/
tt0025530	https://www.imdb.com/title/tt0025530/
tt0025531	https://www.imdb.com/title/tt0025531/
tt0025532	https://www.imdb.com/title/tt0025532/
tt0025534	https://www.imdb.com/title/tt0025534/
tt0025536	https://www.imdb.com/title/tt0025536/
tt0025537	https://www.imdb.com/title/tt0025537/
tt0025539	https://www.imdb.com/title/tt0025539/
tt0025540	https://www.imdb.com/title/tt0025540/
tt0025541	https://www.imdb.com/title/tt0025541/
tt0025543	https://www.imdb.com/title/tt0025543/
tt0025544	https://www.imdb.com/title/tt0025544/
tt0025545	https://www.imdb.com/title/tt0025545/
tt0025546	https://www.imdb.com/title/tt0025546/
tt0025547	https://www.imdb.com/title/tt0025547/
tt0025548	https://www.imdb.com/title/tt0025548/
tt0025549	https://www.imdb.com/title/tt0025549/
tt0025550	https://www.imdb.com/title/tt0025550/
tt0025551	https://www.imdb.com/title/tt0025551/
tt0025552	https://www.imdb.com/title/tt0025552/
tt0025553	https://www.imdb.com/title/tt0025553/
tt0025554	https://www.imdb.com/title/tt0025554/
tt0025555	https://www.imdb.com/title/tt0025555/
tt0025558	https://www.imdb.com/title/tt0025558/
tt0025562	https://www.imdb.com/title/tt0025562/
tt0025563	https://www.imdb.com/title/tt0025563/
tt0025564	https://www.imdb.com/title/tt0025564/
tt0025565	https://www.imdb.com/title/tt0025565/
tt0025566	https://www.imdb.com/title/tt0025566/
tt0025567	https://www.imdb.com/title/tt0025567/
tt0025568	https://www.imdb.com/title/tt0025568/
tt0025569	https://www.imdb.com/title/tt0025569/
tt0025571	https://www.imdb.com/title/tt0025571/
tt0025573	https://www.imdb.com/title/tt0025573/
tt0025577	https://www.imdb.com/title/tt0025577/
tt0025578	https://www.imdb.com/title/tt0025578/
tt0025579	https://www.imdb.com/title/tt0025579/
tt0025580	https://www.imdb.com/title/tt0025580/
tt0025581	https://www.imdb.com/title/tt0025581/
tt0025586	https://www.imdb.com/title/tt0025586/
tt0025588	https://www.imdb.com/title/tt0025588/
tt0025590	https://www.imdb.com/title/tt0025590/
tt0025595	https://www.imdb.com/title/tt0025595/
tt0025596	https://www.imdb.com/title/tt0025596/
tt0025597	https://www.imdb.com/title/tt0025597/
tt0025599	https://www.imdb.com/title/tt0025599/
tt0025600	https://www.imdb.com/title/tt0025600/
tt0025601	https://www.imdb.com/title/tt0025601/
tt0025602	https://www.imdb.com/title/tt0025602/
tt0025603	https://www.imdb.com/title/tt0025603/
tt0025605	https://www.imdb.com/title/tt0025605/
tt0025607	https://www.imdb.com/title/tt0025607/
tt0025608	https://www.imdb.com/title/tt0025608/
tt0025610	https://www.imdb.com/title/tt0025610/
tt0025611	https://www.imdb.com/title/tt0025611/
tt0025612	https://www.imdb.com/title/tt0025612/
tt0025614	https://www.imdb.com/title/tt0025614/
tt0025615	https://www.imdb.com/title/tt0025615/
tt0025616	https://www.imdb.com/title/tt0025616/
tt0025617	https://www.imdb.com/title/tt0025617/
tt0025618	https://www.imdb.com/title/tt0025618/
tt0025619	https://www.imdb.com/title/tt0025619/
tt0025621	https://www.imdb.com/title/tt0025621/
tt0025623	https://www.imdb.com/title/tt0025623/
tt0025625	https://www.imdb.com/title/tt0025625/
tt0025626	https://www.imdb.com/title/tt0025626/
tt0025629	https://www.imdb.com/title/tt0025629/
tt0025630	https://www.imdb.com/title/tt0025630/
tt0025631	https://www.imdb.com/title/tt0025631/
tt0025632	https://www.imdb.com/title/tt0025632/
tt0025635	https://www.imdb.com/title/tt0025635/
tt0025638	https://www.imdb.com/title/tt0025638/
tt0025639	https://www.imdb.com/title/tt0025639/
tt0025640	https://www.imdb.com/title/tt0025640/
tt0025642	https://www.imdb.com/title/tt0025642/
tt0025645	https://www.imdb.com/title/tt0025645/
tt0025646	https://www.imdb.com/title/tt0025646/
tt0025647	https://www.imdb.com/title/tt0025647/
tt0025648	https://www.imdb.com/title/tt0025648/
tt0025650	https://www.imdb.com/title/tt0025650/
tt0025655	https://www.imdb.com/title/tt0025655/
tt0025656	https://www.imdb.com/title/tt0025656/
tt0025661	https://www.imdb.com/title/tt0025661/
tt0025662	https://www.imdb.com/title/tt0025662/
tt0025663	https://www.imdb.com/title/tt0025663/
tt0025664	https://www.imdb.com/title/tt0025664/
tt0025666	https://www.imdb.com/title/tt0025666/
tt0025668	https://www.imdb.com/title/tt0025668/
tt0025670	https://www.imdb.com/title/tt0025670/
tt0025671	https://www.imdb.com/title/tt0025671/
tt0025672	https://www.imdb.com/title/tt0025672/
tt0025673	https://www.imdb.com/title/tt0025673/
tt0025674	https://www.imdb.com/title/tt0025674/
tt0025675	https://www.imdb.com/title/tt0025675/
tt0025677	https://www.imdb.com/title/tt0025677/
tt0025678	https://www.imdb.com/title/tt0025678/
tt0025679	https://www.imdb.com/title/tt0025679/
tt0025681	https://www.imdb.com/title/tt0025681/
tt0025682	https://www.imdb.com/title/tt0025682/
tt0025685	https://www.imdb.com/title/tt0025685/
tt0025687	https://www.imdb.com/title/tt0025687/
tt0025689	https://www.imdb.com/title/tt0025689/
tt0025690	https://www.imdb.com/title/tt0025690/
tt0025691	https://www.imdb.com/title/tt0025691/
tt0025694	https://www.imdb.com/title/tt0025694/
tt0025695	https://www.imdb.com/title/tt0025695/
tt0025696	https://www.imdb.com/title/tt0025696/
tt0025698	https://www.imdb.com/title/tt0025698/
tt0025699	https://www.imdb.com/title/tt0025699/
tt0025700	https://www.imdb.com/title/tt0025700/
tt0025702	https://www.imdb.com/title/tt0025702/
tt0025704	https://www.imdb.com/title/tt0025704/
tt0025706	https://www.imdb.com/title/tt0025706/
tt0025707	https://www.imdb.com/title/tt0025707/
tt0025709	https://www.imdb.com/title/tt0025709/
tt0025710	https://www.imdb.com/title/tt0025710/
tt0025712	https://www.imdb.com/title/tt0025712/
tt0025714	https://www.imdb.com/title/tt0025714/
tt0025718	https://www.imdb.com/title/tt0025718/
tt0025719	https://www.imdb.com/title/tt0025719/
tt0025720	https://www.imdb.com/title/tt0025720/
tt0025721	https://www.imdb.com/title/tt0025721/
tt0025722	https://www.imdb.com/title/tt0025722/
tt0025723	https://www.imdb.com/title/tt0025723/
tt0025724	https://www.imdb.com/title/tt0025724/
tt0025725	https://www.imdb.com/title/tt0025725/
tt0025729	https://www.imdb.com/title/tt0025729/
tt0025730	https://www.imdb.com/title/tt0025730/
tt0025731	https://www.imdb.com/title/tt0025731/
tt0025732	https://www.imdb.com/title/tt0025732/
tt0025734	https://www.imdb.com/title/tt0025734/
tt0025740	https://www.imdb.com/title/tt0025740/
tt0025741	https://www.imdb.com/title/tt0025741/
tt0025742	https://www.imdb.com/title/tt0025742/
tt0025743	https://www.imdb.com/title/tt0025743/
tt0025744	https://www.imdb.com/title/tt0025744/
tt0025745	https://www.imdb.com/title/tt0025745/
tt0025746	https://www.imdb.com/title/tt0025746/
tt0025747	https://www.imdb.com/title/tt0025747/
tt0025748	https://www.imdb.com/title/tt0025748/
tt0025749	https://www.imdb.com/title/tt0025749/
tt0025750	https://www.imdb.com/title/tt0025750/
tt0025751	https://www.imdb.com/title/tt0025751/
tt0025752	https://www.imdb.com/title/tt0025752/
tt0025753	https://www.imdb.com/title/tt0025753/
tt0025754	https://www.imdb.com/title/tt0025754/
tt0025755	https://www.imdb.com/title/tt0025755/
tt0025757	https://www.imdb.com/title/tt0025757/
tt0025758	https://www.imdb.com/title/tt0025758/
tt0025759	https://www.imdb.com/title/tt0025759/
tt0025760	https://www.imdb.com/title/tt0025760/
tt0025761	https://www.imdb.com/title/tt0025761/
tt0025763	https://www.imdb.com/title/tt0025763/
tt0025765	https://www.imdb.com/title/tt0025765/
tt0025766	https://www.imdb.com/title/tt0025766/
tt0025772	https://www.imdb.com/title/tt0025772/
tt0025773	https://www.imdb.com/title/tt0025773/
tt0025774	https://www.imdb.com/title/tt0025774/
tt0025775	https://www.imdb.com/title/tt0025775/
tt0025777	https://www.imdb.com/title/tt0025777/
tt0025782	https://www.imdb.com/title/tt0025782/
tt0025784	https://www.imdb.com/title/tt0025784/
tt0025785	https://www.imdb.com/title/tt0025785/
tt0025787	https://www.imdb.com/title/tt0025787/
tt0025788	https://www.imdb.com/title/tt0025788/
tt0025791	https://www.imdb.com/title/tt0025791/
tt0025792	https://www.imdb.com/title/tt0025792/
tt0025793	https://www.imdb.com/title/tt0025793/
tt0025795	https://www.imdb.com/title/tt0025795/
tt0025796	https://www.imdb.com/title/tt0025796/
tt0025797	https://www.imdb.com/title/tt0025797/
tt0025798	https://www.imdb.com/title/tt0025798/
tt0025799	https://www.imdb.com/title/tt0025799/
tt0025800	https://www.imdb.com/title/tt0025800/
tt0025801	https://www.imdb.com/title/tt0025801/
tt0025802	https://www.imdb.com/title/tt0025802/
tt0025803	https://www.imdb.com/title/tt0025803/
tt0025805	https://www.imdb.com/title/tt0025805/
tt0025806	https://www.imdb.com/title/tt0025806/
tt0025809	https://www.imdb.com/title/tt0025809/
tt0025811	https://www.imdb.com/title/tt0025811/
tt0025813	https://www.imdb.com/title/tt0025813/
tt0025819	https://www.imdb.com/title/tt0025819/
tt0025821	https://www.imdb.com/title/tt0025821/
tt0025822	https://www.imdb.com/title/tt0025822/
tt0025823	https://www.imdb.com/title/tt0025823/
tt0025824	https://www.imdb.com/title/tt0025824/
tt0025825	https://www.imdb.com/title/tt0025825/
tt0025826	https://www.imdb.com/title/tt0025826/
tt0025827	https://www.imdb.com/title/tt0025827/
tt0025828	https://www.imdb.com/title/tt0025828/
tt0025829	https://www.imdb.com/title/tt0025829/
tt0025830	https://www.imdb.com/title/tt0025830/
tt0025832	https://www.imdb.com/title/tt0025832/
tt0025833	https://www.imdb.com/title/tt0025833/
tt0025834	https://www.imdb.com/title/tt0025834/
tt0025836	https://www.imdb.com/title/tt0025836/
tt0025838	https://www.imdb.com/title/tt0025838/
tt0025839	https://www.imdb.com/title/tt0025839/
tt0025843	https://www.imdb.com/title/tt0025843/
tt0025844	https://www.imdb.com/title/tt0025844/
tt0025845	https://www.imdb.com/title/tt0025845/
tt0025846	https://www.imdb.com/title/tt0025846/
tt0025850	https://www.imdb.com/title/tt0025850/
tt0025851	https://www.imdb.com/title/tt0025851/
tt0025852	https://www.imdb.com/title/tt0025852/
tt0025853	https://www.imdb.com/title/tt0025853/
tt0025854	https://www.imdb.com/title/tt0025854/
tt0025855	https://www.imdb.com/title/tt0025855/
tt0025856	https://www.imdb.com/title/tt0025856/
tt0025857	https://www.imdb.com/title/tt0025857/
tt0025860	https://www.imdb.com/title/tt0025860/
tt0025861	https://www.imdb.com/title/tt0025861/
tt0025862	https://www.imdb.com/title/tt0025862/
tt0025863	https://www.imdb.com/title/tt0025863/
tt0025865	https://www.imdb.com/title/tt0025865/
tt0025866	https://www.imdb.com/title/tt0025866/
tt0025869	https://www.imdb.com/title/tt0025869/
tt0025871	https://www.imdb.com/title/tt0025871/
tt0025872	https://www.imdb.com/title/tt0025872/
tt0025875	https://www.imdb.com/title/tt0025875/
tt0025876	https://www.imdb.com/title/tt0025876/
tt0025878	https://www.imdb.com/title/tt0025878/
tt0025879	https://www.imdb.com/title/tt0025879/
tt0025880	https://www.imdb.com/title/tt0025880/
tt0025882	https://www.imdb.com/title/tt0025882/
tt0025883	https://www.imdb.com/title/tt0025883/
tt0025890	https://www.imdb.com/title/tt0025890/
tt0025891	https://www.imdb.com/title/tt0025891/
tt0025892	https://www.imdb.com/title/tt0025892/
tt0025894	https://www.imdb.com/title/tt0025894/
tt0025895	https://www.imdb.com/title/tt0025895/
tt0025896	https://www.imdb.com/title/tt0025896/
tt0025897	https://www.imdb.com/title/tt0025897/
tt0025899	https://www.imdb.com/title/tt0025899/
tt0025901	https://www.imdb.com/title/tt0025901/
tt0025903	https://www.imdb.com/title/tt0025903/
tt0025905	https://www.imdb.com/title/tt0025905/
tt0025906	https://www.imdb.com/title/tt0025906/
tt0025907	https://www.imdb.com/title/tt0025907/
tt0025908	https://www.imdb.com/title/tt0025908/
tt0025910	https://www.imdb.com/title/tt0025910/
tt0025911	https://www.imdb.com/title/tt0025911/
tt0025915	https://www.imdb.com/title/tt0025915/
tt0025919	https://www.imdb.com/title/tt0025919/
tt0025920	https://www.imdb.com/title/tt0025920/
tt0025923	https://www.imdb.com/title/tt0025923/
tt0025924	https://www.imdb.com/title/tt0025924/
tt0025925	https://www.imdb.com/title/tt0025925/
tt0025927	https://www.imdb.com/title/tt0025927/
tt0025928	https://www.imdb.com/title/tt0025928/
tt0025929	https://www.imdb.com/title/tt0025929/
tt0025930	https://www.imdb.com/title/tt0025930/
tt0025932	https://www.imdb.com/title/tt0025932/
tt0025933	https://www.imdb.com/title/tt0025933/
tt0025934	https://www.imdb.com/title/tt0025934/
tt0025935	https://www.imdb.com/title/tt0025935/
tt0025936	https://www.imdb.com/title/tt0025936/
tt0025940	https://www.imdb.com/title/tt0025940/
tt0025943	https://www.imdb.com/title/tt0025943/
tt0025944	https://www.imdb.com/title/tt0025944/
tt0025945	https://www.imdb.com/title/tt0025945/
tt0025946	https://www.imdb.com/title/tt0025946/
tt0025948	https://www.imdb.com/title/tt0025948/
tt0025949	https://www.imdb.com/title/tt0025949/
tt0025950	https://www.imdb.com/title/tt0025950/
tt0025953	https://www.imdb.com/title/tt0025953/
tt0025954	https://www.imdb.com/title/tt0025954/
tt0025955	https://www.imdb.com/title/tt0025955/
tt0025957	https://www.imdb.com/title/tt0025957/
tt0025958	https://www.imdb.com/title/tt0025958/
tt0025959	https://www.imdb.com/title/tt0025959/
tt0025960	https://www.imdb.com/title/tt0025960/
tt0025962	https://www.imdb.com/title/tt0025962/
tt0025964	https://www.imdb.com/title/tt0025964/
tt0025965	https://www.imdb.com/title/tt0025965/
tt0025966	https://www.imdb.com/title/tt0025966/
tt0025967	https://www.imdb.com/title/tt0025967/
tt0025968	https://www.imdb.com/title/tt0025968/
tt0025969	https://www.imdb.com/title/tt0025969/
tt0025971	https://www.imdb.com/title/tt0025971/
tt0025972	https://www.imdb.com/title/tt0025972/
tt0025973	https://www.imdb.com/title/tt0025973/
tt0025974	https://www.imdb.com/title/tt0025974/
tt0025975	https://www.imdb.com/title/tt0025975/
tt0025976	https://www.imdb.com/title/tt0025976/
tt0025978	https://www.imdb.com/title/tt0025978/
tt0025980	https://www.imdb.com/title/tt0025980/
tt0025981	https://www.imdb.com/title/tt0025981/
tt0025982	https://www.imdb.com/title/tt0025982/
tt0025983	https://www.imdb.com/title/tt0025983/
tt0025984	https://www.imdb.com/title/tt0025984/
tt0025985	https://www.imdb.com/title/tt0025985/
tt0025986	https://www.imdb.com/title/tt0025986/
tt0025987	https://www.imdb.com/title/tt0025987/
tt0025989	https://www.imdb.com/title/tt0025989/
tt0025990	https://www.imdb.com/title/tt0025990/
tt0025991	https://www.imdb.com/title/tt0025991/
tt0025992	https://www.imdb.com/title/tt0025992/
tt0025993	https://www.imdb.com/title/tt0025993/
tt0025994	https://www.imdb.com/title/tt0025994/
tt0025998	https://www.imdb.com/title/tt0025998/
tt0025999	https://www.imdb.com/title/tt0025999/
tt0026001	https://www.imdb.com/title/tt0026001/
tt0026003	https://www.imdb.com/title/tt0026003/
tt0026005	https://www.imdb.com/title/tt0026005/
tt0026007	https://www.imdb.com/title/tt0026007/
tt0026008	https://www.imdb.com/title/tt0026008/
tt0026011	https://www.imdb.com/title/tt0026011/
tt0026013	https://www.imdb.com/title/tt0026013/
tt0026015	https://www.imdb.com/title/tt0026015/
tt0026017	https://www.imdb.com/title/tt0026017/
tt0026018	https://www.imdb.com/title/tt0026018/
tt0026019	https://www.imdb.com/title/tt0026019/
tt0026020	https://www.imdb.com/title/tt0026020/
tt0026021	https://www.imdb.com/title/tt0026021/
tt0026023	https://www.imdb.com/title/tt0026023/
tt0026024	https://www.imdb.com/title/tt0026024/
tt0026025	https://www.imdb.com/title/tt0026025/
tt0026078	https://www.imdb.com/title/tt0026078/
tt0026107	https://www.imdb.com/title/tt0026107/
tt0026128	https://www.imdb.com/title/tt0026128/
tt0026159	https://www.imdb.com/title/tt0026159/
tt0026209	https://www.imdb.com/title/tt0026209/
tt0026211	https://www.imdb.com/title/tt0026211/
tt0026315	https://www.imdb.com/title/tt0026315/
tt0026341	https://www.imdb.com/title/tt0026341/
tt0026350	https://www.imdb.com/title/tt0026350/
tt0026367	https://www.imdb.com/title/tt0026367/
tt0026368	https://www.imdb.com/title/tt0026368/
tt0026389	https://www.imdb.com/title/tt0026389/
tt0026392	https://www.imdb.com/title/tt0026392/
tt0026414	https://www.imdb.com/title/tt0026414/
tt0026462	https://www.imdb.com/title/tt0026462/
tt0026470	https://www.imdb.com/title/tt0026470/
tt0026505	https://www.imdb.com/title/tt0026505/
tt0026550	https://www.imdb.com/title/tt0026550/
tt0026567	https://www.imdb.com/title/tt0026567/
tt0026597	https://www.imdb.com/title/tt0026597/
tt0026636	https://www.imdb.com/title/tt0026636/
tt0026649	https://www.imdb.com/title/tt0026649/
tt0026684	https://www.imdb.com/title/tt0026684/
tt0026717	https://www.imdb.com/title/tt0026717/
tt0026755	https://www.imdb.com/title/tt0026755/
tt0026818	https://www.imdb.com/title/tt0026818/
tt0026821	https://www.imdb.com/title/tt0026821/
tt0026845	https://www.imdb.com/title/tt0026845/
tt0026882	https://www.imdb.com/title/tt0026882/
tt0026918	https://www.imdb.com/title/tt0026918/
tt0026969	https://www.imdb.com/title/tt0026969/
tt0026973	https://www.imdb.com/title/tt0026973/
tt0026995	https://www.imdb.com/title/tt0026995/
tt0027000	https://www.imdb.com/title/tt0027000/
tt0027003	https://www.imdb.com/title/tt0027003/
tt0027026	https://www.imdb.com/title/tt0027026/
tt0027051	https://www.imdb.com/title/tt0027051/
tt0027084	https://www.imdb.com/title/tt0027084/
tt0027121	https://www.imdb.com/title/tt0027121/
tt0027157	https://www.imdb.com/title/tt0027157/
tt0027199	https://www.imdb.com/title/tt0027199/
tt0027209	https://www.imdb.com/title/tt0027209/
tt0027230	https://www.imdb.com/title/tt0027230/
tt0027661	https://www.imdb.com/title/tt0027661/
tt0027958	https://www.imdb.com/title/tt0027958/
tt0027989	https://www.imdb.com/title/tt0027989/
tt0028134	https://www.imdb.com/title/tt0028134/
tt0028415	https://www.imdb.com/title/tt0028415/
tt0031616	https://www.imdb.com/title/tt0031616/
tt0032174	https://www.imdb.com/title/tt0032174/
tt0053353	https://www.imdb.com/title/tt0053353/
tt0121557	https://www.imdb.com/title/tt0121557/
tt0121565	https://www.imdb.com/title/tt0121565/
tt0122265	https://www.imdb.com/title/tt0122265/
tt0122314	https://www.imdb.com/title/tt0122314/
tt0122397	https://www.imdb.com/title/tt0122397/
tt0123132	https://www.imdb.com/title/tt0123132/
tt0123151	https://www.imdb.com/title/tt0123151/
tt0123201	https://www.imdb.com/title/tt0123201/
tt0124125	https://www.imdb.com/title/tt0124125/
tt0124270	https://www.imdb.com/title/tt0124270/
tt0125909	https://www.imdb.com/title/tt0125909/
tt0126214	https://www.imdb.com/title/tt0126214/
tt0126403	https://www.imdb.com/title/tt0126403/
tt0127610	https://www.imdb.com/title/tt0127610/
tt0127625	https://www.imdb.com/title/tt0127625/
tt0128838	https://www.imdb.com/title/tt0128838/
tt0128972	https://www.imdb.com/title/tt0128972/
tt0129096	https://www.imdb.com/title/tt0129096/
tt0129109	https://www.imdb.com/title/tt0129109/
tt0129187	https://www.imdb.com/title/tt0129187/
tt0129200	https://www.imdb.com/title/tt0129200/
tt0129202	https://www.imdb.com/title/tt0129202/
tt0129239	https://www.imdb.com/title/tt0129239/
tt0129244	https://www.imdb.com/title/tt0129244/
tt0129344	https://www.imdb.com/title/tt0129344/
tt0129353	https://www.imdb.com/title/tt0129353/
tt0129375	https://www.imdb.com/title/tt0129375/
tt0129409	https://www.imdb.com/title/tt0129409/
tt0129793	https://www.imdb.com/title/tt0129793/
tt0129888	https://www.imdb.com/title/tt0129888/
tt0130369	https://www.imdb.com/title/tt0130369/
tt0130381	https://www.imdb.com/title/tt0130381/
tt0131072	https://www.imdb.com/title/tt0131072/
tt0131982	https://www.imdb.com/title/tt0131982/
tt0132009	https://www.imdb.com/title/tt0132009/
tt0132011	https://www.imdb.com/title/tt0132011/
tt0132038	https://www.imdb.com/title/tt0132038/
tt0132463	https://www.imdb.com/title/tt0132463/
tt0133179	https://www.imdb.com/title/tt0133179/
tt0133898	https://www.imdb.com/title/tt0133898/
tt0137019	https://www.imdb.com/title/tt0137019/
tt0137103	https://www.imdb.com/title/tt0137103/
tt0137187	https://www.imdb.com/title/tt0137187/
tt0137352	https://www.imdb.com/title/tt0137352/
tt0137495	https://www.imdb.com/title/tt0137495/
tt0137881	https://www.imdb.com/title/tt0137881/
tt0137944	https://www.imdb.com/title/tt0137944/
tt0139339	https://www.imdb.com/title/tt0139339/
tt0139378	https://www.imdb.com/title/tt0139378/
tt0139455	https://www.imdb.com/title/tt0139455/
tt0139597	https://www.imdb.com/title/tt0139597/
tt0139598	https://www.imdb.com/title/tt0139598/
tt0139620	https://www.imdb.com/title/tt0139620/
tt0140300	https://www.imdb.com/title/tt0140300/
tt0140437	https://www.imdb.com/title/tt0140437/
tt0140563	https://www.imdb.com/title/tt0140563/
tt0140571	https://www.imdb.com/title/tt0140571/
tt0140572	https://www.imdb.com/title/tt0140572/
tt0140655	https://www.imdb.com/title/tt0140655/
tt0142339	https://www.imdb.com/title/tt0142339/
tt0142739	https://www.imdb.com/title/tt0142739/
tt0142812	https://www.imdb.com/title/tt0142812/
tt0142919	https://www.imdb.com/title/tt0142919/
tt0142941	https://www.imdb.com/title/tt0142941/
tt0142969	https://www.imdb.com/title/tt0142969/
tt0143315	https://www.imdb.com/title/tt0143315/
tt0143856	https://www.imdb.com/title/tt0143856/
tt0143859	https://www.imdb.com/title/tt0143859/
tt0143992	https://www.imdb.com/title/tt0143992/
tt0144004	https://www.imdb.com/title/tt0144004/
tt0144227	https://www.imdb.com/title/tt0144227/
tt0144524	https://www.imdb.com/title/tt0144524/
tt0145682	https://www.imdb.com/title/tt0145682/
tt0145817	https://www.imdb.com/title/tt0145817/
tt0145865	https://www.imdb.com/title/tt0145865/
tt0147467	https://www.imdb.com/title/tt0147467/
tt0149594	https://www.imdb.com/title/tt0149594/
tt0149936	https://www.imdb.com/title/tt0149936/
tt0149973	https://www.imdb.com/title/tt0149973/
tt0150097	https://www.imdb.com/title/tt0150097/
tt0150124	https://www.imdb.com/title/tt0150124/
tt0150156	https://www.imdb.com/title/tt0150156/
tt0150248	https://www.imdb.com/title/tt0150248/
tt0150327	https://www.imdb.com/title/tt0150327/
tt0150674	https://www.imdb.com/title/tt0150674/
tt0151142	https://www.imdb.com/title/tt0151142/
tt0152070	https://www.imdb.com/title/tt0152070/
tt0152886	https://www.imdb.com/title/tt0152886/
tt0153447	https://www.imdb.com/title/tt0153447/
tt0153497	https://www.imdb.com/title/tt0153497/
tt0154221	https://www.imdb.com/title/tt0154221/
tt0154317	https://www.imdb.com/title/tt0154317/
tt0154375	https://www.imdb.com/title/tt0154375/
tt0154548	https://www.imdb.com/title/tt0154548/
tt0154928	https://www.imdb.com/title/tt0154928/
tt0155332	https://www.imdb.com/title/tt0155332/
tt0155390	https://www.imdb.com/title/tt0155390/
tt0155527	https://www.imdb.com/title/tt0155527/
tt0155643	https://www.imdb.com/title/tt0155643/
tt0155660	https://www.imdb.com/title/tt0155660/
tt0155728	https://www.imdb.com/title/tt0155728/
tt0155817	https://www.imdb.com/title/tt0155817/
tt0156032	https://www.imdb.com/title/tt0156032/
tt0156046	https://www.imdb.com/title/tt0156046/
tt0156355	https://www.imdb.com/title/tt0156355/
tt0156356	https://www.imdb.com/title/tt0156356/
tt0156434	https://www.imdb.com/title/tt0156434/
tt0156449	https://www.imdb.com/title/tt0156449/
tt0156451	https://www.imdb.com/title/tt0156451/
tt0156736	https://www.imdb.com/title/tt0156736/
tt0156743	https://www.imdb.com/title/tt0156743/
tt0156764	https://www.imdb.com/title/tt0156764/
tt0156780	https://www.imdb.com/title/tt0156780/
tt0156802	https://www.imdb.com/title/tt0156802/
tt0156991	https://www.imdb.com/title/tt0156991/
tt0157008	https://www.imdb.com/title/tt0157008/
tt0157108	https://www.imdb.com/title/tt0157108/
tt0157114	https://www.imdb.com/title/tt0157114/
tt0158306	https://www.imdb.com/title/tt0158306/
tt0158337	https://www.imdb.com/title/tt0158337/
tt0158361	https://www.imdb.com/title/tt0158361/
tt0158450	https://www.imdb.com/title/tt0158450/
tt0158851	https://www.imdb.com/title/tt0158851/
tt0158972	https://www.imdb.com/title/tt0158972/
tt0159051	https://www.imdb.com/title/tt0159051/
tt0159064	https://www.imdb.com/title/tt0159064/
tt0159668	https://www.imdb.com/title/tt0159668/
tt0159683	https://www.imdb.com/title/tt0159683/
tt0160752	https://www.imdb.com/title/tt0160752/
tt0160895	https://www.imdb.com/title/tt0160895/
tt0160994	https://www.imdb.com/title/tt0160994/
tt0161816	https://www.imdb.com/title/tt0161816/
tt0161871	https://www.imdb.com/title/tt0161871/
tt0161873	https://www.imdb.com/title/tt0161873/
tt0164542	https://www.imdb.com/title/tt0164542/
tt0164899	https://www.imdb.com/title/tt0164899/
tt0165094	https://www.imdb.com/title/tt0165094/
tt0165115	https://www.imdb.com/title/tt0165115/
tt0165132	https://www.imdb.com/title/tt0165132/
tt0165167	https://www.imdb.com/title/tt0165167/
tt0165190	https://www.imdb.com/title/tt0165190/
tt0165293	https://www.imdb.com/title/tt0165293/
tt0165301	https://www.imdb.com/title/tt0165301/
tt0165317	https://www.imdb.com/title/tt0165317/
tt0165322	https://www.imdb.com/title/tt0165322/
tt0165335	https://www.imdb.com/title/tt0165335/
tt0165397	https://www.imdb.com/title/tt0165397/
tt0165422	https://www.imdb.com/title/tt0165422/
tt0165463	https://www.imdb.com/title/tt0165463/
tt0165505	https://www.imdb.com/title/tt0165505/
tt0165535	https://www.imdb.com/title/tt0165535/
tt0165538	https://www.imdb.com/title/tt0165538/
tt0165545	https://www.imdb.com/title/tt0165545/
tt0165678	https://www.imdb.com/title/tt0165678/
tt0166512	https://www.imdb.com/title/tt0166512/
tt0166618	https://www.imdb.com/title/tt0166618/
tt0166624	https://www.imdb.com/title/tt0166624/
tt0166769	https://www.imdb.com/title/tt0166769/
tt0167060	https://www.imdb.com/title/tt0167060/
tt0167093	https://www.imdb.com/title/tt0167093/
tt0167130	https://www.imdb.com/title/tt0167130/
tt0167135	https://www.imdb.com/title/tt0167135/
tt0167155	https://www.imdb.com/title/tt0167155/
tt0167180	https://www.imdb.com/title/tt0167180/
tt0167181	https://www.imdb.com/title/tt0167181/
tt0167262	https://www.imdb.com/title/tt0167262/
tt0167268	https://www.imdb.com/title/tt0167268/
tt0167277	https://www.imdb.com/title/tt0167277/
tt0167298	https://www.imdb.com/title/tt0167298/
tt0167321	https://www.imdb.com/title/tt0167321/
tt0167373	https://www.imdb.com/title/tt0167373/
tt0167376	https://www.imdb.com/title/tt0167376/
tt0167471	https://www.imdb.com/title/tt0167471/
tt0167480	https://www.imdb.com/title/tt0167480/
tt0167935	https://www.imdb.com/title/tt0167935/
tt0168030	https://www.imdb.com/title/tt0168030/
tt0169004	https://www.imdb.com/title/tt0169004/
tt0169550	https://www.imdb.com/title/tt0169550/
tt0169859	https://www.imdb.com/title/tt0169859/
tt0169939	https://www.imdb.com/title/tt0169939/
tt0170017	https://www.imdb.com/title/tt0170017/
tt0170067	https://www.imdb.com/title/tt0170067/
tt0170080	https://www.imdb.com/title/tt0170080/
tt0170201	https://www.imdb.com/title/tt0170201/
tt0170211	https://www.imdb.com/title/tt0170211/
tt0170280	https://www.imdb.com/title/tt0170280/
tt0170337	https://www.imdb.com/title/tt0170337/
tt0170482	https://www.imdb.com/title/tt0170482/
tt0170730	https://www.imdb.com/title/tt0170730/
tt0171070	https://www.imdb.com/title/tt0171070/
tt0171159	https://www.imdb.com/title/tt0171159/
tt0171164	https://www.imdb.com/title/tt0171164/
tt0171835	https://www.imdb.com/title/tt0171835/
tt0172096	https://www.imdb.com/title/tt0172096/
tt0172814	https://www.imdb.com/title/tt0172814/
tt0173114	https://www.imdb.com/title/tt0173114/
tt0173139	https://www.imdb.com/title/tt0173139/
tt0173258	https://www.imdb.com/title/tt0173258/
tt0173259	https://www.imdb.com/title/tt0173259/
tt0173260	https://www.imdb.com/title/tt0173260/
tt0175611	https://www.imdb.com/title/tt0175611/
tt0176136	https://www.imdb.com/title/tt0176136/
tt0176323	https://www.imdb.com/title/tt0176323/
tt0177018	https://www.imdb.com/title/tt0177018/
tt0177106	https://www.imdb.com/title/tt0177106/
tt0178051	https://www.imdb.com/title/tt0178051/
tt0178699	https://www.imdb.com/title/tt0178699/
tt0178867	https://www.imdb.com/title/tt0178867/
tt0179093	https://www.imdb.com/title/tt0179093/
tt0179837	https://www.imdb.com/title/tt0179837/
tt0180067	https://www.imdb.com/title/tt0180067/
tt0180296	https://www.imdb.com/title/tt0180296/
tt0181784	https://www.imdb.com/title/tt0181784/
tt0182678	https://www.imdb.com/title/tt0182678/
tt0182835	https://www.imdb.com/title/tt0182835/
tt0182904	https://www.imdb.com/title/tt0182904/
tt0183120	https://www.imdb.com/title/tt0183120/
tt0183574	https://www.imdb.com/title/tt0183574/
tt0183585	https://www.imdb.com/title/tt0183585/
tt0183912	https://www.imdb.com/title/tt0183912/
tt0184768	https://www.imdb.com/title/tt0184768/
tt0185245	https://www.imdb.com/title/tt0185245/
tt0185378	https://www.imdb.com/title/tt0185378/
tt0185632	https://www.imdb.com/title/tt0185632/
tt0185785	https://www.imdb.com/title/tt0185785/
tt0186981	https://www.imdb.com/title/tt0186981/
tt0187269	https://www.imdb.com/title/tt0187269/
tt0188472	https://www.imdb.com/title/tt0188472/
tt0188887	https://www.imdb.com/title/tt0188887/
tt0190295	https://www.imdb.com/title/tt0190295/
tt0190964	https://www.imdb.com/title/tt0190964/
tt0191012	https://www.imdb.com/title/tt0191012/
tt0191020	https://www.imdb.com/title/tt0191020/
tt0191078	https://www.imdb.com/title/tt0191078/
tt0191130	https://www.imdb.com/title/tt0191130/
tt0191138	https://www.imdb.com/title/tt0191138/
tt0191373	https://www.imdb.com/title/tt0191373/
tt0191450	https://www.imdb.com/title/tt0191450/
tt0191453	https://www.imdb.com/title/tt0191453/
tt0191586	https://www.imdb.com/title/tt0191586/
tt0191613	https://www.imdb.com/title/tt0191613/
tt0191638	https://www.imdb.com/title/tt0191638/
tt0191640	https://www.imdb.com/title/tt0191640/
tt0191810	https://www.imdb.com/title/tt0191810/
tt0191913	https://www.imdb.com/title/tt0191913/
tt0191939	https://www.imdb.com/title/tt0191939/
tt0192063	https://www.imdb.com/title/tt0192063/
tt0192112	https://www.imdb.com/title/tt0192112/
tt0192136	https://www.imdb.com/title/tt0192136/
tt0192142	https://www.imdb.com/title/tt0192142/
tt0192155	https://www.imdb.com/title/tt0192155/
tt0192227	https://www.imdb.com/title/tt0192227/
tt0192320	https://www.imdb.com/title/tt0192320/
tt0192378	https://www.imdb.com/title/tt0192378/
tt0192545	https://www.imdb.com/title/tt0192545/
tt0192683	https://www.imdb.com/title/tt0192683/
tt0192761	https://www.imdb.com/title/tt0192761/
tt0193049	https://www.imdb.com/title/tt0193049/
tt0193421	https://www.imdb.com/title/tt0193421/
tt0193799	https://www.imdb.com/title/tt0193799/
tt0194197	https://www.imdb.com/title/tt0194197/
tt0194277	https://www.imdb.com/title/tt0194277/
tt0194485	https://www.imdb.com/title/tt0194485/
tt0194673	https://www.imdb.com/title/tt0194673/
tt0194870	https://www.imdb.com/title/tt0194870/
tt0195088	https://www.imdb.com/title/tt0195088/
tt0195137	https://www.imdb.com/title/tt0195137/
tt0195161	https://www.imdb.com/title/tt0195161/
tt0195256	https://www.imdb.com/title/tt0195256/
tt0195532	https://www.imdb.com/title/tt0195532/
tt0195548	https://www.imdb.com/title/tt0195548/
tt0196209	https://www.imdb.com/title/tt0196209/
tt0197093	https://www.imdb.com/title/tt0197093/
tt0197344	https://www.imdb.com/title/tt0197344/
tt0197450	https://www.imdb.com/title/tt0197450/
tt0197554	https://www.imdb.com/title/tt0197554/
tt0197596	https://www.imdb.com/title/tt0197596/
tt0197972	https://www.imdb.com/title/tt0197972/
tt0197974	https://www.imdb.com/title/tt0197974/
tt0198305	https://www.imdb.com/title/tt0198305/
tt0198470	https://www.imdb.com/title/tt0198470/
tt0198963	https://www.imdb.com/title/tt0198963/
tt0199068	https://www.imdb.com/title/tt0199068/
tt0199112	https://www.imdb.com/title/tt0199112/
tt0199117	https://www.imdb.com/title/tt0199117/
tt0199419	https://www.imdb.com/title/tt0199419/
tt0199509	https://www.imdb.com/title/tt0199509/
tt0200217	https://www.imdb.com/title/tt0200217/
tt0200268	https://www.imdb.com/title/tt0200268/
tt0201516	https://www.imdb.com/title/tt0201516/
tt0201621	https://www.imdb.com/title/tt0201621/
tt0201863	https://www.imdb.com/title/tt0201863/
tt0201966	https://www.imdb.com/title/tt0201966/
tt0202173	https://www.imdb.com/title/tt0202173/
tt0202290	https://www.imdb.com/title/tt0202290/
tt0202296	https://www.imdb.com/title/tt0202296/
tt0202532	https://www.imdb.com/title/tt0202532/
tt0202640	https://www.imdb.com/title/tt0202640/
tt0202901	https://www.imdb.com/title/tt0202901/
tt0203171	https://www.imdb.com/title/tt0203171/
tt0203825	https://www.imdb.com/title/tt0203825/
tt0204017	https://www.imdb.com/title/tt0204017/
tt0204832	https://www.imdb.com/title/tt0204832/
tt0205104	https://www.imdb.com/title/tt0205104/
tt0205344	https://www.imdb.com/title/tt0205344/
tt0205384	https://www.imdb.com/title/tt0205384/
tt0205728	https://www.imdb.com/title/tt0205728/
tt0205764	https://www.imdb.com/title/tt0205764/
tt0206536	https://www.imdb.com/title/tt0206536/
tt0206671	https://www.imdb.com/title/tt0206671/
tt0207003	https://www.imdb.com/title/tt0207003/
tt0207151	https://www.imdb.com/title/tt0207151/
tt0207319	https://www.imdb.com/title/tt0207319/
tt0208324	https://www.imdb.com/title/tt0208324/
tt0208361	https://www.imdb.com/title/tt0208361/
tt0208897	https://www.imdb.com/title/tt0208897/
tt0209510	https://www.imdb.com/title/tt0209510/
tt0209961	https://www.imdb.com/title/tt0209961/
tt0213533	https://www.imdb.com/title/tt0213533/
tt0213716	https://www.imdb.com/title/tt0213716/
tt0213919	https://www.imdb.com/title/tt0213919/
tt0213932	https://www.imdb.com/title/tt0213932/
tt0214078	https://www.imdb.com/title/tt0214078/
tt0214135	https://www.imdb.com/title/tt0214135/
tt0214202	https://www.imdb.com/title/tt0214202/
tt0214272	https://www.imdb.com/title/tt0214272/
tt0214537	https://www.imdb.com/title/tt0214537/
tt0214678	https://www.imdb.com/title/tt0214678/
tt0214747	https://www.imdb.com/title/tt0214747/
tt0214783	https://www.imdb.com/title/tt0214783/
tt0214917	https://www.imdb.com/title/tt0214917/
tt0214933	https://www.imdb.com/title/tt0214933/
tt0214990	https://www.imdb.com/title/tt0214990/
tt0214997	https://www.imdb.com/title/tt0214997/
tt0215177	https://www.imdb.com/title/tt0215177/
tt0215237	https://www.imdb.com/title/tt0215237/
tt0215512	https://www.imdb.com/title/tt0215512/
tt0215560	https://www.imdb.com/title/tt0215560/
tt0215946	https://www.imdb.com/title/tt0215946/
tt0216961	https://www.imdb.com/title/tt0216961/
tt0219800	https://www.imdb.com/title/tt0219800/
tt0219944	https://www.imdb.com/title/tt0219944/
tt0220372	https://www.imdb.com/title/tt0220372/
tt0220446	https://www.imdb.com/title/tt0220446/
tt0220694	https://www.imdb.com/title/tt0220694/
tt0221170	https://www.imdb.com/title/tt0221170/
tt0221292	https://www.imdb.com/title/tt0221292/
tt0222475	https://www.imdb.com/title/tt0222475/
tt0225396	https://www.imdb.com/title/tt0225396/
tt0227091	https://www.imdb.com/title/tt0227091/
tt0227235	https://www.imdb.com/title/tt0227235/
tt0227350	https://www.imdb.com/title/tt0227350/
tt0227443	https://www.imdb.com/title/tt0227443/
tt0227608	https://www.imdb.com/title/tt0227608/
tt0227864	https://www.imdb.com/title/tt0227864/
tt0229001	https://www.imdb.com/title/tt0229001/
tt0230330	https://www.imdb.com/title/tt0230330/
tt0230397	https://www.imdb.com/title/tt0230397/
tt0230403	https://www.imdb.com/title/tt0230403/
tt0230786	https://www.imdb.com/title/tt0230786/
tt0230943	https://www.imdb.com/title/tt0230943/
tt0231334	https://www.imdb.com/title/tt0231334/
tt0231501	https://www.imdb.com/title/tt0231501/
tt0231749	https://www.imdb.com/title/tt0231749/
tt0231911	https://www.imdb.com/title/tt0231911/
tt0232552	https://www.imdb.com/title/tt0232552/
tt0232588	https://www.imdb.com/title/tt0232588/
tt0232699	https://www.imdb.com/title/tt0232699/
tt0232729	https://www.imdb.com/title/tt0232729/
tt0233625	https://www.imdb.com/title/tt0233625/
tt0234621	https://www.imdb.com/title/tt0234621/
tt0235207	https://www.imdb.com/title/tt0235207/
tt0235351	https://www.imdb.com/title/tt0235351/
tt0235575	https://www.imdb.com/title/tt0235575/
tt0235857	https://www.imdb.com/title/tt0235857/
tt0235859	https://www.imdb.com/title/tt0235859/
tt0235995	https://www.imdb.com/title/tt0235995/
tt0236356	https://www.imdb.com/title/tt0236356/
tt0236490	https://www.imdb.com/title/tt0236490/
tt0236735	https://www.imdb.com/title/tt0236735/
tt0238140	https://www.imdb.com/title/tt0238140/
tt0238572	https://www.imdb.com/title/tt0238572/
tt0239022	https://www.imdb.com/title/tt0239022/
tt0239092	https://www.imdb.com/title/tt0239092/
tt0239932	https://www.imdb.com/title/tt0239932/
tt0240170	https://www.imdb.com/title/tt0240170/
tt0240204	https://www.imdb.com/title/tt0240204/
tt0240650	https://www.imdb.com/title/tt0240650/
tt0240728	https://www.imdb.com/title/tt0240728/
tt0240935	https://www.imdb.com/title/tt0240935/
tt0241439	https://www.imdb.com/title/tt0241439/
tt0241902	https://www.imdb.com/title/tt0241902/
tt0242273	https://www.imdb.com/title/tt0242273/
tt0242343	https://www.imdb.com/title/tt0242343/
tt0242537	https://www.imdb.com/title/tt0242537/
tt0244185	https://www.imdb.com/title/tt0244185/
tt0245331	https://www.imdb.com/title/tt0245331/
tt0245409	https://www.imdb.com/title/tt0245409/
tt0247018	https://www.imdb.com/title/tt0247018/
tt0247305	https://www.imdb.com/title/tt0247305/
tt0247721	https://www.imdb.com/title/tt0247721/
tt0248177	https://www.imdb.com/title/tt0248177/
tt0248313	https://www.imdb.com/title/tt0248313/
tt0248622	https://www.imdb.com/title/tt0248622/
tt0248745	https://www.imdb.com/title/tt0248745/
tt0249049	https://www.imdb.com/title/tt0249049/
tt0249265	https://www.imdb.com/title/tt0249265/
tt0250832	https://www.imdb.com/title/tt0250832/
tt0250976	https://www.imdb.com/title/tt0250976/
tt0251028	https://www.imdb.com/title/tt0251028/
tt0251195	https://www.imdb.com/title/tt0251195/
tt0251318	https://www.imdb.com/title/tt0251318/
tt0251646	https://www.imdb.com/title/tt0251646/
tt0252216	https://www.imdb.com/title/tt0252216/
tt0252217	https://www.imdb.com/title/tt0252217/
tt0252454	https://www.imdb.com/title/tt0252454/
tt0252459	https://www.imdb.com/title/tt0252459/
tt0252484	https://www.imdb.com/title/tt0252484/
tt0252566	https://www.imdb.com/title/tt0252566/
tt0252576	https://www.imdb.com/title/tt0252576/
tt0252620	https://www.imdb.com/title/tt0252620/
tt0252622	https://www.imdb.com/title/tt0252622/
tt0252663	https://www.imdb.com/title/tt0252663/
tt0252721	https://www.imdb.com/title/tt0252721/
tt0252810	https://www.imdb.com/title/tt0252810/
tt0252813	https://www.imdb.com/title/tt0252813/
tt0252856	https://www.imdb.com/title/tt0252856/
tt0252927	https://www.imdb.com/title/tt0252927/
tt0252932	https://www.imdb.com/title/tt0252932/
tt0253054	https://www.imdb.com/title/tt0253054/
tt0253059	https://www.imdb.com/title/tt0253059/
tt0253069	https://www.imdb.com/title/tt0253069/
tt0253087	https://www.imdb.com/title/tt0253087/
tt0253138	https://www.imdb.com/title/tt0253138/
tt0253243	https://www.imdb.com/title/tt0253243/
tt0253448	https://www.imdb.com/title/tt0253448/
tt0253449	https://www.imdb.com/title/tt0253449/
tt0253656	https://www.imdb.com/title/tt0253656/
tt0253657	https://www.imdb.com/title/tt0253657/
tt0253748	https://www.imdb.com/title/tt0253748/
tt0253889	https://www.imdb.com/title/tt0253889/
tt0253896	https://www.imdb.com/title/tt0253896/
tt0253931	https://www.imdb.com/title/tt0253931/
tt0253947	https://www.imdb.com/title/tt0253947/
tt0253982	https://www.imdb.com/title/tt0253982/
tt0253990	https://www.imdb.com/title/tt0253990/
tt0254667	https://www.imdb.com/title/tt0254667/
tt0255315	https://www.imdb.com/title/tt0255315/
tt0255316	https://www.imdb.com/title/tt0255316/
tt0256752	https://www.imdb.com/title/tt0256752/
tt0256821	https://www.imdb.com/title/tt0256821/
tt0258412	https://www.imdb.com/title/tt0258412/
tt0258682	https://www.imdb.com/title/tt0258682/
tt0258801	https://www.imdb.com/title/tt0258801/
tt0258903	https://www.imdb.com/title/tt0258903/
tt0259070	https://www.imdb.com/title/tt0259070/
tt0259464	https://www.imdb.com/title/tt0259464/
tt0261765	https://www.imdb.com/title/tt0261765/
tt0261848	https://www.imdb.com/title/tt0261848/
tt0261920	https://www.imdb.com/title/tt0261920/
tt0261978	https://www.imdb.com/title/tt0261978/
tt0262058	https://www.imdb.com/title/tt0262058/
tt0262084	https://www.imdb.com/title/tt0262084/
tt0263007	https://www.imdb.com/title/tt0263007/
tt0263046	https://www.imdb.com/title/tt0263046/
tt0263450	https://www.imdb.com/title/tt0263450/
tt0263482	https://www.imdb.com/title/tt0263482/
tt0263794	https://www.imdb.com/title/tt0263794/
tt0263798	https://www.imdb.com/title/tt0263798/
tt0263859	https://www.imdb.com/title/tt0263859/
tt0264103	https://www.imdb.com/title/tt0264103/
tt0264187	https://www.imdb.com/title/tt0264187/
tt0264206	https://www.imdb.com/title/tt0264206/
tt0264568	https://www.imdb.com/title/tt0264568/
tt0264664	https://www.imdb.com/title/tt0264664/
tt0264713	https://www.imdb.com/title/tt0264713/
tt0265621	https://www.imdb.com/title/tt0265621/
tt0265699	https://www.imdb.com/title/tt0265699/
tt0265702	https://www.imdb.com/title/tt0265702/
tt0267054	https://www.imdb.com/title/tt0267054/
tt0267073	https://www.imdb.com/title/tt0267073/
tt0267870	https://www.imdb.com/title/tt0267870/
tt0267996	https://www.imdb.com/title/tt0267996/
tt0268350	https://www.imdb.com/title/tt0268350/
tt0268379	https://www.imdb.com/title/tt0268379/
tt0268439	https://www.imdb.com/title/tt0268439/
tt0268764	https://www.imdb.com/title/tt0268764/
tt0270200	https://www.imdb.com/title/tt0270200/
tt0270576	https://www.imdb.com/title/tt0270576/
tt0272636	https://www.imdb.com/title/tt0272636/
tt0280954	https://www.imdb.com/title/tt0280954/
tt0281544	https://www.imdb.com/title/tt0281544/
tt0282639	https://www.imdb.com/title/tt0282639/
tt0282813	https://www.imdb.com/title/tt0282813/
tt0282855	https://www.imdb.com/title/tt0282855/
tt0283074	https://www.imdb.com/title/tt0283074/
tt0284405	https://www.imdb.com/title/tt0284405/
tt0284677	https://www.imdb.com/title/tt0284677/
tt0284990	https://www.imdb.com/title/tt0284990/
tt0285055	https://www.imdb.com/title/tt0285055/
tt0293977	https://www.imdb.com/title/tt0293977/
tt0295163	https://www.imdb.com/title/tt0295163/
tt0295194	https://www.imdb.com/title/tt0295194/
tt0295327	https://www.imdb.com/title/tt0295327/
tt0295419	https://www.imdb.com/title/tt0295419/
tt0295543	https://www.imdb.com/title/tt0295543/
tt0295591	https://www.imdb.com/title/tt0295591/
tt0295748	https://www.imdb.com/title/tt0295748/
tt0304403	https://www.imdb.com/title/tt0304403/
tt0310272	https://www.imdb.com/title/tt0310272/
tt0318339	https://www.imdb.com/title/tt0318339/
tt0321495	https://www.imdb.com/title/tt0321495/
tt0323989	https://www.imdb.com/title/tt0323989/
tt0324089	https://www.imdb.com/title/tt0324089/
tt0325271	https://www.imdb.com/title/tt0325271/
tt0325989	https://www.imdb.com/title/tt0325989/
tt0326201	https://www.imdb.com/title/tt0326201/
tt0326264	https://www.imdb.com/title/tt0326264/
tt0327689	https://www.imdb.com/title/tt0327689/
tt0331317	https://www.imdb.com/title/tt0331317/
tt0334613	https://www.imdb.com/title/tt0334613/
tt0335468	https://www.imdb.com/title/tt0335468/
tt0342802	https://www.imdb.com/title/tt0342802/
tt0360689	https://www.imdb.com/title/tt0360689/
tt0360972	https://www.imdb.com/title/tt0360972/
tt0361304	https://www.imdb.com/title/tt0361304/
tt0361306	https://www.imdb.com/title/tt0361306/
tt0361372	https://www.imdb.com/title/tt0361372/
tt0361375	https://www.imdb.com/title/tt0361375/
tt0361432	https://www.imdb.com/title/tt0361432/
tt0361644	https://www.imdb.com/title/tt0361644/
tt0361691	https://www.imdb.com/title/tt0361691/
tt0361749	https://www.imdb.com/title/tt0361749/
tt0361797	https://www.imdb.com/title/tt0361797/
tt0361803	https://www.imdb.com/title/tt0361803/
tt0362109	https://www.imdb.com/title/tt0362109/
tt0362117	https://www.imdb.com/title/tt0362117/
tt0362325	https://www.imdb.com/title/tt0362325/
tt0363926	https://www.imdb.com/title/tt0363926/
tt0366372	https://www.imdb.com/title/tt0366372/
tt0370457	https://www.imdb.com/title/tt0370457/
tt0370825	https://www.imdb.com/title/tt0370825/
tt0371019	https://www.imdb.com/title/tt0371019/
tt0371287	https://www.imdb.com/title/tt0371287/
tt0372008	https://www.imdb.com/title/tt0372008/
tt0373791	https://www.imdb.com/title/tt0373791/
tt0375547	https://www.imdb.com/title/tt0375547/
tt0375648	https://www.imdb.com/title/tt0375648/
tt0377654	https://www.imdb.com/title/tt0377654/
tt0377796	https://www.imdb.com/title/tt0377796/
tt0377978	https://www.imdb.com/title/tt0377978/
tt0378020	https://www.imdb.com/title/tt0378020/
tt0378145	https://www.imdb.com/title/tt0378145/
tt0378185	https://www.imdb.com/title/tt0378185/
tt0378467	https://www.imdb.com/title/tt0378467/
tt0378500	https://www.imdb.com/title/tt0378500/
tt0378966	https://www.imdb.com/title/tt0378966/
tt0378969	https://www.imdb.com/title/tt0378969/
tt0378977	https://www.imdb.com/title/tt0378977/
tt0379262	https://www.imdb.com/title/tt0379262/
tt0379376	https://www.imdb.com/title/tt0379376/
tt0379444	https://www.imdb.com/title/tt0379444/
tt0383524	https://www.imdb.com/title/tt0383524/
tt0384367	https://www.imdb.com/title/tt0384367/
tt0384611	https://www.imdb.com/title/tt0384611/
tt0386288	https://www.imdb.com/title/tt0386288/
tt0390825	https://www.imdb.com/title/tt0390825/
tt0392172	https://www.imdb.com/title/tt0392172/
tt0392267	https://www.imdb.com/title/tt0392267/
tt0392546	https://www.imdb.com/title/tt0392546/
tt0392673	https://www.imdb.com/title/tt0392673/
tt0393747	https://www.imdb.com/title/tt0393747/
tt0393779	https://www.imdb.com/title/tt0393779/
tt0395485	https://www.imdb.com/title/tt0395485/
tt0405125	https://www.imdb.com/title/tt0405125/
tt0415090	https://www.imdb.com/title/tt0415090/
tt0418296	https://www.imdb.com/title/tt0418296/
tt0418691	https://www.imdb.com/title/tt0418691/
tt0419101	https://www.imdb.com/title/tt0419101/
tt0420212	https://www.imdb.com/title/tt0420212/
tt0421551	https://www.imdb.com/title/tt0421551/
tt0421990	https://www.imdb.com/title/tt0421990/
tt0423168	https://www.imdb.com/title/tt0423168/
tt0426028	https://www.imdb.com/title/tt0426028/
tt0427216	https://www.imdb.com/title/tt0427216/
tt0429713	https://www.imdb.com/title/tt0429713/
tt0432996	https://www.imdb.com/title/tt0432996/
tt0435546	https://www.imdb.com/title/tt0435546/
tt0437683	https://www.imdb.com/title/tt0437683/
tt0438343	https://www.imdb.com/title/tt0438343/
tt0438500	https://www.imdb.com/title/tt0438500/
tt0440558	https://www.imdb.com/title/tt0440558/
tt0454226	https://www.imdb.com/title/tt0454226/
tt0458741	https://www.imdb.com/title/tt0458741/
tt0463038	https://www.imdb.com/title/tt0463038/
tt0465964	https://www.imdb.com/title/tt0465964/
tt0468103	https://www.imdb.com/title/tt0468103/
tt0468126	https://www.imdb.com/title/tt0468126/
tt0470911	https://www.imdb.com/title/tt0470911/
tt0471195	https://www.imdb.com/title/tt0471195/
tt0472298	https://www.imdb.com/title/tt0472298/
tt0472299	https://www.imdb.com/title/tt0472299/
tt0472417	https://www.imdb.com/title/tt0472417/
tt0473257	https://www.imdb.com/title/tt0473257/
tt0479376	https://www.imdb.com/title/tt0479376/
tt0479386	https://www.imdb.com/title/tt0479386/
tt0488082	https://www.imdb.com/title/tt0488082/
tt0488122	https://www.imdb.com/title/tt0488122/
tt0488250	https://www.imdb.com/title/tt0488250/
tt0489321	https://www.imdb.com/title/tt0489321/
tt0493590	https://www.imdb.com/title/tt0493590/
tt0493963	https://www.imdb.com/title/tt0493963/
tt0495389	https://www.imdb.com/title/tt0495389/
tt0497232	https://www.imdb.com/title/tt0497232/
tt0764797	https://www.imdb.com/title/tt0764797/
tt0781316	https://www.imdb.com/title/tt0781316/
tt0781452	https://www.imdb.com/title/tt0781452/
tt0786976	https://www.imdb.com/title/tt0786976/
tt0786981	https://www.imdb.com/title/tt0786981/
tt0787148	https://www.imdb.com/title/tt0787148/
tt0791412	https://www.imdb.com/title/tt0791412/
tt0791417	https://www.imdb.com/title/tt0791417/
tt0791519	https://www.imdb.com/title/tt0791519/
tt0791601	https://www.imdb.com/title/tt0791601/
tt0829105	https://www.imdb.com/title/tt0829105/
tt0843627	https://www.imdb.com/title/tt0843627/
tt0846875	https://www.imdb.com/title/tt0846875/
tt0847067	https://www.imdb.com/title/tt0847067/
tt0847120	https://www.imdb.com/title/tt0847120/
tt0847184	https://www.imdb.com/title/tt0847184/
tt0864704	https://www.imdb.com/title/tt0864704/
tt0864807	https://www.imdb.com/title/tt0864807/
tt0867341	https://www.imdb.com/title/tt0867341/
tt0867470	https://www.imdb.com/title/tt0867470/
tt0869973	https://www.imdb.com/title/tt0869973/
tt0874969	https://www.imdb.com/title/tt0874969/
tt0876404	https://www.imdb.com/title/tt0876404/
tt0876539	https://www.imdb.com/title/tt0876539/
tt0876555	https://www.imdb.com/title/tt0876555/
tt0876557	https://www.imdb.com/title/tt0876557/
tt0881318	https://www.imdb.com/title/tt0881318/
tt0884073	https://www.imdb.com/title/tt0884073/
tt0891501	https://www.imdb.com/title/tt0891501/
tt0891536	https://www.imdb.com/title/tt0891536/
tt0904041	https://www.imdb.com/title/tt0904041/
tt0922511	https://www.imdb.com/title/tt0922511/
tt0939944	https://www.imdb.com/title/tt0939944/
tt0949723	https://www.imdb.com/title/tt0949723/
tt0949761	https://www.imdb.com/title/tt0949761/
tt0950562	https://www.imdb.com/title/tt0950562/
tt0950630	https://www.imdb.com/title/tt0950630/
tt0950633	https://www.imdb.com/title/tt0950633/
tt0953365	https://www.imdb.com/title/tt0953365/
tt0955291	https://www.imdb.com/title/tt0955291/
tt0959318	https://www.imdb.com/title/tt0959318/
tt0974549	https://www.imdb.com/title/tt0974549/
tt0974614	https://www.imdb.com/title/tt0974614/
tt0976117	https://www.imdb.com/title/tt0976117/
tt0978584	https://www.imdb.com/title/tt0978584/
tt0996520	https://www.imdb.com/title/tt0996520/
tt1002784	https://www.imdb.com/title/tt1002784/
tt10260490	https://www.imdb.com/title/tt10260490/
tt1038947	https://www.imdb.com/title/tt1038947/
tt1042290	https://www.imdb.com/title/tt1042290/
tt1042412	https://www.imdb.com/title/tt1042412/
tt1043807	https://www.imdb.com/title/tt1043807/
tt10585914	https://www.imdb.com/title/tt10585914/
tt10768788	https://www.imdb.com/title/tt10768788/
tt10773958	https://www.imdb.com/title/tt10773958/
tt10773970	https://www.imdb.com/title/tt10773970/
tt10774304	https://www.imdb.com/title/tt10774304/
tt10774496	https://www.imdb.com/title/tt10774496/
tt10774554	https://www.imdb.com/title/tt10774554/
tt10775042	https://www.imdb.com/title/tt10775042/
tt10829332	https://www.imdb.com/title/tt10829332/
tt10833566	https://www.imdb.com/title/tt10833566/
tt10833582	https://www.imdb.com/title/tt10833582/
tt10833608	https://www.imdb.com/title/tt10833608/
tt10833668	https://www.imdb.com/title/tt10833668/
tt10833702	https://www.imdb.com/title/tt10833702/
tt10840656	https://www.imdb.com/title/tt10840656/
tt10840718	https://www.imdb.com/title/tt10840718/
tt10840746	https://www.imdb.com/title/tt10840746/
tt10840774	https://www.imdb.com/title/tt10840774/
tt10841106	https://www.imdb.com/title/tt10841106/
tt10841236	https://www.imdb.com/title/tt10841236/
tt10919536	https://www.imdb.com/title/tt10919536/
tt10919564	https://www.imdb.com/title/tt10919564/
tt10934424	https://www.imdb.com/title/tt10934424/
tt10934430	https://www.imdb.com/title/tt10934430/
tt1122781	https://www.imdb.com/title/tt1122781/
tt11274392	https://www.imdb.com/title/tt11274392/
tt11274438	https://www.imdb.com/title/tt11274438/
tt11274454	https://www.imdb.com/title/tt11274454/
tt11327046	https://www.imdb.com/title/tt11327046/
tt11340372	https://www.imdb.com/title/tt11340372/
tt11344270	https://www.imdb.com/title/tt11344270/
tt11344344	https://www.imdb.com/title/tt11344344/
tt11348912	https://www.imdb.com/title/tt11348912/
tt11348946	https://www.imdb.com/title/tt11348946/
tt11358620	https://www.imdb.com/title/tt11358620/
tt11358656	https://www.imdb.com/title/tt11358656/
tt11358694	https://www.imdb.com/title/tt11358694/
tt11358732	https://www.imdb.com/title/tt11358732/
tt1142835	https://www.imdb.com/title/tt1142835/
tt11439364	https://www.imdb.com/title/tt11439364/
tt11445652	https://www.imdb.com/title/tt11445652/
tt11450022	https://www.imdb.com/title/tt11450022/
tt11456020	https://www.imdb.com/title/tt11456020/
tt11477632	https://www.imdb.com/title/tt11477632/
tt11635014	https://www.imdb.com/title/tt11635014/
tt11635080	https://www.imdb.com/title/tt11635080/
tt1163757	https://www.imdb.com/title/tt1163757/
tt1163758	https://www.imdb.com/title/tt1163758/
tt1163759	https://www.imdb.com/title/tt1163759/
tt11639914	https://www.imdb.com/title/tt11639914/
tt1172182	https://www.imdb.com/title/tt1172182/
tt11725516	https://www.imdb.com/title/tt11725516/
tt11725544	https://www.imdb.com/title/tt11725544/
tt11732198	https://www.imdb.com/title/tt11732198/
tt11732224	https://www.imdb.com/title/tt11732224/
tt11732248	https://www.imdb.com/title/tt11732248/
tt11732272	https://www.imdb.com/title/tt11732272/
tt1173729	https://www.imdb.com/title/tt1173729/
tt11738794	https://www.imdb.com/title/tt11738794/
tt11799796	https://www.imdb.com/title/tt11799796/
tt11800244	https://www.imdb.com/title/tt11800244/
tt11828790	https://www.imdb.com/title/tt11828790/
tt11828990	https://www.imdb.com/title/tt11828990/
tt11829054	https://www.imdb.com/title/tt11829054/
tt11829742	https://www.imdb.com/title/tt11829742/
tt11848324	https://www.imdb.com/title/tt11848324/
tt11886854	https://www.imdb.com/title/tt11886854/
tt11935502	https://www.imdb.com/title/tt11935502/
tt11950216	https://www.imdb.com/title/tt11950216/
tt11964300	https://www.imdb.com/title/tt11964300/
tt11964310	https://www.imdb.com/title/tt11964310/
tt11965690	https://www.imdb.com/title/tt11965690/
tt11968944	https://www.imdb.com/title/tt11968944/
tt11968970	https://www.imdb.com/title/tt11968970/
tt1204365	https://www.imdb.com/title/tt1204365/
tt1204919	https://www.imdb.com/title/tt1204919/
tt12073388	https://www.imdb.com/title/tt12073388/
tt1207682	https://www.imdb.com/title/tt1207682/
tt12078308	https://www.imdb.com/title/tt12078308/
tt12078330	https://www.imdb.com/title/tt12078330/
tt12078724	https://www.imdb.com/title/tt12078724/
tt12106752	https://www.imdb.com/title/tt12106752/
tt12106788	https://www.imdb.com/title/tt12106788/
tt12107810	https://www.imdb.com/title/tt12107810/
tt12111666	https://www.imdb.com/title/tt12111666/
tt12112192	https://www.imdb.com/title/tt12112192/
tt12122674	https://www.imdb.com/title/tt12122674/
tt12122906	https://www.imdb.com/title/tt12122906/
tt12122978	https://www.imdb.com/title/tt12122978/
tt12124204	https://www.imdb.com/title/tt12124204/
tt12127642	https://www.imdb.com/title/tt12127642/
tt1213016	https://www.imdb.com/title/tt1213016/
tt1213078	https://www.imdb.com/title/tt1213078/
tt1213082	https://www.imdb.com/title/tt1213082/
tt1213083	https://www.imdb.com/title/tt1213083/
tt1213125	https://www.imdb.com/title/tt1213125/
tt1213132	https://www.imdb.com/title/tt1213132/
tt12153438	https://www.imdb.com/title/tt12153438/
tt12153456	https://www.imdb.com/title/tt12153456/
tt12201954	https://www.imdb.com/title/tt12201954/
tt12202116	https://www.imdb.com/title/tt12202116/
tt12206064	https://www.imdb.com/title/tt12206064/
tt12206092	https://www.imdb.com/title/tt12206092/
tt1226834	https://www.imdb.com/title/tt1226834/
tt12281732	https://www.imdb.com/title/tt12281732/
tt1237944	https://www.imdb.com/title/tt1237944/
tt12382606	https://www.imdb.com/title/tt12382606/
tt1242769	https://www.imdb.com/title/tt1242769/
tt1249372	https://www.imdb.com/title/tt1249372/
tt1261413	https://www.imdb.com/title/tt1261413/
tt12755550	https://www.imdb.com/title/tt12755550/
tt1278031	https://www.imdb.com/title/tt1278031/
tt12821458	https://www.imdb.com/title/tt12821458/
tt12845010	https://www.imdb.com/title/tt12845010/
tt12950940	https://www.imdb.com/title/tt12950940/
tt1305752	https://www.imdb.com/title/tt1305752/
tt1313250	https://www.imdb.com/title/tt1313250/
tt1327737	https://www.imdb.com/title/tt1327737/
tt1343322	https://www.imdb.com/title/tt1343322/
tt1344087	https://www.imdb.com/title/tt1344087/
tt1349621	https://www.imdb.com/title/tt1349621/
tt1349658	https://www.imdb.com/title/tt1349658/
tt13723114	https://www.imdb.com/title/tt13723114/
tt1395044	https://www.imdb.com/title/tt1395044/
tt13981690	https://www.imdb.com/title/tt13981690/
tt1399134	https://www.imdb.com/title/tt1399134/
tt1433564	https://www.imdb.com/title/tt1433564/
tt1436316	https://www.imdb.com/title/tt1436316/
tt1441440	https://www.imdb.com/title/tt1441440/
tt14491396	https://www.imdb.com/title/tt14491396/
tt14619702	https://www.imdb.com/title/tt14619702/
tt1470866	https://www.imdb.com/title/tt1470866/
tt14715928	https://www.imdb.com/title/tt14715928/
tt14773030	https://www.imdb.com/title/tt14773030/
tt1527142	https://www.imdb.com/title/tt1527142/
tt1552997	https://www.imdb.com/title/tt1552997/
tt1582588	https://www.imdb.com/title/tt1582588/
tt16978034	https://www.imdb.com/title/tt16978034/
tt1813695	https://www.imdb.com/title/tt1813695/
tt1846690	https://www.imdb.com/title/tt1846690/
tt18548942	https://www.imdb.com/title/tt18548942/
tt18551930	https://www.imdb.com/title/tt18551930/
tt18555274	https://www.imdb.com/title/tt18555274/
tt18555292	https://www.imdb.com/title/tt18555292/
tt1861471	https://www.imdb.com/title/tt1861471/
tt1870397	https://www.imdb.com/title/tt1870397/
tt1918894	https://www.imdb.com/title/tt1918894/
tt1937349	https://www.imdb.com/title/tt1937349/
tt2014275	https://www.imdb.com/title/tt2014275/
tt2053477	https://www.imdb.com/title/tt2053477/
tt21272308	https://www.imdb.com/title/tt21272308/
tt21292998	https://www.imdb.com/title/tt21292998/
tt21338448	https://www.imdb.com/title/tt21338448/
tt21339058	https://www.imdb.com/title/tt21339058/
tt21810084	https://www.imdb.com/title/tt21810084/
tt21810160	https://www.imdb.com/title/tt21810160/
tt21878398	https://www.imdb.com/title/tt21878398/
tt21880990	https://www.imdb.com/title/tt21880990/
tt21912416	https://www.imdb.com/title/tt21912416/
tt21912440	https://www.imdb.com/title/tt21912440/
tt21913508	https://www.imdb.com/title/tt21913508/
tt2217737	https://www.imdb.com/title/tt2217737/
tt2220298	https://www.imdb.com/title/tt2220298/
tt2224203	https://www.imdb.com/title/tt2224203/
tt2224243	https://www.imdb.com/title/tt2224243/
tt2678846	https://www.imdb.com/title/tt2678846/
tt2794970	https://www.imdb.com/title/tt2794970/
tt2801980	https://www.imdb.com/title/tt2801980/
tt2812728	https://www.imdb.com/title/tt2812728/
tt2814556	https://www.imdb.com/title/tt2814556/
tt2814792	https://www.imdb.com/title/tt2814792/
tt28502296	https://www.imdb.com/title/tt28502296/
tt28509268	https://www.imdb.com/title/tt28509268/
tt28640308	https://www.imdb.com/title/tt28640308/
tt2876770	https://www.imdb.com/title/tt2876770/
tt2876796	https://www.imdb.com/title/tt2876796/
tt2876828	https://www.imdb.com/title/tt2876828/
tt2937688	https://www.imdb.com/title/tt2937688/
tt3024790	https://www.imdb.com/title/tt3024790/
tt3039516	https://www.imdb.com/title/tt3039516/
tt3041492	https://www.imdb.com/title/tt3041492/
tt3041750	https://www.imdb.com/title/tt3041750/
tt3055172	https://www.imdb.com/title/tt3055172/
tt3055250	https://www.imdb.com/title/tt3055250/
tt3055256	https://www.imdb.com/title/tt3055256/
tt3055266	https://www.imdb.com/title/tt3055266/
tt3055330	https://www.imdb.com/title/tt3055330/
tt3078460	https://www.imdb.com/title/tt3078460/
tt30801348	https://www.imdb.com/title/tt30801348/
tt3146082	https://www.imdb.com/title/tt3146082/
tt31465028	https://www.imdb.com/title/tt31465028/
tt3211418	https://www.imdb.com/title/tt3211418/
tt3220612	https://www.imdb.com/title/tt3220612/
tt3220854	https://www.imdb.com/title/tt3220854/
tt3251432	https://www.imdb.com/title/tt3251432/
tt3257262	https://www.imdb.com/title/tt3257262/
tt3257278	https://www.imdb.com/title/tt3257278/
tt3259302	https://www.imdb.com/title/tt3259302/
tt3259382	https://www.imdb.com/title/tt3259382/
tt3259420	https://www.imdb.com/title/tt3259420/
tt3259428	https://www.imdb.com/title/tt3259428/
tt3259446	https://www.imdb.com/title/tt3259446/
tt3259448	https://www.imdb.com/title/tt3259448/
tt3269486	https://www.imdb.com/title/tt3269486/
tt32798930	https://www.imdb.com/title/tt32798930/
tt3492886	https://www.imdb.com/title/tt3492886/
tt3547838	https://www.imdb.com/title/tt3547838/
tt3786758	https://www.imdb.com/title/tt3786758/
tt3800156	https://www.imdb.com/title/tt3800156/
tt3800176	https://www.imdb.com/title/tt3800176/
tt3800216	https://www.imdb.com/title/tt3800216/
tt3814938	https://www.imdb.com/title/tt3814938/
tt3814952	https://www.imdb.com/title/tt3814952/
tt3815096	https://www.imdb.com/title/tt3815096/
tt3817356	https://www.imdb.com/title/tt3817356/
tt3817376	https://www.imdb.com/title/tt3817376/
tt3819136	https://www.imdb.com/title/tt3819136/
tt3820968	https://www.imdb.com/title/tt3820968/
tt3821140	https://www.imdb.com/title/tt3821140/
tt3821150	https://www.imdb.com/title/tt3821150/
tt3821152	https://www.imdb.com/title/tt3821152/
tt3821158	https://www.imdb.com/title/tt3821158/
tt3821164	https://www.imdb.com/title/tt3821164/
tt3821170	https://www.imdb.com/title/tt3821170/
tt3821184	https://www.imdb.com/title/tt3821184/
tt3821210	https://www.imdb.com/title/tt3821210/
tt3872758	https://www.imdb.com/title/tt3872758/
tt3880758	https://www.imdb.com/title/tt3880758/
tt3880766	https://www.imdb.com/title/tt3880766/
tt3882560	https://www.imdb.com/title/tt3882560/
tt3902572	https://www.imdb.com/title/tt3902572/
tt4029980	https://www.imdb.com/title/tt4029980/
tt4827734	https://www.imdb.com/title/tt4827734/
tt4836480	https://www.imdb.com/title/tt4836480/
tt4837326	https://www.imdb.com/title/tt4837326/
tt5130412	https://www.imdb.com/title/tt5130412/
tt5130440	https://www.imdb.com/title/tt5130440/
tt5130460	https://www.imdb.com/title/tt5130460/
tt5179396	https://www.imdb.com/title/tt5179396/
tt5180236	https://www.imdb.com/title/tt5180236/
tt5333374	https://www.imdb.com/title/tt5333374/
tt5334790	https://www.imdb.com/title/tt5334790/
tt5629086	https://www.imdb.com/title/tt5629086/
tt6272984	https://www.imdb.com/title/tt6272984/
tt6598542	https://www.imdb.com/title/tt6598542/
tt6679578	https://www.imdb.com/title/tt6679578/
tt6680452	https://www.imdb.com/title/tt6680452/
tt7106086	https://www.imdb.com/title/tt7106086/
tt7106574	https://www.imdb.com/title/tt7106574/
tt7106642	https://www.imdb.com/title/tt7106642/
tt7106670	https://www.imdb.com/title/tt7106670/
tt7106694	https://www.imdb.com/title/tt7106694/
tt7114314	https://www.imdb.com/title/tt7114314/
tt7114456	https://www.imdb.com/title/tt7114456/
tt7114578	https://www.imdb.com/title/tt7114578/
tt7169414	https://www.imdb.com/title/tt7169414/
tt7184980	https://www.imdb.com/title/tt7184980/
tt7185408	https://www.imdb.com/title/tt7185408/
tt7189366	https://www.imdb.com/title/tt7189366/
tt7253558	https://www.imdb.com/title/tt7253558/
tt7288174	https://www.imdb.com/title/tt7288174/
tt7420020	https://www.imdb.com/title/tt7420020/
tt7420804	https://www.imdb.com/title/tt7420804/
tt7582842	https://www.imdb.com/title/tt7582842/
tt7613326	https://www.imdb.com/title/tt7613326/
tt7732100	https://www.imdb.com/title/tt7732100/
tt7824016	https://www.imdb.com/title/tt7824016/
tt7906292	https://www.imdb.com/title/tt7906292/
tt7906334	https://www.imdb.com/title/tt7906334/
tt7906360	https://www.imdb.com/title/tt7906360/
tt7906382	https://www.imdb.com/title/tt7906382/
tt7906454	https://www.imdb.com/title/tt7906454/
tt7906754	https://www.imdb.com/title/tt7906754/
tt7906930	https://www.imdb.com/title/tt7906930/
tt7906962	https://www.imdb.com/title/tt7906962/
tt7910722	https://www.imdb.com/title/tt7910722/
tt7918630	https://www.imdb.com/title/tt7918630/
tt7955488	https://www.imdb.com/title/tt7955488/
tt7965412	https://www.imdb.com/title/tt7965412/
tt7967526	https://www.imdb.com/title/tt7967526/
tt7967592	https://www.imdb.com/title/tt7967592/
tt7993940	https://www.imdb.com/title/tt7993940/
tt7994062	https://www.imdb.com/title/tt7994062/
tt7994082	https://www.imdb.com/title/tt7994082/
tt7994094	https://www.imdb.com/title/tt7994094/
tt7994130	https://www.imdb.com/title/tt7994130/
tt7994138	https://www.imdb.com/title/tt7994138/
tt7994152	https://www.imdb.com/title/tt7994152/
tt8058074	https://www.imdb.com/title/tt8058074/
tt8132126	https://www.imdb.com/title/tt8132126/
tt8132232	https://www.imdb.com/title/tt8132232/
tt8133212	https://www.imdb.com/title/tt8133212/
tt8133270	https://www.imdb.com/title/tt8133270/
tt8142450	https://www.imdb.com/title/tt8142450/
tt8142460	https://www.imdb.com/title/tt8142460/
tt8142472	https://www.imdb.com/title/tt8142472/
tt8142514	https://www.imdb.com/title/tt8142514/
tt8157448	https://www.imdb.com/title/tt8157448/
tt8159044	https://www.imdb.com/title/tt8159044/
tt8166588	https://www.imdb.com/title/tt8166588/
tt8171498	https://www.imdb.com/title/tt8171498/
tt8172106	https://www.imdb.com/title/tt8172106/
tt8178402	https://www.imdb.com/title/tt8178402/
tt8181918	https://www.imdb.com/title/tt8181918/
tt8185432	https://www.imdb.com/title/tt8185432/
tt8188846	https://www.imdb.com/title/tt8188846/
tt8212580	https://www.imdb.com/title/tt8212580/
tt8707676	https://www.imdb.com/title/tt8707676/
tt8710356	https://www.imdb.com/title/tt8710356/
tt8710368	https://www.imdb.com/title/tt8710368/
tt8724052	https://www.imdb.com/title/tt8724052/
tt8724088	https://www.imdb.com/title/tt8724088/
tt8724548	https://www.imdb.com/title/tt8724548/
tt8733444	https://www.imdb.com/title/tt8733444/
tt8734930	https://www.imdb.com/title/tt8734930/
tt8734966	https://www.imdb.com/title/tt8734966/
tt8735052	https://www.imdb.com/title/tt8735052/
tt8735136	https://www.imdb.com/title/tt8735136/
tt8822222	https://www.imdb.com/title/tt8822222/
tt8822286	https://www.imdb.com/title/tt8822286/
tt9007110	https://www.imdb.com/title/tt9007110/
tt9007112	https://www.imdb.com/title/tt9007112/
tt9007114	https://www.imdb.com/title/tt9007114/
tt9007116	https://www.imdb.com/title/tt9007116/
tt9007118	https://www.imdb.com/title/tt9007118/
tt9013932	https://www.imdb.com/title/tt9013932/
tt9066768	https://www.imdb.com/title/tt9066768/
tt9071026	https://www.imdb.com/title/tt9071026/
tt9077550	https://www.imdb.com/title/tt9077550/
tt9112106	https://www.imdb.com/title/tt9112106/
tt9131892	https://www.imdb.com/title/tt9131892/
tt9140646	https://www.imdb.com/title/tt9140646/
tt9141940	https://www.imdb.com/title/tt9141940/
tt9152366	https://www.imdb.com/title/tt9152366/
tt9152660	https://www.imdb.com/title/tt9152660/
tt9162062	https://www.imdb.com/title/tt9162062/
tt9166714	https://www.imdb.com/title/tt9166714/
tt9170664	https://www.imdb.com/title/tt9170664/
tt9232038	https://www.imdb.com/title/tt9232038/
tt9239894	https://www.imdb.com/title/tt9239894/
tt9239912	https://www.imdb.com/title/tt9239912/
tt9239930	https://www.imdb.com/title/tt9239930/
tt9240202	https://www.imdb.com/title/tt9240202/
tt9328034	https://www.imdb.com/title/tt9328034/
tt9333608	https://www.imdb.com/title/tt9333608/
tt9370218	https://www.imdb.com/title/tt9370218/
tt9371706	https://www.imdb.com/title/tt9371706/
tt9371734	https://www.imdb.com/title/tt9371734/
tt9373218	https://www.imdb.com/title/tt9373218/
tt9373258	https://www.imdb.com/title/tt9373258/
tt9518836	https://www.imdb.com/title/tt9518836/
tt9575760	https://www.imdb.com/title/tt9575760/
tt9576256	https://www.imdb.com/title/tt9576256/
tt9686622	https://www.imdb.com/title/tt9686622/
tt9686710	https://www.imdb.com/title/tt9686710/
tt9758126	https://www.imdb.com/title/tt9758126/
tt9900772	https://www.imdb.com/title/tt9900772/
