tconst	imdb_url
tt0027269	https://www.imdb.com/title/tt0027269/
tt0028039	https://www.imdb.com/title/tt0028039/
tt0028058	https://www.imdb.com/title/tt0028058/
tt0029284	https://www.imdb.com/title/tt0029284/
tt0029704	https://www.imdb.com/title/tt0029704/
tt0029876	https://www.imdb.com/title/tt0029876/
tt0030495	https://www.imdb.com/title/tt0030495/
tt0031030	https://www.imdb.com/title/tt0031030/
tt0031050	https://www.imdb.com/title/tt0031050/
tt0031061	https://www.imdb.com/title/tt0031061/
tt0031077	https://www.imdb.com/title/tt0031077/
tt0031084	https://www.imdb.com/title/tt0031084/
tt0031136	https://www.imdb.com/title/tt0031136/
tt0031142	https://www.imdb.com/title/tt0031142/
tt0031146	https://www.imdb.com/title/tt0031146/
tt0031174	https://www.imdb.com/title/tt0031174/
tt0031191	https://www.imdb.com/title/tt0031191/
tt0031192	https://www.imdb.com/title/tt0031192/
tt0031217	https://www.imdb.com/title/tt0031217/
tt0031248	https://www.imdb.com/title/tt0031248/
tt0031271	https://www.imdb.com/title/tt0031271/
tt0031272	https://www.imdb.com/title/tt0031272/
tt0031274	https://www.imdb.com/title/tt0031274/
tt0031292	https://www.imdb.com/title/tt0031292/
tt0031294	https://www.imdb.com/title/tt0031294/
tt0031341	https://www.imdb.com/title/tt0031341/
tt0031348	https://www.imdb.com/title/tt0031348/
tt0031354	https://www.imdb.com/title/tt0031354/
tt0031355	https://www.imdb.com/title/tt0031355/
tt0031356	https://www.imdb.com/title/tt0031356/
tt0031359	https://www.imdb.com/title/tt0031359/
tt0031368	https://www.imdb.com/title/tt0031368/
tt0031372	https://www.imdb.com/title/tt0031372/
tt0031378	https://www.imdb.com/title/tt0031378/
tt0031384	https://www.imdb.com/title/tt0031384/
tt0031394	https://www.imdb.com/title/tt0031394/
tt0031425	https://www.imdb.com/title/tt0031425/
tt0031444	https://www.imdb.com/title/tt0031444/
tt0031457	https://www.imdb.com/title/tt0031457/
tt0031466	https://www.imdb.com/title/tt0031466/
tt0031504	https://www.imdb.com/title/tt0031504/
tt0031518	https://www.imdb.com/title/tt0031518/
tt0031522	https://www.imdb.com/title/tt0031522/
tt0031524	https://www.imdb.com/title/tt0031524/
tt0031541	https://www.imdb.com/title/tt0031541/
tt0031545	https://www.imdb.com/title/tt0031545/
tt0031548	https://www.imdb.com/title/tt0031548/
tt0031551	https://www.imdb.com/title/tt0031551/
tt0031560	https://www.imdb.com/title/tt0031560/
tt0031568	https://www.imdb.com/title/tt0031568/
tt0031584	https://www.imdb.com/title/tt0031584/
tt0031591	https://www.imdb.com/title/tt0031591/
tt0031609	https://www.imdb.com/title/tt0031609/
tt0031617	https://www.imdb.com/title/tt0031617/
tt0031623	https://www.imdb.com/title/tt0031623/
tt0031624	https://www.imdb.com/title/tt0031624/
tt0031625	https://www.imdb.com/title/tt0031625/
tt0031631	https://www.imdb.com/title/tt0031631/
tt0031636	https://www.imdb.com/title/tt0031636/
tt0031644	https://www.imdb.com/title/tt0031644/
tt0031660	https://www.imdb.com/title/tt0031660/
tt0031672	https://www.imdb.com/title/tt0031672/
tt0031682	https://www.imdb.com/title/tt0031682/
tt0031702	https://www.imdb.com/title/tt0031702/
tt0031739	https://www.imdb.com/title/tt0031739/
tt0031741	https://www.imdb.com/title/tt0031741/
tt0031789	https://www.imdb.com/title/tt0031789/
tt0031791	https://www.imdb.com/title/tt0031791/
tt0031802	https://www.imdb.com/title/tt0031802/
tt0031818	https://www.imdb.com/title/tt0031818/
tt0031828	https://www.imdb.com/title/tt0031828/
tt0031853	https://www.imdb.com/title/tt0031853/
tt0031854	https://www.imdb.com/title/tt0031854/
tt0031856	https://www.imdb.com/title/tt0031856/
tt0031866	https://www.imdb.com/title/tt0031866/
tt0031870	https://www.imdb.com/title/tt0031870/
tt0031878	https://www.imdb.com/title/tt0031878/
tt0031900	https://www.imdb.com/title/tt0031900/
tt0031912	https://www.imdb.com/title/tt0031912/
tt0031913	https://www.imdb.com/title/tt0031913/
tt0031918	https://www.imdb.com/title/tt0031918/
tt0031920	https://www.imdb.com/title/tt0031920/
tt0031966	https://www.imdb.com/title/tt0031966/
tt0031967	https://www.imdb.com/title/tt0031967/
tt0031976	https://www.imdb.com/title/tt0031976/
tt0031994	https://www.imdb.com/title/tt0031994/
tt0032011	https://www.imdb.com/title/tt0032011/
tt0032052	https://www.imdb.com/title/tt0032052/
tt0032058	https://www.imdb.com/title/tt0032058/
tt0032064	https://www.imdb.com/title/tt0032064/
tt0032073	https://www.imdb.com/title/tt0032073/
tt0032090	https://www.imdb.com/title/tt0032090/
tt0032092	https://www.imdb.com/title/tt0032092/
tt0032119	https://www.imdb.com/title/tt0032119/
tt0032161	https://www.imdb.com/title/tt0032161/
tt0032168	https://www.imdb.com/title/tt0032168/
tt0032170	https://www.imdb.com/title/tt0032170/
tt0032172	https://www.imdb.com/title/tt0032172/
tt0032176	https://www.imdb.com/title/tt0032176/
tt0032177	https://www.imdb.com/title/tt0032177/
tt0032178	https://www.imdb.com/title/tt0032178/
tt0032179	https://www.imdb.com/title/tt0032179/
tt0032180	https://www.imdb.com/title/tt0032180/
tt0032181	https://www.imdb.com/title/tt0032181/
tt0032182	https://www.imdb.com/title/tt0032182/
tt0032183	https://www.imdb.com/title/tt0032183/
tt0032184	https://www.imdb.com/title/tt0032184/
tt0032186	https://www.imdb.com/title/tt0032186/
tt0032188	https://www.imdb.com/title/tt0032188/
tt0032191	https://www.imdb.com/title/tt0032191/
tt0032194	https://www.imdb.com/title/tt0032194/
tt0032195	https://www.imdb.com/title/tt0032195/
tt0032196	https://www.imdb.com/title/tt0032196/
tt0032197	https://www.imdb.com/title/tt0032197/
tt0032198	https://www.imdb.com/title/tt0032198/
tt0032199	https://www.imdb.com/title/tt0032199/
tt0032200	https://www.imdb.com/title/tt0032200/
tt0032201	https://www.imdb.com/title/tt0032201/
tt0032202	https://www.imdb.com/title/tt0032202/
tt0032204	https://www.imdb.com/title/tt0032204/
tt0032205	https://www.imdb.com/title/tt0032205/
tt0032206	https://www.imdb.com/title/tt0032206/
tt0032207	https://www.imdb.com/title/tt0032207/
tt0032208	https://www.imdb.com/title/tt0032208/
tt0032209	https://www.imdb.com/title/tt0032209/
tt0032210	https://www.imdb.com/title/tt0032210/
tt0032211	https://www.imdb.com/title/tt0032211/
tt0032212	https://www.imdb.com/title/tt0032212/
tt0032215	https://www.imdb.com/title/tt0032215/
tt0032216	https://www.imdb.com/title/tt0032216/
tt0032217	https://www.imdb.com/title/tt0032217/
tt0032218	https://www.imdb.com/title/tt0032218/
tt0032219	https://www.imdb.com/title/tt0032219/
tt0032220	https://www.imdb.com/title/tt0032220/
tt0032221	https://www.imdb.com/title/tt0032221/
tt0032222	https://www.imdb.com/title/tt0032222/
tt0032223	https://www.imdb.com/title/tt0032223/
tt0032225	https://www.imdb.com/title/tt0032225/
tt0032226	https://www.imdb.com/title/tt0032226/
tt0032227	https://www.imdb.com/title/tt0032227/
tt0032230	https://www.imdb.com/title/tt0032230/
tt0032231	https://www.imdb.com/title/tt0032231/
tt0032232	https://www.imdb.com/title/tt0032232/
tt0032233	https://www.imdb.com/title/tt0032233/
tt0032234	https://www.imdb.com/title/tt0032234/
tt0032237	https://www.imdb.com/title/tt0032237/
tt0032239	https://www.imdb.com/title/tt0032239/
tt0032240	https://www.imdb.com/title/tt0032240/
tt0032242	https://www.imdb.com/title/tt0032242/
tt0032245	https://www.imdb.com/title/tt0032245/
tt0032246	https://www.imdb.com/title/tt0032246/
tt0032247	https://www.imdb.com/title/tt0032247/
tt0032250	https://www.imdb.com/title/tt0032250/
tt0032252	https://www.imdb.com/title/tt0032252/
tt0032253	https://www.imdb.com/title/tt0032253/
tt0032254	https://www.imdb.com/title/tt0032254/
tt0032255	https://www.imdb.com/title/tt0032255/
tt0032256	https://www.imdb.com/title/tt0032256/
tt0032257	https://www.imdb.com/title/tt0032257/
tt0032258	https://www.imdb.com/title/tt0032258/
tt0032259	https://www.imdb.com/title/tt0032259/
tt0032260	https://www.imdb.com/title/tt0032260/
tt0032261	https://www.imdb.com/title/tt0032261/
tt0032262	https://www.imdb.com/title/tt0032262/
tt0032263	https://www.imdb.com/title/tt0032263/
tt0032264	https://www.imdb.com/title/tt0032264/
tt0032265	https://www.imdb.com/title/tt0032265/
tt0032266	https://www.imdb.com/title/tt0032266/
tt0032273	https://www.imdb.com/title/tt0032273/
tt0032274	https://www.imdb.com/title/tt0032274/
tt0032275	https://www.imdb.com/title/tt0032275/
tt0032276	https://www.imdb.com/title/tt0032276/
tt0032277	https://www.imdb.com/title/tt0032277/
tt0032278	https://www.imdb.com/title/tt0032278/
tt0032279	https://www.imdb.com/title/tt0032279/
tt0032280	https://www.imdb.com/title/tt0032280/
tt0032281	https://www.imdb.com/title/tt0032281/
tt0032284	https://www.imdb.com/title/tt0032284/
tt0032285	https://www.imdb.com/title/tt0032285/
tt0032286	https://www.imdb.com/title/tt0032286/
tt0032287	https://www.imdb.com/title/tt0032287/
tt0032289	https://www.imdb.com/title/tt0032289/
tt0032292	https://www.imdb.com/title/tt0032292/
tt0032293	https://www.imdb.com/title/tt0032293/
tt0032296	https://www.imdb.com/title/tt0032296/
tt0032297	https://www.imdb.com/title/tt0032297/
tt0032300	https://www.imdb.com/title/tt0032300/
tt0032301	https://www.imdb.com/title/tt0032301/
tt0032302	https://www.imdb.com/title/tt0032302/
tt0032303	https://www.imdb.com/title/tt0032303/
tt0032304	https://www.imdb.com/title/tt0032304/
tt0032305	https://www.imdb.com/title/tt0032305/
tt0032308	https://www.imdb.com/title/tt0032308/
tt0032309	https://www.imdb.com/title/tt0032309/
tt0032311	https://www.imdb.com/title/tt0032311/
tt0032312	https://www.imdb.com/title/tt0032312/
tt0032313	https://www.imdb.com/title/tt0032313/
tt0032314	https://www.imdb.com/title/tt0032314/
tt0032315	https://www.imdb.com/title/tt0032315/
tt0032317	https://www.imdb.com/title/tt0032317/
tt0032320	https://www.imdb.com/title/tt0032320/
tt0032321	https://www.imdb.com/title/tt0032321/
tt0032323	https://www.imdb.com/title/tt0032323/
tt0032324	https://www.imdb.com/title/tt0032324/
tt0032325	https://www.imdb.com/title/tt0032325/
tt0032326	https://www.imdb.com/title/tt0032326/
tt0032327	https://www.imdb.com/title/tt0032327/
tt0032328	https://www.imdb.com/title/tt0032328/
tt0032329	https://www.imdb.com/title/tt0032329/
tt0032330	https://www.imdb.com/title/tt0032330/
tt0032332	https://www.imdb.com/title/tt0032332/
tt0032334	https://www.imdb.com/title/tt0032334/
tt0032335	https://www.imdb.com/title/tt0032335/
tt0032337	https://www.imdb.com/title/tt0032337/
tt0032338	https://www.imdb.com/title/tt0032338/
tt0032339	https://www.imdb.com/title/tt0032339/
tt0032342	https://www.imdb.com/title/tt0032342/
tt0032343	https://www.imdb.com/title/tt0032343/
tt0032344	https://www.imdb.com/title/tt0032344/
tt0032346	https://www.imdb.com/title/tt0032346/
tt0032347	https://www.imdb.com/title/tt0032347/
tt0032349	https://www.imdb.com/title/tt0032349/
tt0032350	https://www.imdb.com/title/tt0032350/
tt0032351	https://www.imdb.com/title/tt0032351/
tt0032353	https://www.imdb.com/title/tt0032353/
tt0032356	https://www.imdb.com/title/tt0032356/
tt0032358	https://www.imdb.com/title/tt0032358/
tt0032359	https://www.imdb.com/title/tt0032359/
tt0032361	https://www.imdb.com/title/tt0032361/
tt0032362	https://www.imdb.com/title/tt0032362/
tt0032363	https://www.imdb.com/title/tt0032363/
tt0032364	https://www.imdb.com/title/tt0032364/
tt0032366	https://www.imdb.com/title/tt0032366/
tt0032367	https://www.imdb.com/title/tt0032367/
tt0032369	https://www.imdb.com/title/tt0032369/
tt0032373	https://www.imdb.com/title/tt0032373/
tt0032375	https://www.imdb.com/title/tt0032375/
tt0032376	https://www.imdb.com/title/tt0032376/
tt0032377	https://www.imdb.com/title/tt0032377/
tt0032379	https://www.imdb.com/title/tt0032379/
tt0032380	https://www.imdb.com/title/tt0032380/
tt0032381	https://www.imdb.com/title/tt0032381/
tt0032382	https://www.imdb.com/title/tt0032382/
tt0032383	https://www.imdb.com/title/tt0032383/
tt0032384	https://www.imdb.com/title/tt0032384/
tt0032385	https://www.imdb.com/title/tt0032385/
tt0032386	https://www.imdb.com/title/tt0032386/
tt0032390	https://www.imdb.com/title/tt0032390/
tt0032392	https://www.imdb.com/title/tt0032392/
tt0032394	https://www.imdb.com/title/tt0032394/
tt0032395	https://www.imdb.com/title/tt0032395/
tt0032396	https://www.imdb.com/title/tt0032396/
tt0032397	https://www.imdb.com/title/tt0032397/
tt0032399	https://www.imdb.com/title/tt0032399/
tt0032400	https://www.imdb.com/title/tt0032400/
tt0032403	https://www.imdb.com/title/tt0032403/
tt0032404	https://www.imdb.com/title/tt0032404/
tt0032406	https://www.imdb.com/title/tt0032406/
tt0032407	https://www.imdb.com/title/tt0032407/
tt0032409	https://www.imdb.com/title/tt0032409/
tt0032410	https://www.imdb.com/title/tt0032410/
tt0032411	https://www.imdb.com/title/tt0032411/
tt0032412	https://www.imdb.com/title/tt0032412/
tt0032413	https://www.imdb.com/title/tt0032413/
tt0032414	https://www.imdb.com/title/tt0032414/
tt0032415	https://www.imdb.com/title/tt0032415/
tt0032416	https://www.imdb.com/title/tt0032416/
tt0032417	https://www.imdb.com/title/tt0032417/
tt0032420	https://www.imdb.com/title/tt0032420/
tt0032421	https://www.imdb.com/title/tt0032421/
tt0032422	https://www.imdb.com/title/tt0032422/
tt0032423	https://www.imdb.com/title/tt0032423/
tt0032424	https://www.imdb.com/title/tt0032424/
tt0032425	https://www.imdb.com/title/tt0032425/
tt0032427	https://www.imdb.com/title/tt0032427/
tt0032428	https://www.imdb.com/title/tt0032428/
tt0032429	https://www.imdb.com/title/tt0032429/
tt0032430	https://www.imdb.com/title/tt0032430/
tt0032432	https://www.imdb.com/title/tt0032432/
tt0032436	https://www.imdb.com/title/tt0032436/
tt0032438	https://www.imdb.com/title/tt0032438/
tt0032440	https://www.imdb.com/title/tt0032440/
tt0032441	https://www.imdb.com/title/tt0032441/
tt0032442	https://www.imdb.com/title/tt0032442/
tt0032443	https://www.imdb.com/title/tt0032443/
tt0032444	https://www.imdb.com/title/tt0032444/
tt0032445	https://www.imdb.com/title/tt0032445/
tt0032446	https://www.imdb.com/title/tt0032446/
tt0032447	https://www.imdb.com/title/tt0032447/
tt0032448	https://www.imdb.com/title/tt0032448/
tt0032450	https://www.imdb.com/title/tt0032450/
tt0032451	https://www.imdb.com/title/tt0032451/
tt0032452	https://www.imdb.com/title/tt0032452/
tt0032453	https://www.imdb.com/title/tt0032453/
tt0032454	https://www.imdb.com/title/tt0032454/
tt0032455	https://www.imdb.com/title/tt0032455/
tt0032456	https://www.imdb.com/title/tt0032456/
tt0032457	https://www.imdb.com/title/tt0032457/
tt0032458	https://www.imdb.com/title/tt0032458/
tt0032459	https://www.imdb.com/title/tt0032459/
tt0032461	https://www.imdb.com/title/tt0032461/
tt0032462	https://www.imdb.com/title/tt0032462/
tt0032465	https://www.imdb.com/title/tt0032465/
tt0032467	https://www.imdb.com/title/tt0032467/
tt0032468	https://www.imdb.com/title/tt0032468/
tt0032472	https://www.imdb.com/title/tt0032472/
tt0032473	https://www.imdb.com/title/tt0032473/
tt0032475	https://www.imdb.com/title/tt0032475/
tt0032476	https://www.imdb.com/title/tt0032476/
tt0032477	https://www.imdb.com/title/tt0032477/
tt0032479	https://www.imdb.com/title/tt0032479/
tt0032480	https://www.imdb.com/title/tt0032480/
tt0032481	https://www.imdb.com/title/tt0032481/
tt0032482	https://www.imdb.com/title/tt0032482/
tt0032483	https://www.imdb.com/title/tt0032483/
tt0032484	https://www.imdb.com/title/tt0032484/
tt0032485	https://www.imdb.com/title/tt0032485/
tt0032486	https://www.imdb.com/title/tt0032486/
tt0032487	https://www.imdb.com/title/tt0032487/
tt0032490	https://www.imdb.com/title/tt0032490/
tt0032491	https://www.imdb.com/title/tt0032491/
tt0032492	https://www.imdb.com/title/tt0032492/
tt0032493	https://www.imdb.com/title/tt0032493/
tt0032494	https://www.imdb.com/title/tt0032494/
tt0032495	https://www.imdb.com/title/tt0032495/
tt0032497	https://www.imdb.com/title/tt0032497/
tt0032498	https://www.imdb.com/title/tt0032498/
tt0032499	https://www.imdb.com/title/tt0032499/
tt0032500	https://www.imdb.com/title/tt0032500/
tt0032502	https://www.imdb.com/title/tt0032502/
tt0032503	https://www.imdb.com/title/tt0032503/
tt0032505	https://www.imdb.com/title/tt0032505/
tt0032508	https://www.imdb.com/title/tt0032508/
tt0032509	https://www.imdb.com/title/tt0032509/
tt0032510	https://www.imdb.com/title/tt0032510/
tt0032513	https://www.imdb.com/title/tt0032513/
tt0032514	https://www.imdb.com/title/tt0032514/
tt0032515	https://www.imdb.com/title/tt0032515/
tt0032516	https://www.imdb.com/title/tt0032516/
tt0032517	https://www.imdb.com/title/tt0032517/
tt0032518	https://www.imdb.com/title/tt0032518/
tt0032519	https://www.imdb.com/title/tt0032519/
tt0032520	https://www.imdb.com/title/tt0032520/
tt0032521	https://www.imdb.com/title/tt0032521/
tt0032522	https://www.imdb.com/title/tt0032522/
tt0032525	https://www.imdb.com/title/tt0032525/
tt0032526	https://www.imdb.com/title/tt0032526/
tt0032527	https://www.imdb.com/title/tt0032527/
tt0032528	https://www.imdb.com/title/tt0032528/
tt0032529	https://www.imdb.com/title/tt0032529/
tt0032530	https://www.imdb.com/title/tt0032530/
tt0032531	https://www.imdb.com/title/tt0032531/
tt0032533	https://www.imdb.com/title/tt0032533/
tt0032534	https://www.imdb.com/title/tt0032534/
tt0032535	https://www.imdb.com/title/tt0032535/
tt0032536	https://www.imdb.com/title/tt0032536/
tt0032537	https://www.imdb.com/title/tt0032537/
tt0032539	https://www.imdb.com/title/tt0032539/
tt0032540	https://www.imdb.com/title/tt0032540/
tt0032541	https://www.imdb.com/title/tt0032541/
tt0032545	https://www.imdb.com/title/tt0032545/
tt0032546	https://www.imdb.com/title/tt0032546/
tt0032547	https://www.imdb.com/title/tt0032547/
tt0032548	https://www.imdb.com/title/tt0032548/
tt0032550	https://www.imdb.com/title/tt0032550/
tt0032551	https://www.imdb.com/title/tt0032551/
tt0032552	https://www.imdb.com/title/tt0032552/
tt0032553	https://www.imdb.com/title/tt0032553/
tt0032554	https://www.imdb.com/title/tt0032554/
tt0032555	https://www.imdb.com/title/tt0032555/
tt0032556	https://www.imdb.com/title/tt0032556/
tt0032557	https://www.imdb.com/title/tt0032557/
tt0032558	https://www.imdb.com/title/tt0032558/
tt0032559	https://www.imdb.com/title/tt0032559/
tt0032562	https://www.imdb.com/title/tt0032562/
tt0032563	https://www.imdb.com/title/tt0032563/
tt0032564	https://www.imdb.com/title/tt0032564/
tt0032566	https://www.imdb.com/title/tt0032566/
tt0032567	https://www.imdb.com/title/tt0032567/
tt0032568	https://www.imdb.com/title/tt0032568/
tt0032571	https://www.imdb.com/title/tt0032571/
tt0032572	https://www.imdb.com/title/tt0032572/
tt0032573	https://www.imdb.com/title/tt0032573/
tt0032574	https://www.imdb.com/title/tt0032574/
tt0032575	https://www.imdb.com/title/tt0032575/
tt0032576	https://www.imdb.com/title/tt0032576/
tt0032577	https://www.imdb.com/title/tt0032577/
tt0032579	https://www.imdb.com/title/tt0032579/
tt0032580	https://www.imdb.com/title/tt0032580/
tt0032581	https://www.imdb.com/title/tt0032581/
tt0032582	https://www.imdb.com/title/tt0032582/
tt0032583	https://www.imdb.com/title/tt0032583/
tt0032584	https://www.imdb.com/title/tt0032584/
tt0032585	https://www.imdb.com/title/tt0032585/
tt0032586	https://www.imdb.com/title/tt0032586/
tt0032587	https://www.imdb.com/title/tt0032587/
tt0032588	https://www.imdb.com/title/tt0032588/
tt0032589	https://www.imdb.com/title/tt0032589/
tt0032590	https://www.imdb.com/title/tt0032590/
tt0032591	https://www.imdb.com/title/tt0032591/
tt0032592	https://www.imdb.com/title/tt0032592/
tt0032595	https://www.imdb.com/title/tt0032595/
tt0032596	https://www.imdb.com/title/tt0032596/
tt0032599	https://www.imdb.com/title/tt0032599/
tt0032600	https://www.imdb.com/title/tt0032600/
tt0032601	https://www.imdb.com/title/tt0032601/
tt0032602	https://www.imdb.com/title/tt0032602/
tt0032607	https://www.imdb.com/title/tt0032607/
tt0032608	https://www.imdb.com/title/tt0032608/
tt0032609	https://www.imdb.com/title/tt0032609/
tt0032610	https://www.imdb.com/title/tt0032610/
tt0032612	https://www.imdb.com/title/tt0032612/
tt0032613	https://www.imdb.com/title/tt0032613/
tt0032614	https://www.imdb.com/title/tt0032614/
tt0032615	https://www.imdb.com/title/tt0032615/
tt0032616	https://www.imdb.com/title/tt0032616/
tt0032617	https://www.imdb.com/title/tt0032617/
tt0032618	https://www.imdb.com/title/tt0032618/
tt0032619	https://www.imdb.com/title/tt0032619/
tt0032620	https://www.imdb.com/title/tt0032620/
tt0032621	https://www.imdb.com/title/tt0032621/
tt0032622	https://www.imdb.com/title/tt0032622/
tt0032624	https://www.imdb.com/title/tt0032624/
tt0032625	https://www.imdb.com/title/tt0032625/
tt0032626	https://www.imdb.com/title/tt0032626/
tt0032627	https://www.imdb.com/title/tt0032627/
tt0032628	https://www.imdb.com/title/tt0032628/
tt0032629	https://www.imdb.com/title/tt0032629/
tt0032630	https://www.imdb.com/title/tt0032630/
tt0032632	https://www.imdb.com/title/tt0032632/
tt0032635	https://www.imdb.com/title/tt0032635/
tt0032637	https://www.imdb.com/title/tt0032637/
tt0032638	https://www.imdb.com/title/tt0032638/
tt0032641	https://www.imdb.com/title/tt0032641/
tt0032642	https://www.imdb.com/title/tt0032642/
tt0032643	https://www.imdb.com/title/tt0032643/
tt0032644	https://www.imdb.com/title/tt0032644/
tt0032646	https://www.imdb.com/title/tt0032646/
tt0032647	https://www.imdb.com/title/tt0032647/
tt0032648	https://www.imdb.com/title/tt0032648/
tt0032649	https://www.imdb.com/title/tt0032649/
tt0032651	https://www.imdb.com/title/tt0032651/
tt0032652	https://www.imdb.com/title/tt0032652/
tt0032653	https://www.imdb.com/title/tt0032653/
tt0032655	https://www.imdb.com/title/tt0032655/
tt0032656	https://www.imdb.com/title/tt0032656/
tt0032657	https://www.imdb.com/title/tt0032657/
tt0032658	https://www.imdb.com/title/tt0032658/
tt0032659	https://www.imdb.com/title/tt0032659/
tt0032660	https://www.imdb.com/title/tt0032660/
tt0032661	https://www.imdb.com/title/tt0032661/
tt0032662	https://www.imdb.com/title/tt0032662/
tt0032664	https://www.imdb.com/title/tt0032664/
tt0032668	https://www.imdb.com/title/tt0032668/
tt0032669	https://www.imdb.com/title/tt0032669/
tt0032670	https://www.imdb.com/title/tt0032670/
tt0032671	https://www.imdb.com/title/tt0032671/
tt0032672	https://www.imdb.com/title/tt0032672/
tt0032673	https://www.imdb.com/title/tt0032673/
tt0032674	https://www.imdb.com/title/tt0032674/
tt0032676	https://www.imdb.com/title/tt0032676/
tt0032677	https://www.imdb.com/title/tt0032677/
tt0032678	https://www.imdb.com/title/tt0032678/
tt0032679	https://www.imdb.com/title/tt0032679/
tt0032680	https://www.imdb.com/title/tt0032680/
tt0032681	https://www.imdb.com/title/tt0032681/
tt0032682	https://www.imdb.com/title/tt0032682/
tt0032683	https://www.imdb.com/title/tt0032683/
tt0032684	https://www.imdb.com/title/tt0032684/
tt0032686	https://www.imdb.com/title/tt0032686/
tt0032687	https://www.imdb.com/title/tt0032687/
tt0032689	https://www.imdb.com/title/tt0032689/
tt0032690	https://www.imdb.com/title/tt0032690/
tt0032691	https://www.imdb.com/title/tt0032691/
tt0032692	https://www.imdb.com/title/tt0032692/
tt0032693	https://www.imdb.com/title/tt0032693/
tt0032694	https://www.imdb.com/title/tt0032694/
tt0032695	https://www.imdb.com/title/tt0032695/
tt0032696	https://www.imdb.com/title/tt0032696/
tt0032697	https://www.imdb.com/title/tt0032697/
tt0032698	https://www.imdb.com/title/tt0032698/
tt0032699	https://www.imdb.com/title/tt0032699/
tt0032700	https://www.imdb.com/title/tt0032700/
tt0032701	https://www.imdb.com/title/tt0032701/
tt0032702	https://www.imdb.com/title/tt0032702/
tt0032703	https://www.imdb.com/title/tt0032703/
tt0032704	https://www.imdb.com/title/tt0032704/
tt0032705	https://www.imdb.com/title/tt0032705/
tt0032706	https://www.imdb.com/title/tt0032706/
tt0032707	https://www.imdb.com/title/tt0032707/
tt0032709	https://www.imdb.com/title/tt0032709/
tt0032710	https://www.imdb.com/title/tt0032710/
tt0032711	https://www.imdb.com/title/tt0032711/
tt0032712	https://www.imdb.com/title/tt0032712/
tt0032714	https://www.imdb.com/title/tt0032714/
tt0032717	https://www.imdb.com/title/tt0032717/
tt0032718	https://www.imdb.com/title/tt0032718/
tt0032719	https://www.imdb.com/title/tt0032719/
tt0032720	https://www.imdb.com/title/tt0032720/
tt0032724	https://www.imdb.com/title/tt0032724/
tt0032725	https://www.imdb.com/title/tt0032725/
tt0032726	https://www.imdb.com/title/tt0032726/
tt0032728	https://www.imdb.com/title/tt0032728/
tt0032730	https://www.imdb.com/title/tt0032730/
tt0032731	https://www.imdb.com/title/tt0032731/
tt0032732	https://www.imdb.com/title/tt0032732/
tt0032733	https://www.imdb.com/title/tt0032733/
tt0032734	https://www.imdb.com/title/tt0032734/
tt0032739	https://www.imdb.com/title/tt0032739/
tt0032742	https://www.imdb.com/title/tt0032742/
tt0032743	https://www.imdb.com/title/tt0032743/
tt0032746	https://www.imdb.com/title/tt0032746/
tt0032747	https://www.imdb.com/title/tt0032747/
tt0032748	https://www.imdb.com/title/tt0032748/
tt0032750	https://www.imdb.com/title/tt0032750/
tt0032753	https://www.imdb.com/title/tt0032753/
tt0032754	https://www.imdb.com/title/tt0032754/
tt0032755	https://www.imdb.com/title/tt0032755/
tt0032756	https://www.imdb.com/title/tt0032756/
tt0032757	https://www.imdb.com/title/tt0032757/
tt0032759	https://www.imdb.com/title/tt0032759/
tt0032760	https://www.imdb.com/title/tt0032760/
tt0032761	https://www.imdb.com/title/tt0032761/
tt0032762	https://www.imdb.com/title/tt0032762/
tt0032763	https://www.imdb.com/title/tt0032763/
tt0032764	https://www.imdb.com/title/tt0032764/
tt0032766	https://www.imdb.com/title/tt0032766/
tt0032768	https://www.imdb.com/title/tt0032768/
tt0032770	https://www.imdb.com/title/tt0032770/
tt0032771	https://www.imdb.com/title/tt0032771/
tt0032773	https://www.imdb.com/title/tt0032773/
tt0032774	https://www.imdb.com/title/tt0032774/
tt0032775	https://www.imdb.com/title/tt0032775/
tt0032776	https://www.imdb.com/title/tt0032776/
tt0032777	https://www.imdb.com/title/tt0032777/
tt0032778	https://www.imdb.com/title/tt0032778/
tt0032779	https://www.imdb.com/title/tt0032779/
tt0032780	https://www.imdb.com/title/tt0032780/
tt0032781	https://www.imdb.com/title/tt0032781/
tt0032782	https://www.imdb.com/title/tt0032782/
tt0032783	https://www.imdb.com/title/tt0032783/
tt0032786	https://www.imdb.com/title/tt0032786/
tt0032788	https://www.imdb.com/title/tt0032788/
tt0032789	https://www.imdb.com/title/tt0032789/
tt0032790	https://www.imdb.com/title/tt0032790/
tt0032793	https://www.imdb.com/title/tt0032793/
tt0032795	https://www.imdb.com/title/tt0032795/
tt0032796	https://www.imdb.com/title/tt0032796/
tt0032797	https://www.imdb.com/title/tt0032797/
tt0032799	https://www.imdb.com/title/tt0032799/
tt0032801	https://www.imdb.com/title/tt0032801/
tt0032802	https://www.imdb.com/title/tt0032802/
tt0032803	https://www.imdb.com/title/tt0032803/
tt0032806	https://www.imdb.com/title/tt0032806/
tt0032808	https://www.imdb.com/title/tt0032808/
tt0032809	https://www.imdb.com/title/tt0032809/
tt0032811	https://www.imdb.com/title/tt0032811/
tt0032812	https://www.imdb.com/title/tt0032812/
tt0032818	https://www.imdb.com/title/tt0032818/
tt0032819	https://www.imdb.com/title/tt0032819/
tt0032820	https://www.imdb.com/title/tt0032820/
tt0032821	https://www.imdb.com/title/tt0032821/
tt0032822	https://www.imdb.com/title/tt0032822/
tt0032823	https://www.imdb.com/title/tt0032823/
tt0032825	https://www.imdb.com/title/tt0032825/
tt0032826	https://www.imdb.com/title/tt0032826/
tt0032828	https://www.imdb.com/title/tt0032828/
tt0032829	https://www.imdb.com/title/tt0032829/
tt0032831	https://www.imdb.com/title/tt0032831/
tt0032832	https://www.imdb.com/title/tt0032832/
tt0032833	https://www.imdb.com/title/tt0032833/
tt0032834	https://www.imdb.com/title/tt0032834/
tt0032835	https://www.imdb.com/title/tt0032835/
tt0032836	https://www.imdb.com/title/tt0032836/
tt0032837	https://www.imdb.com/title/tt0032837/
tt0032838	https://www.imdb.com/title/tt0032838/
tt0032840	https://www.imdb.com/title/tt0032840/
tt0032842	https://www.imdb.com/title/tt0032842/
tt0032843	https://www.imdb.com/title/tt0032843/
tt0032844	https://www.imdb.com/title/tt0032844/
tt0032846	https://www.imdb.com/title/tt0032846/
tt0032847	https://www.imdb.com/title/tt0032847/
tt0032848	https://www.imdb.com/title/tt0032848/
tt0032849	https://www.imdb.com/title/tt0032849/
tt0032850	https://www.imdb.com/title/tt0032850/
tt0032851	https://www.imdb.com/title/tt0032851/
tt0032857	https://www.imdb.com/title/tt0032857/
tt0032859	https://www.imdb.com/title/tt0032859/
tt0032862	https://www.imdb.com/title/tt0032862/
tt0032864	https://www.imdb.com/title/tt0032864/
tt0032865	https://www.imdb.com/title/tt0032865/
tt0032866	https://www.imdb.com/title/tt0032866/
tt0032867	https://www.imdb.com/title/tt0032867/
tt0032868	https://www.imdb.com/title/tt0032868/
tt0032869	https://www.imdb.com/title/tt0032869/
tt0032870	https://www.imdb.com/title/tt0032870/
tt0032871	https://www.imdb.com/title/tt0032871/
tt0032873	https://www.imdb.com/title/tt0032873/
tt0032876	https://www.imdb.com/title/tt0032876/
tt0032877	https://www.imdb.com/title/tt0032877/
tt0032879	https://www.imdb.com/title/tt0032879/
tt0032880	https://www.imdb.com/title/tt0032880/
tt0032881	https://www.imdb.com/title/tt0032881/
tt0032882	https://www.imdb.com/title/tt0032882/
tt0032885	https://www.imdb.com/title/tt0032885/
tt0032890	https://www.imdb.com/title/tt0032890/
tt0032891	https://www.imdb.com/title/tt0032891/
tt0032893	https://www.imdb.com/title/tt0032893/
tt0032894	https://www.imdb.com/title/tt0032894/
tt0032896	https://www.imdb.com/title/tt0032896/
tt0032901	https://www.imdb.com/title/tt0032901/
tt0032902	https://www.imdb.com/title/tt0032902/
tt0032903	https://www.imdb.com/title/tt0032903/
tt0032904	https://www.imdb.com/title/tt0032904/
tt0032905	https://www.imdb.com/title/tt0032905/
tt0032908	https://www.imdb.com/title/tt0032908/
tt0032910	https://www.imdb.com/title/tt0032910/
tt0032911	https://www.imdb.com/title/tt0032911/
tt0032912	https://www.imdb.com/title/tt0032912/
tt0032913	https://www.imdb.com/title/tt0032913/
tt0032914	https://www.imdb.com/title/tt0032914/
tt0032915	https://www.imdb.com/title/tt0032915/
tt0032919	https://www.imdb.com/title/tt0032919/
tt0032920	https://www.imdb.com/title/tt0032920/
tt0032921	https://www.imdb.com/title/tt0032921/
tt0032923	https://www.imdb.com/title/tt0032923/
tt0032925	https://www.imdb.com/title/tt0032925/
tt0032935	https://www.imdb.com/title/tt0032935/
tt0032939	https://www.imdb.com/title/tt0032939/
tt0032940	https://www.imdb.com/title/tt0032940/
tt0032942	https://www.imdb.com/title/tt0032942/
tt0032943	https://www.imdb.com/title/tt0032943/
tt0032945	https://www.imdb.com/title/tt0032945/
tt0032946	https://www.imdb.com/title/tt0032946/
tt0032947	https://www.imdb.com/title/tt0032947/
tt0032949	https://www.imdb.com/title/tt0032949/
tt0032951	https://www.imdb.com/title/tt0032951/
tt0032952	https://www.imdb.com/title/tt0032952/
tt0032956	https://www.imdb.com/title/tt0032956/
tt0032957	https://www.imdb.com/title/tt0032957/
tt0032958	https://www.imdb.com/title/tt0032958/
tt0032959	https://www.imdb.com/title/tt0032959/
tt0032965	https://www.imdb.com/title/tt0032965/
tt0032966	https://www.imdb.com/title/tt0032966/
tt0032968	https://www.imdb.com/title/tt0032968/
tt0032970	https://www.imdb.com/title/tt0032970/
tt0032971	https://www.imdb.com/title/tt0032971/
tt0032972	https://www.imdb.com/title/tt0032972/
tt0032973	https://www.imdb.com/title/tt0032973/
tt0032976	https://www.imdb.com/title/tt0032976/
tt0032978	https://www.imdb.com/title/tt0032978/
tt0032980	https://www.imdb.com/title/tt0032980/
tt0032982	https://www.imdb.com/title/tt0032982/
tt0032983	https://www.imdb.com/title/tt0032983/
tt0032984	https://www.imdb.com/title/tt0032984/
tt0032985	https://www.imdb.com/title/tt0032985/
tt0032986	https://www.imdb.com/title/tt0032986/
tt0032987	https://www.imdb.com/title/tt0032987/
tt0032988	https://www.imdb.com/title/tt0032988/
tt0032989	https://www.imdb.com/title/tt0032989/
tt0032990	https://www.imdb.com/title/tt0032990/
tt0032993	https://www.imdb.com/title/tt0032993/
tt0032994	https://www.imdb.com/title/tt0032994/
tt0032996	https://www.imdb.com/title/tt0032996/
tt0032997	https://www.imdb.com/title/tt0032997/
tt0032998	https://www.imdb.com/title/tt0032998/
tt0032999	https://www.imdb.com/title/tt0032999/
tt0033001	https://www.imdb.com/title/tt0033001/
tt0033002	https://www.imdb.com/title/tt0033002/
tt0033003	https://www.imdb.com/title/tt0033003/
tt0033006	https://www.imdb.com/title/tt0033006/
tt0033007	https://www.imdb.com/title/tt0033007/
tt0033009	https://www.imdb.com/title/tt0033009/
tt0033010	https://www.imdb.com/title/tt0033010/
tt0033011	https://www.imdb.com/title/tt0033011/
tt0033012	https://www.imdb.com/title/tt0033012/
tt0033013	https://www.imdb.com/title/tt0033013/
tt0033014	https://www.imdb.com/title/tt0033014/
tt0033015	https://www.imdb.com/title/tt0033015/
tt0033016	https://www.imdb.com/title/tt0033016/
tt0033017	https://www.imdb.com/title/tt0033017/
tt0033018	https://www.imdb.com/title/tt0033018/
tt0033019	https://www.imdb.com/title/tt0033019/
tt0033020	https://www.imdb.com/title/tt0033020/
tt0033021	https://www.imdb.com/title/tt0033021/
tt0033022	https://www.imdb.com/title/tt0033022/
tt0033023	https://www.imdb.com/title/tt0033023/
tt0033024	https://www.imdb.com/title/tt0033024/
tt0033026	https://www.imdb.com/title/tt0033026/
tt0033027	https://www.imdb.com/title/tt0033027/
tt0033028	https://www.imdb.com/title/tt0033028/
tt0033029	https://www.imdb.com/title/tt0033029/
tt0033030	https://www.imdb.com/title/tt0033030/
tt0033032	https://www.imdb.com/title/tt0033032/
tt0033033	https://www.imdb.com/title/tt0033033/
tt0033034	https://www.imdb.com/title/tt0033034/
tt0033035	https://www.imdb.com/title/tt0033035/
tt0033036	https://www.imdb.com/title/tt0033036/
tt0033038	https://www.imdb.com/title/tt0033038/
tt0033039	https://www.imdb.com/title/tt0033039/
tt0033040	https://www.imdb.com/title/tt0033040/
tt0033044	https://www.imdb.com/title/tt0033044/
tt0033045	https://www.imdb.com/title/tt0033045/
tt0033047	https://www.imdb.com/title/tt0033047/
tt0033048	https://www.imdb.com/title/tt0033048/
tt0033049	https://www.imdb.com/title/tt0033049/
tt0033052	https://www.imdb.com/title/tt0033052/
tt0033054	https://www.imdb.com/title/tt0033054/
tt0033055	https://www.imdb.com/title/tt0033055/
tt0033056	https://www.imdb.com/title/tt0033056/
tt0033058	https://www.imdb.com/title/tt0033058/
tt0033059	https://www.imdb.com/title/tt0033059/
tt0033063	https://www.imdb.com/title/tt0033063/
tt0033067	https://www.imdb.com/title/tt0033067/
tt0033069	https://www.imdb.com/title/tt0033069/
tt0033072	https://www.imdb.com/title/tt0033072/
tt0033073	https://www.imdb.com/title/tt0033073/
tt0033074	https://www.imdb.com/title/tt0033074/
tt0033075	https://www.imdb.com/title/tt0033075/
tt0033076	https://www.imdb.com/title/tt0033076/
tt0033077	https://www.imdb.com/title/tt0033077/
tt0033078	https://www.imdb.com/title/tt0033078/
tt0033079	https://www.imdb.com/title/tt0033079/
tt0033080	https://www.imdb.com/title/tt0033080/
tt0033082	https://www.imdb.com/title/tt0033082/
tt0033083	https://www.imdb.com/title/tt0033083/
tt0033085	https://www.imdb.com/title/tt0033085/
tt0033086	https://www.imdb.com/title/tt0033086/
tt0033092	https://www.imdb.com/title/tt0033092/
tt0033095	https://www.imdb.com/title/tt0033095/
tt0033098	https://www.imdb.com/title/tt0033098/
tt0033099	https://www.imdb.com/title/tt0033099/
tt0033100	https://www.imdb.com/title/tt0033100/
tt0033102	https://www.imdb.com/title/tt0033102/
tt0033103	https://www.imdb.com/title/tt0033103/
tt0033105	https://www.imdb.com/title/tt0033105/
tt0033107	https://www.imdb.com/title/tt0033107/
tt0033109	https://www.imdb.com/title/tt0033109/
tt0033110	https://www.imdb.com/title/tt0033110/
tt0033111	https://www.imdb.com/title/tt0033111/
tt0033112	https://www.imdb.com/title/tt0033112/
tt0033115	https://www.imdb.com/title/tt0033115/
tt0033116	https://www.imdb.com/title/tt0033116/
tt0033117	https://www.imdb.com/title/tt0033117/
tt0033119	https://www.imdb.com/title/tt0033119/
tt0033122	https://www.imdb.com/title/tt0033122/
tt0033124	https://www.imdb.com/title/tt0033124/
tt0033125	https://www.imdb.com/title/tt0033125/
tt0033127	https://www.imdb.com/title/tt0033127/
tt0033128	https://www.imdb.com/title/tt0033128/
tt0033129	https://www.imdb.com/title/tt0033129/
tt0033131	https://www.imdb.com/title/tt0033131/
tt0033132	https://www.imdb.com/title/tt0033132/
tt0033134	https://www.imdb.com/title/tt0033134/
tt0033136	https://www.imdb.com/title/tt0033136/
tt0033137	https://www.imdb.com/title/tt0033137/
tt0033139	https://www.imdb.com/title/tt0033139/
tt0033140	https://www.imdb.com/title/tt0033140/
tt0033141	https://www.imdb.com/title/tt0033141/
tt0033142	https://www.imdb.com/title/tt0033142/
tt0033143	https://www.imdb.com/title/tt0033143/
tt0033144	https://www.imdb.com/title/tt0033144/
tt0033145	https://www.imdb.com/title/tt0033145/
tt0033147	https://www.imdb.com/title/tt0033147/
tt0033148	https://www.imdb.com/title/tt0033148/
tt0033149	https://www.imdb.com/title/tt0033149/
tt0033150	https://www.imdb.com/title/tt0033150/
tt0033152	https://www.imdb.com/title/tt0033152/
tt0033153	https://www.imdb.com/title/tt0033153/
tt0033154	https://www.imdb.com/title/tt0033154/
tt0033155	https://www.imdb.com/title/tt0033155/
tt0033157	https://www.imdb.com/title/tt0033157/
tt0033158	https://www.imdb.com/title/tt0033158/
tt0033159	https://www.imdb.com/title/tt0033159/
tt0033160	https://www.imdb.com/title/tt0033160/
tt0033161	https://www.imdb.com/title/tt0033161/
tt0033163	https://www.imdb.com/title/tt0033163/
tt0033164	https://www.imdb.com/title/tt0033164/
tt0033165	https://www.imdb.com/title/tt0033165/
tt0033167	https://www.imdb.com/title/tt0033167/
tt0033168	https://www.imdb.com/title/tt0033168/
tt0033169	https://www.imdb.com/title/tt0033169/
tt0033172	https://www.imdb.com/title/tt0033172/
tt0033173	https://www.imdb.com/title/tt0033173/
tt0033174	https://www.imdb.com/title/tt0033174/
tt0033175	https://www.imdb.com/title/tt0033175/
tt0033178	https://www.imdb.com/title/tt0033178/
tt0033179	https://www.imdb.com/title/tt0033179/
tt0033180	https://www.imdb.com/title/tt0033180/
tt0033181	https://www.imdb.com/title/tt0033181/
tt0033182	https://www.imdb.com/title/tt0033182/
tt0033184	https://www.imdb.com/title/tt0033184/
tt0033185	https://www.imdb.com/title/tt0033185/
tt0033187	https://www.imdb.com/title/tt0033187/
tt0033189	https://www.imdb.com/title/tt0033189/
tt0033190	https://www.imdb.com/title/tt0033190/
tt0033191	https://www.imdb.com/title/tt0033191/
tt0033192	https://www.imdb.com/title/tt0033192/
tt0033193	https://www.imdb.com/title/tt0033193/
tt0033194	https://www.imdb.com/title/tt0033194/
tt0033196	https://www.imdb.com/title/tt0033196/
tt0033197	https://www.imdb.com/title/tt0033197/
tt0033198	https://www.imdb.com/title/tt0033198/
tt0033200	https://www.imdb.com/title/tt0033200/
tt0033204	https://www.imdb.com/title/tt0033204/
tt0033205	https://www.imdb.com/title/tt0033205/
tt0033206	https://www.imdb.com/title/tt0033206/
tt0033207	https://www.imdb.com/title/tt0033207/
tt0033208	https://www.imdb.com/title/tt0033208/
tt0033213	https://www.imdb.com/title/tt0033213/
tt0033214	https://www.imdb.com/title/tt0033214/
tt0033217	https://www.imdb.com/title/tt0033217/
tt0033218	https://www.imdb.com/title/tt0033218/
tt0033219	https://www.imdb.com/title/tt0033219/
tt0033220	https://www.imdb.com/title/tt0033220/
tt0033221	https://www.imdb.com/title/tt0033221/
tt0033223	https://www.imdb.com/title/tt0033223/
tt0033224	https://www.imdb.com/title/tt0033224/
tt0033225	https://www.imdb.com/title/tt0033225/
tt0033226	https://www.imdb.com/title/tt0033226/
tt0033227	https://www.imdb.com/title/tt0033227/
tt0033228	https://www.imdb.com/title/tt0033228/
tt0033231	https://www.imdb.com/title/tt0033231/
tt0033234	https://www.imdb.com/title/tt0033234/
tt0033235	https://www.imdb.com/title/tt0033235/
tt0033238	https://www.imdb.com/title/tt0033238/
tt0033244	https://www.imdb.com/title/tt0033244/
tt0033246	https://www.imdb.com/title/tt0033246/
tt0033248	https://www.imdb.com/title/tt0033248/
tt0033249	https://www.imdb.com/title/tt0033249/
tt0033250	https://www.imdb.com/title/tt0033250/
tt0033251	https://www.imdb.com/title/tt0033251/
tt0033253	https://www.imdb.com/title/tt0033253/
tt0033254	https://www.imdb.com/title/tt0033254/
tt0033255	https://www.imdb.com/title/tt0033255/
tt0033257	https://www.imdb.com/title/tt0033257/
tt0033258	https://www.imdb.com/title/tt0033258/
tt0033259	https://www.imdb.com/title/tt0033259/
tt0033261	https://www.imdb.com/title/tt0033261/
tt0033262	https://www.imdb.com/title/tt0033262/
tt0033264	https://www.imdb.com/title/tt0033264/
tt0033265	https://www.imdb.com/title/tt0033265/
tt0033269	https://www.imdb.com/title/tt0033269/
tt0033270	https://www.imdb.com/title/tt0033270/
tt0033271	https://www.imdb.com/title/tt0033271/
tt0033272	https://www.imdb.com/title/tt0033272/
tt0033274	https://www.imdb.com/title/tt0033274/
tt0033275	https://www.imdb.com/title/tt0033275/
tt0033276	https://www.imdb.com/title/tt0033276/
tt0033277	https://www.imdb.com/title/tt0033277/
tt0033278	https://www.imdb.com/title/tt0033278/
tt0033279	https://www.imdb.com/title/tt0033279/
tt0033283	https://www.imdb.com/title/tt0033283/
tt0033284	https://www.imdb.com/title/tt0033284/
tt0033286	https://www.imdb.com/title/tt0033286/
tt0033287	https://www.imdb.com/title/tt0033287/
tt0033288	https://www.imdb.com/title/tt0033288/
tt0033289	https://www.imdb.com/title/tt0033289/
tt0033290	https://www.imdb.com/title/tt0033290/
tt0033291	https://www.imdb.com/title/tt0033291/
tt0033292	https://www.imdb.com/title/tt0033292/
tt0033293	https://www.imdb.com/title/tt0033293/
tt0033294	https://www.imdb.com/title/tt0033294/
tt0033295	https://www.imdb.com/title/tt0033295/
tt0033297	https://www.imdb.com/title/tt0033297/
tt0033298	https://www.imdb.com/title/tt0033298/
tt0033299	https://www.imdb.com/title/tt0033299/
tt0033300	https://www.imdb.com/title/tt0033300/
tt0033307	https://www.imdb.com/title/tt0033307/
tt0033321	https://www.imdb.com/title/tt0033321/
tt0033384	https://www.imdb.com/title/tt0033384/
tt0033386	https://www.imdb.com/title/tt0033386/
tt0033427	https://www.imdb.com/title/tt0033427/
tt0033429	https://www.imdb.com/title/tt0033429/
tt0033504	https://www.imdb.com/title/tt0033504/
tt0033514	https://www.imdb.com/title/tt0033514/
tt0033587	https://www.imdb.com/title/tt0033587/
tt0033603	https://www.imdb.com/title/tt0033603/
tt0033617	https://www.imdb.com/title/tt0033617/
tt0033663	https://www.imdb.com/title/tt0033663/
tt0033765	https://www.imdb.com/title/tt0033765/
tt0033782	https://www.imdb.com/title/tt0033782/
tt0033834	https://www.imdb.com/title/tt0033834/
tt0033848	https://www.imdb.com/title/tt0033848/
tt0033861	https://www.imdb.com/title/tt0033861/
tt0034021	https://www.imdb.com/title/tt0034021/
tt0034064	https://www.imdb.com/title/tt0034064/
tt0034113	https://www.imdb.com/title/tt0034113/
tt0034124	https://www.imdb.com/title/tt0034124/
tt0034132	https://www.imdb.com/title/tt0034132/
tt0034145	https://www.imdb.com/title/tt0034145/
tt0034149	https://www.imdb.com/title/tt0034149/
tt0034178	https://www.imdb.com/title/tt0034178/
tt0034395	https://www.imdb.com/title/tt0034395/
tt0034408	https://www.imdb.com/title/tt0034408/
tt0037680	https://www.imdb.com/title/tt0037680/
tt0041216	https://www.imdb.com/title/tt0041216/
tt0053136	https://www.imdb.com/title/tt0053136/
tt0121372	https://www.imdb.com/title/tt0121372/
tt0121530	https://www.imdb.com/title/tt0121530/
tt0122368	https://www.imdb.com/title/tt0122368/
tt0123125	https://www.imdb.com/title/tt0123125/
tt0123198	https://www.imdb.com/title/tt0123198/
tt0123261	https://www.imdb.com/title/tt0123261/
tt0123856	https://www.imdb.com/title/tt0123856/
tt0123858	https://www.imdb.com/title/tt0123858/
tt0123955	https://www.imdb.com/title/tt0123955/
tt0124154	https://www.imdb.com/title/tt0124154/
tt0124342	https://www.imdb.com/title/tt0124342/
tt0124883	https://www.imdb.com/title/tt0124883/
tt0125063	https://www.imdb.com/title/tt0125063/
tt0125273	https://www.imdb.com/title/tt0125273/
tt0125456	https://www.imdb.com/title/tt0125456/
tt0125734	https://www.imdb.com/title/tt0125734/
tt0126003	https://www.imdb.com/title/tt0126003/
tt0126071	https://www.imdb.com/title/tt0126071/
tt0127465	https://www.imdb.com/title/tt0127465/
tt0129514	https://www.imdb.com/title/tt0129514/
tt0130360	https://www.imdb.com/title/tt0130360/
tt0130482	https://www.imdb.com/title/tt0130482/
tt0130680	https://www.imdb.com/title/tt0130680/
tt0130751	https://www.imdb.com/title/tt0130751/
tt0131136	https://www.imdb.com/title/tt0131136/
tt0131466	https://www.imdb.com/title/tt0131466/
tt0132132	https://www.imdb.com/title/tt0132132/
tt0133373	https://www.imdb.com/title/tt0133373/
tt0134056	https://www.imdb.com/title/tt0134056/
tt0135173	https://www.imdb.com/title/tt0135173/
tt0135739	https://www.imdb.com/title/tt0135739/
tt0135746	https://www.imdb.com/title/tt0135746/
tt0135805	https://www.imdb.com/title/tt0135805/
tt0136288	https://www.imdb.com/title/tt0136288/
tt0136575	https://www.imdb.com/title/tt0136575/
tt0136812	https://www.imdb.com/title/tt0136812/
tt0136994	https://www.imdb.com/title/tt0136994/
tt0137050	https://www.imdb.com/title/tt0137050/
tt0137592	https://www.imdb.com/title/tt0137592/
tt0137878	https://www.imdb.com/title/tt0137878/
tt0137951	https://www.imdb.com/title/tt0137951/
tt0138187	https://www.imdb.com/title/tt0138187/
tt0138673	https://www.imdb.com/title/tt0138673/
tt0138699	https://www.imdb.com/title/tt0138699/
tt0138710	https://www.imdb.com/title/tt0138710/
tt0138807	https://www.imdb.com/title/tt0138807/
tt0138853	https://www.imdb.com/title/tt0138853/
tt0138861	https://www.imdb.com/title/tt0138861/
tt0139174	https://www.imdb.com/title/tt0139174/
tt0139504	https://www.imdb.com/title/tt0139504/
tt0139534	https://www.imdb.com/title/tt0139534/
tt0139687	https://www.imdb.com/title/tt0139687/
tt0139729	https://www.imdb.com/title/tt0139729/
tt0139747	https://www.imdb.com/title/tt0139747/
tt0139884	https://www.imdb.com/title/tt0139884/
tt0141978	https://www.imdb.com/title/tt0141978/
tt0142709	https://www.imdb.com/title/tt0142709/
tt0148245	https://www.imdb.com/title/tt0148245/
tt0149318	https://www.imdb.com/title/tt0149318/
tt0149715	https://www.imdb.com/title/tt0149715/
tt0149751	https://www.imdb.com/title/tt0149751/
tt0149784	https://www.imdb.com/title/tt0149784/
tt0149802	https://www.imdb.com/title/tt0149802/
tt0150010	https://www.imdb.com/title/tt0150010/
tt0150283	https://www.imdb.com/title/tt0150283/
tt0150318	https://www.imdb.com/title/tt0150318/
tt0151191	https://www.imdb.com/title/tt0151191/
tt0151242	https://www.imdb.com/title/tt0151242/
tt0151530	https://www.imdb.com/title/tt0151530/
tt0151635	https://www.imdb.com/title/tt0151635/
tt0151707	https://www.imdb.com/title/tt0151707/
tt0151810	https://www.imdb.com/title/tt0151810/
tt0152013	https://www.imdb.com/title/tt0152013/
tt0152046	https://www.imdb.com/title/tt0152046/
tt0152051	https://www.imdb.com/title/tt0152051/
tt0152082	https://www.imdb.com/title/tt0152082/
tt0152090	https://www.imdb.com/title/tt0152090/
tt0152491	https://www.imdb.com/title/tt0152491/
tt0152976	https://www.imdb.com/title/tt0152976/
tt0153128	https://www.imdb.com/title/tt0153128/
tt0153610	https://www.imdb.com/title/tt0153610/
tt0154228	https://www.imdb.com/title/tt0154228/
tt0154281	https://www.imdb.com/title/tt0154281/
tt0154322	https://www.imdb.com/title/tt0154322/
tt0154526	https://www.imdb.com/title/tt0154526/
tt0154666	https://www.imdb.com/title/tt0154666/
tt0154669	https://www.imdb.com/title/tt0154669/
tt0155136	https://www.imdb.com/title/tt0155136/
tt0155244	https://www.imdb.com/title/tt0155244/
tt0155352	https://www.imdb.com/title/tt0155352/
tt0155389	https://www.imdb.com/title/tt0155389/
tt0156068	https://www.imdb.com/title/tt0156068/
tt0156069	https://www.imdb.com/title/tt0156069/
tt0156092	https://www.imdb.com/title/tt0156092/
tt0156163	https://www.imdb.com/title/tt0156163/
tt0156192	https://www.imdb.com/title/tt0156192/
tt0156259	https://www.imdb.com/title/tt0156259/
tt0156281	https://www.imdb.com/title/tt0156281/
tt0156308	https://www.imdb.com/title/tt0156308/
tt0156309	https://www.imdb.com/title/tt0156309/
tt0156524	https://www.imdb.com/title/tt0156524/
tt0156644	https://www.imdb.com/title/tt0156644/
tt0156717	https://www.imdb.com/title/tt0156717/
tt0156824	https://www.imdb.com/title/tt0156824/
tt0157431	https://www.imdb.com/title/tt0157431/
tt0157880	https://www.imdb.com/title/tt0157880/
tt0158027	https://www.imdb.com/title/tt0158027/
tt0158654	https://www.imdb.com/title/tt0158654/
tt0158686	https://www.imdb.com/title/tt0158686/
tt0158914	https://www.imdb.com/title/tt0158914/
tt0160238	https://www.imdb.com/title/tt0160238/
tt0160610	https://www.imdb.com/title/tt0160610/
tt0160639	https://www.imdb.com/title/tt0160639/
tt0161825	https://www.imdb.com/title/tt0161825/
tt0161836	https://www.imdb.com/title/tt0161836/
tt0162197	https://www.imdb.com/title/tt0162197/
tt0163750	https://www.imdb.com/title/tt0163750/
tt0166168	https://www.imdb.com/title/tt0166168/
tt0166266	https://www.imdb.com/title/tt0166266/
tt0167354	https://www.imdb.com/title/tt0167354/
tt0167474	https://www.imdb.com/title/tt0167474/
tt0167509	https://www.imdb.com/title/tt0167509/
tt0168693	https://www.imdb.com/title/tt0168693/
tt0168716	https://www.imdb.com/title/tt0168716/
tt0169061	https://www.imdb.com/title/tt0169061/
tt0169970	https://www.imdb.com/title/tt0169970/
tt0170021	https://www.imdb.com/title/tt0170021/
tt0170352	https://www.imdb.com/title/tt0170352/
tt0170631	https://www.imdb.com/title/tt0170631/
tt0170831	https://www.imdb.com/title/tt0170831/
tt0171145	https://www.imdb.com/title/tt0171145/
tt0171148	https://www.imdb.com/title/tt0171148/
tt0173996	https://www.imdb.com/title/tt0173996/
tt0175288	https://www.imdb.com/title/tt0175288/
tt0175458	https://www.imdb.com/title/tt0175458/
tt0175744	https://www.imdb.com/title/tt0175744/
tt0175899	https://www.imdb.com/title/tt0175899/
tt0176000	https://www.imdb.com/title/tt0176000/
tt0176098	https://www.imdb.com/title/tt0176098/
tt0176161	https://www.imdb.com/title/tt0176161/
tt0176325	https://www.imdb.com/title/tt0176325/
tt0177221	https://www.imdb.com/title/tt0177221/
tt0177417	https://www.imdb.com/title/tt0177417/
tt0177495	https://www.imdb.com/title/tt0177495/
tt0177500	https://www.imdb.com/title/tt0177500/
tt0177863	https://www.imdb.com/title/tt0177863/
tt0178264	https://www.imdb.com/title/tt0178264/
tt0178304	https://www.imdb.com/title/tt0178304/
tt0178307	https://www.imdb.com/title/tt0178307/
tt0178314	https://www.imdb.com/title/tt0178314/
tt0178336	https://www.imdb.com/title/tt0178336/
tt0178561	https://www.imdb.com/title/tt0178561/
tt0178724	https://www.imdb.com/title/tt0178724/
tt0179067	https://www.imdb.com/title/tt0179067/
tt0179461	https://www.imdb.com/title/tt0179461/
tt0179736	https://www.imdb.com/title/tt0179736/
tt0179972	https://www.imdb.com/title/tt0179972/
tt0179975	https://www.imdb.com/title/tt0179975/
tt0180250	https://www.imdb.com/title/tt0180250/
tt0180453	https://www.imdb.com/title/tt0180453/
tt0180604	https://www.imdb.com/title/tt0180604/
tt0180664	https://www.imdb.com/title/tt0180664/
tt0180684	https://www.imdb.com/title/tt0180684/
tt0180828	https://www.imdb.com/title/tt0180828/
tt0181538	https://www.imdb.com/title/tt0181538/
tt0183572	https://www.imdb.com/title/tt0183572/
tt0183773	https://www.imdb.com/title/tt0183773/
tt0183909	https://www.imdb.com/title/tt0183909/
tt0184612	https://www.imdb.com/title/tt0184612/
tt0184823	https://www.imdb.com/title/tt0184823/
tt0185180	https://www.imdb.com/title/tt0185180/
tt0185240	https://www.imdb.com/title/tt0185240/
tt0185377	https://www.imdb.com/title/tt0185377/
tt0186060	https://www.imdb.com/title/tt0186060/
tt0186208	https://www.imdb.com/title/tt0186208/
tt0186912	https://www.imdb.com/title/tt0186912/
tt0186942	https://www.imdb.com/title/tt0186942/
tt0187289	https://www.imdb.com/title/tt0187289/
tt0187971	https://www.imdb.com/title/tt0187971/
tt0189035	https://www.imdb.com/title/tt0189035/
tt0189237	https://www.imdb.com/title/tt0189237/
tt0189349	https://www.imdb.com/title/tt0189349/
tt0189505	https://www.imdb.com/title/tt0189505/
tt0190251	https://www.imdb.com/title/tt0190251/
tt0191305	https://www.imdb.com/title/tt0191305/
tt0191634	https://www.imdb.com/title/tt0191634/
tt0191670	https://www.imdb.com/title/tt0191670/
tt0191826	https://www.imdb.com/title/tt0191826/
tt0191880	https://www.imdb.com/title/tt0191880/
tt0191905	https://www.imdb.com/title/tt0191905/
tt0191981	https://www.imdb.com/title/tt0191981/
tt0192135	https://www.imdb.com/title/tt0192135/
tt0192821	https://www.imdb.com/title/tt0192821/
tt0193043	https://www.imdb.com/title/tt0193043/
tt0193123	https://www.imdb.com/title/tt0193123/
tt0193184	https://www.imdb.com/title/tt0193184/
tt0193314	https://www.imdb.com/title/tt0193314/
tt0193533	https://www.imdb.com/title/tt0193533/
tt0193783	https://www.imdb.com/title/tt0193783/
tt0193894	https://www.imdb.com/title/tt0193894/
tt0194013	https://www.imdb.com/title/tt0194013/
tt0194312	https://www.imdb.com/title/tt0194312/
tt0194331	https://www.imdb.com/title/tt0194331/
tt0194567	https://www.imdb.com/title/tt0194567/
tt0194586	https://www.imdb.com/title/tt0194586/
tt0194767	https://www.imdb.com/title/tt0194767/
tt0194769	https://www.imdb.com/title/tt0194769/
tt0194955	https://www.imdb.com/title/tt0194955/
tt0194978	https://www.imdb.com/title/tt0194978/
tt0195882	https://www.imdb.com/title/tt0195882/
tt0196965	https://www.imdb.com/title/tt0196965/
tt0197593	https://www.imdb.com/title/tt0197593/
tt0198311	https://www.imdb.com/title/tt0198311/
tt0198375	https://www.imdb.com/title/tt0198375/
tt0198405	https://www.imdb.com/title/tt0198405/
tt0198542	https://www.imdb.com/title/tt0198542/
tt0198935	https://www.imdb.com/title/tt0198935/
tt0199059	https://www.imdb.com/title/tt0199059/
tt0199507	https://www.imdb.com/title/tt0199507/
tt0199517	https://www.imdb.com/title/tt0199517/
tt0200726	https://www.imdb.com/title/tt0200726/
tt0201740	https://www.imdb.com/title/tt0201740/
tt0201933	https://www.imdb.com/title/tt0201933/
tt0203436	https://www.imdb.com/title/tt0203436/
tt0204481	https://www.imdb.com/title/tt0204481/
tt0204494	https://www.imdb.com/title/tt0204494/
tt0205108	https://www.imdb.com/title/tt0205108/
tt0205253	https://www.imdb.com/title/tt0205253/
tt0205360	https://www.imdb.com/title/tt0205360/
tt0205517	https://www.imdb.com/title/tt0205517/
tt0205519	https://www.imdb.com/title/tt0205519/
tt0205541	https://www.imdb.com/title/tt0205541/
tt0205544	https://www.imdb.com/title/tt0205544/
tt0205590	https://www.imdb.com/title/tt0205590/
tt0205869	https://www.imdb.com/title/tt0205869/
tt0205890	https://www.imdb.com/title/tt0205890/
tt0206018	https://www.imdb.com/title/tt0206018/
tt0206301	https://www.imdb.com/title/tt0206301/
tt0209082	https://www.imdb.com/title/tt0209082/
tt0212993	https://www.imdb.com/title/tt0212993/
tt0213187	https://www.imdb.com/title/tt0213187/
tt0213617	https://www.imdb.com/title/tt0213617/
tt0213908	https://www.imdb.com/title/tt0213908/
tt0214026	https://www.imdb.com/title/tt0214026/
tt0214033	https://www.imdb.com/title/tt0214033/
tt0214047	https://www.imdb.com/title/tt0214047/
tt0214074	https://www.imdb.com/title/tt0214074/
tt0214830	https://www.imdb.com/title/tt0214830/
tt0214838	https://www.imdb.com/title/tt0214838/
tt0215041	https://www.imdb.com/title/tt0215041/
tt0215179	https://www.imdb.com/title/tt0215179/
tt0215226	https://www.imdb.com/title/tt0215226/
tt0215372	https://www.imdb.com/title/tt0215372/
tt0215522	https://www.imdb.com/title/tt0215522/
tt0215607	https://www.imdb.com/title/tt0215607/
tt0216074	https://www.imdb.com/title/tt0216074/
tt0219306	https://www.imdb.com/title/tt0219306/
tt0219510	https://www.imdb.com/title/tt0219510/
tt0220030	https://www.imdb.com/title/tt0220030/
tt0220458	https://www.imdb.com/title/tt0220458/
tt0221585	https://www.imdb.com/title/tt0221585/
tt0221857	https://www.imdb.com/title/tt0221857/
tt0227090	https://www.imdb.com/title/tt0227090/
tt0230489	https://www.imdb.com/title/tt0230489/
tt0230672	https://www.imdb.com/title/tt0230672/
tt0231120	https://www.imdb.com/title/tt0231120/
tt0231133	https://www.imdb.com/title/tt0231133/
tt0231288	https://www.imdb.com/title/tt0231288/
tt0231384	https://www.imdb.com/title/tt0231384/
tt0231435	https://www.imdb.com/title/tt0231435/
tt0231564	https://www.imdb.com/title/tt0231564/
tt0231638	https://www.imdb.com/title/tt0231638/
tt0231722	https://www.imdb.com/title/tt0231722/
tt0231732	https://www.imdb.com/title/tt0231732/
tt0231954	https://www.imdb.com/title/tt0231954/
tt0232027	https://www.imdb.com/title/tt0232027/
tt0232036	https://www.imdb.com/title/tt0232036/
tt0232253	https://www.imdb.com/title/tt0232253/
tt0232418	https://www.imdb.com/title/tt0232418/
tt0232424	https://www.imdb.com/title/tt0232424/
tt0232440	https://www.imdb.com/title/tt0232440/
tt0232586	https://www.imdb.com/title/tt0232586/
tt0232876	https://www.imdb.com/title/tt0232876/
tt0233010	https://www.imdb.com/title/tt0233010/
tt0234661	https://www.imdb.com/title/tt0234661/
tt0235105	https://www.imdb.com/title/tt0235105/
tt0236091	https://www.imdb.com/title/tt0236091/
tt0236161	https://www.imdb.com/title/tt0236161/
tt0236379	https://www.imdb.com/title/tt0236379/
tt0236413	https://www.imdb.com/title/tt0236413/
tt0237133	https://www.imdb.com/title/tt0237133/
tt0237804	https://www.imdb.com/title/tt0237804/
tt0238235	https://www.imdb.com/title/tt0238235/
tt0238271	https://www.imdb.com/title/tt0238271/
tt0238395	https://www.imdb.com/title/tt0238395/
tt0238536	https://www.imdb.com/title/tt0238536/
tt0238758	https://www.imdb.com/title/tt0238758/
tt0239622	https://www.imdb.com/title/tt0239622/
tt0239623	https://www.imdb.com/title/tt0239623/
tt0239689	https://www.imdb.com/title/tt0239689/
tt0239702	https://www.imdb.com/title/tt0239702/
tt0239778	https://www.imdb.com/title/tt0239778/
tt0240040	https://www.imdb.com/title/tt0240040/
tt0240187	https://www.imdb.com/title/tt0240187/
tt0240748	https://www.imdb.com/title/tt0240748/
tt0241512	https://www.imdb.com/title/tt0241512/
tt0241642	https://www.imdb.com/title/tt0241642/
tt0241727	https://www.imdb.com/title/tt0241727/
tt0242023	https://www.imdb.com/title/tt0242023/
tt0243146	https://www.imdb.com/title/tt0243146/
tt0244948	https://www.imdb.com/title/tt0244948/
tt0245003	https://www.imdb.com/title/tt0245003/
tt0245006	https://www.imdb.com/title/tt0245006/
tt0245142	https://www.imdb.com/title/tt0245142/
tt0245534	https://www.imdb.com/title/tt0245534/
tt0245915	https://www.imdb.com/title/tt0245915/
tt0246069	https://www.imdb.com/title/tt0246069/
tt0246257	https://www.imdb.com/title/tt0246257/
tt0247125	https://www.imdb.com/title/tt0247125/
tt0247239	https://www.imdb.com/title/tt0247239/
tt0247321	https://www.imdb.com/title/tt0247321/
tt0247496	https://www.imdb.com/title/tt0247496/
tt0247693	https://www.imdb.com/title/tt0247693/
tt0247831	https://www.imdb.com/title/tt0247831/
tt0248006	https://www.imdb.com/title/tt0248006/
tt0248027	https://www.imdb.com/title/tt0248027/
tt0248086	https://www.imdb.com/title/tt0248086/
tt0248379	https://www.imdb.com/title/tt0248379/
tt0248557	https://www.imdb.com/title/tt0248557/
tt0249001	https://www.imdb.com/title/tt0249001/
tt0249013	https://www.imdb.com/title/tt0249013/
tt0249472	https://www.imdb.com/title/tt0249472/
tt0249737	https://www.imdb.com/title/tt0249737/
tt0250007	https://www.imdb.com/title/tt0250007/
tt0250672	https://www.imdb.com/title/tt0250672/
tt0251117	https://www.imdb.com/title/tt0251117/
tt0251326	https://www.imdb.com/title/tt0251326/
tt0251587	https://www.imdb.com/title/tt0251587/
tt0251754	https://www.imdb.com/title/tt0251754/
tt0252220	https://www.imdb.com/title/tt0252220/
tt0252477	https://www.imdb.com/title/tt0252477/
tt0253584	https://www.imdb.com/title/tt0253584/
tt0254211	https://www.imdb.com/title/tt0254211/
tt0255339	https://www.imdb.com/title/tt0255339/
tt0256250	https://www.imdb.com/title/tt0256250/
tt0256328	https://www.imdb.com/title/tt0256328/
tt0256932	https://www.imdb.com/title/tt0256932/
tt0258076	https://www.imdb.com/title/tt0258076/
tt0259347	https://www.imdb.com/title/tt0259347/
tt0259361	https://www.imdb.com/title/tt0259361/
tt0260743	https://www.imdb.com/title/tt0260743/
tt0261566	https://www.imdb.com/title/tt0261566/
tt0261789	https://www.imdb.com/title/tt0261789/
tt0261827	https://www.imdb.com/title/tt0261827/
tt0261892	https://www.imdb.com/title/tt0261892/
tt0261967	https://www.imdb.com/title/tt0261967/
tt0262355	https://www.imdb.com/title/tt0262355/
tt0262378	https://www.imdb.com/title/tt0262378/
tt0262404	https://www.imdb.com/title/tt0262404/
tt0262716	https://www.imdb.com/title/tt0262716/
tt0263061	https://www.imdb.com/title/tt0263061/
tt0263989	https://www.imdb.com/title/tt0263989/
tt0264017	https://www.imdb.com/title/tt0264017/
tt0264032	https://www.imdb.com/title/tt0264032/
tt0264112	https://www.imdb.com/title/tt0264112/
tt0264379	https://www.imdb.com/title/tt0264379/
tt0264826	https://www.imdb.com/title/tt0264826/
tt0265059	https://www.imdb.com/title/tt0265059/
tt0266002	https://www.imdb.com/title/tt0266002/
tt0266303	https://www.imdb.com/title/tt0266303/
tt0266352	https://www.imdb.com/title/tt0266352/
tt0266395	https://www.imdb.com/title/tt0266395/
tt0266482	https://www.imdb.com/title/tt0266482/
tt0266532	https://www.imdb.com/title/tt0266532/
tt0267004	https://www.imdb.com/title/tt0267004/
tt0268124	https://www.imdb.com/title/tt0268124/
tt0270510	https://www.imdb.com/title/tt0270510/
tt0272436	https://www.imdb.com/title/tt0272436/
tt0275930	https://www.imdb.com/title/tt0275930/
tt0276155	https://www.imdb.com/title/tt0276155/
tt0277086	https://www.imdb.com/title/tt0277086/
tt0277090	https://www.imdb.com/title/tt0277090/
tt0277291	https://www.imdb.com/title/tt0277291/
tt0278164	https://www.imdb.com/title/tt0278164/
tt0278770	https://www.imdb.com/title/tt0278770/
tt0280400	https://www.imdb.com/title/tt0280400/
tt0280449	https://www.imdb.com/title/tt0280449/
tt0280463	https://www.imdb.com/title/tt0280463/
tt0280725	https://www.imdb.com/title/tt0280725/
tt0280786	https://www.imdb.com/title/tt0280786/
tt0280813	https://www.imdb.com/title/tt0280813/
tt0280833	https://www.imdb.com/title/tt0280833/
tt0281169	https://www.imdb.com/title/tt0281169/
tt0281257	https://www.imdb.com/title/tt0281257/
tt0281363	https://www.imdb.com/title/tt0281363/
tt0281388	https://www.imdb.com/title/tt0281388/
tt0281771	https://www.imdb.com/title/tt0281771/
tt0281781	https://www.imdb.com/title/tt0281781/
tt0281800	https://www.imdb.com/title/tt0281800/
tt0283330	https://www.imdb.com/title/tt0283330/
tt0284413	https://www.imdb.com/title/tt0284413/
tt0288009	https://www.imdb.com/title/tt0288009/
tt0298968	https://www.imdb.com/title/tt0298968/
tt0300546	https://www.imdb.com/title/tt0300546/
tt0301435	https://www.imdb.com/title/tt0301435/
tt0304461	https://www.imdb.com/title/tt0304461/
tt0304963	https://www.imdb.com/title/tt0304963/
tt0308089	https://www.imdb.com/title/tt0308089/
tt0311812	https://www.imdb.com/title/tt0311812/
tt0314191	https://www.imdb.com/title/tt0314191/
tt0316346	https://www.imdb.com/title/tt0316346/
tt0317423	https://www.imdb.com/title/tt0317423/
tt0323667	https://www.imdb.com/title/tt0323667/
tt0325253	https://www.imdb.com/title/tt0325253/
tt0326028	https://www.imdb.com/title/tt0326028/
tt0326206	https://www.imdb.com/title/tt0326206/
tt0330971	https://www.imdb.com/title/tt0330971/
tt0331925	https://www.imdb.com/title/tt0331925/
tt0332525	https://www.imdb.com/title/tt0332525/
tt0332528	https://www.imdb.com/title/tt0332528/
tt0334612	https://www.imdb.com/title/tt0334612/
tt0336686	https://www.imdb.com/title/tt0336686/
tt0343606	https://www.imdb.com/title/tt0343606/
tt0345567	https://www.imdb.com/title/tt0345567/
tt0351191	https://www.imdb.com/title/tt0351191/
tt0355829	https://www.imdb.com/title/tt0355829/
tt0355907	https://www.imdb.com/title/tt0355907/
tt0357419	https://www.imdb.com/title/tt0357419/
tt0358493	https://www.imdb.com/title/tt0358493/
tt0359532	https://www.imdb.com/title/tt0359532/
tt0359683	https://www.imdb.com/title/tt0359683/
tt0360424	https://www.imdb.com/title/tt0360424/
tt0360711	https://www.imdb.com/title/tt0360711/
tt0361762	https://www.imdb.com/title/tt0361762/
tt0366493	https://www.imdb.com/title/tt0366493/
tt0371366	https://www.imdb.com/title/tt0371366/
tt0372015	https://www.imdb.com/title/tt0372015/
tt0372752	https://www.imdb.com/title/tt0372752/
tt0373032	https://www.imdb.com/title/tt0373032/
tt0373472	https://www.imdb.com/title/tt0373472/
tt0373706	https://www.imdb.com/title/tt0373706/
tt0373902	https://www.imdb.com/title/tt0373902/
tt0377951	https://www.imdb.com/title/tt0377951/
tt0380658	https://www.imdb.com/title/tt0380658/
tt0381988	https://www.imdb.com/title/tt0381988/
tt0384606	https://www.imdb.com/title/tt0384606/
tt0385545	https://www.imdb.com/title/tt0385545/
tt0385944	https://www.imdb.com/title/tt0385944/
tt0388142	https://www.imdb.com/title/tt0388142/
tt0395306	https://www.imdb.com/title/tt0395306/
tt0403271	https://www.imdb.com/title/tt0403271/
tt0404223	https://www.imdb.com/title/tt0404223/
tt0405290	https://www.imdb.com/title/tt0405290/
tt0405484	https://www.imdb.com/title/tt0405484/
tt0406015	https://www.imdb.com/title/tt0406015/
tt0407716	https://www.imdb.com/title/tt0407716/
tt0409033	https://www.imdb.com/title/tt0409033/
tt0410114	https://www.imdb.com/title/tt0410114/
tt0410766	https://www.imdb.com/title/tt0410766/
tt0415099	https://www.imdb.com/title/tt0415099/
tt0416216	https://www.imdb.com/title/tt0416216/
tt0417557	https://www.imdb.com/title/tt0417557/
tt0419423	https://www.imdb.com/title/tt0419423/
tt0419444	https://www.imdb.com/title/tt0419444/
tt0419860	https://www.imdb.com/title/tt0419860/
tt0419889	https://www.imdb.com/title/tt0419889/
tt0419932	https://www.imdb.com/title/tt0419932/
tt0423058	https://www.imdb.com/title/tt0423058/
tt0426153	https://www.imdb.com/title/tt0426153/
tt0428830	https://www.imdb.com/title/tt0428830/
tt0429274	https://www.imdb.com/title/tt0429274/
tt0432020	https://www.imdb.com/title/tt0432020/
tt0440956	https://www.imdb.com/title/tt0440956/
tt0441384	https://www.imdb.com/title/tt0441384/
tt0446094	https://www.imdb.com/title/tt0446094/
tt0448162	https://www.imdb.com/title/tt0448162/
tt0451699	https://www.imdb.com/title/tt0451699/
tt0451851	https://www.imdb.com/title/tt0451851/
tt0455623	https://www.imdb.com/title/tt0455623/
tt0457163	https://www.imdb.com/title/tt0457163/
tt0457921	https://www.imdb.com/title/tt0457921/
tt0458974	https://www.imdb.com/title/tt0458974/
tt0461501	https://www.imdb.com/title/tt0461501/
tt0461764	https://www.imdb.com/title/tt0461764/
tt0461785	https://www.imdb.com/title/tt0461785/
tt0461790	https://www.imdb.com/title/tt0461790/
tt0463258	https://www.imdb.com/title/tt0463258/
tt0467174	https://www.imdb.com/title/tt0467174/
tt0467233	https://www.imdb.com/title/tt0467233/
tt0469552	https://www.imdb.com/title/tt0469552/
tt0471362	https://www.imdb.com/title/tt0471362/
tt0471374	https://www.imdb.com/title/tt0471374/
tt0474681	https://www.imdb.com/title/tt0474681/
tt0475559	https://www.imdb.com/title/tt0475559/
tt0483031	https://www.imdb.com/title/tt0483031/
tt0485518	https://www.imdb.com/title/tt0485518/
tt0486437	https://www.imdb.com/title/tt0486437/
tt0489975	https://www.imdb.com/title/tt0489975/
tt0490276	https://www.imdb.com/title/tt0490276/
tt0490296	https://www.imdb.com/title/tt0490296/
tt0497122	https://www.imdb.com/title/tt0497122/
tt0497238	https://www.imdb.com/title/tt0497238/
tt0497265	https://www.imdb.com/title/tt0497265/
tt0764739	https://www.imdb.com/title/tt0764739/
tt0764743	https://www.imdb.com/title/tt0764743/
tt0764819	https://www.imdb.com/title/tt0764819/
tt0764871	https://www.imdb.com/title/tt0764871/
tt0764899	https://www.imdb.com/title/tt0764899/
tt0777758	https://www.imdb.com/title/tt0777758/
tt0777870	https://www.imdb.com/title/tt0777870/
tt0777893	https://www.imdb.com/title/tt0777893/
tt0786933	https://www.imdb.com/title/tt0786933/
tt0786949	https://www.imdb.com/title/tt0786949/
tt0786953	https://www.imdb.com/title/tt0786953/
tt0787012	https://www.imdb.com/title/tt0787012/
tt0787017	https://www.imdb.com/title/tt0787017/
tt0787055	https://www.imdb.com/title/tt0787055/
tt0787079	https://www.imdb.com/title/tt0787079/
tt0787096	https://www.imdb.com/title/tt0787096/
tt0787111	https://www.imdb.com/title/tt0787111/
tt0787126	https://www.imdb.com/title/tt0787126/
tt0787212	https://www.imdb.com/title/tt0787212/
tt0788018	https://www.imdb.com/title/tt0788018/
tt0788055	https://www.imdb.com/title/tt0788055/
tt0788108	https://www.imdb.com/title/tt0788108/
tt0788118	https://www.imdb.com/title/tt0788118/
tt0788144	https://www.imdb.com/title/tt0788144/
tt0788157	https://www.imdb.com/title/tt0788157/
tt0788163	https://www.imdb.com/title/tt0788163/
tt0795979	https://www.imdb.com/title/tt0795979/
tt0809236	https://www.imdb.com/title/tt0809236/
tt0809942	https://www.imdb.com/title/tt0809942/
tt0844007	https://www.imdb.com/title/tt0844007/
tt0855855	https://www.imdb.com/title/tt0855855/
tt0855881	https://www.imdb.com/title/tt0855881/
tt0887916	https://www.imdb.com/title/tt0887916/
tt0891574	https://www.imdb.com/title/tt0891574/
tt0892294	https://www.imdb.com/title/tt0892294/
tt0896786	https://www.imdb.com/title/tt0896786/
tt0896826	https://www.imdb.com/title/tt0896826/
tt0896832	https://www.imdb.com/title/tt0896832/
tt0897254	https://www.imdb.com/title/tt0897254/
tt0900927	https://www.imdb.com/title/tt0900927/
tt0900952	https://www.imdb.com/title/tt0900952/
tt0905617	https://www.imdb.com/title/tt0905617/
tt0906062	https://www.imdb.com/title/tt0906062/
tt0923882	https://www.imdb.com/title/tt0923882/
tt0953425	https://www.imdb.com/title/tt0953425/
tt0953488	https://www.imdb.com/title/tt0953488/
tt0953507	https://www.imdb.com/title/tt0953507/
tt0953661	https://www.imdb.com/title/tt0953661/
tt0955242	https://www.imdb.com/title/tt0955242/
tt0959357	https://www.imdb.com/title/tt0959357/
tt10147806	https://www.imdb.com/title/tt10147806/
tt10230664	https://www.imdb.com/title/tt10230664/
tt1058030	https://www.imdb.com/title/tt1058030/
tt1071276	https://www.imdb.com/title/tt1071276/
tt1094273	https://www.imdb.com/title/tt1094273/
tt1094274	https://www.imdb.com/title/tt1094274/
tt10955996	https://www.imdb.com/title/tt10955996/
tt10995398	https://www.imdb.com/title/tt10995398/
tt10995476	https://www.imdb.com/title/tt10995476/
tt10996650	https://www.imdb.com/title/tt10996650/
tt10996828	https://www.imdb.com/title/tt10996828/
tt10997132	https://www.imdb.com/title/tt10997132/
tt10997384	https://www.imdb.com/title/tt10997384/
tt10997562	https://www.imdb.com/title/tt10997562/
tt10997790	https://www.imdb.com/title/tt10997790/
tt10997914	https://www.imdb.com/title/tt10997914/
tt11006960	https://www.imdb.com/title/tt11006960/
tt11012292	https://www.imdb.com/title/tt11012292/
tt11012360	https://www.imdb.com/title/tt11012360/
tt11087660	https://www.imdb.com/title/tt11087660/
tt11088026	https://www.imdb.com/title/tt11088026/
tt11088350	https://www.imdb.com/title/tt11088350/
tt11280830	https://www.imdb.com/title/tt11280830/
tt11282770	https://www.imdb.com/title/tt11282770/
tt11424832	https://www.imdb.com/title/tt11424832/
tt11427882	https://www.imdb.com/title/tt11427882/
tt11506826	https://www.imdb.com/title/tt11506826/
tt11605124	https://www.imdb.com/title/tt11605124/
tt11605128	https://www.imdb.com/title/tt11605128/
tt1162031	https://www.imdb.com/title/tt1162031/
tt1162043	https://www.imdb.com/title/tt1162043/
tt1162097	https://www.imdb.com/title/tt1162097/
tt1164637	https://www.imdb.com/title/tt1164637/
tt1164638	https://www.imdb.com/title/tt1164638/
tt1168755	https://www.imdb.com/title/tt1168755/
tt11692348	https://www.imdb.com/title/tt11692348/
tt1172217	https://www.imdb.com/title/tt1172217/
tt1172226	https://www.imdb.com/title/tt1172226/
tt11748392	https://www.imdb.com/title/tt11748392/
tt1175207	https://www.imdb.com/title/tt1175207/
tt1175244	https://www.imdb.com/title/tt1175244/
tt11777492	https://www.imdb.com/title/tt11777492/
tt11777494	https://www.imdb.com/title/tt11777494/
tt11910530	https://www.imdb.com/title/tt11910530/
tt11980074	https://www.imdb.com/title/tt11980074/
tt1199710	https://www.imdb.com/title/tt1199710/
tt12065216	https://www.imdb.com/title/tt12065216/
tt1207782	https://www.imdb.com/title/tt1207782/
tt12084042	https://www.imdb.com/title/tt12084042/
tt12104418	https://www.imdb.com/title/tt12104418/
tt12258272	https://www.imdb.com/title/tt12258272/
tt1225847	https://www.imdb.com/title/tt1225847/
tt12262034	https://www.imdb.com/title/tt12262034/
tt1233423	https://www.imdb.com/title/tt1233423/
tt1234940	https://www.imdb.com/title/tt1234940/
tt12518462	https://www.imdb.com/title/tt12518462/
tt12518526	https://www.imdb.com/title/tt12518526/
tt12572830	https://www.imdb.com/title/tt12572830/
tt1308946	https://www.imdb.com/title/tt1308946/
tt1308948	https://www.imdb.com/title/tt1308948/
tt1308961	https://www.imdb.com/title/tt1308961/
tt13223370	https://www.imdb.com/title/tt13223370/
tt1325564	https://www.imdb.com/title/tt1325564/
tt1341199	https://www.imdb.com/title/tt1341199/
tt13848544	https://www.imdb.com/title/tt13848544/
tt13879468	https://www.imdb.com/title/tt13879468/
tt13886684	https://www.imdb.com/title/tt13886684/
tt1416819	https://www.imdb.com/title/tt1416819/
tt1426332	https://www.imdb.com/title/tt1426332/
tt1436442	https://www.imdb.com/title/tt1436442/
tt1464214	https://www.imdb.com/title/tt1464214/
tt1470882	https://www.imdb.com/title/tt1470882/
tt1470911	https://www.imdb.com/title/tt1470911/
tt1483549	https://www.imdb.com/title/tt1483549/
tt1524586	https://www.imdb.com/title/tt1524586/
tt1526882	https://www.imdb.com/title/tt1526882/
tt1566479	https://www.imdb.com/title/tt1566479/
tt1566579	https://www.imdb.com/title/tt1566579/
tt1584929	https://www.imdb.com/title/tt1584929/
tt1616538	https://www.imdb.com/title/tt1616538/
tt1692870	https://www.imdb.com/title/tt1692870/
tt17934992	https://www.imdb.com/title/tt17934992/
tt1813259	https://www.imdb.com/title/tt1813259/
tt1848793	https://www.imdb.com/title/tt1848793/
tt1848843	https://www.imdb.com/title/tt1848843/
tt1848921	https://www.imdb.com/title/tt1848921/
tt1848963	https://www.imdb.com/title/tt1848963/
tt1848968	https://www.imdb.com/title/tt1848968/
tt1848996	https://www.imdb.com/title/tt1848996/
tt1848999	https://www.imdb.com/title/tt1848999/
tt1849033	https://www.imdb.com/title/tt1849033/
tt1849851	https://www.imdb.com/title/tt1849851/
tt1850981	https://www.imdb.com/title/tt1850981/
tt1851010	https://www.imdb.com/title/tt1851010/
tt1851013	https://www.imdb.com/title/tt1851013/
tt1852087	https://www.imdb.com/title/tt1852087/
tt1852102	https://www.imdb.com/title/tt1852102/
tt1852103	https://www.imdb.com/title/tt1852103/
tt1852182	https://www.imdb.com/title/tt1852182/
tt18685306	https://www.imdb.com/title/tt18685306/
tt1930333	https://www.imdb.com/title/tt1930333/
tt1981698	https://www.imdb.com/title/tt1981698/
tt2016333	https://www.imdb.com/title/tt2016333/
tt20238896	https://www.imdb.com/title/tt20238896/
tt20413412	https://www.imdb.com/title/tt20413412/
tt20421944	https://www.imdb.com/title/tt20421944/
tt20509406	https://www.imdb.com/title/tt20509406/
tt20516190	https://www.imdb.com/title/tt20516190/
tt2056764	https://www.imdb.com/title/tt2056764/
tt2097908	https://www.imdb.com/title/tt2097908/
tt21270992	https://www.imdb.com/title/tt21270992/
tt21318608	https://www.imdb.com/title/tt21318608/
tt2150195	https://www.imdb.com/title/tt2150195/
tt21624536	https://www.imdb.com/title/tt21624536/
tt2166011	https://www.imdb.com/title/tt2166011/
tt2215028	https://www.imdb.com/title/tt2215028/
tt22890090	https://www.imdb.com/title/tt22890090/
tt23712926	https://www.imdb.com/title/tt23712926/
tt2374903	https://www.imdb.com/title/tt2374903/
tt24516944	https://www.imdb.com/title/tt24516944/
tt27237350	https://www.imdb.com/title/tt27237350/
tt27743898	https://www.imdb.com/title/tt27743898/
tt28770016	https://www.imdb.com/title/tt28770016/
tt2997226	https://www.imdb.com/title/tt2997226/
tt3028088	https://www.imdb.com/title/tt3028088/
tt30424707	https://www.imdb.com/title/tt30424707/
tt30490795	https://www.imdb.com/title/tt30490795/
tt3070934	https://www.imdb.com/title/tt3070934/
tt3071078	https://www.imdb.com/title/tt3071078/
tt3071114	https://www.imdb.com/title/tt3071114/
tt3071130	https://www.imdb.com/title/tt3071130/
tt3096318	https://www.imdb.com/title/tt3096318/
tt3096328	https://www.imdb.com/title/tt3096328/
tt3096330	https://www.imdb.com/title/tt3096330/
tt3096342	https://www.imdb.com/title/tt3096342/
tt3096584	https://www.imdb.com/title/tt3096584/
tt3107816	https://www.imdb.com/title/tt3107816/
tt3107826	https://www.imdb.com/title/tt3107826/
tt3107856	https://www.imdb.com/title/tt3107856/
tt31616489	https://www.imdb.com/title/tt31616489/
tt31830793	https://www.imdb.com/title/tt31830793/
tt3211650	https://www.imdb.com/title/tt3211650/
tt3211722	https://www.imdb.com/title/tt3211722/
tt3211724	https://www.imdb.com/title/tt3211724/
tt32810881	https://www.imdb.com/title/tt32810881/
tt33506561	https://www.imdb.com/title/tt33506561/
tt33716120	https://www.imdb.com/title/tt33716120/
tt34583536	https://www.imdb.com/title/tt34583536/
tt3476012	https://www.imdb.com/title/tt3476012/
tt3476056	https://www.imdb.com/title/tt3476056/
tt3477440	https://www.imdb.com/title/tt3477440/
tt3477578	https://www.imdb.com/title/tt3477578/
tt3477632	https://www.imdb.com/title/tt3477632/
tt3477688	https://www.imdb.com/title/tt3477688/
tt3477754	https://www.imdb.com/title/tt3477754/
tt3477790	https://www.imdb.com/title/tt3477790/
tt3477954	https://www.imdb.com/title/tt3477954/
tt3482504	https://www.imdb.com/title/tt3482504/
tt3482550	https://www.imdb.com/title/tt3482550/
tt3482570	https://www.imdb.com/title/tt3482570/
tt3482586	https://www.imdb.com/title/tt3482586/
tt3482786	https://www.imdb.com/title/tt3482786/
tt3485678	https://www.imdb.com/title/tt3485678/
tt3487318	https://www.imdb.com/title/tt3487318/
tt3487330	https://www.imdb.com/title/tt3487330/
tt3487340	https://www.imdb.com/title/tt3487340/
tt3487358	https://www.imdb.com/title/tt3487358/
tt3487844	https://www.imdb.com/title/tt3487844/
tt3489686	https://www.imdb.com/title/tt3489686/
tt3489756	https://www.imdb.com/title/tt3489756/
tt3489974	https://www.imdb.com/title/tt3489974/
tt3490002	https://www.imdb.com/title/tt3490002/
tt3490124	https://www.imdb.com/title/tt3490124/
tt3490492	https://www.imdb.com/title/tt3490492/
tt3508464	https://www.imdb.com/title/tt3508464/
tt3508478	https://www.imdb.com/title/tt3508478/
tt3508570	https://www.imdb.com/title/tt3508570/
tt3508606	https://www.imdb.com/title/tt3508606/
tt3508710	https://www.imdb.com/title/tt3508710/
tt3508934	https://www.imdb.com/title/tt3508934/
tt3509832	https://www.imdb.com/title/tt3509832/
tt3509900	https://www.imdb.com/title/tt3509900/
tt3509970	https://www.imdb.com/title/tt3509970/
tt3509986	https://www.imdb.com/title/tt3509986/
tt3510090	https://www.imdb.com/title/tt3510090/
tt3510118	https://www.imdb.com/title/tt3510118/
tt3510264	https://www.imdb.com/title/tt3510264/
tt3510362	https://www.imdb.com/title/tt3510362/
tt3511806	https://www.imdb.com/title/tt3511806/
tt3511826	https://www.imdb.com/title/tt3511826/
tt3511864	https://www.imdb.com/title/tt3511864/
tt3511880	https://www.imdb.com/title/tt3511880/
tt3512158	https://www.imdb.com/title/tt3512158/
tt3512446	https://www.imdb.com/title/tt3512446/
tt3514736	https://www.imdb.com/title/tt3514736/
tt3514800	https://www.imdb.com/title/tt3514800/
tt3514882	https://www.imdb.com/title/tt3514882/
tt3515178	https://www.imdb.com/title/tt3515178/
tt3517152	https://www.imdb.com/title/tt3517152/
tt3517182	https://www.imdb.com/title/tt3517182/
tt3517410	https://www.imdb.com/title/tt3517410/
tt3517544	https://www.imdb.com/title/tt3517544/
tt3517686	https://www.imdb.com/title/tt3517686/
tt3517704	https://www.imdb.com/title/tt3517704/
tt3519344	https://www.imdb.com/title/tt3519344/
tt3528782	https://www.imdb.com/title/tt3528782/
tt3550020	https://www.imdb.com/title/tt3550020/
tt3550478	https://www.imdb.com/title/tt3550478/
tt3550666	https://www.imdb.com/title/tt3550666/
tt3550746	https://www.imdb.com/title/tt3550746/
tt3550778	https://www.imdb.com/title/tt3550778/
tt3550804	https://www.imdb.com/title/tt3550804/
tt3552366	https://www.imdb.com/title/tt3552366/
tt3552412	https://www.imdb.com/title/tt3552412/
tt3552472	https://www.imdb.com/title/tt3552472/
tt3554444	https://www.imdb.com/title/tt3554444/
tt3554446	https://www.imdb.com/title/tt3554446/
tt3554464	https://www.imdb.com/title/tt3554464/
tt3554822	https://www.imdb.com/title/tt3554822/
tt3554840	https://www.imdb.com/title/tt3554840/
tt3554910	https://www.imdb.com/title/tt3554910/
tt3554928	https://www.imdb.com/title/tt3554928/
tt3554940	https://www.imdb.com/title/tt3554940/
tt3558246	https://www.imdb.com/title/tt3558246/
tt3558294	https://www.imdb.com/title/tt3558294/
tt3558300	https://www.imdb.com/title/tt3558300/
tt3558318	https://www.imdb.com/title/tt3558318/
tt3558470	https://www.imdb.com/title/tt3558470/
tt3558686	https://www.imdb.com/title/tt3558686/
tt3558818	https://www.imdb.com/title/tt3558818/
tt3558848	https://www.imdb.com/title/tt3558848/
tt3558886	https://www.imdb.com/title/tt3558886/
tt3560900	https://www.imdb.com/title/tt3560900/
tt3567530	https://www.imdb.com/title/tt3567530/
tt3575742	https://www.imdb.com/title/tt3575742/
tt3580348	https://www.imdb.com/title/tt3580348/
tt3816146	https://www.imdb.com/title/tt3816146/
tt3881610	https://www.imdb.com/title/tt3881610/
tt4365468	https://www.imdb.com/title/tt4365468/
tt4971710	https://www.imdb.com/title/tt4971710/
tt5050176	https://www.imdb.com/title/tt5050176/
tt5080094	https://www.imdb.com/title/tt5080094/
tt5124468	https://www.imdb.com/title/tt5124468/
tt5124482	https://www.imdb.com/title/tt5124482/
tt5168130	https://www.imdb.com/title/tt5168130/
tt5168144	https://www.imdb.com/title/tt5168144/
tt5168284	https://www.imdb.com/title/tt5168284/
tt5168298	https://www.imdb.com/title/tt5168298/
tt5272170	https://www.imdb.com/title/tt5272170/
tt5307234	https://www.imdb.com/title/tt5307234/
tt5348132	https://www.imdb.com/title/tt5348132/
tt5423462	https://www.imdb.com/title/tt5423462/
tt5423482	https://www.imdb.com/title/tt5423482/
tt5511792	https://www.imdb.com/title/tt5511792/
tt6061502	https://www.imdb.com/title/tt6061502/
tt6085282	https://www.imdb.com/title/tt6085282/
tt6109204	https://www.imdb.com/title/tt6109204/
tt6160530	https://www.imdb.com/title/tt6160530/
tt6264532	https://www.imdb.com/title/tt6264532/
tt6269916	https://www.imdb.com/title/tt6269916/
tt6321862	https://www.imdb.com/title/tt6321862/
tt6321906	https://www.imdb.com/title/tt6321906/
tt6323772	https://www.imdb.com/title/tt6323772/
tt6424172	https://www.imdb.com/title/tt6424172/
tt6571402	https://www.imdb.com/title/tt6571402/
tt6664194	https://www.imdb.com/title/tt6664194/
tt6954038	https://www.imdb.com/title/tt6954038/
tt7168340	https://www.imdb.com/title/tt7168340/
tt7475924	https://www.imdb.com/title/tt7475924/
tt7568968	https://www.imdb.com/title/tt7568968/
tt7569284	https://www.imdb.com/title/tt7569284/
tt7577752	https://www.imdb.com/title/tt7577752/
tt7614822	https://www.imdb.com/title/tt7614822/
tt7618176	https://www.imdb.com/title/tt7618176/
tt7618182	https://www.imdb.com/title/tt7618182/
tt7618198	https://www.imdb.com/title/tt7618198/
tt7618210	https://www.imdb.com/title/tt7618210/
tt7618264	https://www.imdb.com/title/tt7618264/
tt7620294	https://www.imdb.com/title/tt7620294/
tt7621624	https://www.imdb.com/title/tt7621624/
tt7621644	https://www.imdb.com/title/tt7621644/
tt7621686	https://www.imdb.com/title/tt7621686/
tt7621698	https://www.imdb.com/title/tt7621698/
tt7703980	https://www.imdb.com/title/tt7703980/
tt7705840	https://www.imdb.com/title/tt7705840/
tt7710490	https://www.imdb.com/title/tt7710490/
tt7710530	https://www.imdb.com/title/tt7710530/
tt7710710	https://www.imdb.com/title/tt7710710/
tt7710726	https://www.imdb.com/title/tt7710726/
tt7725532	https://www.imdb.com/title/tt7725532/
tt7785284	https://www.imdb.com/title/tt7785284/
tt7789150	https://www.imdb.com/title/tt7789150/
tt7797600	https://www.imdb.com/title/tt7797600/
tt7799506	https://www.imdb.com/title/tt7799506/
tt7799536	https://www.imdb.com/title/tt7799536/
tt7799550	https://www.imdb.com/title/tt7799550/
tt7799614	https://www.imdb.com/title/tt7799614/
tt7799642	https://www.imdb.com/title/tt7799642/
tt7800196	https://www.imdb.com/title/tt7800196/
tt7800232	https://www.imdb.com/title/tt7800232/
tt7800440	https://www.imdb.com/title/tt7800440/
tt7800490	https://www.imdb.com/title/tt7800490/
tt7801016	https://www.imdb.com/title/tt7801016/
tt7801344	https://www.imdb.com/title/tt7801344/
tt8137288	https://www.imdb.com/title/tt8137288/
tt8539838	https://www.imdb.com/title/tt8539838/
tt8676954	https://www.imdb.com/title/tt8676954/
tt8735938	https://www.imdb.com/title/tt8735938/
tt8743448	https://www.imdb.com/title/tt8743448/
tt8840818	https://www.imdb.com/title/tt8840818/
tt8841242	https://www.imdb.com/title/tt8841242/
tt8874850	https://www.imdb.com/title/tt8874850/
tt8897914	https://www.imdb.com/title/tt8897914/
tt8914544	https://www.imdb.com/title/tt8914544/
tt8959746	https://www.imdb.com/title/tt8959746/
tt9155994	https://www.imdb.com/title/tt9155994/
tt9200888	https://www.imdb.com/title/tt9200888/
tt9447362	https://www.imdb.com/title/tt9447362/
tt9447392	https://www.imdb.com/title/tt9447392/
tt9447410	https://www.imdb.com/title/tt9447410/
tt9839118	https://www.imdb.com/title/tt9839118/
tt9844452	https://www.imdb.com/title/tt9844452/
tt9844562	https://www.imdb.com/title/tt9844562/
tt9894486	https://www.imdb.com/title/tt9894486/
