tconst	imdb_url
tt0035756	https://www.imdb.com/title/tt0035756/
tt0036043	https://www.imdb.com/title/tt0036043/
tt0036589	https://www.imdb.com/title/tt0036589/
tt0037683	https://www.imdb.com/title/tt0037683/
tt0037696	https://www.imdb.com/title/tt0037696/
tt0037775	https://www.imdb.com/title/tt0037775/
tt0037877	https://www.imdb.com/title/tt0037877/
tt0037925	https://www.imdb.com/title/tt0037925/
tt0037934	https://www.imdb.com/title/tt0037934/
tt0037935	https://www.imdb.com/title/tt0037935/
tt0038251	https://www.imdb.com/title/tt0038251/
tt0038252	https://www.imdb.com/title/tt0038252/
tt0039113	https://www.imdb.com/title/tt0039113/
tt0039131	https://www.imdb.com/title/tt0039131/
tt0039276	https://www.imdb.com/title/tt0039276/
tt0039350	https://www.imdb.com/title/tt0039350/
tt0039604	https://www.imdb.com/title/tt0039604/
tt0039660	https://www.imdb.com/title/tt0039660/
tt0039663	https://www.imdb.com/title/tt0039663/
tt0039679	https://www.imdb.com/title/tt0039679/
tt0039822	https://www.imdb.com/title/tt0039822/
tt0039956	https://www.imdb.com/title/tt0039956/
tt0040065	https://www.imdb.com/title/tt0040065/
tt0040071	https://www.imdb.com/title/tt0040071/
tt0040088	https://www.imdb.com/title/tt0040088/
tt0040090	https://www.imdb.com/title/tt0040090/
tt0040108	https://www.imdb.com/title/tt0040108/
tt0040137	https://www.imdb.com/title/tt0040137/
tt0040145	https://www.imdb.com/title/tt0040145/
tt0040197	https://www.imdb.com/title/tt0040197/
tt0040212	https://www.imdb.com/title/tt0040212/
tt0040221	https://www.imdb.com/title/tt0040221/
tt0040222	https://www.imdb.com/title/tt0040222/
tt0040229	https://www.imdb.com/title/tt0040229/
tt0040235	https://www.imdb.com/title/tt0040235/
tt0040259	https://www.imdb.com/title/tt0040259/
tt0040265	https://www.imdb.com/title/tt0040265/
tt0040283	https://www.imdb.com/title/tt0040283/
tt0040295	https://www.imdb.com/title/tt0040295/
tt0040297	https://www.imdb.com/title/tt0040297/
tt0040304	https://www.imdb.com/title/tt0040304/
tt0040319	https://www.imdb.com/title/tt0040319/
tt0040340	https://www.imdb.com/title/tt0040340/
tt0040341	https://www.imdb.com/title/tt0040341/
tt0040348	https://www.imdb.com/title/tt0040348/
tt0040363	https://www.imdb.com/title/tt0040363/
tt0040365	https://www.imdb.com/title/tt0040365/
tt0040368	https://www.imdb.com/title/tt0040368/
tt0040377	https://www.imdb.com/title/tt0040377/
tt0040387	https://www.imdb.com/title/tt0040387/
tt0040406	https://www.imdb.com/title/tt0040406/
tt0040425	https://www.imdb.com/title/tt0040425/
tt0040445	https://www.imdb.com/title/tt0040445/
tt0040477	https://www.imdb.com/title/tt0040477/
tt0040482	https://www.imdb.com/title/tt0040482/
tt0040484	https://www.imdb.com/title/tt0040484/
tt0040487	https://www.imdb.com/title/tt0040487/
tt0040497	https://www.imdb.com/title/tt0040497/
tt0040533	https://www.imdb.com/title/tt0040533/
tt0040537	https://www.imdb.com/title/tt0040537/
tt0040538	https://www.imdb.com/title/tt0040538/
tt0040547	https://www.imdb.com/title/tt0040547/
tt0040562	https://www.imdb.com/title/tt0040562/
tt0040566	https://www.imdb.com/title/tt0040566/
tt0040585	https://www.imdb.com/title/tt0040585/
tt0040589	https://www.imdb.com/title/tt0040589/
tt0040605	https://www.imdb.com/title/tt0040605/
tt0040619	https://www.imdb.com/title/tt0040619/
tt0040629	https://www.imdb.com/title/tt0040629/
tt0040649	https://www.imdb.com/title/tt0040649/
tt0040666	https://www.imdb.com/title/tt0040666/
tt0040692	https://www.imdb.com/title/tt0040692/
tt0040703	https://www.imdb.com/title/tt0040703/
tt0040708	https://www.imdb.com/title/tt0040708/
tt0040711	https://www.imdb.com/title/tt0040711/
tt0040715	https://www.imdb.com/title/tt0040715/
tt0040737	https://www.imdb.com/title/tt0040737/
tt0040752	https://www.imdb.com/title/tt0040752/
tt0040755	https://www.imdb.com/title/tt0040755/
tt0040769	https://www.imdb.com/title/tt0040769/
tt0040770	https://www.imdb.com/title/tt0040770/
tt0040774	https://www.imdb.com/title/tt0040774/
tt0040783	https://www.imdb.com/title/tt0040783/
tt0040784	https://www.imdb.com/title/tt0040784/
tt0040786	https://www.imdb.com/title/tt0040786/
tt0040788	https://www.imdb.com/title/tt0040788/
tt0040794	https://www.imdb.com/title/tt0040794/
tt0040849	https://www.imdb.com/title/tt0040849/
tt0040874	https://www.imdb.com/title/tt0040874/
tt0040881	https://www.imdb.com/title/tt0040881/
tt0040901	https://www.imdb.com/title/tt0040901/
tt0040908	https://www.imdb.com/title/tt0040908/
tt0040917	https://www.imdb.com/title/tt0040917/
tt0040936	https://www.imdb.com/title/tt0040936/
tt0040939	https://www.imdb.com/title/tt0040939/
tt0040942	https://www.imdb.com/title/tt0040942/
tt0040944	https://www.imdb.com/title/tt0040944/
tt0040950	https://www.imdb.com/title/tt0040950/
tt0040973	https://www.imdb.com/title/tt0040973/
tt0040986	https://www.imdb.com/title/tt0040986/
tt0040989	https://www.imdb.com/title/tt0040989/
tt0041081	https://www.imdb.com/title/tt0041081/
tt0041083	https://www.imdb.com/title/tt0041083/
tt0041084	https://www.imdb.com/title/tt0041084/
tt0041085	https://www.imdb.com/title/tt0041085/
tt0041086	https://www.imdb.com/title/tt0041086/
tt0041087	https://www.imdb.com/title/tt0041087/
tt0041089	https://www.imdb.com/title/tt0041089/
tt0041090	https://www.imdb.com/title/tt0041090/
tt0041091	https://www.imdb.com/title/tt0041091/
tt0041093	https://www.imdb.com/title/tt0041093/
tt0041094	https://www.imdb.com/title/tt0041094/
tt0041095	https://www.imdb.com/title/tt0041095/
tt0041096	https://www.imdb.com/title/tt0041096/
tt0041098	https://www.imdb.com/title/tt0041098/
tt0041099	https://www.imdb.com/title/tt0041099/
tt0041100	https://www.imdb.com/title/tt0041100/
tt0041101	https://www.imdb.com/title/tt0041101/
tt0041102	https://www.imdb.com/title/tt0041102/
tt0041103	https://www.imdb.com/title/tt0041103/
tt0041104	https://www.imdb.com/title/tt0041104/
tt0041105	https://www.imdb.com/title/tt0041105/
tt0041107	https://www.imdb.com/title/tt0041107/
tt0041108	https://www.imdb.com/title/tt0041108/
tt0041109	https://www.imdb.com/title/tt0041109/
tt0041111	https://www.imdb.com/title/tt0041111/
tt0041113	https://www.imdb.com/title/tt0041113/
tt0041114	https://www.imdb.com/title/tt0041114/
tt0041115	https://www.imdb.com/title/tt0041115/
tt0041116	https://www.imdb.com/title/tt0041116/
tt0041118	https://www.imdb.com/title/tt0041118/
tt0041122	https://www.imdb.com/title/tt0041122/
tt0041123	https://www.imdb.com/title/tt0041123/
tt0041124	https://www.imdb.com/title/tt0041124/
tt0041125	https://www.imdb.com/title/tt0041125/
tt0041126	https://www.imdb.com/title/tt0041126/
tt0041127	https://www.imdb.com/title/tt0041127/
tt0041128	https://www.imdb.com/title/tt0041128/
tt0041132	https://www.imdb.com/title/tt0041132/
tt0041133	https://www.imdb.com/title/tt0041133/
tt0041137	https://www.imdb.com/title/tt0041137/
tt0041139	https://www.imdb.com/title/tt0041139/
tt0041140	https://www.imdb.com/title/tt0041140/
tt0041143	https://www.imdb.com/title/tt0041143/
tt0041144	https://www.imdb.com/title/tt0041144/
tt0041145	https://www.imdb.com/title/tt0041145/
tt0041147	https://www.imdb.com/title/tt0041147/
tt0041149	https://www.imdb.com/title/tt0041149/
tt0041150	https://www.imdb.com/title/tt0041150/
tt0041152	https://www.imdb.com/title/tt0041152/
tt0041153	https://www.imdb.com/title/tt0041153/
tt0041154	https://www.imdb.com/title/tt0041154/
tt0041155	https://www.imdb.com/title/tt0041155/
tt0041156	https://www.imdb.com/title/tt0041156/
tt0041158	https://www.imdb.com/title/tt0041158/
tt0041160	https://www.imdb.com/title/tt0041160/
tt0041161	https://www.imdb.com/title/tt0041161/
tt0041162	https://www.imdb.com/title/tt0041162/
tt0041163	https://www.imdb.com/title/tt0041163/
tt0041165	https://www.imdb.com/title/tt0041165/
tt0041168	https://www.imdb.com/title/tt0041168/
tt0041171	https://www.imdb.com/title/tt0041171/
tt0041172	https://www.imdb.com/title/tt0041172/
tt0041173	https://www.imdb.com/title/tt0041173/
tt0041174	https://www.imdb.com/title/tt0041174/
tt0041175	https://www.imdb.com/title/tt0041175/
tt0041176	https://www.imdb.com/title/tt0041176/
tt0041177	https://www.imdb.com/title/tt0041177/
tt0041178	https://www.imdb.com/title/tt0041178/
tt0041179	https://www.imdb.com/title/tt0041179/
tt0041182	https://www.imdb.com/title/tt0041182/
tt0041183	https://www.imdb.com/title/tt0041183/
tt0041184	https://www.imdb.com/title/tt0041184/
tt0041185	https://www.imdb.com/title/tt0041185/
tt0041186	https://www.imdb.com/title/tt0041186/
tt0041188	https://www.imdb.com/title/tt0041188/
tt0041189	https://www.imdb.com/title/tt0041189/
tt0041190	https://www.imdb.com/title/tt0041190/
tt0041191	https://www.imdb.com/title/tt0041191/
tt0041193	https://www.imdb.com/title/tt0041193/
tt0041194	https://www.imdb.com/title/tt0041194/
tt0041195	https://www.imdb.com/title/tt0041195/
tt0041196	https://www.imdb.com/title/tt0041196/
tt0041198	https://www.imdb.com/title/tt0041198/
tt0041199	https://www.imdb.com/title/tt0041199/
tt0041203	https://www.imdb.com/title/tt0041203/
tt0041204	https://www.imdb.com/title/tt0041204/
tt0041205	https://www.imdb.com/title/tt0041205/
tt0041206	https://www.imdb.com/title/tt0041206/
tt0041207	https://www.imdb.com/title/tt0041207/
tt0041208	https://www.imdb.com/title/tt0041208/
tt0041209	https://www.imdb.com/title/tt0041209/
tt0041210	https://www.imdb.com/title/tt0041210/
tt0041211	https://www.imdb.com/title/tt0041211/
tt0041212	https://www.imdb.com/title/tt0041212/
tt0041214	https://www.imdb.com/title/tt0041214/
tt0041215	https://www.imdb.com/title/tt0041215/
tt0041218	https://www.imdb.com/title/tt0041218/
tt0041219	https://www.imdb.com/title/tt0041219/
tt0041220	https://www.imdb.com/title/tt0041220/
tt0041221	https://www.imdb.com/title/tt0041221/
tt0041222	https://www.imdb.com/title/tt0041222/
tt0041223	https://www.imdb.com/title/tt0041223/
tt0041224	https://www.imdb.com/title/tt0041224/
tt0041228	https://www.imdb.com/title/tt0041228/
tt0041232	https://www.imdb.com/title/tt0041232/
tt0041235	https://www.imdb.com/title/tt0041235/
tt0041236	https://www.imdb.com/title/tt0041236/
tt0041237	https://www.imdb.com/title/tt0041237/
tt0041238	https://www.imdb.com/title/tt0041238/
tt0041239	https://www.imdb.com/title/tt0041239/
tt0041241	https://www.imdb.com/title/tt0041241/
tt0041243	https://www.imdb.com/title/tt0041243/
tt0041244	https://www.imdb.com/title/tt0041244/
tt0041245	https://www.imdb.com/title/tt0041245/
tt0041246	https://www.imdb.com/title/tt0041246/
tt0041247	https://www.imdb.com/title/tt0041247/
tt0041248	https://www.imdb.com/title/tt0041248/
tt0041251	https://www.imdb.com/title/tt0041251/
tt0041252	https://www.imdb.com/title/tt0041252/
tt0041253	https://www.imdb.com/title/tt0041253/
tt0041255	https://www.imdb.com/title/tt0041255/
tt0041256	https://www.imdb.com/title/tt0041256/
tt0041257	https://www.imdb.com/title/tt0041257/
tt0041258	https://www.imdb.com/title/tt0041258/
tt0041259	https://www.imdb.com/title/tt0041259/
tt0041260	https://www.imdb.com/title/tt0041260/
tt0041261	https://www.imdb.com/title/tt0041261/
tt0041263	https://www.imdb.com/title/tt0041263/
tt0041264	https://www.imdb.com/title/tt0041264/
tt0041265	https://www.imdb.com/title/tt0041265/
tt0041267	https://www.imdb.com/title/tt0041267/
tt0041268	https://www.imdb.com/title/tt0041268/
tt0041269	https://www.imdb.com/title/tt0041269/
tt0041273	https://www.imdb.com/title/tt0041273/
tt0041276	https://www.imdb.com/title/tt0041276/
tt0041277	https://www.imdb.com/title/tt0041277/
tt0041278	https://www.imdb.com/title/tt0041278/
tt0041279	https://www.imdb.com/title/tt0041279/
tt0041280	https://www.imdb.com/title/tt0041280/
tt0041281	https://www.imdb.com/title/tt0041281/
tt0041282	https://www.imdb.com/title/tt0041282/
tt0041283	https://www.imdb.com/title/tt0041283/
tt0041284	https://www.imdb.com/title/tt0041284/
tt0041285	https://www.imdb.com/title/tt0041285/
tt0041286	https://www.imdb.com/title/tt0041286/
tt0041287	https://www.imdb.com/title/tt0041287/
tt0041289	https://www.imdb.com/title/tt0041289/
tt0041290	https://www.imdb.com/title/tt0041290/
tt0041291	https://www.imdb.com/title/tt0041291/
tt0041292	https://www.imdb.com/title/tt0041292/
tt0041293	https://www.imdb.com/title/tt0041293/
tt0041294	https://www.imdb.com/title/tt0041294/
tt0041295	https://www.imdb.com/title/tt0041295/
tt0041296	https://www.imdb.com/title/tt0041296/
tt0041297	https://www.imdb.com/title/tt0041297/
tt0041300	https://www.imdb.com/title/tt0041300/
tt0041305	https://www.imdb.com/title/tt0041305/
tt0041308	https://www.imdb.com/title/tt0041308/
tt0041311	https://www.imdb.com/title/tt0041311/
tt0041312	https://www.imdb.com/title/tt0041312/
tt0041313	https://www.imdb.com/title/tt0041313/
tt0041314	https://www.imdb.com/title/tt0041314/
tt0041315	https://www.imdb.com/title/tt0041315/
tt0041316	https://www.imdb.com/title/tt0041316/
tt0041317	https://www.imdb.com/title/tt0041317/
tt0041319	https://www.imdb.com/title/tt0041319/
tt0041322	https://www.imdb.com/title/tt0041322/
tt0041324	https://www.imdb.com/title/tt0041324/
tt0041325	https://www.imdb.com/title/tt0041325/
tt0041327	https://www.imdb.com/title/tt0041327/
tt0041328	https://www.imdb.com/title/tt0041328/
tt0041329	https://www.imdb.com/title/tt0041329/
tt0041330	https://www.imdb.com/title/tt0041330/
tt0041332	https://www.imdb.com/title/tt0041332/
tt0041335	https://www.imdb.com/title/tt0041335/
tt0041339	https://www.imdb.com/title/tt0041339/
tt0041340	https://www.imdb.com/title/tt0041340/
tt0041341	https://www.imdb.com/title/tt0041341/
tt0041342	https://www.imdb.com/title/tt0041342/
tt0041344	https://www.imdb.com/title/tt0041344/
tt0041346	https://www.imdb.com/title/tt0041346/
tt0041348	https://www.imdb.com/title/tt0041348/
tt0041350	https://www.imdb.com/title/tt0041350/
tt0041352	https://www.imdb.com/title/tt0041352/
tt0041353	https://www.imdb.com/title/tt0041353/
tt0041355	https://www.imdb.com/title/tt0041355/
tt0041356	https://www.imdb.com/title/tt0041356/
tt0041360	https://www.imdb.com/title/tt0041360/
tt0041361	https://www.imdb.com/title/tt0041361/
tt0041362	https://www.imdb.com/title/tt0041362/
tt0041363	https://www.imdb.com/title/tt0041363/
tt0041365	https://www.imdb.com/title/tt0041365/
tt0041366	https://www.imdb.com/title/tt0041366/
tt0041368	https://www.imdb.com/title/tt0041368/
tt0041369	https://www.imdb.com/title/tt0041369/
tt0041371	https://www.imdb.com/title/tt0041371/
tt0041372	https://www.imdb.com/title/tt0041372/
tt0041373	https://www.imdb.com/title/tt0041373/
tt0041374	https://www.imdb.com/title/tt0041374/
tt0041375	https://www.imdb.com/title/tt0041375/
tt0041376	https://www.imdb.com/title/tt0041376/
tt0041378	https://www.imdb.com/title/tt0041378/
tt0041379	https://www.imdb.com/title/tt0041379/
tt0041381	https://www.imdb.com/title/tt0041381/
tt0041382	https://www.imdb.com/title/tt0041382/
tt0041383	https://www.imdb.com/title/tt0041383/
tt0041384	https://www.imdb.com/title/tt0041384/
tt0041386	https://www.imdb.com/title/tt0041386/
tt0041389	https://www.imdb.com/title/tt0041389/
tt0041390	https://www.imdb.com/title/tt0041390/
tt0041392	https://www.imdb.com/title/tt0041392/
tt0041394	https://www.imdb.com/title/tt0041394/
tt0041398	https://www.imdb.com/title/tt0041398/
tt0041399	https://www.imdb.com/title/tt0041399/
tt0041400	https://www.imdb.com/title/tt0041400/
tt0041402	https://www.imdb.com/title/tt0041402/
tt0041403	https://www.imdb.com/title/tt0041403/
tt0041405	https://www.imdb.com/title/tt0041405/
tt0041406	https://www.imdb.com/title/tt0041406/
tt0041407	https://www.imdb.com/title/tt0041407/
tt0041408	https://www.imdb.com/title/tt0041408/
tt0041411	https://www.imdb.com/title/tt0041411/
tt0041413	https://www.imdb.com/title/tt0041413/
tt0041414	https://www.imdb.com/title/tt0041414/
tt0041415	https://www.imdb.com/title/tt0041415/
tt0041416	https://www.imdb.com/title/tt0041416/
tt0041420	https://www.imdb.com/title/tt0041420/
tt0041423	https://www.imdb.com/title/tt0041423/
tt0041424	https://www.imdb.com/title/tt0041424/
tt0041426	https://www.imdb.com/title/tt0041426/
tt0041428	https://www.imdb.com/title/tt0041428/
tt0041429	https://www.imdb.com/title/tt0041429/
tt0041430	https://www.imdb.com/title/tt0041430/
tt0041431	https://www.imdb.com/title/tt0041431/
tt0041433	https://www.imdb.com/title/tt0041433/
tt0041435	https://www.imdb.com/title/tt0041435/
tt0041436	https://www.imdb.com/title/tt0041436/
tt0041438	https://www.imdb.com/title/tt0041438/
tt0041439	https://www.imdb.com/title/tt0041439/
tt0041440	https://www.imdb.com/title/tt0041440/
tt0041441	https://www.imdb.com/title/tt0041441/
tt0041442	https://www.imdb.com/title/tt0041442/
tt0041445	https://www.imdb.com/title/tt0041445/
tt0041447	https://www.imdb.com/title/tt0041447/
tt0041448	https://www.imdb.com/title/tt0041448/
tt0041449	https://www.imdb.com/title/tt0041449/
tt0041451	https://www.imdb.com/title/tt0041451/
tt0041452	https://www.imdb.com/title/tt0041452/
tt0041453	https://www.imdb.com/title/tt0041453/
tt0041455	https://www.imdb.com/title/tt0041455/
tt0041457	https://www.imdb.com/title/tt0041457/
tt0041458	https://www.imdb.com/title/tt0041458/
tt0041459	https://www.imdb.com/title/tt0041459/
tt0041460	https://www.imdb.com/title/tt0041460/
tt0041461	https://www.imdb.com/title/tt0041461/
tt0041464	https://www.imdb.com/title/tt0041464/
tt0041466	https://www.imdb.com/title/tt0041466/
tt0041468	https://www.imdb.com/title/tt0041468/
tt0041469	https://www.imdb.com/title/tt0041469/
tt0041472	https://www.imdb.com/title/tt0041472/
tt0041473	https://www.imdb.com/title/tt0041473/
tt0041475	https://www.imdb.com/title/tt0041475/
tt0041476	https://www.imdb.com/title/tt0041476/
tt0041478	https://www.imdb.com/title/tt0041478/
tt0041480	https://www.imdb.com/title/tt0041480/
tt0041481	https://www.imdb.com/title/tt0041481/
tt0041482	https://www.imdb.com/title/tt0041482/
tt0041483	https://www.imdb.com/title/tt0041483/
tt0041485	https://www.imdb.com/title/tt0041485/
tt0041486	https://www.imdb.com/title/tt0041486/
tt0041487	https://www.imdb.com/title/tt0041487/
tt0041489	https://www.imdb.com/title/tt0041489/
tt0041490	https://www.imdb.com/title/tt0041490/
tt0041491	https://www.imdb.com/title/tt0041491/
tt0041492	https://www.imdb.com/title/tt0041492/
tt0041493	https://www.imdb.com/title/tt0041493/
tt0041494	https://www.imdb.com/title/tt0041494/
tt0041495	https://www.imdb.com/title/tt0041495/
tt0041496	https://www.imdb.com/title/tt0041496/
tt0041497	https://www.imdb.com/title/tt0041497/
tt0041498	https://www.imdb.com/title/tt0041498/
tt0041499	https://www.imdb.com/title/tt0041499/
tt0041501	https://www.imdb.com/title/tt0041501/
tt0041502	https://www.imdb.com/title/tt0041502/
tt0041503	https://www.imdb.com/title/tt0041503/
tt0041504	https://www.imdb.com/title/tt0041504/
tt0041506	https://www.imdb.com/title/tt0041506/
tt0041507	https://www.imdb.com/title/tt0041507/
tt0041509	https://www.imdb.com/title/tt0041509/
tt0041511	https://www.imdb.com/title/tt0041511/
tt0041512	https://www.imdb.com/title/tt0041512/
tt0041513	https://www.imdb.com/title/tt0041513/
tt0041514	https://www.imdb.com/title/tt0041514/
tt0041515	https://www.imdb.com/title/tt0041515/
tt0041516	https://www.imdb.com/title/tt0041516/
tt0041517	https://www.imdb.com/title/tt0041517/
tt0041518	https://www.imdb.com/title/tt0041518/
tt0041519	https://www.imdb.com/title/tt0041519/
tt0041520	https://www.imdb.com/title/tt0041520/
tt0041523	https://www.imdb.com/title/tt0041523/
tt0041524	https://www.imdb.com/title/tt0041524/
tt0041525	https://www.imdb.com/title/tt0041525/
tt0041526	https://www.imdb.com/title/tt0041526/
tt0041527	https://www.imdb.com/title/tt0041527/
tt0041528	https://www.imdb.com/title/tt0041528/
tt0041529	https://www.imdb.com/title/tt0041529/
tt0041530	https://www.imdb.com/title/tt0041530/
tt0041532	https://www.imdb.com/title/tt0041532/
tt0041534	https://www.imdb.com/title/tt0041534/
tt0041536	https://www.imdb.com/title/tt0041536/
tt0041537	https://www.imdb.com/title/tt0041537/
tt0041539	https://www.imdb.com/title/tt0041539/
tt0041540	https://www.imdb.com/title/tt0041540/
tt0041541	https://www.imdb.com/title/tt0041541/
tt0041542	https://www.imdb.com/title/tt0041542/
tt0041543	https://www.imdb.com/title/tt0041543/
tt0041545	https://www.imdb.com/title/tt0041545/
tt0041546	https://www.imdb.com/title/tt0041546/
tt0041547	https://www.imdb.com/title/tt0041547/
tt0041548	https://www.imdb.com/title/tt0041548/
tt0041549	https://www.imdb.com/title/tt0041549/
tt0041550	https://www.imdb.com/title/tt0041550/
tt0041553	https://www.imdb.com/title/tt0041553/
tt0041555	https://www.imdb.com/title/tt0041555/
tt0041556	https://www.imdb.com/title/tt0041556/
tt0041557	https://www.imdb.com/title/tt0041557/
tt0041558	https://www.imdb.com/title/tt0041558/
tt0041559	https://www.imdb.com/title/tt0041559/
tt0041560	https://www.imdb.com/title/tt0041560/
tt0041561	https://www.imdb.com/title/tt0041561/
tt0041563	https://www.imdb.com/title/tt0041563/
tt0041564	https://www.imdb.com/title/tt0041564/
tt0041565	https://www.imdb.com/title/tt0041565/
tt0041568	https://www.imdb.com/title/tt0041568/
tt0041569	https://www.imdb.com/title/tt0041569/
tt0041570	https://www.imdb.com/title/tt0041570/
tt0041572	https://www.imdb.com/title/tt0041572/
tt0041573	https://www.imdb.com/title/tt0041573/
tt0041574	https://www.imdb.com/title/tt0041574/
tt0041575	https://www.imdb.com/title/tt0041575/
tt0041576	https://www.imdb.com/title/tt0041576/
tt0041577	https://www.imdb.com/title/tt0041577/
tt0041578	https://www.imdb.com/title/tt0041578/
tt0041579	https://www.imdb.com/title/tt0041579/
tt0041581	https://www.imdb.com/title/tt0041581/
tt0041582	https://www.imdb.com/title/tt0041582/
tt0041583	https://www.imdb.com/title/tt0041583/
tt0041584	https://www.imdb.com/title/tt0041584/
tt0041585	https://www.imdb.com/title/tt0041585/
tt0041586	https://www.imdb.com/title/tt0041586/
tt0041587	https://www.imdb.com/title/tt0041587/
tt0041589	https://www.imdb.com/title/tt0041589/
tt0041590	https://www.imdb.com/title/tt0041590/
tt0041594	https://www.imdb.com/title/tt0041594/
tt0041595	https://www.imdb.com/title/tt0041595/
tt0041597	https://www.imdb.com/title/tt0041597/
tt0041599	https://www.imdb.com/title/tt0041599/
tt0041600	https://www.imdb.com/title/tt0041600/
tt0041601	https://www.imdb.com/title/tt0041601/
tt0041602	https://www.imdb.com/title/tt0041602/
tt0041603	https://www.imdb.com/title/tt0041603/
tt0041604	https://www.imdb.com/title/tt0041604/
tt0041606	https://www.imdb.com/title/tt0041606/
tt0041607	https://www.imdb.com/title/tt0041607/
tt0041609	https://www.imdb.com/title/tt0041609/
tt0041610	https://www.imdb.com/title/tt0041610/
tt0041611	https://www.imdb.com/title/tt0041611/
tt0041612	https://www.imdb.com/title/tt0041612/
tt0041613	https://www.imdb.com/title/tt0041613/
tt0041615	https://www.imdb.com/title/tt0041615/
tt0041616	https://www.imdb.com/title/tt0041616/
tt0041617	https://www.imdb.com/title/tt0041617/
tt0041619	https://www.imdb.com/title/tt0041619/
tt0041620	https://www.imdb.com/title/tt0041620/
tt0041621	https://www.imdb.com/title/tt0041621/
tt0041622	https://www.imdb.com/title/tt0041622/
tt0041624	https://www.imdb.com/title/tt0041624/
tt0041626	https://www.imdb.com/title/tt0041626/
tt0041628	https://www.imdb.com/title/tt0041628/
tt0041629	https://www.imdb.com/title/tt0041629/
tt0041630	https://www.imdb.com/title/tt0041630/
tt0041631	https://www.imdb.com/title/tt0041631/
tt0041633	https://www.imdb.com/title/tt0041633/
tt0041634	https://www.imdb.com/title/tt0041634/
tt0041635	https://www.imdb.com/title/tt0041635/
tt0041637	https://www.imdb.com/title/tt0041637/
tt0041638	https://www.imdb.com/title/tt0041638/
tt0041641	https://www.imdb.com/title/tt0041641/
tt0041642	https://www.imdb.com/title/tt0041642/
tt0041643	https://www.imdb.com/title/tt0041643/
tt0041644	https://www.imdb.com/title/tt0041644/
tt0041646	https://www.imdb.com/title/tt0041646/
tt0041647	https://www.imdb.com/title/tt0041647/
tt0041648	https://www.imdb.com/title/tt0041648/
tt0041650	https://www.imdb.com/title/tt0041650/
tt0041651	https://www.imdb.com/title/tt0041651/
tt0041652	https://www.imdb.com/title/tt0041652/
tt0041653	https://www.imdb.com/title/tt0041653/
tt0041654	https://www.imdb.com/title/tt0041654/
tt0041656	https://www.imdb.com/title/tt0041656/
tt0041657	https://www.imdb.com/title/tt0041657/
tt0041658	https://www.imdb.com/title/tt0041658/
tt0041659	https://www.imdb.com/title/tt0041659/
tt0041662	https://www.imdb.com/title/tt0041662/
tt0041663	https://www.imdb.com/title/tt0041663/
tt0041664	https://www.imdb.com/title/tt0041664/
tt0041665	https://www.imdb.com/title/tt0041665/
tt0041667	https://www.imdb.com/title/tt0041667/
tt0041669	https://www.imdb.com/title/tt0041669/
tt0041670	https://www.imdb.com/title/tt0041670/
tt0041671	https://www.imdb.com/title/tt0041671/
tt0041672	https://www.imdb.com/title/tt0041672/
tt0041673	https://www.imdb.com/title/tt0041673/
tt0041675	https://www.imdb.com/title/tt0041675/
tt0041676	https://www.imdb.com/title/tt0041676/
tt0041677	https://www.imdb.com/title/tt0041677/
tt0041678	https://www.imdb.com/title/tt0041678/
tt0041679	https://www.imdb.com/title/tt0041679/
tt0041680	https://www.imdb.com/title/tt0041680/
tt0041681	https://www.imdb.com/title/tt0041681/
tt0041682	https://www.imdb.com/title/tt0041682/
tt0041684	https://www.imdb.com/title/tt0041684/
tt0041685	https://www.imdb.com/title/tt0041685/
tt0041687	https://www.imdb.com/title/tt0041687/
tt0041689	https://www.imdb.com/title/tt0041689/
tt0041690	https://www.imdb.com/title/tt0041690/
tt0041691	https://www.imdb.com/title/tt0041691/
tt0041692	https://www.imdb.com/title/tt0041692/
tt0041695	https://www.imdb.com/title/tt0041695/
tt0041697	https://www.imdb.com/title/tt0041697/
tt0041699	https://www.imdb.com/title/tt0041699/
tt0041700	https://www.imdb.com/title/tt0041700/
tt0041701	https://www.imdb.com/title/tt0041701/
tt0041704	https://www.imdb.com/title/tt0041704/
tt0041708	https://www.imdb.com/title/tt0041708/
tt0041710	https://www.imdb.com/title/tt0041710/
tt0041712	https://www.imdb.com/title/tt0041712/
tt0041713	https://www.imdb.com/title/tt0041713/
tt0041714	https://www.imdb.com/title/tt0041714/
tt0041715	https://www.imdb.com/title/tt0041715/
tt0041716	https://www.imdb.com/title/tt0041716/
tt0041718	https://www.imdb.com/title/tt0041718/
tt0041722	https://www.imdb.com/title/tt0041722/
tt0041723	https://www.imdb.com/title/tt0041723/
tt0041724	https://www.imdb.com/title/tt0041724/
tt0041725	https://www.imdb.com/title/tt0041725/
tt0041726	https://www.imdb.com/title/tt0041726/
tt0041729	https://www.imdb.com/title/tt0041729/
tt0041730	https://www.imdb.com/title/tt0041730/
tt0041731	https://www.imdb.com/title/tt0041731/
tt0041732	https://www.imdb.com/title/tt0041732/
tt0041735	https://www.imdb.com/title/tt0041735/
tt0041736	https://www.imdb.com/title/tt0041736/
tt0041737	https://www.imdb.com/title/tt0041737/
tt0041738	https://www.imdb.com/title/tt0041738/
tt0041739	https://www.imdb.com/title/tt0041739/
tt0041741	https://www.imdb.com/title/tt0041741/
tt0041743	https://www.imdb.com/title/tt0041743/
tt0041744	https://www.imdb.com/title/tt0041744/
tt0041745	https://www.imdb.com/title/tt0041745/
tt0041746	https://www.imdb.com/title/tt0041746/
tt0041747	https://www.imdb.com/title/tt0041747/
tt0041748	https://www.imdb.com/title/tt0041748/
tt0041749	https://www.imdb.com/title/tt0041749/
tt0041754	https://www.imdb.com/title/tt0041754/
tt0041756	https://www.imdb.com/title/tt0041756/
tt0041758	https://www.imdb.com/title/tt0041758/
tt0041761	https://www.imdb.com/title/tt0041761/
tt0041763	https://www.imdb.com/title/tt0041763/
tt0041765	https://www.imdb.com/title/tt0041765/
tt0041766	https://www.imdb.com/title/tt0041766/
tt0041767	https://www.imdb.com/title/tt0041767/
tt0041768	https://www.imdb.com/title/tt0041768/
tt0041769	https://www.imdb.com/title/tt0041769/
tt0041770	https://www.imdb.com/title/tt0041770/
tt0041776	https://www.imdb.com/title/tt0041776/
tt0041780	https://www.imdb.com/title/tt0041780/
tt0041781	https://www.imdb.com/title/tt0041781/
tt0041782	https://www.imdb.com/title/tt0041782/
tt0041783	https://www.imdb.com/title/tt0041783/
tt0041786	https://www.imdb.com/title/tt0041786/
tt0041787	https://www.imdb.com/title/tt0041787/
tt0041788	https://www.imdb.com/title/tt0041788/
tt0041789	https://www.imdb.com/title/tt0041789/
tt0041790	https://www.imdb.com/title/tt0041790/
tt0041791	https://www.imdb.com/title/tt0041791/
tt0041792	https://www.imdb.com/title/tt0041792/
tt0041794	https://www.imdb.com/title/tt0041794/
tt0041795	https://www.imdb.com/title/tt0041795/
tt0041796	https://www.imdb.com/title/tt0041796/
tt0041797	https://www.imdb.com/title/tt0041797/
tt0041798	https://www.imdb.com/title/tt0041798/
tt0041800	https://www.imdb.com/title/tt0041800/
tt0041801	https://www.imdb.com/title/tt0041801/
tt0041802	https://www.imdb.com/title/tt0041802/
tt0041805	https://www.imdb.com/title/tt0041805/
tt0041806	https://www.imdb.com/title/tt0041806/
tt0041807	https://www.imdb.com/title/tt0041807/
tt0041808	https://www.imdb.com/title/tt0041808/
tt0041809	https://www.imdb.com/title/tt0041809/
tt0041810	https://www.imdb.com/title/tt0041810/
tt0041811	https://www.imdb.com/title/tt0041811/
tt0041812	https://www.imdb.com/title/tt0041812/
tt0041815	https://www.imdb.com/title/tt0041815/
tt0041819	https://www.imdb.com/title/tt0041819/
tt0041820	https://www.imdb.com/title/tt0041820/
tt0041821	https://www.imdb.com/title/tt0041821/
tt0041822	https://www.imdb.com/title/tt0041822/
tt0041823	https://www.imdb.com/title/tt0041823/
tt0041824	https://www.imdb.com/title/tt0041824/
tt0041826	https://www.imdb.com/title/tt0041826/
tt0041827	https://www.imdb.com/title/tt0041827/
tt0041829	https://www.imdb.com/title/tt0041829/
tt0041831	https://www.imdb.com/title/tt0041831/
tt0041832	https://www.imdb.com/title/tt0041832/
tt0041833	https://www.imdb.com/title/tt0041833/
tt0041834	https://www.imdb.com/title/tt0041834/
tt0041836	https://www.imdb.com/title/tt0041836/
tt0041837	https://www.imdb.com/title/tt0041837/
tt0041838	https://www.imdb.com/title/tt0041838/
tt0041839	https://www.imdb.com/title/tt0041839/
tt0041840	https://www.imdb.com/title/tt0041840/
tt0041841	https://www.imdb.com/title/tt0041841/
tt0041844	https://www.imdb.com/title/tt0041844/
tt0041845	https://www.imdb.com/title/tt0041845/
tt0041846	https://www.imdb.com/title/tt0041846/
tt0041847	https://www.imdb.com/title/tt0041847/
tt0041848	https://www.imdb.com/title/tt0041848/
tt0041851	https://www.imdb.com/title/tt0041851/
tt0041852	https://www.imdb.com/title/tt0041852/
tt0041854	https://www.imdb.com/title/tt0041854/
tt0041855	https://www.imdb.com/title/tt0041855/
tt0041856	https://www.imdb.com/title/tt0041856/
tt0041857	https://www.imdb.com/title/tt0041857/
tt0041859	https://www.imdb.com/title/tt0041859/
tt0041861	https://www.imdb.com/title/tt0041861/
tt0041862	https://www.imdb.com/title/tt0041862/
tt0041863	https://www.imdb.com/title/tt0041863/
tt0041864	https://www.imdb.com/title/tt0041864/
tt0041865	https://www.imdb.com/title/tt0041865/
tt0041866	https://www.imdb.com/title/tt0041866/
tt0041869	https://www.imdb.com/title/tt0041869/
tt0041870	https://www.imdb.com/title/tt0041870/
tt0041871	https://www.imdb.com/title/tt0041871/
tt0041872	https://www.imdb.com/title/tt0041872/
tt0041873	https://www.imdb.com/title/tt0041873/
tt0041874	https://www.imdb.com/title/tt0041874/
tt0041877	https://www.imdb.com/title/tt0041877/
tt0041878	https://www.imdb.com/title/tt0041878/
tt0041879	https://www.imdb.com/title/tt0041879/
tt0041880	https://www.imdb.com/title/tt0041880/
tt0041881	https://www.imdb.com/title/tt0041881/
tt0041882	https://www.imdb.com/title/tt0041882/
tt0041883	https://www.imdb.com/title/tt0041883/
tt0041885	https://www.imdb.com/title/tt0041885/
tt0041886	https://www.imdb.com/title/tt0041886/
tt0041887	https://www.imdb.com/title/tt0041887/
tt0041894	https://www.imdb.com/title/tt0041894/
tt0041895	https://www.imdb.com/title/tt0041895/
tt0041896	https://www.imdb.com/title/tt0041896/
tt0041897	https://www.imdb.com/title/tt0041897/
tt0041898	https://www.imdb.com/title/tt0041898/
tt0041899	https://www.imdb.com/title/tt0041899/
tt0041900	https://www.imdb.com/title/tt0041900/
tt0041901	https://www.imdb.com/title/tt0041901/
tt0041902	https://www.imdb.com/title/tt0041902/
tt0041903	https://www.imdb.com/title/tt0041903/
tt0041905	https://www.imdb.com/title/tt0041905/
tt0041906	https://www.imdb.com/title/tt0041906/
tt0041907	https://www.imdb.com/title/tt0041907/
tt0041908	https://www.imdb.com/title/tt0041908/
tt0041910	https://www.imdb.com/title/tt0041910/
tt0041911	https://www.imdb.com/title/tt0041911/
tt0041913	https://www.imdb.com/title/tt0041913/
tt0041914	https://www.imdb.com/title/tt0041914/
tt0041915	https://www.imdb.com/title/tt0041915/
tt0041916	https://www.imdb.com/title/tt0041916/
tt0041917	https://www.imdb.com/title/tt0041917/
tt0041918	https://www.imdb.com/title/tt0041918/
tt0041919	https://www.imdb.com/title/tt0041919/
tt0041920	https://www.imdb.com/title/tt0041920/
tt0041922	https://www.imdb.com/title/tt0041922/
tt0041923	https://www.imdb.com/title/tt0041923/
tt0041926	https://www.imdb.com/title/tt0041926/
tt0041928	https://www.imdb.com/title/tt0041928/
tt0041929	https://www.imdb.com/title/tt0041929/
tt0041930	https://www.imdb.com/title/tt0041930/
tt0041932	https://www.imdb.com/title/tt0041932/
tt0041933	https://www.imdb.com/title/tt0041933/
tt0041935	https://www.imdb.com/title/tt0041935/
tt0041936	https://www.imdb.com/title/tt0041936/
tt0041937	https://www.imdb.com/title/tt0041937/
tt0041939	https://www.imdb.com/title/tt0041939/
tt0041940	https://www.imdb.com/title/tt0041940/
tt0041943	https://www.imdb.com/title/tt0041943/
tt0041944	https://www.imdb.com/title/tt0041944/
tt0041945	https://www.imdb.com/title/tt0041945/
tt0041946	https://www.imdb.com/title/tt0041946/
tt0041947	https://www.imdb.com/title/tt0041947/
tt0041948	https://www.imdb.com/title/tt0041948/
tt0041949	https://www.imdb.com/title/tt0041949/
tt0041954	https://www.imdb.com/title/tt0041954/
tt0041955	https://www.imdb.com/title/tt0041955/
tt0041956	https://www.imdb.com/title/tt0041956/
tt0041957	https://www.imdb.com/title/tt0041957/
tt0041958	https://www.imdb.com/title/tt0041958/
tt0041959	https://www.imdb.com/title/tt0041959/
tt0041960	https://www.imdb.com/title/tt0041960/
tt0041963	https://www.imdb.com/title/tt0041963/
tt0041964	https://www.imdb.com/title/tt0041964/
tt0041965	https://www.imdb.com/title/tt0041965/
tt0041967	https://www.imdb.com/title/tt0041967/
tt0041968	https://www.imdb.com/title/tt0041968/
tt0041969	https://www.imdb.com/title/tt0041969/
tt0041973	https://www.imdb.com/title/tt0041973/
tt0041974	https://www.imdb.com/title/tt0041974/
tt0041975	https://www.imdb.com/title/tt0041975/
tt0041976	https://www.imdb.com/title/tt0041976/
tt0041977	https://www.imdb.com/title/tt0041977/
tt0041980	https://www.imdb.com/title/tt0041980/
tt0041981	https://www.imdb.com/title/tt0041981/
tt0041982	https://www.imdb.com/title/tt0041982/
tt0041983	https://www.imdb.com/title/tt0041983/
tt0041984	https://www.imdb.com/title/tt0041984/
tt0041986	https://www.imdb.com/title/tt0041986/
tt0041988	https://www.imdb.com/title/tt0041988/
tt0041989	https://www.imdb.com/title/tt0041989/
tt0041991	https://www.imdb.com/title/tt0041991/
tt0041992	https://www.imdb.com/title/tt0041992/
tt0041994	https://www.imdb.com/title/tt0041994/
tt0041995	https://www.imdb.com/title/tt0041995/
tt0041996	https://www.imdb.com/title/tt0041996/
tt0041998	https://www.imdb.com/title/tt0041998/
tt0042000	https://www.imdb.com/title/tt0042000/
tt0042002	https://www.imdb.com/title/tt0042002/
tt0042004	https://www.imdb.com/title/tt0042004/
tt0042006	https://www.imdb.com/title/tt0042006/
tt0042007	https://www.imdb.com/title/tt0042007/
tt0042008	https://www.imdb.com/title/tt0042008/
tt0042011	https://www.imdb.com/title/tt0042011/
tt0042016	https://www.imdb.com/title/tt0042016/
tt0042017	https://www.imdb.com/title/tt0042017/
tt0042018	https://www.imdb.com/title/tt0042018/
tt0042019	https://www.imdb.com/title/tt0042019/
tt0042020	https://www.imdb.com/title/tt0042020/
tt0042021	https://www.imdb.com/title/tt0042021/
tt0042023	https://www.imdb.com/title/tt0042023/
tt0042024	https://www.imdb.com/title/tt0042024/
tt0042025	https://www.imdb.com/title/tt0042025/
tt0042028	https://www.imdb.com/title/tt0042028/
tt0042029	https://www.imdb.com/title/tt0042029/
tt0042031	https://www.imdb.com/title/tt0042031/
tt0042033	https://www.imdb.com/title/tt0042033/
tt0042035	https://www.imdb.com/title/tt0042035/
tt0042036	https://www.imdb.com/title/tt0042036/
tt0042037	https://www.imdb.com/title/tt0042037/
tt0042040	https://www.imdb.com/title/tt0042040/
tt0042041	https://www.imdb.com/title/tt0042041/
tt0042043	https://www.imdb.com/title/tt0042043/
tt0042046	https://www.imdb.com/title/tt0042046/
tt0042049	https://www.imdb.com/title/tt0042049/
tt0042050	https://www.imdb.com/title/tt0042050/
tt0042053	https://www.imdb.com/title/tt0042053/
tt0042054	https://www.imdb.com/title/tt0042054/
tt0042055	https://www.imdb.com/title/tt0042055/
tt0042056	https://www.imdb.com/title/tt0042056/
tt0042057	https://www.imdb.com/title/tt0042057/
tt0042059	https://www.imdb.com/title/tt0042059/
tt0042060	https://www.imdb.com/title/tt0042060/
tt0042061	https://www.imdb.com/title/tt0042061/
tt0042062	https://www.imdb.com/title/tt0042062/
tt0042063	https://www.imdb.com/title/tt0042063/
tt0042064	https://www.imdb.com/title/tt0042064/
tt0042065	https://www.imdb.com/title/tt0042065/
tt0042067	https://www.imdb.com/title/tt0042067/
tt0042189	https://www.imdb.com/title/tt0042189/
tt0042245	https://www.imdb.com/title/tt0042245/
tt0042261	https://www.imdb.com/title/tt0042261/
tt0042303	https://www.imdb.com/title/tt0042303/
tt0042310	https://www.imdb.com/title/tt0042310/
tt0042363	https://www.imdb.com/title/tt0042363/
tt0042369	https://www.imdb.com/title/tt0042369/
tt0042405	https://www.imdb.com/title/tt0042405/
tt0042422	https://www.imdb.com/title/tt0042422/
tt0042432	https://www.imdb.com/title/tt0042432/
tt0042502	https://www.imdb.com/title/tt0042502/
tt0042540	https://www.imdb.com/title/tt0042540/
tt0042611	https://www.imdb.com/title/tt0042611/
tt0042653	https://www.imdb.com/title/tt0042653/
tt0042671	https://www.imdb.com/title/tt0042671/
tt0042715	https://www.imdb.com/title/tt0042715/
tt0042724	https://www.imdb.com/title/tt0042724/
tt0042740	https://www.imdb.com/title/tt0042740/
tt0042861	https://www.imdb.com/title/tt0042861/
tt0042873	https://www.imdb.com/title/tt0042873/
tt0042898	https://www.imdb.com/title/tt0042898/
tt0042903	https://www.imdb.com/title/tt0042903/
tt0042904	https://www.imdb.com/title/tt0042904/
tt0042960	https://www.imdb.com/title/tt0042960/
tt0043096	https://www.imdb.com/title/tt0043096/
tt0043410	https://www.imdb.com/title/tt0043410/
tt0043466	https://www.imdb.com/title/tt0043466/
tt0043936	https://www.imdb.com/title/tt0043936/
tt0044032	https://www.imdb.com/title/tt0044032/
tt0045299	https://www.imdb.com/title/tt0045299/
tt0045803	https://www.imdb.com/title/tt0045803/
tt0050410	https://www.imdb.com/title/tt0050410/
tt0053410	https://www.imdb.com/title/tt0053410/
tt0115022	https://www.imdb.com/title/tt0115022/
tt0121256	https://www.imdb.com/title/tt0121256/
tt0121543	https://www.imdb.com/title/tt0121543/
tt0121570	https://www.imdb.com/title/tt0121570/
tt0121613	https://www.imdb.com/title/tt0121613/
tt0121631	https://www.imdb.com/title/tt0121631/
tt0121641	https://www.imdb.com/title/tt0121641/
tt0121821	https://www.imdb.com/title/tt0121821/
tt0122268	https://www.imdb.com/title/tt0122268/
tt0122271	https://www.imdb.com/title/tt0122271/
tt0122288	https://www.imdb.com/title/tt0122288/
tt0122292	https://www.imdb.com/title/tt0122292/
tt0122491	https://www.imdb.com/title/tt0122491/
tt0123290	https://www.imdb.com/title/tt0123290/
tt0123421	https://www.imdb.com/title/tt0123421/
tt0123958	https://www.imdb.com/title/tt0123958/
tt0124767	https://www.imdb.com/title/tt0124767/
tt0125204	https://www.imdb.com/title/tt0125204/
tt0125581	https://www.imdb.com/title/tt0125581/
tt0125722	https://www.imdb.com/title/tt0125722/
tt0125774	https://www.imdb.com/title/tt0125774/
tt0126223	https://www.imdb.com/title/tt0126223/
tt0126426	https://www.imdb.com/title/tt0126426/
tt0126809	https://www.imdb.com/title/tt0126809/
tt0127329	https://www.imdb.com/title/tt0127329/
tt0129431	https://www.imdb.com/title/tt0129431/
tt0130153	https://www.imdb.com/title/tt0130153/
tt0130281	https://www.imdb.com/title/tt0130281/
tt0130312	https://www.imdb.com/title/tt0130312/
tt0130531	https://www.imdb.com/title/tt0130531/
tt0130643	https://www.imdb.com/title/tt0130643/
tt0132096	https://www.imdb.com/title/tt0132096/
tt0132196	https://www.imdb.com/title/tt0132196/
tt0132483	https://www.imdb.com/title/tt0132483/
tt0133041	https://www.imdb.com/title/tt0133041/
tt0133185	https://www.imdb.com/title/tt0133185/
tt0133186	https://www.imdb.com/title/tt0133186/
tt0133223	https://www.imdb.com/title/tt0133223/
tt0133731	https://www.imdb.com/title/tt0133731/
tt0133889	https://www.imdb.com/title/tt0133889/
tt0133900	https://www.imdb.com/title/tt0133900/
tt0134092	https://www.imdb.com/title/tt0134092/
tt0135425	https://www.imdb.com/title/tt0135425/
tt0135590	https://www.imdb.com/title/tt0135590/
tt0135844	https://www.imdb.com/title/tt0135844/
tt0136099	https://www.imdb.com/title/tt0136099/
tt0136472	https://www.imdb.com/title/tt0136472/
tt0137004	https://www.imdb.com/title/tt0137004/
tt0137030	https://www.imdb.com/title/tt0137030/
tt0137043	https://www.imdb.com/title/tt0137043/
tt0137599	https://www.imdb.com/title/tt0137599/
tt0137889	https://www.imdb.com/title/tt0137889/
tt0138405	https://www.imdb.com/title/tt0138405/
tt0138682	https://www.imdb.com/title/tt0138682/
tt0139269	https://www.imdb.com/title/tt0139269/
tt0139705	https://www.imdb.com/title/tt0139705/
tt0139854	https://www.imdb.com/title/tt0139854/
tt0140044	https://www.imdb.com/title/tt0140044/
tt0140092	https://www.imdb.com/title/tt0140092/
tt0140096	https://www.imdb.com/title/tt0140096/
tt0140433	https://www.imdb.com/title/tt0140433/
tt0140535	https://www.imdb.com/title/tt0140535/
tt0140718	https://www.imdb.com/title/tt0140718/
tt0140813	https://www.imdb.com/title/tt0140813/
tt0140937	https://www.imdb.com/title/tt0140937/
tt0141320	https://www.imdb.com/title/tt0141320/
tt0141437	https://www.imdb.com/title/tt0141437/
tt0141610	https://www.imdb.com/title/tt0141610/
tt0141651	https://www.imdb.com/title/tt0141651/
tt0141826	https://www.imdb.com/title/tt0141826/
tt0141828	https://www.imdb.com/title/tt0141828/
tt0142401	https://www.imdb.com/title/tt0142401/
tt0142968	https://www.imdb.com/title/tt0142968/
tt0143023	https://www.imdb.com/title/tt0143023/
tt0143110	https://www.imdb.com/title/tt0143110/
tt0143188	https://www.imdb.com/title/tt0143188/
tt0143235	https://www.imdb.com/title/tt0143235/
tt0143247	https://www.imdb.com/title/tt0143247/
tt0143872	https://www.imdb.com/title/tt0143872/
tt0143981	https://www.imdb.com/title/tt0143981/
tt0144971	https://www.imdb.com/title/tt0144971/
tt0146572	https://www.imdb.com/title/tt0146572/
tt0146673	https://www.imdb.com/title/tt0146673/
tt0146827	https://www.imdb.com/title/tt0146827/
tt0147100	https://www.imdb.com/title/tt0147100/
tt0151282	https://www.imdb.com/title/tt0151282/
tt0151687	https://www.imdb.com/title/tt0151687/
tt0152111	https://www.imdb.com/title/tt0152111/
tt0152184	https://www.imdb.com/title/tt0152184/
tt0152283	https://www.imdb.com/title/tt0152283/
tt0154175	https://www.imdb.com/title/tt0154175/
tt0154209	https://www.imdb.com/title/tt0154209/
tt0154210	https://www.imdb.com/title/tt0154210/
tt0154253	https://www.imdb.com/title/tt0154253/
tt0154370	https://www.imdb.com/title/tt0154370/
tt0154405	https://www.imdb.com/title/tt0154405/
tt0154449	https://www.imdb.com/title/tt0154449/
tt0154819	https://www.imdb.com/title/tt0154819/
tt0154859	https://www.imdb.com/title/tt0154859/
tt0155115	https://www.imdb.com/title/tt0155115/
tt0155517	https://www.imdb.com/title/tt0155517/
tt0155548	https://www.imdb.com/title/tt0155548/
tt0155656	https://www.imdb.com/title/tt0155656/
tt0155762	https://www.imdb.com/title/tt0155762/
tt0155778	https://www.imdb.com/title/tt0155778/
tt0155780	https://www.imdb.com/title/tt0155780/
tt0156334	https://www.imdb.com/title/tt0156334/
tt0156540	https://www.imdb.com/title/tt0156540/
tt0156564	https://www.imdb.com/title/tt0156564/
tt0156634	https://www.imdb.com/title/tt0156634/
tt0156695	https://www.imdb.com/title/tt0156695/
tt0156728	https://www.imdb.com/title/tt0156728/
tt0156870	https://www.imdb.com/title/tt0156870/
tt0157033	https://www.imdb.com/title/tt0157033/
tt0157112	https://www.imdb.com/title/tt0157112/
tt0157144	https://www.imdb.com/title/tt0157144/
tt0157186	https://www.imdb.com/title/tt0157186/
tt0157702	https://www.imdb.com/title/tt0157702/
tt0158257	https://www.imdb.com/title/tt0158257/
tt0158321	https://www.imdb.com/title/tt0158321/
tt0158495	https://www.imdb.com/title/tt0158495/
tt0158500	https://www.imdb.com/title/tt0158500/
tt0158702	https://www.imdb.com/title/tt0158702/
tt0158735	https://www.imdb.com/title/tt0158735/
tt0161777	https://www.imdb.com/title/tt0161777/
tt0163184	https://www.imdb.com/title/tt0163184/
tt0163401	https://www.imdb.com/title/tt0163401/
tt0163891	https://www.imdb.com/title/tt0163891/
tt0165077	https://www.imdb.com/title/tt0165077/
tt0165440	https://www.imdb.com/title/tt0165440/
tt0167898	https://www.imdb.com/title/tt0167898/
tt0168626	https://www.imdb.com/title/tt0168626/
tt0168966	https://www.imdb.com/title/tt0168966/
tt0168996	https://www.imdb.com/title/tt0168996/
tt0169095	https://www.imdb.com/title/tt0169095/
tt0169124	https://www.imdb.com/title/tt0169124/
tt0169836	https://www.imdb.com/title/tt0169836/
tt0169896	https://www.imdb.com/title/tt0169896/
tt0170173	https://www.imdb.com/title/tt0170173/
tt0170411	https://www.imdb.com/title/tt0170411/
tt0170755	https://www.imdb.com/title/tt0170755/
tt0170858	https://www.imdb.com/title/tt0170858/
tt0171123	https://www.imdb.com/title/tt0171123/
tt0171134	https://www.imdb.com/title/tt0171134/
tt0171182	https://www.imdb.com/title/tt0171182/
tt0171254	https://www.imdb.com/title/tt0171254/
tt0171507	https://www.imdb.com/title/tt0171507/
tt0171605	https://www.imdb.com/title/tt0171605/
tt0172186	https://www.imdb.com/title/tt0172186/
tt0172580	https://www.imdb.com/title/tt0172580/
tt0172675	https://www.imdb.com/title/tt0172675/
tt0172804	https://www.imdb.com/title/tt0172804/
tt0173482	https://www.imdb.com/title/tt0173482/
tt0173938	https://www.imdb.com/title/tt0173938/
tt0174135	https://www.imdb.com/title/tt0174135/
tt0174172	https://www.imdb.com/title/tt0174172/
tt0174737	https://www.imdb.com/title/tt0174737/
tt0174914	https://www.imdb.com/title/tt0174914/
tt0175192	https://www.imdb.com/title/tt0175192/
tt0175310	https://www.imdb.com/title/tt0175310/
tt0175514	https://www.imdb.com/title/tt0175514/
tt0175598	https://www.imdb.com/title/tt0175598/
tt0175871	https://www.imdb.com/title/tt0175871/
tt0175900	https://www.imdb.com/title/tt0175900/
tt0175905	https://www.imdb.com/title/tt0175905/
tt0175941	https://www.imdb.com/title/tt0175941/
tt0175953	https://www.imdb.com/title/tt0175953/
tt0176068	https://www.imdb.com/title/tt0176068/
tt0176078	https://www.imdb.com/title/tt0176078/
tt0176123	https://www.imdb.com/title/tt0176123/
tt0176149	https://www.imdb.com/title/tt0176149/
tt0176321	https://www.imdb.com/title/tt0176321/
tt0176334	https://www.imdb.com/title/tt0176334/
tt0176643	https://www.imdb.com/title/tt0176643/
tt0176665	https://www.imdb.com/title/tt0176665/
tt0176808	https://www.imdb.com/title/tt0176808/
tt0176976	https://www.imdb.com/title/tt0176976/
tt0177287	https://www.imdb.com/title/tt0177287/
tt0177928	https://www.imdb.com/title/tt0177928/
tt0178228	https://www.imdb.com/title/tt0178228/
tt0178352	https://www.imdb.com/title/tt0178352/
tt0178374	https://www.imdb.com/title/tt0178374/
tt0178383	https://www.imdb.com/title/tt0178383/
tt0178647	https://www.imdb.com/title/tt0178647/
tt0178661	https://www.imdb.com/title/tt0178661/
tt0178775	https://www.imdb.com/title/tt0178775/
tt0178793	https://www.imdb.com/title/tt0178793/
tt0178833	https://www.imdb.com/title/tt0178833/
tt0178896	https://www.imdb.com/title/tt0178896/
tt0179666	https://www.imdb.com/title/tt0179666/
tt0179764	https://www.imdb.com/title/tt0179764/
tt0179779	https://www.imdb.com/title/tt0179779/
tt0179800	https://www.imdb.com/title/tt0179800/
tt0179809	https://www.imdb.com/title/tt0179809/
tt0179874	https://www.imdb.com/title/tt0179874/
tt0180089	https://www.imdb.com/title/tt0180089/
tt0180098	https://www.imdb.com/title/tt0180098/
tt0180105	https://www.imdb.com/title/tt0180105/
tt0180682	https://www.imdb.com/title/tt0180682/
tt0180940	https://www.imdb.com/title/tt0180940/
tt0181300	https://www.imdb.com/title/tt0181300/
tt0181337	https://www.imdb.com/title/tt0181337/
tt0181968	https://www.imdb.com/title/tt0181968/
tt0182275	https://www.imdb.com/title/tt0182275/
tt0182481	https://www.imdb.com/title/tt0182481/
tt0182865	https://www.imdb.com/title/tt0182865/
tt0183351	https://www.imdb.com/title/tt0183351/
tt0183727	https://www.imdb.com/title/tt0183727/
tt0184512	https://www.imdb.com/title/tt0184512/
tt0184689	https://www.imdb.com/title/tt0184689/
tt0184922	https://www.imdb.com/title/tt0184922/
tt0184960	https://www.imdb.com/title/tt0184960/
tt0185041	https://www.imdb.com/title/tt0185041/
tt0185571	https://www.imdb.com/title/tt0185571/
tt0185587	https://www.imdb.com/title/tt0185587/
tt0185883	https://www.imdb.com/title/tt0185883/
tt0186094	https://www.imdb.com/title/tt0186094/
tt0186138	https://www.imdb.com/title/tt0186138/
tt0186210	https://www.imdb.com/title/tt0186210/
tt0186946	https://www.imdb.com/title/tt0186946/
tt0186966	https://www.imdb.com/title/tt0186966/
tt0187546	https://www.imdb.com/title/tt0187546/
tt0187770	https://www.imdb.com/title/tt0187770/
tt0187877	https://www.imdb.com/title/tt0187877/
tt0187974	https://www.imdb.com/title/tt0187974/
tt0188869	https://www.imdb.com/title/tt0188869/
tt0189178	https://www.imdb.com/title/tt0189178/
tt0191100	https://www.imdb.com/title/tt0191100/
tt0191267	https://www.imdb.com/title/tt0191267/
tt0191891	https://www.imdb.com/title/tt0191891/
tt0191931	https://www.imdb.com/title/tt0191931/
tt0191967	https://www.imdb.com/title/tt0191967/
tt0192103	https://www.imdb.com/title/tt0192103/
tt0192186	https://www.imdb.com/title/tt0192186/
tt0192282	https://www.imdb.com/title/tt0192282/
tt0192405	https://www.imdb.com/title/tt0192405/
tt0192606	https://www.imdb.com/title/tt0192606/
tt0192847	https://www.imdb.com/title/tt0192847/
tt0192957	https://www.imdb.com/title/tt0192957/
tt0192977	https://www.imdb.com/title/tt0192977/
tt0193106	https://www.imdb.com/title/tt0193106/
tt0193228	https://www.imdb.com/title/tt0193228/
tt0193310	https://www.imdb.com/title/tt0193310/
tt0193482	https://www.imdb.com/title/tt0193482/
tt0193616	https://www.imdb.com/title/tt0193616/
tt0193795	https://www.imdb.com/title/tt0193795/
tt0193858	https://www.imdb.com/title/tt0193858/
tt0193878	https://www.imdb.com/title/tt0193878/
tt0193913	https://www.imdb.com/title/tt0193913/
tt0194010	https://www.imdb.com/title/tt0194010/
tt0194016	https://www.imdb.com/title/tt0194016/
tt0194153	https://www.imdb.com/title/tt0194153/
tt0194225	https://www.imdb.com/title/tt0194225/
tt0194229	https://www.imdb.com/title/tt0194229/
tt0194244	https://www.imdb.com/title/tt0194244/
tt0194253	https://www.imdb.com/title/tt0194253/
tt0194287	https://www.imdb.com/title/tt0194287/
tt0194315	https://www.imdb.com/title/tt0194315/
tt0194318	https://www.imdb.com/title/tt0194318/
tt0194348	https://www.imdb.com/title/tt0194348/
tt0194360	https://www.imdb.com/title/tt0194360/
tt0194487	https://www.imdb.com/title/tt0194487/
tt0194565	https://www.imdb.com/title/tt0194565/
tt0194785	https://www.imdb.com/title/tt0194785/
tt0194839	https://www.imdb.com/title/tt0194839/
tt0195049	https://www.imdb.com/title/tt0195049/
tt0195099	https://www.imdb.com/title/tt0195099/
tt0195116	https://www.imdb.com/title/tt0195116/
tt0195356	https://www.imdb.com/title/tt0195356/
tt0195384	https://www.imdb.com/title/tt0195384/
tt0195879	https://www.imdb.com/title/tt0195879/
tt0197071	https://www.imdb.com/title/tt0197071/
tt0197203	https://www.imdb.com/title/tt0197203/
tt0197217	https://www.imdb.com/title/tt0197217/
tt0197251	https://www.imdb.com/title/tt0197251/
tt0197350	https://www.imdb.com/title/tt0197350/
tt0197436	https://www.imdb.com/title/tt0197436/
tt0197575	https://www.imdb.com/title/tt0197575/
tt0197716	https://www.imdb.com/title/tt0197716/
tt0197908	https://www.imdb.com/title/tt0197908/
tt0197976	https://www.imdb.com/title/tt0197976/
tt0198296	https://www.imdb.com/title/tt0198296/
tt0198702	https://www.imdb.com/title/tt0198702/
tt0199017	https://www.imdb.com/title/tt0199017/
tt0199461	https://www.imdb.com/title/tt0199461/
tt0199480	https://www.imdb.com/title/tt0199480/
tt0199512	https://www.imdb.com/title/tt0199512/
tt0199633	https://www.imdb.com/title/tt0199633/
tt0199932	https://www.imdb.com/title/tt0199932/
tt0199985	https://www.imdb.com/title/tt0199985/
tt0200008	https://www.imdb.com/title/tt0200008/
tt0200016	https://www.imdb.com/title/tt0200016/
tt0200189	https://www.imdb.com/title/tt0200189/
tt0200455	https://www.imdb.com/title/tt0200455/
tt0200723	https://www.imdb.com/title/tt0200723/
tt0201180	https://www.imdb.com/title/tt0201180/
tt0201488	https://www.imdb.com/title/tt0201488/
tt0201541	https://www.imdb.com/title/tt0201541/
tt0201658	https://www.imdb.com/title/tt0201658/
tt0201663	https://www.imdb.com/title/tt0201663/
tt0201673	https://www.imdb.com/title/tt0201673/
tt0201791	https://www.imdb.com/title/tt0201791/
tt0201800	https://www.imdb.com/title/tt0201800/
tt0201826	https://www.imdb.com/title/tt0201826/
tt0201875	https://www.imdb.com/title/tt0201875/
tt0202056	https://www.imdb.com/title/tt0202056/
tt0202273	https://www.imdb.com/title/tt0202273/
tt0202520	https://www.imdb.com/title/tt0202520/
tt0203097	https://www.imdb.com/title/tt0203097/
tt0203763	https://www.imdb.com/title/tt0203763/
tt0204685	https://www.imdb.com/title/tt0204685/
tt0205409	https://www.imdb.com/title/tt0205409/
tt0205448	https://www.imdb.com/title/tt0205448/
tt0205820	https://www.imdb.com/title/tt0205820/
tt0205930	https://www.imdb.com/title/tt0205930/
tt0205988	https://www.imdb.com/title/tt0205988/
tt0206012	https://www.imdb.com/title/tt0206012/
tt0206071	https://www.imdb.com/title/tt0206071/
tt0206130	https://www.imdb.com/title/tt0206130/
tt0206134	https://www.imdb.com/title/tt0206134/
tt0206186	https://www.imdb.com/title/tt0206186/
tt0206233	https://www.imdb.com/title/tt0206233/
tt0206292	https://www.imdb.com/title/tt0206292/
tt0206444	https://www.imdb.com/title/tt0206444/
tt0206448	https://www.imdb.com/title/tt0206448/
tt0206453	https://www.imdb.com/title/tt0206453/
tt0206920	https://www.imdb.com/title/tt0206920/
tt0207532	https://www.imdb.com/title/tt0207532/
tt0207854	https://www.imdb.com/title/tt0207854/
tt0208586	https://www.imdb.com/title/tt0208586/
tt0208591	https://www.imdb.com/title/tt0208591/
tt0208869	https://www.imdb.com/title/tt0208869/
tt0210469	https://www.imdb.com/title/tt0210469/
tt0211438	https://www.imdb.com/title/tt0211438/
tt0211906	https://www.imdb.com/title/tt0211906/
tt0212107	https://www.imdb.com/title/tt0212107/
tt0212217	https://www.imdb.com/title/tt0212217/
tt0212363	https://www.imdb.com/title/tt0212363/
tt0212425	https://www.imdb.com/title/tt0212425/
tt0212454	https://www.imdb.com/title/tt0212454/
tt0212478	https://www.imdb.com/title/tt0212478/
tt0212504	https://www.imdb.com/title/tt0212504/
tt0212722	https://www.imdb.com/title/tt0212722/
tt0213038	https://www.imdb.com/title/tt0213038/
tt0213103	https://www.imdb.com/title/tt0213103/
tt0213221	https://www.imdb.com/title/tt0213221/
tt0213433	https://www.imdb.com/title/tt0213433/
tt0213504	https://www.imdb.com/title/tt0213504/
tt0213505	https://www.imdb.com/title/tt0213505/
tt0213507	https://www.imdb.com/title/tt0213507/
tt0213867	https://www.imdb.com/title/tt0213867/
tt0213868	https://www.imdb.com/title/tt0213868/
tt0214124	https://www.imdb.com/title/tt0214124/
tt0214278	https://www.imdb.com/title/tt0214278/
tt0214563	https://www.imdb.com/title/tt0214563/
tt0214748	https://www.imdb.com/title/tt0214748/
tt0214898	https://www.imdb.com/title/tt0214898/
tt0215065	https://www.imdb.com/title/tt0215065/
tt0215145	https://www.imdb.com/title/tt0215145/
tt0215146	https://www.imdb.com/title/tt0215146/
tt0215947	https://www.imdb.com/title/tt0215947/
tt0215975	https://www.imdb.com/title/tt0215975/
tt0216343	https://www.imdb.com/title/tt0216343/
tt0216349	https://www.imdb.com/title/tt0216349/
tt0218361	https://www.imdb.com/title/tt0218361/
tt0218429	https://www.imdb.com/title/tt0218429/
tt0218580	https://www.imdb.com/title/tt0218580/
tt0218963	https://www.imdb.com/title/tt0218963/
tt0219581	https://www.imdb.com/title/tt0219581/
tt0220143	https://www.imdb.com/title/tt0220143/
tt0220256	https://www.imdb.com/title/tt0220256/
tt0220603	https://www.imdb.com/title/tt0220603/
tt0221886	https://www.imdb.com/title/tt0221886/
tt0222195	https://www.imdb.com/title/tt0222195/
tt0222726	https://www.imdb.com/title/tt0222726/
tt0223068	https://www.imdb.com/title/tt0223068/
tt0224064	https://www.imdb.com/title/tt0224064/
tt0225043	https://www.imdb.com/title/tt0225043/
tt0225327	https://www.imdb.com/title/tt0225327/
tt0225885	https://www.imdb.com/title/tt0225885/
tt0227516	https://www.imdb.com/title/tt0227516/
tt0227595	https://www.imdb.com/title/tt0227595/
tt0228113	https://www.imdb.com/title/tt0228113/
tt0228352	https://www.imdb.com/title/tt0228352/
tt0228468	https://www.imdb.com/title/tt0228468/
tt0228753	https://www.imdb.com/title/tt0228753/
tt0229082	https://www.imdb.com/title/tt0229082/
tt0229797	https://www.imdb.com/title/tt0229797/
tt0229999	https://www.imdb.com/title/tt0229999/
tt0230165	https://www.imdb.com/title/tt0230165/
tt0230509	https://www.imdb.com/title/tt0230509/
tt0230706	https://www.imdb.com/title/tt0230706/
tt0230721	https://www.imdb.com/title/tt0230721/
tt0231137	https://www.imdb.com/title/tt0231137/
tt0231215	https://www.imdb.com/title/tt0231215/
tt0231225	https://www.imdb.com/title/tt0231225/
tt0231462	https://www.imdb.com/title/tt0231462/
tt0232534	https://www.imdb.com/title/tt0232534/
tt0233201	https://www.imdb.com/title/tt0233201/
tt0233386	https://www.imdb.com/title/tt0233386/
tt0234312	https://www.imdb.com/title/tt0234312/
tt0234342	https://www.imdb.com/title/tt0234342/
tt0234522	https://www.imdb.com/title/tt0234522/
tt0234572	https://www.imdb.com/title/tt0234572/
tt0234738	https://www.imdb.com/title/tt0234738/
tt0235566	https://www.imdb.com/title/tt0235566/
tt0236025	https://www.imdb.com/title/tt0236025/
tt0236296	https://www.imdb.com/title/tt0236296/
tt0236645	https://www.imdb.com/title/tt0236645/
tt0236820	https://www.imdb.com/title/tt0236820/
tt0238061	https://www.imdb.com/title/tt0238061/
tt0238325	https://www.imdb.com/title/tt0238325/
tt0239051	https://www.imdb.com/title/tt0239051/
tt0239288	https://www.imdb.com/title/tt0239288/
tt0239558	https://www.imdb.com/title/tt0239558/
tt0239732	https://www.imdb.com/title/tt0239732/
tt0239977	https://www.imdb.com/title/tt0239977/
tt0240068	https://www.imdb.com/title/tt0240068/
tt0240177	https://www.imdb.com/title/tt0240177/
tt0242119	https://www.imdb.com/title/tt0242119/
tt0242283	https://www.imdb.com/title/tt0242283/
tt0242286	https://www.imdb.com/title/tt0242286/
tt0242303	https://www.imdb.com/title/tt0242303/
tt0242313	https://www.imdb.com/title/tt0242313/
tt0242328	https://www.imdb.com/title/tt0242328/
tt0242342	https://www.imdb.com/title/tt0242342/
tt0242407	https://www.imdb.com/title/tt0242407/
tt0242525	https://www.imdb.com/title/tt0242525/
tt0242685	https://www.imdb.com/title/tt0242685/
tt0242701	https://www.imdb.com/title/tt0242701/
tt0242753	https://www.imdb.com/title/tt0242753/
tt0243342	https://www.imdb.com/title/tt0243342/
tt0243368	https://www.imdb.com/title/tt0243368/
tt0243443	https://www.imdb.com/title/tt0243443/
tt0244126	https://www.imdb.com/title/tt0244126/
tt0244164	https://www.imdb.com/title/tt0244164/
tt0244170	https://www.imdb.com/title/tt0244170/
tt0244180	https://www.imdb.com/title/tt0244180/
tt0245087	https://www.imdb.com/title/tt0245087/
tt0245218	https://www.imdb.com/title/tt0245218/
tt0245410	https://www.imdb.com/title/tt0245410/
tt0245485	https://www.imdb.com/title/tt0245485/
tt0246036	https://www.imdb.com/title/tt0246036/
tt0246112	https://www.imdb.com/title/tt0246112/
tt0247226	https://www.imdb.com/title/tt0247226/
tt0248105	https://www.imdb.com/title/tt0248105/
tt0248398	https://www.imdb.com/title/tt0248398/
tt0249104	https://www.imdb.com/title/tt0249104/
tt0249122	https://www.imdb.com/title/tt0249122/
tt0249424	https://www.imdb.com/title/tt0249424/
tt0249860	https://www.imdb.com/title/tt0249860/
tt0249889	https://www.imdb.com/title/tt0249889/
tt0250123	https://www.imdb.com/title/tt0250123/
tt0251461	https://www.imdb.com/title/tt0251461/
tt0251572	https://www.imdb.com/title/tt0251572/
tt0251583	https://www.imdb.com/title/tt0251583/
tt0251626	https://www.imdb.com/title/tt0251626/
tt0251632	https://www.imdb.com/title/tt0251632/
tt0251643	https://www.imdb.com/title/tt0251643/
tt0251647	https://www.imdb.com/title/tt0251647/
tt0251674	https://www.imdb.com/title/tt0251674/
tt0251728	https://www.imdb.com/title/tt0251728/
tt0251871	https://www.imdb.com/title/tt0251871/
tt0251895	https://www.imdb.com/title/tt0251895/
tt0251940	https://www.imdb.com/title/tt0251940/
tt0252064	https://www.imdb.com/title/tt0252064/
tt0252082	https://www.imdb.com/title/tt0252082/
tt0252107	https://www.imdb.com/title/tt0252107/
tt0252114	https://www.imdb.com/title/tt0252114/
tt0252700	https://www.imdb.com/title/tt0252700/
tt0254966	https://www.imdb.com/title/tt0254966/
tt0255427	https://www.imdb.com/title/tt0255427/
tt0255590	https://www.imdb.com/title/tt0255590/
tt0255775	https://www.imdb.com/title/tt0255775/
tt0255796	https://www.imdb.com/title/tt0255796/
tt0255861	https://www.imdb.com/title/tt0255861/
tt0255864	https://www.imdb.com/title/tt0255864/
tt0255887	https://www.imdb.com/title/tt0255887/
tt0255888	https://www.imdb.com/title/tt0255888/
tt0255908	https://www.imdb.com/title/tt0255908/
tt0255940	https://www.imdb.com/title/tt0255940/
tt0255975	https://www.imdb.com/title/tt0255975/
tt0256043	https://www.imdb.com/title/tt0256043/
tt0256074	https://www.imdb.com/title/tt0256074/
tt0256139	https://www.imdb.com/title/tt0256139/
tt0256154	https://www.imdb.com/title/tt0256154/
tt0256175	https://www.imdb.com/title/tt0256175/
tt0256233	https://www.imdb.com/title/tt0256233/
tt0256235	https://www.imdb.com/title/tt0256235/
tt0256237	https://www.imdb.com/title/tt0256237/
tt0256312	https://www.imdb.com/title/tt0256312/
tt0256336	https://www.imdb.com/title/tt0256336/
tt0256365	https://www.imdb.com/title/tt0256365/
tt0256435	https://www.imdb.com/title/tt0256435/
tt0256489	https://www.imdb.com/title/tt0256489/
tt0257046	https://www.imdb.com/title/tt0257046/
tt0257633	https://www.imdb.com/title/tt0257633/
tt0258631	https://www.imdb.com/title/tt0258631/
tt0259326	https://www.imdb.com/title/tt0259326/
tt0259344	https://www.imdb.com/title/tt0259344/
tt0259392	https://www.imdb.com/title/tt0259392/
tt0260117	https://www.imdb.com/title/tt0260117/
tt0260170	https://www.imdb.com/title/tt0260170/
tt0260978	https://www.imdb.com/title/tt0260978/
tt0260982	https://www.imdb.com/title/tt0260982/
tt0261098	https://www.imdb.com/title/tt0261098/
tt0261855	https://www.imdb.com/title/tt0261855/
tt0262083	https://www.imdb.com/title/tt0262083/
tt0262107	https://www.imdb.com/title/tt0262107/
tt0262445	https://www.imdb.com/title/tt0262445/
tt0263275	https://www.imdb.com/title/tt0263275/
tt0263322	https://www.imdb.com/title/tt0263322/
tt0263635	https://www.imdb.com/title/tt0263635/
tt0264402	https://www.imdb.com/title/tt0264402/
tt0264626	https://www.imdb.com/title/tt0264626/
tt0264891	https://www.imdb.com/title/tt0264891/
tt0265261	https://www.imdb.com/title/tt0265261/
tt0266473	https://www.imdb.com/title/tt0266473/
tt0266485	https://www.imdb.com/title/tt0266485/
tt0266605	https://www.imdb.com/title/tt0266605/
tt0266839	https://www.imdb.com/title/tt0266839/
tt0267367	https://www.imdb.com/title/tt0267367/
tt0267730	https://www.imdb.com/title/tt0267730/
tt0267818	https://www.imdb.com/title/tt0267818/
tt0268621	https://www.imdb.com/title/tt0268621/
tt0269249	https://www.imdb.com/title/tt0269249/
tt0269803	https://www.imdb.com/title/tt0269803/
tt0270034	https://www.imdb.com/title/tt0270034/
tt0270054	https://www.imdb.com/title/tt0270054/
tt0270177	https://www.imdb.com/title/tt0270177/
tt0270266	https://www.imdb.com/title/tt0270266/
tt0270426	https://www.imdb.com/title/tt0270426/
tt0270476	https://www.imdb.com/title/tt0270476/
tt0270534	https://www.imdb.com/title/tt0270534/
tt0270561	https://www.imdb.com/title/tt0270561/
tt0273294	https://www.imdb.com/title/tt0273294/
tt0273836	https://www.imdb.com/title/tt0273836/
tt0273869	https://www.imdb.com/title/tt0273869/
tt0274179	https://www.imdb.com/title/tt0274179/
tt0274853	https://www.imdb.com/title/tt0274853/
tt0277620	https://www.imdb.com/title/tt0277620/
tt0280520	https://www.imdb.com/title/tt0280520/
tt0280935	https://www.imdb.com/title/tt0280935/
tt0281107	https://www.imdb.com/title/tt0281107/
tt0282842	https://www.imdb.com/title/tt0282842/
tt0283592	https://www.imdb.com/title/tt0283592/
tt0286712	https://www.imdb.com/title/tt0286712/
tt0289557	https://www.imdb.com/title/tt0289557/
tt0291944	https://www.imdb.com/title/tt0291944/
tt0292543	https://www.imdb.com/title/tt0292543/
tt0296021	https://www.imdb.com/title/tt0296021/
tt0296228	https://www.imdb.com/title/tt0296228/
tt0297707	https://www.imdb.com/title/tt0297707/
tt0298352	https://www.imdb.com/title/tt0298352/
tt0298603	https://www.imdb.com/title/tt0298603/
tt0298965	https://www.imdb.com/title/tt0298965/
tt0299218	https://www.imdb.com/title/tt0299218/
tt0301752	https://www.imdb.com/title/tt0301752/
tt0302801	https://www.imdb.com/title/tt0302801/
tt0303616	https://www.imdb.com/title/tt0303616/
tt0303617	https://www.imdb.com/title/tt0303617/
tt0303620	https://www.imdb.com/title/tt0303620/
tt0303684	https://www.imdb.com/title/tt0303684/
tt0303708	https://www.imdb.com/title/tt0303708/
tt0303839	https://www.imdb.com/title/tt0303839/
tt0303999	https://www.imdb.com/title/tt0303999/
tt0304068	https://www.imdb.com/title/tt0304068/
tt0304122	https://www.imdb.com/title/tt0304122/
tt0304124	https://www.imdb.com/title/tt0304124/
tt0304125	https://www.imdb.com/title/tt0304125/
tt0304157	https://www.imdb.com/title/tt0304157/
tt0304171	https://www.imdb.com/title/tt0304171/
tt0304256	https://www.imdb.com/title/tt0304256/
tt0304263	https://www.imdb.com/title/tt0304263/
tt0304307	https://www.imdb.com/title/tt0304307/
tt0304316	https://www.imdb.com/title/tt0304316/
tt0304364	https://www.imdb.com/title/tt0304364/
tt0304371	https://www.imdb.com/title/tt0304371/
tt0304382	https://www.imdb.com/title/tt0304382/
tt0304437	https://www.imdb.com/title/tt0304437/
tt0304438	https://www.imdb.com/title/tt0304438/
tt0304453	https://www.imdb.com/title/tt0304453/
tt0304462	https://www.imdb.com/title/tt0304462/
tt0304490	https://www.imdb.com/title/tt0304490/
tt0304659	https://www.imdb.com/title/tt0304659/
tt0304718	https://www.imdb.com/title/tt0304718/
tt0304719	https://www.imdb.com/title/tt0304719/
tt0304920	https://www.imdb.com/title/tt0304920/
tt0304973	https://www.imdb.com/title/tt0304973/
tt0304980	https://www.imdb.com/title/tt0304980/
tt0305216	https://www.imdb.com/title/tt0305216/
tt0305318	https://www.imdb.com/title/tt0305318/
tt0306980	https://www.imdb.com/title/tt0306980/
tt0307252	https://www.imdb.com/title/tt0307252/
tt0307309	https://www.imdb.com/title/tt0307309/
tt0307941	https://www.imdb.com/title/tt0307941/
tt0307976	https://www.imdb.com/title/tt0307976/
tt0308010	https://www.imdb.com/title/tt0308010/
tt0308036	https://www.imdb.com/title/tt0308036/
tt0308453	https://www.imdb.com/title/tt0308453/
tt0308502	https://www.imdb.com/title/tt0308502/
tt0308685	https://www.imdb.com/title/tt0308685/
tt0308707	https://www.imdb.com/title/tt0308707/
tt0309253	https://www.imdb.com/title/tt0309253/
tt0309317	https://www.imdb.com/title/tt0309317/
tt0309321	https://www.imdb.com/title/tt0309321/
tt0309329	https://www.imdb.com/title/tt0309329/
tt0309890	https://www.imdb.com/title/tt0309890/
tt0310050	https://www.imdb.com/title/tt0310050/
tt0310308	https://www.imdb.com/title/tt0310308/
tt0311013	https://www.imdb.com/title/tt0311013/
tt0311062	https://www.imdb.com/title/tt0311062/
tt0311079	https://www.imdb.com/title/tt0311079/
tt0311118	https://www.imdb.com/title/tt0311118/
tt0311121	https://www.imdb.com/title/tt0311121/
tt0311237	https://www.imdb.com/title/tt0311237/
tt0311385	https://www.imdb.com/title/tt0311385/
tt0311777	https://www.imdb.com/title/tt0311777/
tt0312074	https://www.imdb.com/title/tt0312074/
tt0312861	https://www.imdb.com/title/tt0312861/
tt0313742	https://www.imdb.com/title/tt0313742/
tt0313797	https://www.imdb.com/title/tt0313797/
tt0313816	https://www.imdb.com/title/tt0313816/
tt0313840	https://www.imdb.com/title/tt0313840/
tt0313841	https://www.imdb.com/title/tt0313841/
tt0313969	https://www.imdb.com/title/tt0313969/
tt0314715	https://www.imdb.com/title/tt0314715/
tt0317611	https://www.imdb.com/title/tt0317611/
tt0321657	https://www.imdb.com/title/tt0321657/
tt0324156	https://www.imdb.com/title/tt0324156/
tt0326259	https://www.imdb.com/title/tt0326259/
tt0326261	https://www.imdb.com/title/tt0326261/
tt0329457	https://www.imdb.com/title/tt0329457/
tt0331112	https://www.imdb.com/title/tt0331112/
tt0331480	https://www.imdb.com/title/tt0331480/
tt0331537	https://www.imdb.com/title/tt0331537/
tt0331566	https://www.imdb.com/title/tt0331566/
tt0331681	https://www.imdb.com/title/tt0331681/
tt0332351	https://www.imdb.com/title/tt0332351/
tt0332447	https://www.imdb.com/title/tt0332447/
tt0333976	https://www.imdb.com/title/tt0333976/
tt0334595	https://www.imdb.com/title/tt0334595/
tt0337197	https://www.imdb.com/title/tt0337197/
tt0337620	https://www.imdb.com/title/tt0337620/
tt0340300	https://www.imdb.com/title/tt0340300/
tt0345227	https://www.imdb.com/title/tt0345227/
tt0345527	https://www.imdb.com/title/tt0345527/
tt0348493	https://www.imdb.com/title/tt0348493/
tt0350477	https://www.imdb.com/title/tt0350477/
tt0352192	https://www.imdb.com/title/tt0352192/
tt0354491	https://www.imdb.com/title/tt0354491/
tt0354691	https://www.imdb.com/title/tt0354691/
tt0354876	https://www.imdb.com/title/tt0354876/
tt0355028	https://www.imdb.com/title/tt0355028/
tt0356535	https://www.imdb.com/title/tt0356535/
tt0356861	https://www.imdb.com/title/tt0356861/
tt0357133	https://www.imdb.com/title/tt0357133/
tt0360375	https://www.imdb.com/title/tt0360375/
tt0361775	https://www.imdb.com/title/tt0361775/
tt0364381	https://www.imdb.com/title/tt0364381/
tt0369699	https://www.imdb.com/title/tt0369699/
tt0369712	https://www.imdb.com/title/tt0369712/
tt0371684	https://www.imdb.com/title/tt0371684/
tt0371934	https://www.imdb.com/title/tt0371934/
tt0372018	https://www.imdb.com/title/tt0372018/
tt0373252	https://www.imdb.com/title/tt0373252/
tt0375165	https://www.imdb.com/title/tt0375165/
tt0376159	https://www.imdb.com/title/tt0376159/
tt0376638	https://www.imdb.com/title/tt0376638/
tt0377452	https://www.imdb.com/title/tt0377452/
tt0377459	https://www.imdb.com/title/tt0377459/
tt0377506	https://www.imdb.com/title/tt0377506/
tt0377508	https://www.imdb.com/title/tt0377508/
tt0377617	https://www.imdb.com/title/tt0377617/
tt0377627	https://www.imdb.com/title/tt0377627/
tt0377776	https://www.imdb.com/title/tt0377776/
tt0377777	https://www.imdb.com/title/tt0377777/
tt0378134	https://www.imdb.com/title/tt0378134/
tt0378325	https://www.imdb.com/title/tt0378325/
tt0378618	https://www.imdb.com/title/tt0378618/
tt0378646	https://www.imdb.com/title/tt0378646/
tt0379165	https://www.imdb.com/title/tt0379165/
tt0379188	https://www.imdb.com/title/tt0379188/
tt0379390	https://www.imdb.com/title/tt0379390/
tt0380207	https://www.imdb.com/title/tt0380207/
tt0380659	https://www.imdb.com/title/tt0380659/
tt0380827	https://www.imdb.com/title/tt0380827/
tt0381329	https://www.imdb.com/title/tt0381329/
tt0382276	https://www.imdb.com/title/tt0382276/
tt0383188	https://www.imdb.com/title/tt0383188/
tt0384325	https://www.imdb.com/title/tt0384325/
tt0385654	https://www.imdb.com/title/tt0385654/
tt0385979	https://www.imdb.com/title/tt0385979/
tt0386289	https://www.imdb.com/title/tt0386289/
tt0386329	https://www.imdb.com/title/tt0386329/
tt0386849	https://www.imdb.com/title/tt0386849/
tt0387322	https://www.imdb.com/title/tt0387322/
tt0387704	https://www.imdb.com/title/tt0387704/
tt0395670	https://www.imdb.com/title/tt0395670/
tt0398234	https://www.imdb.com/title/tt0398234/
tt0404197	https://www.imdb.com/title/tt0404197/
tt0413013	https://www.imdb.com/title/tt0413013/
tt0414504	https://www.imdb.com/title/tt0414504/
tt0423316	https://www.imdb.com/title/tt0423316/
tt0423873	https://www.imdb.com/title/tt0423873/
tt0424065	https://www.imdb.com/title/tt0424065/
tt0424791	https://www.imdb.com/title/tt0424791/
tt0425182	https://www.imdb.com/title/tt0425182/
tt0428720	https://www.imdb.com/title/tt0428720/
tt0429275	https://www.imdb.com/title/tt0429275/
tt0430507	https://www.imdb.com/title/tt0430507/
tt0437288	https://www.imdb.com/title/tt0437288/
tt0440451	https://www.imdb.com/title/tt0440451/
tt0440900	https://www.imdb.com/title/tt0440900/
tt0441096	https://www.imdb.com/title/tt0441096/
tt0441999	https://www.imdb.com/title/tt0441999/
tt0442026	https://www.imdb.com/title/tt0442026/
tt0442397	https://www.imdb.com/title/tt0442397/
tt0442560	https://www.imdb.com/title/tt0442560/
tt0446982	https://www.imdb.com/title/tt0446982/
tt0454080	https://www.imdb.com/title/tt0454080/
tt0454089	https://www.imdb.com/title/tt0454089/
tt0454279	https://www.imdb.com/title/tt0454279/
tt0461530	https://www.imdb.com/title/tt0461530/
tt0466865	https://www.imdb.com/title/tt0466865/
tt0468349	https://www.imdb.com/title/tt0468349/
tt0469369	https://www.imdb.com/title/tt0469369/
tt0470084	https://www.imdb.com/title/tt0470084/
tt0470862	https://www.imdb.com/title/tt0470862/
tt0471155	https://www.imdb.com/title/tt0471155/
tt0473698	https://www.imdb.com/title/tt0473698/
tt0481920	https://www.imdb.com/title/tt0481920/
tt0482675	https://www.imdb.com/title/tt0482675/
tt0483927	https://www.imdb.com/title/tt0483927/
tt0483989	https://www.imdb.com/title/tt0483989/
tt0488087	https://www.imdb.com/title/tt0488087/
tt0488160	https://www.imdb.com/title/tt0488160/
tt0490698	https://www.imdb.com/title/tt0490698/
tt0490991	https://www.imdb.com/title/tt0490991/
tt0491357	https://www.imdb.com/title/tt0491357/
tt0491366	https://www.imdb.com/title/tt0491366/
tt0491395	https://www.imdb.com/title/tt0491395/
tt0497233	https://www.imdb.com/title/tt0497233/
tt0497269	https://www.imdb.com/title/tt0497269/
tt0498915	https://www.imdb.com/title/tt0498915/
tt0764678	https://www.imdb.com/title/tt0764678/
tt0764737	https://www.imdb.com/title/tt0764737/
tt0764746	https://www.imdb.com/title/tt0764746/
tt0764782	https://www.imdb.com/title/tt0764782/
tt0764799	https://www.imdb.com/title/tt0764799/
tt0764801	https://www.imdb.com/title/tt0764801/
tt0764806	https://www.imdb.com/title/tt0764806/
tt0764835	https://www.imdb.com/title/tt0764835/
tt0764859	https://www.imdb.com/title/tt0764859/
tt0764885	https://www.imdb.com/title/tt0764885/
tt0764896	https://www.imdb.com/title/tt0764896/
tt0777744	https://www.imdb.com/title/tt0777744/
tt0777891	https://www.imdb.com/title/tt0777891/
tt0786979	https://www.imdb.com/title/tt0786979/
tt0786988	https://www.imdb.com/title/tt0786988/
tt0787011	https://www.imdb.com/title/tt0787011/
tt0787013	https://www.imdb.com/title/tt0787013/
tt0787020	https://www.imdb.com/title/tt0787020/
tt0787024	https://www.imdb.com/title/tt0787024/
tt0787060	https://www.imdb.com/title/tt0787060/
tt0787063	https://www.imdb.com/title/tt0787063/
tt0787077	https://www.imdb.com/title/tt0787077/
tt0787078	https://www.imdb.com/title/tt0787078/
tt0787209	https://www.imdb.com/title/tt0787209/
tt0787239	https://www.imdb.com/title/tt0787239/
tt0788089	https://www.imdb.com/title/tt0788089/
tt0788104	https://www.imdb.com/title/tt0788104/
tt0788114	https://www.imdb.com/title/tt0788114/
tt0788117	https://www.imdb.com/title/tt0788117/
tt0788124	https://www.imdb.com/title/tt0788124/
tt0788134	https://www.imdb.com/title/tt0788134/
tt0791408	https://www.imdb.com/title/tt0791408/
tt0791414	https://www.imdb.com/title/tt0791414/
tt0791424	https://www.imdb.com/title/tt0791424/
tt0791431	https://www.imdb.com/title/tt0791431/
tt0791471	https://www.imdb.com/title/tt0791471/
tt0791489	https://www.imdb.com/title/tt0791489/
tt0791503	https://www.imdb.com/title/tt0791503/
tt0791510	https://www.imdb.com/title/tt0791510/
tt0791549	https://www.imdb.com/title/tt0791549/
tt0791581	https://www.imdb.com/title/tt0791581/
tt0796832	https://www.imdb.com/title/tt0796832/
tt0847142	https://www.imdb.com/title/tt0847142/
tt0903813	https://www.imdb.com/title/tt0903813/
tt0903887	https://www.imdb.com/title/tt0903887/
tt0903892	https://www.imdb.com/title/tt0903892/
tt0904008	https://www.imdb.com/title/tt0904008/
tt0927642	https://www.imdb.com/title/tt0927642/
tt0978346	https://www.imdb.com/title/tt0978346/
tt0996422	https://www.imdb.com/title/tt0996422/
tt10021780	https://www.imdb.com/title/tt10021780/
tt1002767	https://www.imdb.com/title/tt1002767/
tt1003159	https://www.imdb.com/title/tt1003159/
tt10232080	https://www.imdb.com/title/tt10232080/
tt10287458	https://www.imdb.com/title/tt10287458/
tt10302690	https://www.imdb.com/title/tt10302690/
tt10338220	https://www.imdb.com/title/tt10338220/
tt10432054	https://www.imdb.com/title/tt10432054/
tt1057907	https://www.imdb.com/title/tt1057907/
tt10590150	https://www.imdb.com/title/tt10590150/
tt1062296	https://www.imdb.com/title/tt1062296/
tt1062982	https://www.imdb.com/title/tt1062982/
tt1071306	https://www.imdb.com/title/tt1071306/
tt11066366	https://www.imdb.com/title/tt11066366/
tt11437018	https://www.imdb.com/title/tt11437018/
tt11502506	https://www.imdb.com/title/tt11502506/
tt11546006	https://www.imdb.com/title/tt11546006/
tt11657182	https://www.imdb.com/title/tt11657182/
tt11754552	https://www.imdb.com/title/tt11754552/
tt1178195	https://www.imdb.com/title/tt1178195/
tt1178196	https://www.imdb.com/title/tt1178196/
tt11859340	https://www.imdb.com/title/tt11859340/
tt11941730	https://www.imdb.com/title/tt11941730/
tt11987352	https://www.imdb.com/title/tt11987352/
tt1201617	https://www.imdb.com/title/tt1201617/
tt1201644	https://www.imdb.com/title/tt1201644/
tt1207618	https://www.imdb.com/title/tt1207618/
tt1207623	https://www.imdb.com/title/tt1207623/
tt1207633	https://www.imdb.com/title/tt1207633/
tt1207637	https://www.imdb.com/title/tt1207637/
tt1207655	https://www.imdb.com/title/tt1207655/
tt1207675	https://www.imdb.com/title/tt1207675/
tt1207703	https://www.imdb.com/title/tt1207703/
tt12223690	https://www.imdb.com/title/tt12223690/
tt12287508	https://www.imdb.com/title/tt12287508/
tt1233331	https://www.imdb.com/title/tt1233331/
tt12374434	https://www.imdb.com/title/tt12374434/
tt12416302	https://www.imdb.com/title/tt12416302/
tt12606512	https://www.imdb.com/title/tt12606512/
tt12650928	https://www.imdb.com/title/tt12650928/
tt12672208	https://www.imdb.com/title/tt12672208/
tt12672230	https://www.imdb.com/title/tt12672230/
tt12816942	https://www.imdb.com/title/tt12816942/
tt1282223	https://www.imdb.com/title/tt1282223/
tt12839418	https://www.imdb.com/title/tt12839418/
tt1286659	https://www.imdb.com/title/tt1286659/
tt1308145	https://www.imdb.com/title/tt1308145/
tt1330590	https://www.imdb.com/title/tt1330590/
tt13497156	https://www.imdb.com/title/tt13497156/
tt13518866	https://www.imdb.com/title/tt13518866/
tt1356540	https://www.imdb.com/title/tt1356540/
tt13587662	https://www.imdb.com/title/tt13587662/
tt13655560	https://www.imdb.com/title/tt13655560/
tt13706084	https://www.imdb.com/title/tt13706084/
tt13871878	https://www.imdb.com/title/tt13871878/
tt13873938	https://www.imdb.com/title/tt13873938/
tt13880036	https://www.imdb.com/title/tt13880036/
tt13880442	https://www.imdb.com/title/tt13880442/
tt13887392	https://www.imdb.com/title/tt13887392/
tt13957586	https://www.imdb.com/title/tt13957586/
tt14182824	https://www.imdb.com/title/tt14182824/
tt1439270	https://www.imdb.com/title/tt1439270/
tt1464608	https://www.imdb.com/title/tt1464608/
tt14655310	https://www.imdb.com/title/tt14655310/
tt14772808	https://www.imdb.com/title/tt14772808/
tt14772972	https://www.imdb.com/title/tt14772972/
tt14780680	https://www.imdb.com/title/tt14780680/
tt14786668	https://www.imdb.com/title/tt14786668/
tt14786884	https://www.imdb.com/title/tt14786884/
tt14793114	https://www.imdb.com/title/tt14793114/
tt14809288	https://www.imdb.com/title/tt14809288/
tt1483743	https://www.imdb.com/title/tt1483743/
tt15067870	https://www.imdb.com/title/tt15067870/
tt15135000	https://www.imdb.com/title/tt15135000/
tt1545682	https://www.imdb.com/title/tt1545682/
tt15513286	https://www.imdb.com/title/tt15513286/
tt1552712	https://www.imdb.com/title/tt1552712/
tt1573833	https://www.imdb.com/title/tt1573833/
tt1580409	https://www.imdb.com/title/tt1580409/
tt1582527	https://www.imdb.com/title/tt1582527/
tt1582596	https://www.imdb.com/title/tt1582596/
tt1623646	https://www.imdb.com/title/tt1623646/
tt1738299	https://www.imdb.com/title/tt1738299/
tt1792592	https://www.imdb.com/title/tt1792592/
tt18271150	https://www.imdb.com/title/tt18271150/
tt1850998	https://www.imdb.com/title/tt1850998/
tt1891855	https://www.imdb.com/title/tt1891855/
tt1929191	https://www.imdb.com/title/tt1929191/
tt19351970	https://www.imdb.com/title/tt19351970/
tt1942864	https://www.imdb.com/title/tt1942864/
tt1961328	https://www.imdb.com/title/tt1961328/
tt2007503	https://www.imdb.com/title/tt2007503/
tt2012621	https://www.imdb.com/title/tt2012621/
tt2034770	https://www.imdb.com/title/tt2034770/
tt2046081	https://www.imdb.com/title/tt2046081/
tt2063645	https://www.imdb.com/title/tt2063645/
tt2078631	https://www.imdb.com/title/tt2078631/
tt2078756	https://www.imdb.com/title/tt2078756/
tt2094028	https://www.imdb.com/title/tt2094028/
tt2097949	https://www.imdb.com/title/tt2097949/
tt21368644	https://www.imdb.com/title/tt21368644/
tt2151544	https://www.imdb.com/title/tt2151544/
tt2154334	https://www.imdb.com/title/tt2154334/
tt2166093	https://www.imdb.com/title/tt2166093/
tt2182049	https://www.imdb.com/title/tt2182049/
tt2195098	https://www.imdb.com/title/tt2195098/
tt2195122	https://www.imdb.com/title/tt2195122/
tt2275580	https://www.imdb.com/title/tt2275580/
tt2311312	https://www.imdb.com/title/tt2311312/
tt2336746	https://www.imdb.com/title/tt2336746/
tt2375315	https://www.imdb.com/title/tt2375315/
tt2397452	https://www.imdb.com/title/tt2397452/
tt2431836	https://www.imdb.com/title/tt2431836/
tt2530442	https://www.imdb.com/title/tt2530442/
tt2530444	https://www.imdb.com/title/tt2530444/
tt26737227	https://www.imdb.com/title/tt26737227/
tt2750312	https://www.imdb.com/title/tt2750312/
tt28060614	https://www.imdb.com/title/tt28060614/
tt2977514	https://www.imdb.com/title/tt2977514/
tt3063510	https://www.imdb.com/title/tt3063510/
tt3063514	https://www.imdb.com/title/tt3063514/
tt3063518	https://www.imdb.com/title/tt3063518/
tt3063522	https://www.imdb.com/title/tt3063522/
tt3063534	https://www.imdb.com/title/tt3063534/
tt3147534	https://www.imdb.com/title/tt3147534/
tt3155944	https://www.imdb.com/title/tt3155944/
tt31624762	https://www.imdb.com/title/tt31624762/
tt3268822	https://www.imdb.com/title/tt3268822/
tt3399796	https://www.imdb.com/title/tt3399796/
tt3612808	https://www.imdb.com/title/tt3612808/
tt4226856	https://www.imdb.com/title/tt4226856/
tt4298700	https://www.imdb.com/title/tt4298700/
tt4535806	https://www.imdb.com/title/tt4535806/
tt4818896	https://www.imdb.com/title/tt4818896/
tt5003364	https://www.imdb.com/title/tt5003364/
tt5048934	https://www.imdb.com/title/tt5048934/
tt5067832	https://www.imdb.com/title/tt5067832/
tt5074862	https://www.imdb.com/title/tt5074862/
tt5092448	https://www.imdb.com/title/tt5092448/
tt5124400	https://www.imdb.com/title/tt5124400/
tt5163198	https://www.imdb.com/title/tt5163198/
tt5236530	https://www.imdb.com/title/tt5236530/
tt5503830	https://www.imdb.com/title/tt5503830/
tt5528216	https://www.imdb.com/title/tt5528216/
tt5821606	https://www.imdb.com/title/tt5821606/
tt6036214	https://www.imdb.com/title/tt6036214/
tt6145274	https://www.imdb.com/title/tt6145274/
tt6353978	https://www.imdb.com/title/tt6353978/
tt6544680	https://www.imdb.com/title/tt6544680/
tt7027632	https://www.imdb.com/title/tt7027632/
tt7119422	https://www.imdb.com/title/tt7119422/
tt7120790	https://www.imdb.com/title/tt7120790/
tt7120926	https://www.imdb.com/title/tt7120926/
tt7166480	https://www.imdb.com/title/tt7166480/
tt7666904	https://www.imdb.com/title/tt7666904/
tt7746844	https://www.imdb.com/title/tt7746844/
tt7806446	https://www.imdb.com/title/tt7806446/
tt7937194	https://www.imdb.com/title/tt7937194/
tt8047932	https://www.imdb.com/title/tt8047932/
tt8047950	https://www.imdb.com/title/tt8047950/
tt8134018	https://www.imdb.com/title/tt8134018/
tt8263064	https://www.imdb.com/title/tt8263064/
tt8427530	https://www.imdb.com/title/tt8427530/
tt8525704	https://www.imdb.com/title/tt8525704/
tt8562576	https://www.imdb.com/title/tt8562576/
tt8588514	https://www.imdb.com/title/tt8588514/
tt8903676	https://www.imdb.com/title/tt8903676/
tt8933126	https://www.imdb.com/title/tt8933126/
tt8940710	https://www.imdb.com/title/tt8940710/
tt8968794	https://www.imdb.com/title/tt8968794/
tt9008152	https://www.imdb.com/title/tt9008152/
tt9008154	https://www.imdb.com/title/tt9008154/
tt9008156	https://www.imdb.com/title/tt9008156/
tt9008160	https://www.imdb.com/title/tt9008160/
tt9008162	https://www.imdb.com/title/tt9008162/
tt9030016	https://www.imdb.com/title/tt9030016/
tt9391864	https://www.imdb.com/title/tt9391864/
tt9391920	https://www.imdb.com/title/tt9391920/
tt9477060	https://www.imdb.com/title/tt9477060/
tt9477070	https://www.imdb.com/title/tt9477070/
tt9477076	https://www.imdb.com/title/tt9477076/
tt9477086	https://www.imdb.com/title/tt9477086/
tt9477092	https://www.imdb.com/title/tt9477092/
tt9477096	https://www.imdb.com/title/tt9477096/
tt9477100	https://www.imdb.com/title/tt9477100/
tt9477108	https://www.imdb.com/title/tt9477108/
tt9485306	https://www.imdb.com/title/tt9485306/
tt9546740	https://www.imdb.com/title/tt9546740/
tt9570354	https://www.imdb.com/title/tt9570354/
tt9573220	https://www.imdb.com/title/tt9573220/
tt9631948	https://www.imdb.com/title/tt9631948/
tt9632014	https://www.imdb.com/title/tt9632014/
tt9632080	https://www.imdb.com/title/tt9632080/
tt9703970	https://www.imdb.com/title/tt9703970/
