tconst	imdb_url
tt0016029	https://www.imdb.com/title/tt0016029/
tt0017961	https://www.imdb.com/title/tt0017961/
tt0022986	https://www.imdb.com/title/tt0022986/
tt0023804	https://www.imdb.com/title/tt0023804/
tt0023841	https://www.imdb.com/title/tt0023841/
tt0024603	https://www.imdb.com/title/tt0024603/
tt0024823	https://www.imdb.com/title/tt0024823/
tt0024849	https://www.imdb.com/title/tt0024849/
tt0024871	https://www.imdb.com/title/tt0024871/
tt0024883	https://www.imdb.com/title/tt0024883/
tt0024933	https://www.imdb.com/title/tt0024933/
tt0024938	https://www.imdb.com/title/tt0024938/
tt0024942	https://www.imdb.com/title/tt0024942/
tt0024950	https://www.imdb.com/title/tt0024950/
tt0024989	https://www.imdb.com/title/tt0024989/
tt0024994	https://www.imdb.com/title/tt0024994/
tt0025053	https://www.imdb.com/title/tt0025053/
tt0025088	https://www.imdb.com/title/tt0025088/
tt0025176	https://www.imdb.com/title/tt0025176/
tt0025191	https://www.imdb.com/title/tt0025191/
tt0025241	https://www.imdb.com/title/tt0025241/
tt0025300	https://www.imdb.com/title/tt0025300/
tt0025307	https://www.imdb.com/title/tt0025307/
tt0025339	https://www.imdb.com/title/tt0025339/
tt0025411	https://www.imdb.com/title/tt0025411/
tt0025445	https://www.imdb.com/title/tt0025445/
tt0025462	https://www.imdb.com/title/tt0025462/
tt0025527	https://www.imdb.com/title/tt0025527/
tt0025556	https://www.imdb.com/title/tt0025556/
tt0025560	https://www.imdb.com/title/tt0025560/
tt0025582	https://www.imdb.com/title/tt0025582/
tt0025583	https://www.imdb.com/title/tt0025583/
tt0025584	https://www.imdb.com/title/tt0025584/
tt0025593	https://www.imdb.com/title/tt0025593/
tt0025594	https://www.imdb.com/title/tt0025594/
tt0025613	https://www.imdb.com/title/tt0025613/
tt0025634	https://www.imdb.com/title/tt0025634/
tt0025636	https://www.imdb.com/title/tt0025636/
tt0025649	https://www.imdb.com/title/tt0025649/
tt0025676	https://www.imdb.com/title/tt0025676/
tt0025697	https://www.imdb.com/title/tt0025697/
tt0025703	https://www.imdb.com/title/tt0025703/
tt0025708	https://www.imdb.com/title/tt0025708/
tt0025841	https://www.imdb.com/title/tt0025841/
tt0025870	https://www.imdb.com/title/tt0025870/
tt0025887	https://www.imdb.com/title/tt0025887/
tt0025898	https://www.imdb.com/title/tt0025898/
tt0025909	https://www.imdb.com/title/tt0025909/
tt0025912	https://www.imdb.com/title/tt0025912/
tt0025913	https://www.imdb.com/title/tt0025913/
tt0025918	https://www.imdb.com/title/tt0025918/
tt0025939	https://www.imdb.com/title/tt0025939/
tt0025941	https://www.imdb.com/title/tt0025941/
tt0025942	https://www.imdb.com/title/tt0025942/
tt0025952	https://www.imdb.com/title/tt0025952/
tt0026010	https://www.imdb.com/title/tt0026010/
tt0026022	https://www.imdb.com/title/tt0026022/
tt0026026	https://www.imdb.com/title/tt0026026/
tt0026027	https://www.imdb.com/title/tt0026027/
tt0026028	https://www.imdb.com/title/tt0026028/
tt0026029	https://www.imdb.com/title/tt0026029/
tt0026031	https://www.imdb.com/title/tt0026031/
tt0026032	https://www.imdb.com/title/tt0026032/
tt0026033	https://www.imdb.com/title/tt0026033/
tt0026034	https://www.imdb.com/title/tt0026034/
tt0026035	https://www.imdb.com/title/tt0026035/
tt0026036	https://www.imdb.com/title/tt0026036/
tt0026038	https://www.imdb.com/title/tt0026038/
tt0026039	https://www.imdb.com/title/tt0026039/
tt0026040	https://www.imdb.com/title/tt0026040/
tt0026041	https://www.imdb.com/title/tt0026041/
tt0026043	https://www.imdb.com/title/tt0026043/
tt0026044	https://www.imdb.com/title/tt0026044/
tt0026045	https://www.imdb.com/title/tt0026045/
tt0026046	https://www.imdb.com/title/tt0026046/
tt0026047	https://www.imdb.com/title/tt0026047/
tt0026048	https://www.imdb.com/title/tt0026048/
tt0026051	https://www.imdb.com/title/tt0026051/
tt0026052	https://www.imdb.com/title/tt0026052/
tt0026053	https://www.imdb.com/title/tt0026053/
tt0026055	https://www.imdb.com/title/tt0026055/
tt0026056	https://www.imdb.com/title/tt0026056/
tt0026059	https://www.imdb.com/title/tt0026059/
tt0026060	https://www.imdb.com/title/tt0026060/
tt0026061	https://www.imdb.com/title/tt0026061/
tt0026062	https://www.imdb.com/title/tt0026062/
tt0026063	https://www.imdb.com/title/tt0026063/
tt0026065	https://www.imdb.com/title/tt0026065/
tt0026066	https://www.imdb.com/title/tt0026066/
tt0026069	https://www.imdb.com/title/tt0026069/
tt0026070	https://www.imdb.com/title/tt0026070/
tt0026071	https://www.imdb.com/title/tt0026071/
tt0026072	https://www.imdb.com/title/tt0026072/
tt0026073	https://www.imdb.com/title/tt0026073/
tt0026075	https://www.imdb.com/title/tt0026075/
tt0026076	https://www.imdb.com/title/tt0026076/
tt0026077	https://www.imdb.com/title/tt0026077/
tt0026079	https://www.imdb.com/title/tt0026079/
tt0026080	https://www.imdb.com/title/tt0026080/
tt0026081	https://www.imdb.com/title/tt0026081/
tt0026082	https://www.imdb.com/title/tt0026082/
tt0026083	https://www.imdb.com/title/tt0026083/
tt0026085	https://www.imdb.com/title/tt0026085/
tt0026087	https://www.imdb.com/title/tt0026087/
tt0026088	https://www.imdb.com/title/tt0026088/
tt0026089	https://www.imdb.com/title/tt0026089/
tt0026090	https://www.imdb.com/title/tt0026090/
tt0026092	https://www.imdb.com/title/tt0026092/
tt0026093	https://www.imdb.com/title/tt0026093/
tt0026095	https://www.imdb.com/title/tt0026095/
tt0026096	https://www.imdb.com/title/tt0026096/
tt0026097	https://www.imdb.com/title/tt0026097/
tt0026098	https://www.imdb.com/title/tt0026098/
tt0026101	https://www.imdb.com/title/tt0026101/
tt0026103	https://www.imdb.com/title/tt0026103/
tt0026104	https://www.imdb.com/title/tt0026104/
tt0026106	https://www.imdb.com/title/tt0026106/
tt0026108	https://www.imdb.com/title/tt0026108/
tt0026112	https://www.imdb.com/title/tt0026112/
tt0026113	https://www.imdb.com/title/tt0026113/
tt0026114	https://www.imdb.com/title/tt0026114/
tt0026115	https://www.imdb.com/title/tt0026115/
tt0026117	https://www.imdb.com/title/tt0026117/
tt0026120	https://www.imdb.com/title/tt0026120/
tt0026121	https://www.imdb.com/title/tt0026121/
tt0026122	https://www.imdb.com/title/tt0026122/
tt0026123	https://www.imdb.com/title/tt0026123/
tt0026124	https://www.imdb.com/title/tt0026124/
tt0026125	https://www.imdb.com/title/tt0026125/
tt0026126	https://www.imdb.com/title/tt0026126/
tt0026127	https://www.imdb.com/title/tt0026127/
tt0026129	https://www.imdb.com/title/tt0026129/
tt0026130	https://www.imdb.com/title/tt0026130/
tt0026131	https://www.imdb.com/title/tt0026131/
tt0026132	https://www.imdb.com/title/tt0026132/
tt0026133	https://www.imdb.com/title/tt0026133/
tt0026134	https://www.imdb.com/title/tt0026134/
tt0026137	https://www.imdb.com/title/tt0026137/
tt0026138	https://www.imdb.com/title/tt0026138/
tt0026139	https://www.imdb.com/title/tt0026139/
tt0026142	https://www.imdb.com/title/tt0026142/
tt0026143	https://www.imdb.com/title/tt0026143/
tt0026144	https://www.imdb.com/title/tt0026144/
tt0026146	https://www.imdb.com/title/tt0026146/
tt0026147	https://www.imdb.com/title/tt0026147/
tt0026156	https://www.imdb.com/title/tt0026156/
tt0026157	https://www.imdb.com/title/tt0026157/
tt0026158	https://www.imdb.com/title/tt0026158/
tt0026161	https://www.imdb.com/title/tt0026161/
tt0026163	https://www.imdb.com/title/tt0026163/
tt0026164	https://www.imdb.com/title/tt0026164/
tt0026165	https://www.imdb.com/title/tt0026165/
tt0026166	https://www.imdb.com/title/tt0026166/
tt0026168	https://www.imdb.com/title/tt0026168/
tt0026169	https://www.imdb.com/title/tt0026169/
tt0026170	https://www.imdb.com/title/tt0026170/
tt0026173	https://www.imdb.com/title/tt0026173/
tt0026174	https://www.imdb.com/title/tt0026174/
tt0026176	https://www.imdb.com/title/tt0026176/
tt0026177	https://www.imdb.com/title/tt0026177/
tt0026178	https://www.imdb.com/title/tt0026178/
tt0026179	https://www.imdb.com/title/tt0026179/
tt0026180	https://www.imdb.com/title/tt0026180/
tt0026181	https://www.imdb.com/title/tt0026181/
tt0026183	https://www.imdb.com/title/tt0026183/
tt0026184	https://www.imdb.com/title/tt0026184/
tt0026185	https://www.imdb.com/title/tt0026185/
tt0026186	https://www.imdb.com/title/tt0026186/
tt0026187	https://www.imdb.com/title/tt0026187/
tt0026188	https://www.imdb.com/title/tt0026188/
tt0026190	https://www.imdb.com/title/tt0026190/
tt0026194	https://www.imdb.com/title/tt0026194/
tt0026195	https://www.imdb.com/title/tt0026195/
tt0026197	https://www.imdb.com/title/tt0026197/
tt0026198	https://www.imdb.com/title/tt0026198/
tt0026199	https://www.imdb.com/title/tt0026199/
tt0026200	https://www.imdb.com/title/tt0026200/
tt0026201	https://www.imdb.com/title/tt0026201/
tt0026203	https://www.imdb.com/title/tt0026203/
tt0026204	https://www.imdb.com/title/tt0026204/
tt0026205	https://www.imdb.com/title/tt0026205/
tt0026206	https://www.imdb.com/title/tt0026206/
tt0026212	https://www.imdb.com/title/tt0026212/
tt0026213	https://www.imdb.com/title/tt0026213/
tt0026214	https://www.imdb.com/title/tt0026214/
tt0026215	https://www.imdb.com/title/tt0026215/
tt0026216	https://www.imdb.com/title/tt0026216/
tt0026218	https://www.imdb.com/title/tt0026218/
tt0026220	https://www.imdb.com/title/tt0026220/
tt0026221	https://www.imdb.com/title/tt0026221/
tt0026223	https://www.imdb.com/title/tt0026223/
tt0026225	https://www.imdb.com/title/tt0026225/
tt0026227	https://www.imdb.com/title/tt0026227/
tt0026229	https://www.imdb.com/title/tt0026229/
tt0026230	https://www.imdb.com/title/tt0026230/
tt0026231	https://www.imdb.com/title/tt0026231/
tt0026232	https://www.imdb.com/title/tt0026232/
tt0026234	https://www.imdb.com/title/tt0026234/
tt0026239	https://www.imdb.com/title/tt0026239/
tt0026240	https://www.imdb.com/title/tt0026240/
tt0026241	https://www.imdb.com/title/tt0026241/
tt0026242	https://www.imdb.com/title/tt0026242/
tt0026243	https://www.imdb.com/title/tt0026243/
tt0026244	https://www.imdb.com/title/tt0026244/
tt0026245	https://www.imdb.com/title/tt0026245/
tt0026246	https://www.imdb.com/title/tt0026246/
tt0026247	https://www.imdb.com/title/tt0026247/
tt0026248	https://www.imdb.com/title/tt0026248/
tt0026249	https://www.imdb.com/title/tt0026249/
tt0026250	https://www.imdb.com/title/tt0026250/
tt0026251	https://www.imdb.com/title/tt0026251/
tt0026252	https://www.imdb.com/title/tt0026252/
tt0026253	https://www.imdb.com/title/tt0026253/
tt0026254	https://www.imdb.com/title/tt0026254/
tt0026256	https://www.imdb.com/title/tt0026256/
tt0026258	https://www.imdb.com/title/tt0026258/
tt0026259	https://www.imdb.com/title/tt0026259/
tt0026260	https://www.imdb.com/title/tt0026260/
tt0026261	https://www.imdb.com/title/tt0026261/
tt0026262	https://www.imdb.com/title/tt0026262/
tt0026263	https://www.imdb.com/title/tt0026263/
tt0026264	https://www.imdb.com/title/tt0026264/
tt0026265	https://www.imdb.com/title/tt0026265/
tt0026266	https://www.imdb.com/title/tt0026266/
tt0026267	https://www.imdb.com/title/tt0026267/
tt0026268	https://www.imdb.com/title/tt0026268/
tt0026269	https://www.imdb.com/title/tt0026269/
tt0026270	https://www.imdb.com/title/tt0026270/
tt0026272	https://www.imdb.com/title/tt0026272/
tt0026273	https://www.imdb.com/title/tt0026273/
tt0026275	https://www.imdb.com/title/tt0026275/
tt0026276	https://www.imdb.com/title/tt0026276/
tt0026277	https://www.imdb.com/title/tt0026277/
tt0026278	https://www.imdb.com/title/tt0026278/
tt0026279	https://www.imdb.com/title/tt0026279/
tt0026280	https://www.imdb.com/title/tt0026280/
tt0026282	https://www.imdb.com/title/tt0026282/
tt0026285	https://www.imdb.com/title/tt0026285/
tt0026287	https://www.imdb.com/title/tt0026287/
tt0026289	https://www.imdb.com/title/tt0026289/
tt0026292	https://www.imdb.com/title/tt0026292/
tt0026293	https://www.imdb.com/title/tt0026293/
tt0026294	https://www.imdb.com/title/tt0026294/
tt0026296	https://www.imdb.com/title/tt0026296/
tt0026298	https://www.imdb.com/title/tt0026298/
tt0026300	https://www.imdb.com/title/tt0026300/
tt0026301	https://www.imdb.com/title/tt0026301/
tt0026303	https://www.imdb.com/title/tt0026303/
tt0026304	https://www.imdb.com/title/tt0026304/
tt0026305	https://www.imdb.com/title/tt0026305/
tt0026306	https://www.imdb.com/title/tt0026306/
tt0026307	https://www.imdb.com/title/tt0026307/
tt0026308	https://www.imdb.com/title/tt0026308/
tt0026309	https://www.imdb.com/title/tt0026309/
tt0026311	https://www.imdb.com/title/tt0026311/
tt0026312	https://www.imdb.com/title/tt0026312/
tt0026313	https://www.imdb.com/title/tt0026313/
tt0026314	https://www.imdb.com/title/tt0026314/
tt0026316	https://www.imdb.com/title/tt0026316/
tt0026317	https://www.imdb.com/title/tt0026317/
tt0026318	https://www.imdb.com/title/tt0026318/
tt0026319	https://www.imdb.com/title/tt0026319/
tt0026320	https://www.imdb.com/title/tt0026320/
tt0026321	https://www.imdb.com/title/tt0026321/
tt0026323	https://www.imdb.com/title/tt0026323/
tt0026324	https://www.imdb.com/title/tt0026324/
tt0026325	https://www.imdb.com/title/tt0026325/
tt0026327	https://www.imdb.com/title/tt0026327/
tt0026329	https://www.imdb.com/title/tt0026329/
tt0026330	https://www.imdb.com/title/tt0026330/
tt0026332	https://www.imdb.com/title/tt0026332/
tt0026333	https://www.imdb.com/title/tt0026333/
tt0026334	https://www.imdb.com/title/tt0026334/
tt0026335	https://www.imdb.com/title/tt0026335/
tt0026336	https://www.imdb.com/title/tt0026336/
tt0026337	https://www.imdb.com/title/tt0026337/
tt0026338	https://www.imdb.com/title/tt0026338/
tt0026339	https://www.imdb.com/title/tt0026339/
tt0026343	https://www.imdb.com/title/tt0026343/
tt0026346	https://www.imdb.com/title/tt0026346/
tt0026347	https://www.imdb.com/title/tt0026347/
tt0026349	https://www.imdb.com/title/tt0026349/
tt0026351	https://www.imdb.com/title/tt0026351/
tt0026352	https://www.imdb.com/title/tt0026352/
tt0026353	https://www.imdb.com/title/tt0026353/
tt0026354	https://www.imdb.com/title/tt0026354/
tt0026355	https://www.imdb.com/title/tt0026355/
tt0026356	https://www.imdb.com/title/tt0026356/
tt0026357	https://www.imdb.com/title/tt0026357/
tt0026359	https://www.imdb.com/title/tt0026359/
tt0026360	https://www.imdb.com/title/tt0026360/
tt0026361	https://www.imdb.com/title/tt0026361/
tt0026363	https://www.imdb.com/title/tt0026363/
tt0026365	https://www.imdb.com/title/tt0026365/
tt0026366	https://www.imdb.com/title/tt0026366/
tt0026369	https://www.imdb.com/title/tt0026369/
tt0026373	https://www.imdb.com/title/tt0026373/
tt0026375	https://www.imdb.com/title/tt0026375/
tt0026376	https://www.imdb.com/title/tt0026376/
tt0026377	https://www.imdb.com/title/tt0026377/
tt0026378	https://www.imdb.com/title/tt0026378/
tt0026380	https://www.imdb.com/title/tt0026380/
tt0026381	https://www.imdb.com/title/tt0026381/
tt0026382	https://www.imdb.com/title/tt0026382/
tt0026384	https://www.imdb.com/title/tt0026384/
tt0026385	https://www.imdb.com/title/tt0026385/
tt0026386	https://www.imdb.com/title/tt0026386/
tt0026388	https://www.imdb.com/title/tt0026388/
tt0026390	https://www.imdb.com/title/tt0026390/
tt0026391	https://www.imdb.com/title/tt0026391/
tt0026393	https://www.imdb.com/title/tt0026393/
tt0026396	https://www.imdb.com/title/tt0026396/
tt0026397	https://www.imdb.com/title/tt0026397/
tt0026398	https://www.imdb.com/title/tt0026398/
tt0026400	https://www.imdb.com/title/tt0026400/
tt0026401	https://www.imdb.com/title/tt0026401/
tt0026402	https://www.imdb.com/title/tt0026402/
tt0026403	https://www.imdb.com/title/tt0026403/
tt0026404	https://www.imdb.com/title/tt0026404/
tt0026405	https://www.imdb.com/title/tt0026405/
tt0026406	https://www.imdb.com/title/tt0026406/
tt0026407	https://www.imdb.com/title/tt0026407/
tt0026408	https://www.imdb.com/title/tt0026408/
tt0026409	https://www.imdb.com/title/tt0026409/
tt0026410	https://www.imdb.com/title/tt0026410/
tt0026411	https://www.imdb.com/title/tt0026411/
tt0026412	https://www.imdb.com/title/tt0026412/
tt0026413	https://www.imdb.com/title/tt0026413/
tt0026416	https://www.imdb.com/title/tt0026416/
tt0026417	https://www.imdb.com/title/tt0026417/
tt0026418	https://www.imdb.com/title/tt0026418/
tt0026419	https://www.imdb.com/title/tt0026419/
tt0026420	https://www.imdb.com/title/tt0026420/
tt0026421	https://www.imdb.com/title/tt0026421/
tt0026424	https://www.imdb.com/title/tt0026424/
tt0026426	https://www.imdb.com/title/tt0026426/
tt0026428	https://www.imdb.com/title/tt0026428/
tt0026431	https://www.imdb.com/title/tt0026431/
tt0026432	https://www.imdb.com/title/tt0026432/
tt0026433	https://www.imdb.com/title/tt0026433/
tt0026435	https://www.imdb.com/title/tt0026435/
tt0026436	https://www.imdb.com/title/tt0026436/
tt0026437	https://www.imdb.com/title/tt0026437/
tt0026438	https://www.imdb.com/title/tt0026438/
tt0026440	https://www.imdb.com/title/tt0026440/
tt0026443	https://www.imdb.com/title/tt0026443/
tt0026444	https://www.imdb.com/title/tt0026444/
tt0026445	https://www.imdb.com/title/tt0026445/
tt0026446	https://www.imdb.com/title/tt0026446/
tt0026449	https://www.imdb.com/title/tt0026449/
tt0026450	https://www.imdb.com/title/tt0026450/
tt0026451	https://www.imdb.com/title/tt0026451/
tt0026452	https://www.imdb.com/title/tt0026452/
tt0026453	https://www.imdb.com/title/tt0026453/
tt0026454	https://www.imdb.com/title/tt0026454/
tt0026455	https://www.imdb.com/title/tt0026455/
tt0026456	https://www.imdb.com/title/tt0026456/
tt0026458	https://www.imdb.com/title/tt0026458/
tt0026459	https://www.imdb.com/title/tt0026459/
tt0026460	https://www.imdb.com/title/tt0026460/
tt0026461	https://www.imdb.com/title/tt0026461/
tt0026463	https://www.imdb.com/title/tt0026463/
tt0026464	https://www.imdb.com/title/tt0026464/
tt0026465	https://www.imdb.com/title/tt0026465/
tt0026466	https://www.imdb.com/title/tt0026466/
tt0026467	https://www.imdb.com/title/tt0026467/
tt0026469	https://www.imdb.com/title/tt0026469/
tt0026471	https://www.imdb.com/title/tt0026471/
tt0026472	https://www.imdb.com/title/tt0026472/
tt0026475	https://www.imdb.com/title/tt0026475/
tt0026477	https://www.imdb.com/title/tt0026477/
tt0026480	https://www.imdb.com/title/tt0026480/
tt0026483	https://www.imdb.com/title/tt0026483/
tt0026484	https://www.imdb.com/title/tt0026484/
tt0026485	https://www.imdb.com/title/tt0026485/
tt0026487	https://www.imdb.com/title/tt0026487/
tt0026488	https://www.imdb.com/title/tt0026488/
tt0026489	https://www.imdb.com/title/tt0026489/
tt0026490	https://www.imdb.com/title/tt0026490/
tt0026491	https://www.imdb.com/title/tt0026491/
tt0026492	https://www.imdb.com/title/tt0026492/
tt0026493	https://www.imdb.com/title/tt0026493/
tt0026495	https://www.imdb.com/title/tt0026495/
tt0026496	https://www.imdb.com/title/tt0026496/
tt0026498	https://www.imdb.com/title/tt0026498/
tt0026500	https://www.imdb.com/title/tt0026500/
tt0026502	https://www.imdb.com/title/tt0026502/
tt0026504	https://www.imdb.com/title/tt0026504/
tt0026507	https://www.imdb.com/title/tt0026507/
tt0026508	https://www.imdb.com/title/tt0026508/
tt0026509	https://www.imdb.com/title/tt0026509/
tt0026512	https://www.imdb.com/title/tt0026512/
tt0026514	https://www.imdb.com/title/tt0026514/
tt0026515	https://www.imdb.com/title/tt0026515/
tt0026516	https://www.imdb.com/title/tt0026516/
tt0026517	https://www.imdb.com/title/tt0026517/
tt0026518	https://www.imdb.com/title/tt0026518/
tt0026519	https://www.imdb.com/title/tt0026519/
tt0026520	https://www.imdb.com/title/tt0026520/
tt0026521	https://www.imdb.com/title/tt0026521/
tt0026523	https://www.imdb.com/title/tt0026523/
tt0026524	https://www.imdb.com/title/tt0026524/
tt0026525	https://www.imdb.com/title/tt0026525/
tt0026526	https://www.imdb.com/title/tt0026526/
tt0026529	https://www.imdb.com/title/tt0026529/
tt0026530	https://www.imdb.com/title/tt0026530/
tt0026531	https://www.imdb.com/title/tt0026531/
tt0026534	https://www.imdb.com/title/tt0026534/
tt0026535	https://www.imdb.com/title/tt0026535/
tt0026536	https://www.imdb.com/title/tt0026536/
tt0026538	https://www.imdb.com/title/tt0026538/
tt0026539	https://www.imdb.com/title/tt0026539/
tt0026540	https://www.imdb.com/title/tt0026540/
tt0026541	https://www.imdb.com/title/tt0026541/
tt0026542	https://www.imdb.com/title/tt0026542/
tt0026543	https://www.imdb.com/title/tt0026543/
tt0026544	https://www.imdb.com/title/tt0026544/
tt0026546	https://www.imdb.com/title/tt0026546/
tt0026548	https://www.imdb.com/title/tt0026548/
tt0026549	https://www.imdb.com/title/tt0026549/
tt0026551	https://www.imdb.com/title/tt0026551/
tt0026552	https://www.imdb.com/title/tt0026552/
tt0026554	https://www.imdb.com/title/tt0026554/
tt0026555	https://www.imdb.com/title/tt0026555/
tt0026556	https://www.imdb.com/title/tt0026556/
tt0026557	https://www.imdb.com/title/tt0026557/
tt0026558	https://www.imdb.com/title/tt0026558/
tt0026559	https://www.imdb.com/title/tt0026559/
tt0026561	https://www.imdb.com/title/tt0026561/
tt0026562	https://www.imdb.com/title/tt0026562/
tt0026563	https://www.imdb.com/title/tt0026563/
tt0026564	https://www.imdb.com/title/tt0026564/
tt0026566	https://www.imdb.com/title/tt0026566/
tt0026568	https://www.imdb.com/title/tt0026568/
tt0026570	https://www.imdb.com/title/tt0026570/
tt0026572	https://www.imdb.com/title/tt0026572/
tt0026575	https://www.imdb.com/title/tt0026575/
tt0026576	https://www.imdb.com/title/tt0026576/
tt0026578	https://www.imdb.com/title/tt0026578/
tt0026579	https://www.imdb.com/title/tt0026579/
tt0026581	https://www.imdb.com/title/tt0026581/
tt0026582	https://www.imdb.com/title/tt0026582/
tt0026583	https://www.imdb.com/title/tt0026583/
tt0026584	https://www.imdb.com/title/tt0026584/
tt0026585	https://www.imdb.com/title/tt0026585/
tt0026586	https://www.imdb.com/title/tt0026586/
tt0026587	https://www.imdb.com/title/tt0026587/
tt0026588	https://www.imdb.com/title/tt0026588/
tt0026589	https://www.imdb.com/title/tt0026589/
tt0026591	https://www.imdb.com/title/tt0026591/
tt0026592	https://www.imdb.com/title/tt0026592/
tt0026593	https://www.imdb.com/title/tt0026593/
tt0026594	https://www.imdb.com/title/tt0026594/
tt0026595	https://www.imdb.com/title/tt0026595/
tt0026596	https://www.imdb.com/title/tt0026596/
tt0026599	https://www.imdb.com/title/tt0026599/
tt0026600	https://www.imdb.com/title/tt0026600/
tt0026602	https://www.imdb.com/title/tt0026602/
tt0026603	https://www.imdb.com/title/tt0026603/
tt0026604	https://www.imdb.com/title/tt0026604/
tt0026605	https://www.imdb.com/title/tt0026605/
tt0026606	https://www.imdb.com/title/tt0026606/
tt0026607	https://www.imdb.com/title/tt0026607/
tt0026608	https://www.imdb.com/title/tt0026608/
tt0026609	https://www.imdb.com/title/tt0026609/
tt0026610	https://www.imdb.com/title/tt0026610/
tt0026611	https://www.imdb.com/title/tt0026611/
tt0026612	https://www.imdb.com/title/tt0026612/
tt0026613	https://www.imdb.com/title/tt0026613/
tt0026614	https://www.imdb.com/title/tt0026614/
tt0026615	https://www.imdb.com/title/tt0026615/
tt0026616	https://www.imdb.com/title/tt0026616/
tt0026618	https://www.imdb.com/title/tt0026618/
tt0026619	https://www.imdb.com/title/tt0026619/
tt0026620	https://www.imdb.com/title/tt0026620/
tt0026621	https://www.imdb.com/title/tt0026621/
tt0026623	https://www.imdb.com/title/tt0026623/
tt0026626	https://www.imdb.com/title/tt0026626/
tt0026627	https://www.imdb.com/title/tt0026627/
tt0026628	https://www.imdb.com/title/tt0026628/
tt0026629	https://www.imdb.com/title/tt0026629/
tt0026631	https://www.imdb.com/title/tt0026631/
tt0026632	https://www.imdb.com/title/tt0026632/
tt0026637	https://www.imdb.com/title/tt0026637/
tt0026641	https://www.imdb.com/title/tt0026641/
tt0026643	https://www.imdb.com/title/tt0026643/
tt0026644	https://www.imdb.com/title/tt0026644/
tt0026645	https://www.imdb.com/title/tt0026645/
tt0026646	https://www.imdb.com/title/tt0026646/
tt0026647	https://www.imdb.com/title/tt0026647/
tt0026648	https://www.imdb.com/title/tt0026648/
tt0026650	https://www.imdb.com/title/tt0026650/
tt0026653	https://www.imdb.com/title/tt0026653/
tt0026654	https://www.imdb.com/title/tt0026654/
tt0026655	https://www.imdb.com/title/tt0026655/
tt0026656	https://www.imdb.com/title/tt0026656/
tt0026657	https://www.imdb.com/title/tt0026657/
tt0026658	https://www.imdb.com/title/tt0026658/
tt0026660	https://www.imdb.com/title/tt0026660/
tt0026661	https://www.imdb.com/title/tt0026661/
tt0026662	https://www.imdb.com/title/tt0026662/
tt0026663	https://www.imdb.com/title/tt0026663/
tt0026666	https://www.imdb.com/title/tt0026666/
tt0026667	https://www.imdb.com/title/tt0026667/
tt0026668	https://www.imdb.com/title/tt0026668/
tt0026670	https://www.imdb.com/title/tt0026670/
tt0026671	https://www.imdb.com/title/tt0026671/
tt0026672	https://www.imdb.com/title/tt0026672/
tt0026673	https://www.imdb.com/title/tt0026673/
tt0026674	https://www.imdb.com/title/tt0026674/
tt0026675	https://www.imdb.com/title/tt0026675/
tt0026676	https://www.imdb.com/title/tt0026676/
tt0026677	https://www.imdb.com/title/tt0026677/
tt0026679	https://www.imdb.com/title/tt0026679/
tt0026680	https://www.imdb.com/title/tt0026680/
tt0026681	https://www.imdb.com/title/tt0026681/
tt0026682	https://www.imdb.com/title/tt0026682/
tt0026685	https://www.imdb.com/title/tt0026685/
tt0026686	https://www.imdb.com/title/tt0026686/
tt0026687	https://www.imdb.com/title/tt0026687/
tt0026688	https://www.imdb.com/title/tt0026688/
tt0026689	https://www.imdb.com/title/tt0026689/
tt0026691	https://www.imdb.com/title/tt0026691/
tt0026692	https://www.imdb.com/title/tt0026692/
tt0026693	https://www.imdb.com/title/tt0026693/
tt0026694	https://www.imdb.com/title/tt0026694/
tt0026695	https://www.imdb.com/title/tt0026695/
tt0026696	https://www.imdb.com/title/tt0026696/
tt0026697	https://www.imdb.com/title/tt0026697/
tt0026699	https://www.imdb.com/title/tt0026699/
tt0026700	https://www.imdb.com/title/tt0026700/
tt0026701	https://www.imdb.com/title/tt0026701/
tt0026703	https://www.imdb.com/title/tt0026703/
tt0026705	https://www.imdb.com/title/tt0026705/
tt0026711	https://www.imdb.com/title/tt0026711/
tt0026712	https://www.imdb.com/title/tt0026712/
tt0026713	https://www.imdb.com/title/tt0026713/
tt0026714	https://www.imdb.com/title/tt0026714/
tt0026716	https://www.imdb.com/title/tt0026716/
tt0026718	https://www.imdb.com/title/tt0026718/
tt0026720	https://www.imdb.com/title/tt0026720/
tt0026721	https://www.imdb.com/title/tt0026721/
tt0026723	https://www.imdb.com/title/tt0026723/
tt0026724	https://www.imdb.com/title/tt0026724/
tt0026725	https://www.imdb.com/title/tt0026725/
tt0026727	https://www.imdb.com/title/tt0026727/
tt0026730	https://www.imdb.com/title/tt0026730/
tt0026731	https://www.imdb.com/title/tt0026731/
tt0026732	https://www.imdb.com/title/tt0026732/
tt0026734	https://www.imdb.com/title/tt0026734/
tt0026737	https://www.imdb.com/title/tt0026737/
tt0026739	https://www.imdb.com/title/tt0026739/
tt0026740	https://www.imdb.com/title/tt0026740/
tt0026741	https://www.imdb.com/title/tt0026741/
tt0026742	https://www.imdb.com/title/tt0026742/
tt0026743	https://www.imdb.com/title/tt0026743/
tt0026744	https://www.imdb.com/title/tt0026744/
tt0026747	https://www.imdb.com/title/tt0026747/
tt0026750	https://www.imdb.com/title/tt0026750/
tt0026751	https://www.imdb.com/title/tt0026751/
tt0026752	https://www.imdb.com/title/tt0026752/
tt0026754	https://www.imdb.com/title/tt0026754/
tt0026756	https://www.imdb.com/title/tt0026756/
tt0026757	https://www.imdb.com/title/tt0026757/
tt0026758	https://www.imdb.com/title/tt0026758/
tt0026759	https://www.imdb.com/title/tt0026759/
tt0026760	https://www.imdb.com/title/tt0026760/
tt0026761	https://www.imdb.com/title/tt0026761/
tt0026762	https://www.imdb.com/title/tt0026762/
tt0026763	https://www.imdb.com/title/tt0026763/
tt0026764	https://www.imdb.com/title/tt0026764/
tt0026766	https://www.imdb.com/title/tt0026766/
tt0026767	https://www.imdb.com/title/tt0026767/
tt0026768	https://www.imdb.com/title/tt0026768/
tt0026769	https://www.imdb.com/title/tt0026769/
tt0026770	https://www.imdb.com/title/tt0026770/
tt0026771	https://www.imdb.com/title/tt0026771/
tt0026772	https://www.imdb.com/title/tt0026772/
tt0026773	https://www.imdb.com/title/tt0026773/
tt0026774	https://www.imdb.com/title/tt0026774/
tt0026775	https://www.imdb.com/title/tt0026775/
tt0026776	https://www.imdb.com/title/tt0026776/
tt0026778	https://www.imdb.com/title/tt0026778/
tt0026779	https://www.imdb.com/title/tt0026779/
tt0026781	https://www.imdb.com/title/tt0026781/
tt0026784	https://www.imdb.com/title/tt0026784/
tt0026785	https://www.imdb.com/title/tt0026785/
tt0026786	https://www.imdb.com/title/tt0026786/
tt0026787	https://www.imdb.com/title/tt0026787/
tt0026789	https://www.imdb.com/title/tt0026789/
tt0026790	https://www.imdb.com/title/tt0026790/
tt0026791	https://www.imdb.com/title/tt0026791/
tt0026792	https://www.imdb.com/title/tt0026792/
tt0026793	https://www.imdb.com/title/tt0026793/
tt0026794	https://www.imdb.com/title/tt0026794/
tt0026797	https://www.imdb.com/title/tt0026797/
tt0026799	https://www.imdb.com/title/tt0026799/
tt0026800	https://www.imdb.com/title/tt0026800/
tt0026804	https://www.imdb.com/title/tt0026804/
tt0026805	https://www.imdb.com/title/tt0026805/
tt0026807	https://www.imdb.com/title/tt0026807/
tt0026808	https://www.imdb.com/title/tt0026808/
tt0026810	https://www.imdb.com/title/tt0026810/
tt0026811	https://www.imdb.com/title/tt0026811/
tt0026814	https://www.imdb.com/title/tt0026814/
tt0026817	https://www.imdb.com/title/tt0026817/
tt0026819	https://www.imdb.com/title/tt0026819/
tt0026822	https://www.imdb.com/title/tt0026822/
tt0026823	https://www.imdb.com/title/tt0026823/
tt0026825	https://www.imdb.com/title/tt0026825/
tt0026826	https://www.imdb.com/title/tt0026826/
tt0026827	https://www.imdb.com/title/tt0026827/
tt0026829	https://www.imdb.com/title/tt0026829/
tt0026830	https://www.imdb.com/title/tt0026830/
tt0026831	https://www.imdb.com/title/tt0026831/
tt0026835	https://www.imdb.com/title/tt0026835/
tt0026836	https://www.imdb.com/title/tt0026836/
tt0026837	https://www.imdb.com/title/tt0026837/
tt0026838	https://www.imdb.com/title/tt0026838/
tt0026840	https://www.imdb.com/title/tt0026840/
tt0026843	https://www.imdb.com/title/tt0026843/
tt0026846	https://www.imdb.com/title/tt0026846/
tt0026847	https://www.imdb.com/title/tt0026847/
tt0026849	https://www.imdb.com/title/tt0026849/
tt0026852	https://www.imdb.com/title/tt0026852/
tt0026853	https://www.imdb.com/title/tt0026853/
tt0026854	https://www.imdb.com/title/tt0026854/
tt0026855	https://www.imdb.com/title/tt0026855/
tt0026856	https://www.imdb.com/title/tt0026856/
tt0026857	https://www.imdb.com/title/tt0026857/
tt0026858	https://www.imdb.com/title/tt0026858/
tt0026859	https://www.imdb.com/title/tt0026859/
tt0026860	https://www.imdb.com/title/tt0026860/
tt0026861	https://www.imdb.com/title/tt0026861/
tt0026862	https://www.imdb.com/title/tt0026862/
tt0026863	https://www.imdb.com/title/tt0026863/
tt0026864	https://www.imdb.com/title/tt0026864/
tt0026865	https://www.imdb.com/title/tt0026865/
tt0026866	https://www.imdb.com/title/tt0026866/
tt0026867	https://www.imdb.com/title/tt0026867/
tt0026868	https://www.imdb.com/title/tt0026868/
tt0026876	https://www.imdb.com/title/tt0026876/
tt0026883	https://www.imdb.com/title/tt0026883/
tt0026884	https://www.imdb.com/title/tt0026884/
tt0026885	https://www.imdb.com/title/tt0026885/
tt0026886	https://www.imdb.com/title/tt0026886/
tt0026887	https://www.imdb.com/title/tt0026887/
tt0026889	https://www.imdb.com/title/tt0026889/
tt0026890	https://www.imdb.com/title/tt0026890/
tt0026891	https://www.imdb.com/title/tt0026891/
tt0026892	https://www.imdb.com/title/tt0026892/
tt0026893	https://www.imdb.com/title/tt0026893/
tt0026895	https://www.imdb.com/title/tt0026895/
tt0026896	https://www.imdb.com/title/tt0026896/
tt0026897	https://www.imdb.com/title/tt0026897/
tt0026898	https://www.imdb.com/title/tt0026898/
tt0026899	https://www.imdb.com/title/tt0026899/
tt0026900	https://www.imdb.com/title/tt0026900/
tt0026901	https://www.imdb.com/title/tt0026901/
tt0026903	https://www.imdb.com/title/tt0026903/
tt0026904	https://www.imdb.com/title/tt0026904/
tt0026907	https://www.imdb.com/title/tt0026907/
tt0026908	https://www.imdb.com/title/tt0026908/
tt0026909	https://www.imdb.com/title/tt0026909/
tt0026910	https://www.imdb.com/title/tt0026910/
tt0026911	https://www.imdb.com/title/tt0026911/
tt0026912	https://www.imdb.com/title/tt0026912/
tt0026914	https://www.imdb.com/title/tt0026914/
tt0026915	https://www.imdb.com/title/tt0026915/
tt0026916	https://www.imdb.com/title/tt0026916/
tt0026917	https://www.imdb.com/title/tt0026917/
tt0026919	https://www.imdb.com/title/tt0026919/
tt0026920	https://www.imdb.com/title/tt0026920/
tt0026921	https://www.imdb.com/title/tt0026921/
tt0026922	https://www.imdb.com/title/tt0026922/
tt0026923	https://www.imdb.com/title/tt0026923/
tt0026924	https://www.imdb.com/title/tt0026924/
tt0026926	https://www.imdb.com/title/tt0026926/
tt0026929	https://www.imdb.com/title/tt0026929/
tt0026931	https://www.imdb.com/title/tt0026931/
tt0026932	https://www.imdb.com/title/tt0026932/
tt0026933	https://www.imdb.com/title/tt0026933/
tt0026934	https://www.imdb.com/title/tt0026934/
tt0026935	https://www.imdb.com/title/tt0026935/
tt0026937	https://www.imdb.com/title/tt0026937/
tt0026938	https://www.imdb.com/title/tt0026938/
tt0026939	https://www.imdb.com/title/tt0026939/
tt0026940	https://www.imdb.com/title/tt0026940/
tt0026942	https://www.imdb.com/title/tt0026942/
tt0026943	https://www.imdb.com/title/tt0026943/
tt0026950	https://www.imdb.com/title/tt0026950/
tt0026951	https://www.imdb.com/title/tt0026951/
tt0026952	https://www.imdb.com/title/tt0026952/
tt0026953	https://www.imdb.com/title/tt0026953/
tt0026955	https://www.imdb.com/title/tt0026955/
tt0026956	https://www.imdb.com/title/tt0026956/
tt0026957	https://www.imdb.com/title/tt0026957/
tt0026959	https://www.imdb.com/title/tt0026959/
tt0026960	https://www.imdb.com/title/tt0026960/
tt0026962	https://www.imdb.com/title/tt0026962/
tt0026963	https://www.imdb.com/title/tt0026963/
tt0026966	https://www.imdb.com/title/tt0026966/
tt0026968	https://www.imdb.com/title/tt0026968/
tt0026970	https://www.imdb.com/title/tt0026970/
tt0026971	https://www.imdb.com/title/tt0026971/
tt0026972	https://www.imdb.com/title/tt0026972/
tt0026975	https://www.imdb.com/title/tt0026975/
tt0026976	https://www.imdb.com/title/tt0026976/
tt0026977	https://www.imdb.com/title/tt0026977/
tt0026978	https://www.imdb.com/title/tt0026978/
tt0026980	https://www.imdb.com/title/tt0026980/
tt0026981	https://www.imdb.com/title/tt0026981/
tt0026982	https://www.imdb.com/title/tt0026982/
tt0026983	https://www.imdb.com/title/tt0026983/
tt0026984	https://www.imdb.com/title/tt0026984/
tt0026985	https://www.imdb.com/title/tt0026985/
tt0026986	https://www.imdb.com/title/tt0026986/
tt0026987	https://www.imdb.com/title/tt0026987/
tt0026988	https://www.imdb.com/title/tt0026988/
tt0026989	https://www.imdb.com/title/tt0026989/
tt0026990	https://www.imdb.com/title/tt0026990/
tt0026991	https://www.imdb.com/title/tt0026991/
tt0026992	https://www.imdb.com/title/tt0026992/
tt0026993	https://www.imdb.com/title/tt0026993/
tt0026996	https://www.imdb.com/title/tt0026996/
tt0026997	https://www.imdb.com/title/tt0026997/
tt0026998	https://www.imdb.com/title/tt0026998/
tt0026999	https://www.imdb.com/title/tt0026999/
tt0027006	https://www.imdb.com/title/tt0027006/
tt0027007	https://www.imdb.com/title/tt0027007/
tt0027008	https://www.imdb.com/title/tt0027008/
tt0027009	https://www.imdb.com/title/tt0027009/
tt0027012	https://www.imdb.com/title/tt0027012/
tt0027013	https://www.imdb.com/title/tt0027013/
tt0027015	https://www.imdb.com/title/tt0027015/
tt0027016	https://www.imdb.com/title/tt0027016/
tt0027018	https://www.imdb.com/title/tt0027018/
tt0027019	https://www.imdb.com/title/tt0027019/
tt0027020	https://www.imdb.com/title/tt0027020/
tt0027021	https://www.imdb.com/title/tt0027021/
tt0027023	https://www.imdb.com/title/tt0027023/
tt0027024	https://www.imdb.com/title/tt0027024/
tt0027028	https://www.imdb.com/title/tt0027028/
tt0027029	https://www.imdb.com/title/tt0027029/
tt0027030	https://www.imdb.com/title/tt0027030/
tt0027033	https://www.imdb.com/title/tt0027033/
tt0027034	https://www.imdb.com/title/tt0027034/
tt0027036	https://www.imdb.com/title/tt0027036/
tt0027037	https://www.imdb.com/title/tt0027037/
tt0027038	https://www.imdb.com/title/tt0027038/
tt0027040	https://www.imdb.com/title/tt0027040/
tt0027041	https://www.imdb.com/title/tt0027041/
tt0027042	https://www.imdb.com/title/tt0027042/
tt0027043	https://www.imdb.com/title/tt0027043/
tt0027044	https://www.imdb.com/title/tt0027044/
tt0027046	https://www.imdb.com/title/tt0027046/
tt0027047	https://www.imdb.com/title/tt0027047/
tt0027048	https://www.imdb.com/title/tt0027048/
tt0027049	https://www.imdb.com/title/tt0027049/
tt0027050	https://www.imdb.com/title/tt0027050/
tt0027052	https://www.imdb.com/title/tt0027052/
tt0027053	https://www.imdb.com/title/tt0027053/
tt0027054	https://www.imdb.com/title/tt0027054/
tt0027055	https://www.imdb.com/title/tt0027055/
tt0027056	https://www.imdb.com/title/tt0027056/
tt0027057	https://www.imdb.com/title/tt0027057/
tt0027058	https://www.imdb.com/title/tt0027058/
tt0027060	https://www.imdb.com/title/tt0027060/
tt0027062	https://www.imdb.com/title/tt0027062/
tt0027063	https://www.imdb.com/title/tt0027063/
tt0027064	https://www.imdb.com/title/tt0027064/
tt0027065	https://www.imdb.com/title/tt0027065/
tt0027066	https://www.imdb.com/title/tt0027066/
tt0027067	https://www.imdb.com/title/tt0027067/
tt0027069	https://www.imdb.com/title/tt0027069/
tt0027071	https://www.imdb.com/title/tt0027071/
tt0027072	https://www.imdb.com/title/tt0027072/
tt0027075	https://www.imdb.com/title/tt0027075/
tt0027076	https://www.imdb.com/title/tt0027076/
tt0027077	https://www.imdb.com/title/tt0027077/
tt0027082	https://www.imdb.com/title/tt0027082/
tt0027083	https://www.imdb.com/title/tt0027083/
tt0027085	https://www.imdb.com/title/tt0027085/
tt0027086	https://www.imdb.com/title/tt0027086/
tt0027087	https://www.imdb.com/title/tt0027087/
tt0027088	https://www.imdb.com/title/tt0027088/
tt0027090	https://www.imdb.com/title/tt0027090/
tt0027093	https://www.imdb.com/title/tt0027093/
tt0027096	https://www.imdb.com/title/tt0027096/
tt0027099	https://www.imdb.com/title/tt0027099/
tt0027101	https://www.imdb.com/title/tt0027101/
tt0027103	https://www.imdb.com/title/tt0027103/
tt0027104	https://www.imdb.com/title/tt0027104/
tt0027105	https://www.imdb.com/title/tt0027105/
tt0027108	https://www.imdb.com/title/tt0027108/
tt0027110	https://www.imdb.com/title/tt0027110/
tt0027114	https://www.imdb.com/title/tt0027114/
tt0027115	https://www.imdb.com/title/tt0027115/
tt0027116	https://www.imdb.com/title/tt0027116/
tt0027117	https://www.imdb.com/title/tt0027117/
tt0027118	https://www.imdb.com/title/tt0027118/
tt0027120	https://www.imdb.com/title/tt0027120/
tt0027122	https://www.imdb.com/title/tt0027122/
tt0027125	https://www.imdb.com/title/tt0027125/
tt0027127	https://www.imdb.com/title/tt0027127/
tt0027128	https://www.imdb.com/title/tt0027128/
tt0027129	https://www.imdb.com/title/tt0027129/
tt0027130	https://www.imdb.com/title/tt0027130/
tt0027131	https://www.imdb.com/title/tt0027131/
tt0027132	https://www.imdb.com/title/tt0027132/
tt0027133	https://www.imdb.com/title/tt0027133/
tt0027135	https://www.imdb.com/title/tt0027135/
tt0027136	https://www.imdb.com/title/tt0027136/
tt0027137	https://www.imdb.com/title/tt0027137/
tt0027138	https://www.imdb.com/title/tt0027138/
tt0027139	https://www.imdb.com/title/tt0027139/
tt0027140	https://www.imdb.com/title/tt0027140/
tt0027142	https://www.imdb.com/title/tt0027142/
tt0027145	https://www.imdb.com/title/tt0027145/
tt0027146	https://www.imdb.com/title/tt0027146/
tt0027147	https://www.imdb.com/title/tt0027147/
tt0027148	https://www.imdb.com/title/tt0027148/
tt0027149	https://www.imdb.com/title/tt0027149/
tt0027153	https://www.imdb.com/title/tt0027153/
tt0027154	https://www.imdb.com/title/tt0027154/
tt0027155	https://www.imdb.com/title/tt0027155/
tt0027156	https://www.imdb.com/title/tt0027156/
tt0027159	https://www.imdb.com/title/tt0027159/
tt0027160	https://www.imdb.com/title/tt0027160/
tt0027161	https://www.imdb.com/title/tt0027161/
tt0027162	https://www.imdb.com/title/tt0027162/
tt0027163	https://www.imdb.com/title/tt0027163/
tt0027164	https://www.imdb.com/title/tt0027164/
tt0027165	https://www.imdb.com/title/tt0027165/
tt0027166	https://www.imdb.com/title/tt0027166/
tt0027167	https://www.imdb.com/title/tt0027167/
tt0027168	https://www.imdb.com/title/tt0027168/
tt0027169	https://www.imdb.com/title/tt0027169/
tt0027171	https://www.imdb.com/title/tt0027171/
tt0027172	https://www.imdb.com/title/tt0027172/
tt0027173	https://www.imdb.com/title/tt0027173/
tt0027174	https://www.imdb.com/title/tt0027174/
tt0027175	https://www.imdb.com/title/tt0027175/
tt0027176	https://www.imdb.com/title/tt0027176/
tt0027177	https://www.imdb.com/title/tt0027177/
tt0027178	https://www.imdb.com/title/tt0027178/
tt0027179	https://www.imdb.com/title/tt0027179/
tt0027180	https://www.imdb.com/title/tt0027180/
tt0027181	https://www.imdb.com/title/tt0027181/
tt0027182	https://www.imdb.com/title/tt0027182/
tt0027184	https://www.imdb.com/title/tt0027184/
tt0027185	https://www.imdb.com/title/tt0027185/
tt0027187	https://www.imdb.com/title/tt0027187/
tt0027188	https://www.imdb.com/title/tt0027188/
tt0027189	https://www.imdb.com/title/tt0027189/
tt0027191	https://www.imdb.com/title/tt0027191/
tt0027192	https://www.imdb.com/title/tt0027192/
tt0027193	https://www.imdb.com/title/tt0027193/
tt0027194	https://www.imdb.com/title/tt0027194/
tt0027195	https://www.imdb.com/title/tt0027195/
tt0027196	https://www.imdb.com/title/tt0027196/
tt0027197	https://www.imdb.com/title/tt0027197/
tt0027198	https://www.imdb.com/title/tt0027198/
tt0027200	https://www.imdb.com/title/tt0027200/
tt0027201	https://www.imdb.com/title/tt0027201/
tt0027202	https://www.imdb.com/title/tt0027202/
tt0027204	https://www.imdb.com/title/tt0027204/
tt0027205	https://www.imdb.com/title/tt0027205/
tt0027206	https://www.imdb.com/title/tt0027206/
tt0027207	https://www.imdb.com/title/tt0027207/
tt0027210	https://www.imdb.com/title/tt0027210/
tt0027211	https://www.imdb.com/title/tt0027211/
tt0027213	https://www.imdb.com/title/tt0027213/
tt0027214	https://www.imdb.com/title/tt0027214/
tt0027215	https://www.imdb.com/title/tt0027215/
tt0027216	https://www.imdb.com/title/tt0027216/
tt0027217	https://www.imdb.com/title/tt0027217/
tt0027218	https://www.imdb.com/title/tt0027218/
tt0027219	https://www.imdb.com/title/tt0027219/
tt0027221	https://www.imdb.com/title/tt0027221/
tt0027222	https://www.imdb.com/title/tt0027222/
tt0027223	https://www.imdb.com/title/tt0027223/
tt0027224	https://www.imdb.com/title/tt0027224/
tt0027225	https://www.imdb.com/title/tt0027225/
tt0027227	https://www.imdb.com/title/tt0027227/
tt0027228	https://www.imdb.com/title/tt0027228/
tt0027229	https://www.imdb.com/title/tt0027229/
tt0027234	https://www.imdb.com/title/tt0027234/
tt0027235	https://www.imdb.com/title/tt0027235/
tt0027236	https://www.imdb.com/title/tt0027236/
tt0027237	https://www.imdb.com/title/tt0027237/
tt0027238	https://www.imdb.com/title/tt0027238/
tt0027239	https://www.imdb.com/title/tt0027239/
tt0027241	https://www.imdb.com/title/tt0027241/
tt0027242	https://www.imdb.com/title/tt0027242/
tt0027243	https://www.imdb.com/title/tt0027243/
tt0027244	https://www.imdb.com/title/tt0027244/
tt0027292	https://www.imdb.com/title/tt0027292/
tt0027332	https://www.imdb.com/title/tt0027332/
tt0027335	https://www.imdb.com/title/tt0027335/
tt0027363	https://www.imdb.com/title/tt0027363/
tt0027405	https://www.imdb.com/title/tt0027405/
tt0027442	https://www.imdb.com/title/tt0027442/
tt0027457	https://www.imdb.com/title/tt0027457/
tt0027479	https://www.imdb.com/title/tt0027479/
tt0027494	https://www.imdb.com/title/tt0027494/
tt0027503	https://www.imdb.com/title/tt0027503/
tt0027504	https://www.imdb.com/title/tt0027504/
tt0027505	https://www.imdb.com/title/tt0027505/
tt0027592	https://www.imdb.com/title/tt0027592/
tt0027634	https://www.imdb.com/title/tt0027634/
tt0027645	https://www.imdb.com/title/tt0027645/
tt0027647	https://www.imdb.com/title/tt0027647/
tt0027662	https://www.imdb.com/title/tt0027662/
tt0027728	https://www.imdb.com/title/tt0027728/
tt0027733	https://www.imdb.com/title/tt0027733/
tt0027738	https://www.imdb.com/title/tt0027738/
tt0027739	https://www.imdb.com/title/tt0027739/
tt0027747	https://www.imdb.com/title/tt0027747/
tt0027750	https://www.imdb.com/title/tt0027750/
tt0027800	https://www.imdb.com/title/tt0027800/
tt0027801	https://www.imdb.com/title/tt0027801/
tt0027812	https://www.imdb.com/title/tt0027812/
tt0027832	https://www.imdb.com/title/tt0027832/
tt0027845	https://www.imdb.com/title/tt0027845/
tt0027858	https://www.imdb.com/title/tt0027858/
tt0027867	https://www.imdb.com/title/tt0027867/
tt0027950	https://www.imdb.com/title/tt0027950/
tt0027971	https://www.imdb.com/title/tt0027971/
tt0027981	https://www.imdb.com/title/tt0027981/
tt0027995	https://www.imdb.com/title/tt0027995/
tt0028026	https://www.imdb.com/title/tt0028026/
tt0028060	https://www.imdb.com/title/tt0028060/
tt0028074	https://www.imdb.com/title/tt0028074/
tt0028143	https://www.imdb.com/title/tt0028143/
tt0028204	https://www.imdb.com/title/tt0028204/
tt0028205	https://www.imdb.com/title/tt0028205/
tt0028213	https://www.imdb.com/title/tt0028213/
tt0028221	https://www.imdb.com/title/tt0028221/
tt0028230	https://www.imdb.com/title/tt0028230/
tt0028258	https://www.imdb.com/title/tt0028258/
tt0028281	https://www.imdb.com/title/tt0028281/
tt0028287	https://www.imdb.com/title/tt0028287/
tt0028312	https://www.imdb.com/title/tt0028312/
tt0028324	https://www.imdb.com/title/tt0028324/
tt0028332	https://www.imdb.com/title/tt0028332/
tt0028344	https://www.imdb.com/title/tt0028344/
tt0028362	https://www.imdb.com/title/tt0028362/
tt0028379	https://www.imdb.com/title/tt0028379/
tt0028382	https://www.imdb.com/title/tt0028382/
tt0028393	https://www.imdb.com/title/tt0028393/
tt0028412	https://www.imdb.com/title/tt0028412/
tt0028524	https://www.imdb.com/title/tt0028524/
tt0029088	https://www.imdb.com/title/tt0029088/
tt0029256	https://www.imdb.com/title/tt0029256/
tt0029544	https://www.imdb.com/title/tt0029544/
tt0029550	https://www.imdb.com/title/tt0029550/
tt0029817	https://www.imdb.com/title/tt0029817/
tt0029846	https://www.imdb.com/title/tt0029846/
tt0030121	https://www.imdb.com/title/tt0030121/
tt0030360	https://www.imdb.com/title/tt0030360/
tt0030951	https://www.imdb.com/title/tt0030951/
tt0031520	https://www.imdb.com/title/tt0031520/
tt0032306	https://www.imdb.com/title/tt0032306/
tt0032875	https://www.imdb.com/title/tt0032875/
tt0032899	https://www.imdb.com/title/tt0032899/
tt0033087	https://www.imdb.com/title/tt0033087/
tt0045322	https://www.imdb.com/title/tt0045322/
tt0121180	https://www.imdb.com/title/tt0121180/
tt0121767	https://www.imdb.com/title/tt0121767/
tt0122036	https://www.imdb.com/title/tt0122036/
tt0122063	https://www.imdb.com/title/tt0122063/
tt0124004	https://www.imdb.com/title/tt0124004/
tt0124223	https://www.imdb.com/title/tt0124223/
tt0124289	https://www.imdb.com/title/tt0124289/
tt0124925	https://www.imdb.com/title/tt0124925/
tt0125134	https://www.imdb.com/title/tt0125134/
tt0125467	https://www.imdb.com/title/tt0125467/
tt0125701	https://www.imdb.com/title/tt0125701/
tt0125744	https://www.imdb.com/title/tt0125744/
tt0126328	https://www.imdb.com/title/tt0126328/
tt0126381	https://www.imdb.com/title/tt0126381/
tt0126645	https://www.imdb.com/title/tt0126645/
tt0126907	https://www.imdb.com/title/tt0126907/
tt0126937	https://www.imdb.com/title/tt0126937/
tt0127208	https://www.imdb.com/title/tt0127208/
tt0127428	https://www.imdb.com/title/tt0127428/
tt0127656	https://www.imdb.com/title/tt0127656/
tt0128310	https://www.imdb.com/title/tt0128310/
tt0128380	https://www.imdb.com/title/tt0128380/
tt0128455	https://www.imdb.com/title/tt0128455/
tt0128731	https://www.imdb.com/title/tt0128731/
tt0128910	https://www.imdb.com/title/tt0128910/
tt0128923	https://www.imdb.com/title/tt0128923/
tt0128993	https://www.imdb.com/title/tt0128993/
tt0129016	https://www.imdb.com/title/tt0129016/
tt0129037	https://www.imdb.com/title/tt0129037/
tt0129196	https://www.imdb.com/title/tt0129196/
tt0129356	https://www.imdb.com/title/tt0129356/
tt0129455	https://www.imdb.com/title/tt0129455/
tt0129753	https://www.imdb.com/title/tt0129753/
tt0129767	https://www.imdb.com/title/tt0129767/
tt0129972	https://www.imdb.com/title/tt0129972/
tt0130077	https://www.imdb.com/title/tt0130077/
tt0130085	https://www.imdb.com/title/tt0130085/
tt0130240	https://www.imdb.com/title/tt0130240/
tt0131809	https://www.imdb.com/title/tt0131809/
tt0132001	https://www.imdb.com/title/tt0132001/
tt0132068	https://www.imdb.com/title/tt0132068/
tt0132238	https://www.imdb.com/title/tt0132238/
tt0132330	https://www.imdb.com/title/tt0132330/
tt0132900	https://www.imdb.com/title/tt0132900/
tt0132929	https://www.imdb.com/title/tt0132929/
tt0133177	https://www.imdb.com/title/tt0133177/
tt0133358	https://www.imdb.com/title/tt0133358/
tt0134075	https://www.imdb.com/title/tt0134075/
tt0134135	https://www.imdb.com/title/tt0134135/
tt0135562	https://www.imdb.com/title/tt0135562/
tt0135809	https://www.imdb.com/title/tt0135809/
tt0136252	https://www.imdb.com/title/tt0136252/
tt0136492	https://www.imdb.com/title/tt0136492/
tt0137193	https://www.imdb.com/title/tt0137193/
tt0137867	https://www.imdb.com/title/tt0137867/
tt0137893	https://www.imdb.com/title/tt0137893/
tt0138186	https://www.imdb.com/title/tt0138186/
tt0138565	https://www.imdb.com/title/tt0138565/
tt0138754	https://www.imdb.com/title/tt0138754/
tt0139117	https://www.imdb.com/title/tt0139117/
tt0139121	https://www.imdb.com/title/tt0139121/
tt0139360	https://www.imdb.com/title/tt0139360/
tt0139427	https://www.imdb.com/title/tt0139427/
tt0139592	https://www.imdb.com/title/tt0139592/
tt0139723	https://www.imdb.com/title/tt0139723/
tt0139878	https://www.imdb.com/title/tt0139878/
tt0140027	https://www.imdb.com/title/tt0140027/
tt0140135	https://www.imdb.com/title/tt0140135/
tt0140548	https://www.imdb.com/title/tt0140548/
tt0140622	https://www.imdb.com/title/tt0140622/
tt0140625	https://www.imdb.com/title/tt0140625/
tt0140680	https://www.imdb.com/title/tt0140680/
tt0140915	https://www.imdb.com/title/tt0140915/
tt0141126	https://www.imdb.com/title/tt0141126/
tt0141753	https://www.imdb.com/title/tt0141753/
tt0141764	https://www.imdb.com/title/tt0141764/
tt0141765	https://www.imdb.com/title/tt0141765/
tt0141766	https://www.imdb.com/title/tt0141766/
tt0141994	https://www.imdb.com/title/tt0141994/
tt0142064	https://www.imdb.com/title/tt0142064/
tt0142206	https://www.imdb.com/title/tt0142206/
tt0143147	https://www.imdb.com/title/tt0143147/
tt0143321	https://www.imdb.com/title/tt0143321/
tt0143818	https://www.imdb.com/title/tt0143818/
tt0143832	https://www.imdb.com/title/tt0143832/
tt0143975	https://www.imdb.com/title/tt0143975/
tt0144601	https://www.imdb.com/title/tt0144601/
tt0144602	https://www.imdb.com/title/tt0144602/
tt0145718	https://www.imdb.com/title/tt0145718/
tt0145770	https://www.imdb.com/title/tt0145770/
tt0145822	https://www.imdb.com/title/tt0145822/
tt0145846	https://www.imdb.com/title/tt0145846/
tt0145906	https://www.imdb.com/title/tt0145906/
tt0146249	https://www.imdb.com/title/tt0146249/
tt0146924	https://www.imdb.com/title/tt0146924/
tt0147557	https://www.imdb.com/title/tt0147557/
tt0147656	https://www.imdb.com/title/tt0147656/
tt0149682	https://www.imdb.com/title/tt0149682/
tt0149776	https://www.imdb.com/title/tt0149776/
tt0150511	https://www.imdb.com/title/tt0150511/
tt0150897	https://www.imdb.com/title/tt0150897/
tt0151132	https://www.imdb.com/title/tt0151132/
tt0151153	https://www.imdb.com/title/tt0151153/
tt0151480	https://www.imdb.com/title/tt0151480/
tt0151802	https://www.imdb.com/title/tt0151802/
tt0152385	https://www.imdb.com/title/tt0152385/
tt0154131	https://www.imdb.com/title/tt0154131/
tt0154222	https://www.imdb.com/title/tt0154222/
tt0154224	https://www.imdb.com/title/tt0154224/
tt0154280	https://www.imdb.com/title/tt0154280/
tt0154422	https://www.imdb.com/title/tt0154422/
tt0154425	https://www.imdb.com/title/tt0154425/
tt0154714	https://www.imdb.com/title/tt0154714/
tt0154719	https://www.imdb.com/title/tt0154719/
tt0154839	https://www.imdb.com/title/tt0154839/
tt0155305	https://www.imdb.com/title/tt0155305/
tt0155342	https://www.imdb.com/title/tt0155342/
tt0156050	https://www.imdb.com/title/tt0156050/
tt0156128	https://www.imdb.com/title/tt0156128/
tt0156353	https://www.imdb.com/title/tt0156353/
tt0156473	https://www.imdb.com/title/tt0156473/
tt0156642	https://www.imdb.com/title/tt0156642/
tt0156656	https://www.imdb.com/title/tt0156656/
tt0156831	https://www.imdb.com/title/tt0156831/
tt0157010	https://www.imdb.com/title/tt0157010/
tt0157019	https://www.imdb.com/title/tt0157019/
tt0157209	https://www.imdb.com/title/tt0157209/
tt0157357	https://www.imdb.com/title/tt0157357/
tt0157426	https://www.imdb.com/title/tt0157426/
tt0157516	https://www.imdb.com/title/tt0157516/
tt0157601	https://www.imdb.com/title/tt0157601/
tt0157796	https://www.imdb.com/title/tt0157796/
tt0157890	https://www.imdb.com/title/tt0157890/
tt0158006	https://www.imdb.com/title/tt0158006/
tt0158111	https://www.imdb.com/title/tt0158111/
tt0158178	https://www.imdb.com/title/tt0158178/
tt0158327	https://www.imdb.com/title/tt0158327/
tt0158502	https://www.imdb.com/title/tt0158502/
tt0158706	https://www.imdb.com/title/tt0158706/
tt0158967	https://www.imdb.com/title/tt0158967/
tt0159070	https://www.imdb.com/title/tt0159070/
tt0160640	https://www.imdb.com/title/tt0160640/
tt0160730	https://www.imdb.com/title/tt0160730/
tt0160754	https://www.imdb.com/title/tt0160754/
tt0160762	https://www.imdb.com/title/tt0160762/
tt0160787	https://www.imdb.com/title/tt0160787/
tt0160794	https://www.imdb.com/title/tt0160794/
tt0160992	https://www.imdb.com/title/tt0160992/
tt0161817	https://www.imdb.com/title/tt0161817/
tt0162427	https://www.imdb.com/title/tt0162427/
tt0162477	https://www.imdb.com/title/tt0162477/
tt0163999	https://www.imdb.com/title/tt0163999/
tt0164904	https://www.imdb.com/title/tt0164904/
tt0165074	https://www.imdb.com/title/tt0165074/
tt0165144	https://www.imdb.com/title/tt0165144/
tt0165229	https://www.imdb.com/title/tt0165229/
tt0165641	https://www.imdb.com/title/tt0165641/
tt0166492	https://www.imdb.com/title/tt0166492/
tt0166659	https://www.imdb.com/title/tt0166659/
tt0166737	https://www.imdb.com/title/tt0166737/
tt0166995	https://www.imdb.com/title/tt0166995/
tt0167047	https://www.imdb.com/title/tt0167047/
tt0167270	https://www.imdb.com/title/tt0167270/
tt0168017	https://www.imdb.com/title/tt0168017/
tt0168018	https://www.imdb.com/title/tt0168018/
tt0168037	https://www.imdb.com/title/tt0168037/
tt0168040	https://www.imdb.com/title/tt0168040/
tt0168046	https://www.imdb.com/title/tt0168046/
tt0168048	https://www.imdb.com/title/tt0168048/
tt0168060	https://www.imdb.com/title/tt0168060/
tt0168105	https://www.imdb.com/title/tt0168105/
tt0168127	https://www.imdb.com/title/tt0168127/
tt0168173	https://www.imdb.com/title/tt0168173/
tt0168177	https://www.imdb.com/title/tt0168177/
tt0168194	https://www.imdb.com/title/tt0168194/
tt0168257	https://www.imdb.com/title/tt0168257/
tt0168902	https://www.imdb.com/title/tt0168902/
tt0169586	https://www.imdb.com/title/tt0169586/
tt0169789	https://www.imdb.com/title/tt0169789/
tt0169834	https://www.imdb.com/title/tt0169834/
tt0169868	https://www.imdb.com/title/tt0169868/
tt0170068	https://www.imdb.com/title/tt0170068/
tt0170128	https://www.imdb.com/title/tt0170128/
tt0170219	https://www.imdb.com/title/tt0170219/
tt0170281	https://www.imdb.com/title/tt0170281/
tt0170495	https://www.imdb.com/title/tt0170495/
tt0170860	https://www.imdb.com/title/tt0170860/
tt0171157	https://www.imdb.com/title/tt0171157/
tt0171173	https://www.imdb.com/title/tt0171173/
tt0172453	https://www.imdb.com/title/tt0172453/
tt0175482	https://www.imdb.com/title/tt0175482/
tt0176564	https://www.imdb.com/title/tt0176564/
tt0177515	https://www.imdb.com/title/tt0177515/
tt0177865	https://www.imdb.com/title/tt0177865/
tt0178221	https://www.imdb.com/title/tt0178221/
tt0178222	https://www.imdb.com/title/tt0178222/
tt0178881	https://www.imdb.com/title/tt0178881/
tt0178974	https://www.imdb.com/title/tt0178974/
tt0181957	https://www.imdb.com/title/tt0181957/
tt0183075	https://www.imdb.com/title/tt0183075/
tt0183582	https://www.imdb.com/title/tt0183582/
tt0183796	https://www.imdb.com/title/tt0183796/
tt0183879	https://www.imdb.com/title/tt0183879/
tt0184402	https://www.imdb.com/title/tt0184402/
tt0186994	https://www.imdb.com/title/tt0186994/
tt0188026	https://www.imdb.com/title/tt0188026/
tt0188524	https://www.imdb.com/title/tt0188524/
tt0188625	https://www.imdb.com/title/tt0188625/
tt0189031	https://www.imdb.com/title/tt0189031/
tt0190267	https://www.imdb.com/title/tt0190267/
tt0190389	https://www.imdb.com/title/tt0190389/
tt0191014	https://www.imdb.com/title/tt0191014/
tt0191071	https://www.imdb.com/title/tt0191071/
tt0191124	https://www.imdb.com/title/tt0191124/
tt0191179	https://www.imdb.com/title/tt0191179/
tt0191213	https://www.imdb.com/title/tt0191213/
tt0191480	https://www.imdb.com/title/tt0191480/
tt0191861	https://www.imdb.com/title/tt0191861/
tt0191933	https://www.imdb.com/title/tt0191933/
tt0192196	https://www.imdb.com/title/tt0192196/
tt0192292	https://www.imdb.com/title/tt0192292/
tt0192327	https://www.imdb.com/title/tt0192327/
tt0192691	https://www.imdb.com/title/tt0192691/
tt0192763	https://www.imdb.com/title/tt0192763/
tt0192829	https://www.imdb.com/title/tt0192829/
tt0192869	https://www.imdb.com/title/tt0192869/
tt0193018	https://www.imdb.com/title/tt0193018/
tt0193069	https://www.imdb.com/title/tt0193069/
tt0193306	https://www.imdb.com/title/tt0193306/
tt0193324	https://www.imdb.com/title/tt0193324/
tt0193326	https://www.imdb.com/title/tt0193326/
tt0193498	https://www.imdb.com/title/tt0193498/
tt0193631	https://www.imdb.com/title/tt0193631/
tt0193721	https://www.imdb.com/title/tt0193721/
tt0193749	https://www.imdb.com/title/tt0193749/
tt0193969	https://www.imdb.com/title/tt0193969/
tt0194221	https://www.imdb.com/title/tt0194221/
tt0194430	https://www.imdb.com/title/tt0194430/
tt0194484	https://www.imdb.com/title/tt0194484/
tt0194489	https://www.imdb.com/title/tt0194489/
tt0194719	https://www.imdb.com/title/tt0194719/
tt0194728	https://www.imdb.com/title/tt0194728/
tt0194766	https://www.imdb.com/title/tt0194766/
tt0194783	https://www.imdb.com/title/tt0194783/
tt0194886	https://www.imdb.com/title/tt0194886/
tt0194911	https://www.imdb.com/title/tt0194911/
tt0195046	https://www.imdb.com/title/tt0195046/
tt0195142	https://www.imdb.com/title/tt0195142/
tt0195283	https://www.imdb.com/title/tt0195283/
tt0196618	https://www.imdb.com/title/tt0196618/
tt0197962	https://www.imdb.com/title/tt0197962/
tt0198045	https://www.imdb.com/title/tt0198045/
tt0199348	https://www.imdb.com/title/tt0199348/
tt0199377	https://www.imdb.com/title/tt0199377/
tt0199403	https://www.imdb.com/title/tt0199403/
tt0199423	https://www.imdb.com/title/tt0199423/
tt0199431	https://www.imdb.com/title/tt0199431/
tt0200078	https://www.imdb.com/title/tt0200078/
tt0200240	https://www.imdb.com/title/tt0200240/
tt0200557	https://www.imdb.com/title/tt0200557/
tt0200817	https://www.imdb.com/title/tt0200817/
tt0201184	https://www.imdb.com/title/tt0201184/
tt0201201	https://www.imdb.com/title/tt0201201/
tt0201755	https://www.imdb.com/title/tt0201755/
tt0201827	https://www.imdb.com/title/tt0201827/
tt0201945	https://www.imdb.com/title/tt0201945/
tt0202344	https://www.imdb.com/title/tt0202344/
tt0202814	https://www.imdb.com/title/tt0202814/
tt0203951	https://www.imdb.com/title/tt0203951/
tt0204158	https://www.imdb.com/title/tt0204158/
tt0205098	https://www.imdb.com/title/tt0205098/
tt0205107	https://www.imdb.com/title/tt0205107/
tt0205351	https://www.imdb.com/title/tt0205351/
tt0205362	https://www.imdb.com/title/tt0205362/
tt0205371	https://www.imdb.com/title/tt0205371/
tt0205592	https://www.imdb.com/title/tt0205592/
tt0205999	https://www.imdb.com/title/tt0205999/
tt0206751	https://www.imdb.com/title/tt0206751/
tt0207566	https://www.imdb.com/title/tt0207566/
tt0207651	https://www.imdb.com/title/tt0207651/
tt0208235	https://www.imdb.com/title/tt0208235/
tt0208285	https://www.imdb.com/title/tt0208285/
tt0209271	https://www.imdb.com/title/tt0209271/
tt0209312	https://www.imdb.com/title/tt0209312/
tt0209407	https://www.imdb.com/title/tt0209407/
tt0210171	https://www.imdb.com/title/tt0210171/
tt0210259	https://www.imdb.com/title/tt0210259/
tt0210304	https://www.imdb.com/title/tt0210304/
tt0211203	https://www.imdb.com/title/tt0211203/
tt0212085	https://www.imdb.com/title/tt0212085/
tt0213564	https://www.imdb.com/title/tt0213564/
tt0213588	https://www.imdb.com/title/tt0213588/
tt0213602	https://www.imdb.com/title/tt0213602/
tt0213794	https://www.imdb.com/title/tt0213794/
tt0213955	https://www.imdb.com/title/tt0213955/
tt0214044	https://www.imdb.com/title/tt0214044/
tt0214535	https://www.imdb.com/title/tt0214535/
tt0214536	https://www.imdb.com/title/tt0214536/
tt0214622	https://www.imdb.com/title/tt0214622/
tt0214899	https://www.imdb.com/title/tt0214899/
tt0215040	https://www.imdb.com/title/tt0215040/
tt0215521	https://www.imdb.com/title/tt0215521/
tt0216133	https://www.imdb.com/title/tt0216133/
tt0216640	https://www.imdb.com/title/tt0216640/
tt0216842	https://www.imdb.com/title/tt0216842/
tt0218310	https://www.imdb.com/title/tt0218310/
tt0218514	https://www.imdb.com/title/tt0218514/
tt0218680	https://www.imdb.com/title/tt0218680/
tt0219873	https://www.imdb.com/title/tt0219873/
tt0219915	https://www.imdb.com/title/tt0219915/
tt0220107	https://www.imdb.com/title/tt0220107/
tt0220523	https://www.imdb.com/title/tt0220523/
tt0225200	https://www.imdb.com/title/tt0225200/
tt0225406	https://www.imdb.com/title/tt0225406/
tt0225557	https://www.imdb.com/title/tt0225557/
tt0227736	https://www.imdb.com/title/tt0227736/
tt0228081	https://www.imdb.com/title/tt0228081/
tt0228407	https://www.imdb.com/title/tt0228407/
tt0228481	https://www.imdb.com/title/tt0228481/
tt0228490	https://www.imdb.com/title/tt0228490/
tt0228615	https://www.imdb.com/title/tt0228615/
tt0228647	https://www.imdb.com/title/tt0228647/
tt0228908	https://www.imdb.com/title/tt0228908/
tt0229035	https://www.imdb.com/title/tt0229035/
tt0230410	https://www.imdb.com/title/tt0230410/
tt0230668	https://www.imdb.com/title/tt0230668/
tt0230720	https://www.imdb.com/title/tt0230720/
tt0230897	https://www.imdb.com/title/tt0230897/
tt0230935	https://www.imdb.com/title/tt0230935/
tt0231207	https://www.imdb.com/title/tt0231207/
tt0231293	https://www.imdb.com/title/tt0231293/
tt0231499	https://www.imdb.com/title/tt0231499/
tt0231808	https://www.imdb.com/title/tt0231808/
tt0231832	https://www.imdb.com/title/tt0231832/
tt0231835	https://www.imdb.com/title/tt0231835/
tt0232307	https://www.imdb.com/title/tt0232307/
tt0232490	https://www.imdb.com/title/tt0232490/
tt0232504	https://www.imdb.com/title/tt0232504/
tt0232628	https://www.imdb.com/title/tt0232628/
tt0232675	https://www.imdb.com/title/tt0232675/
tt0232745	https://www.imdb.com/title/tt0232745/
tt0233573	https://www.imdb.com/title/tt0233573/
tt0234153	https://www.imdb.com/title/tt0234153/
tt0234735	https://www.imdb.com/title/tt0234735/
tt0234821	https://www.imdb.com/title/tt0234821/
tt0234846	https://www.imdb.com/title/tt0234846/
tt0235954	https://www.imdb.com/title/tt0235954/
tt0236428	https://www.imdb.com/title/tt0236428/
tt0236659	https://www.imdb.com/title/tt0236659/
tt0237484	https://www.imdb.com/title/tt0237484/
tt0238160	https://www.imdb.com/title/tt0238160/
tt0238614	https://www.imdb.com/title/tt0238614/
tt0238689	https://www.imdb.com/title/tt0238689/
tt0238942	https://www.imdb.com/title/tt0238942/
tt0239001	https://www.imdb.com/title/tt0239001/
tt0239002	https://www.imdb.com/title/tt0239002/
tt0239279	https://www.imdb.com/title/tt0239279/
tt0239605	https://www.imdb.com/title/tt0239605/
tt0239614	https://www.imdb.com/title/tt0239614/
tt0239700	https://www.imdb.com/title/tt0239700/
tt0239733	https://www.imdb.com/title/tt0239733/
tt0239852	https://www.imdb.com/title/tt0239852/
tt0240539	https://www.imdb.com/title/tt0240539/
tt0240854	https://www.imdb.com/title/tt0240854/
tt0240897	https://www.imdb.com/title/tt0240897/
tt0240954	https://www.imdb.com/title/tt0240954/
tt0241641	https://www.imdb.com/title/tt0241641/
tt0241717	https://www.imdb.com/title/tt0241717/
tt0241757	https://www.imdb.com/title/tt0241757/
tt0241880	https://www.imdb.com/title/tt0241880/
tt0242180	https://www.imdb.com/title/tt0242180/
tt0242468	https://www.imdb.com/title/tt0242468/
tt0243644	https://www.imdb.com/title/tt0243644/
tt0244880	https://www.imdb.com/title/tt0244880/
tt0245002	https://www.imdb.com/title/tt0245002/
tt0245226	https://www.imdb.com/title/tt0245226/
tt0245264	https://www.imdb.com/title/tt0245264/
tt0246448	https://www.imdb.com/title/tt0246448/
tt0247464	https://www.imdb.com/title/tt0247464/
tt0247650	https://www.imdb.com/title/tt0247650/
tt0248116	https://www.imdb.com/title/tt0248116/
tt0248329	https://www.imdb.com/title/tt0248329/
tt0248759	https://www.imdb.com/title/tt0248759/
tt0248998	https://www.imdb.com/title/tt0248998/
tt0249046	https://www.imdb.com/title/tt0249046/
tt0249171	https://www.imdb.com/title/tt0249171/
tt0249614	https://www.imdb.com/title/tt0249614/
tt0249713	https://www.imdb.com/title/tt0249713/
tt0249945	https://www.imdb.com/title/tt0249945/
tt0250082	https://www.imdb.com/title/tt0250082/
tt0250083	https://www.imdb.com/title/tt0250083/
tt0250093	https://www.imdb.com/title/tt0250093/
tt0250616	https://www.imdb.com/title/tt0250616/
tt0250721	https://www.imdb.com/title/tt0250721/
tt0250772	https://www.imdb.com/title/tt0250772/
tt0251184	https://www.imdb.com/title/tt0251184/
tt0251192	https://www.imdb.com/title/tt0251192/
tt0251317	https://www.imdb.com/title/tt0251317/
tt0251579	https://www.imdb.com/title/tt0251579/
tt0252021	https://www.imdb.com/title/tt0252021/
tt0252206	https://www.imdb.com/title/tt0252206/
tt0252509	https://www.imdb.com/title/tt0252509/
tt0252580	https://www.imdb.com/title/tt0252580/
tt0252585	https://www.imdb.com/title/tt0252585/
tt0252739	https://www.imdb.com/title/tt0252739/
tt0254359	https://www.imdb.com/title/tt0254359/
tt0254514	https://www.imdb.com/title/tt0254514/
tt0254819	https://www.imdb.com/title/tt0254819/
tt0255615	https://www.imdb.com/title/tt0255615/
tt0256029	https://www.imdb.com/title/tt0256029/
tt0256069	https://www.imdb.com/title/tt0256069/
tt0256134	https://www.imdb.com/title/tt0256134/
tt0256148	https://www.imdb.com/title/tt0256148/
tt0256830	https://www.imdb.com/title/tt0256830/
tt0256868	https://www.imdb.com/title/tt0256868/
tt0258549	https://www.imdb.com/title/tt0258549/
tt0258797	https://www.imdb.com/title/tt0258797/
tt0258876	https://www.imdb.com/title/tt0258876/
tt0258904	https://www.imdb.com/title/tt0258904/
tt0261541	https://www.imdb.com/title/tt0261541/
tt0261779	https://www.imdb.com/title/tt0261779/
tt0261826	https://www.imdb.com/title/tt0261826/
tt0261993	https://www.imdb.com/title/tt0261993/
tt0262097	https://www.imdb.com/title/tt0262097/
tt0263304	https://www.imdb.com/title/tt0263304/
tt0263396	https://www.imdb.com/title/tt0263396/
tt0263414	https://www.imdb.com/title/tt0263414/
tt0263678	https://www.imdb.com/title/tt0263678/
tt0263807	https://www.imdb.com/title/tt0263807/
tt0264186	https://www.imdb.com/title/tt0264186/
tt0264522	https://www.imdb.com/title/tt0264522/
tt0264909	https://www.imdb.com/title/tt0264909/
tt0265373	https://www.imdb.com/title/tt0265373/
tt0265608	https://www.imdb.com/title/tt0265608/
tt0266304	https://www.imdb.com/title/tt0266304/
tt0266396	https://www.imdb.com/title/tt0266396/
tt0266400	https://www.imdb.com/title/tt0266400/
tt0266459	https://www.imdb.com/title/tt0266459/
tt0266460	https://www.imdb.com/title/tt0266460/
tt0267131	https://www.imdb.com/title/tt0267131/
tt0267404	https://www.imdb.com/title/tt0267404/
tt0267425	https://www.imdb.com/title/tt0267425/
tt0267430	https://www.imdb.com/title/tt0267430/
tt0268112	https://www.imdb.com/title/tt0268112/
tt0268164	https://www.imdb.com/title/tt0268164/
tt0268172	https://www.imdb.com/title/tt0268172/
tt0268251	https://www.imdb.com/title/tt0268251/
tt0268301	https://www.imdb.com/title/tt0268301/
tt0268360	https://www.imdb.com/title/tt0268360/
tt0268376	https://www.imdb.com/title/tt0268376/
tt0268627	https://www.imdb.com/title/tt0268627/
tt0268966	https://www.imdb.com/title/tt0268966/
tt0269142	https://www.imdb.com/title/tt0269142/
tt0269166	https://www.imdb.com/title/tt0269166/
tt0269434	https://www.imdb.com/title/tt0269434/
tt0269626	https://www.imdb.com/title/tt0269626/
tt0269846	https://www.imdb.com/title/tt0269846/
tt0269848	https://www.imdb.com/title/tt0269848/
tt0270049	https://www.imdb.com/title/tt0270049/
tt0270093	https://www.imdb.com/title/tt0270093/
tt0271104	https://www.imdb.com/title/tt0271104/
tt0272732	https://www.imdb.com/title/tt0272732/
tt0272755	https://www.imdb.com/title/tt0272755/
tt0274920	https://www.imdb.com/title/tt0274920/
tt0274925	https://www.imdb.com/title/tt0274925/
tt0280535	https://www.imdb.com/title/tt0280535/
tt0280768	https://www.imdb.com/title/tt0280768/
tt0281159	https://www.imdb.com/title/tt0281159/
tt0281683	https://www.imdb.com/title/tt0281683/
tt0281684	https://www.imdb.com/title/tt0281684/
tt0281685	https://www.imdb.com/title/tt0281685/
tt0281774	https://www.imdb.com/title/tt0281774/
tt0281916	https://www.imdb.com/title/tt0281916/
tt0282104	https://www.imdb.com/title/tt0282104/
tt0282110	https://www.imdb.com/title/tt0282110/
tt0282245	https://www.imdb.com/title/tt0282245/
tt0282852	https://www.imdb.com/title/tt0282852/
tt0283298	https://www.imdb.com/title/tt0283298/
tt0283435	https://www.imdb.com/title/tt0283435/
tt0283618	https://www.imdb.com/title/tt0283618/
tt0285048	https://www.imdb.com/title/tt0285048/
tt0288571	https://www.imdb.com/title/tt0288571/
tt0288582	https://www.imdb.com/title/tt0288582/
tt0288813	https://www.imdb.com/title/tt0288813/
tt0288879	https://www.imdb.com/title/tt0288879/
tt0288908	https://www.imdb.com/title/tt0288908/
tt0289243	https://www.imdb.com/title/tt0289243/
tt0293317	https://www.imdb.com/title/tt0293317/
tt0294319	https://www.imdb.com/title/tt0294319/
tt0297212	https://www.imdb.com/title/tt0297212/
tt0302776	https://www.imdb.com/title/tt0302776/
tt0303414	https://www.imdb.com/title/tt0303414/
tt0312963	https://www.imdb.com/title/tt0312963/
tt0316688	https://www.imdb.com/title/tt0316688/
tt0319035	https://www.imdb.com/title/tt0319035/
tt0320176	https://www.imdb.com/title/tt0320176/
tt0322405	https://www.imdb.com/title/tt0322405/
tt0322921	https://www.imdb.com/title/tt0322921/
tt0323319	https://www.imdb.com/title/tt0323319/
tt0326263	https://www.imdb.com/title/tt0326263/
tt0326362	https://www.imdb.com/title/tt0326362/
tt0330156	https://www.imdb.com/title/tt0330156/
tt0332325	https://www.imdb.com/title/tt0332325/
tt0341560	https://www.imdb.com/title/tt0341560/
tt0344224	https://www.imdb.com/title/tt0344224/
tt0346479	https://www.imdb.com/title/tt0346479/
tt0347078	https://www.imdb.com/title/tt0347078/
tt0347155	https://www.imdb.com/title/tt0347155/
tt0349161	https://www.imdb.com/title/tt0349161/
tt0349625	https://www.imdb.com/title/tt0349625/
tt0351388	https://www.imdb.com/title/tt0351388/
tt0360769	https://www.imdb.com/title/tt0360769/
tt0360895	https://www.imdb.com/title/tt0360895/
tt0361321	https://www.imdb.com/title/tt0361321/
tt0361326	https://www.imdb.com/title/tt0361326/
tt0361503	https://www.imdb.com/title/tt0361503/
tt0361791	https://www.imdb.com/title/tt0361791/
tt0362258	https://www.imdb.com/title/tt0362258/
tt0362302	https://www.imdb.com/title/tt0362302/
tt0374069	https://www.imdb.com/title/tt0374069/
tt0374084	https://www.imdb.com/title/tt0374084/
tt0374108	https://www.imdb.com/title/tt0374108/
tt0374346	https://www.imdb.com/title/tt0374346/
tt0375884	https://www.imdb.com/title/tt0375884/
tt0375907	https://www.imdb.com/title/tt0375907/
tt0375980	https://www.imdb.com/title/tt0375980/
tt0376112	https://www.imdb.com/title/tt0376112/
tt0376338	https://www.imdb.com/title/tt0376338/
tt0376681	https://www.imdb.com/title/tt0376681/
tt0377448	https://www.imdb.com/title/tt0377448/
tt0377511	https://www.imdb.com/title/tt0377511/
tt0378295	https://www.imdb.com/title/tt0378295/
tt0378643	https://www.imdb.com/title/tt0378643/
tt0379255	https://www.imdb.com/title/tt0379255/
tt0379259	https://www.imdb.com/title/tt0379259/
tt0379442	https://www.imdb.com/title/tt0379442/
tt0379503	https://www.imdb.com/title/tt0379503/
tt0380399	https://www.imdb.com/title/tt0380399/
tt0383904	https://www.imdb.com/title/tt0383904/
tt0387585	https://www.imdb.com/title/tt0387585/
tt0388170	https://www.imdb.com/title/tt0388170/
tt0389299	https://www.imdb.com/title/tt0389299/
tt0390135	https://www.imdb.com/title/tt0390135/
tt0390407	https://www.imdb.com/title/tt0390407/
tt0390459	https://www.imdb.com/title/tt0390459/
tt0390662	https://www.imdb.com/title/tt0390662/
tt0398130	https://www.imdb.com/title/tt0398130/
tt0398137	https://www.imdb.com/title/tt0398137/
tt0398185	https://www.imdb.com/title/tt0398185/
tt0398188	https://www.imdb.com/title/tt0398188/
tt0398233	https://www.imdb.com/title/tt0398233/
tt0400206	https://www.imdb.com/title/tt0400206/
tt0401697	https://www.imdb.com/title/tt0401697/
tt0404821	https://www.imdb.com/title/tt0404821/
tt0405623	https://www.imdb.com/title/tt0405623/
tt0407199	https://www.imdb.com/title/tt0407199/
tt0416202	https://www.imdb.com/title/tt0416202/
tt0417839	https://www.imdb.com/title/tt0417839/
tt0419693	https://www.imdb.com/title/tt0419693/
tt0420689	https://www.imdb.com/title/tt0420689/
tt0420979	https://www.imdb.com/title/tt0420979/
tt0423026	https://www.imdb.com/title/tt0423026/
tt0423459	https://www.imdb.com/title/tt0423459/
tt0424178	https://www.imdb.com/title/tt0424178/
tt0424803	https://www.imdb.com/title/tt0424803/
tt0426057	https://www.imdb.com/title/tt0426057/
tt0426092	https://www.imdb.com/title/tt0426092/
tt0426237	https://www.imdb.com/title/tt0426237/
tt0431202	https://www.imdb.com/title/tt0431202/
tt0433031	https://www.imdb.com/title/tt0433031/
tt0437264	https://www.imdb.com/title/tt0437264/
tt0437366	https://www.imdb.com/title/tt0437366/
tt0438469	https://www.imdb.com/title/tt0438469/
tt0438879	https://www.imdb.com/title/tt0438879/
tt0440391	https://www.imdb.com/title/tt0440391/
tt0448747	https://www.imdb.com/title/tt0448747/
tt0449385	https://www.imdb.com/title/tt0449385/
tt0450033	https://www.imdb.com/title/tt0450033/
tt0452200	https://www.imdb.com/title/tt0452200/
tt0458933	https://www.imdb.com/title/tt0458933/
tt0472385	https://www.imdb.com/title/tt0472385/
tt0476278	https://www.imdb.com/title/tt0476278/
tt0477928	https://www.imdb.com/title/tt0477928/
tt0479680	https://www.imdb.com/title/tt0479680/
tt0490023	https://www.imdb.com/title/tt0490023/
tt0490024	https://www.imdb.com/title/tt0490024/
tt0491012	https://www.imdb.com/title/tt0491012/
tt0494088	https://www.imdb.com/title/tt0494088/
tt0764822	https://www.imdb.com/title/tt0764822/
tt0787040	https://www.imdb.com/title/tt0787040/
tt0787056	https://www.imdb.com/title/tt0787056/
tt0791413	https://www.imdb.com/title/tt0791413/
tt0791421	https://www.imdb.com/title/tt0791421/
tt0791472	https://www.imdb.com/title/tt0791472/
tt0791580	https://www.imdb.com/title/tt0791580/
tt0809415	https://www.imdb.com/title/tt0809415/
tt0829135	https://www.imdb.com/title/tt0829135/
tt0846939	https://www.imdb.com/title/tt0846939/
tt0860463	https://www.imdb.com/title/tt0860463/
tt0862842	https://www.imdb.com/title/tt0862842/
tt0867333	https://www.imdb.com/title/tt0867333/
tt0867446	https://www.imdb.com/title/tt0867446/
tt0867476	https://www.imdb.com/title/tt0867476/
tt0872166	https://www.imdb.com/title/tt0872166/
tt0881270	https://www.imdb.com/title/tt0881270/
tt0900938	https://www.imdb.com/title/tt0900938/
tt0907755	https://www.imdb.com/title/tt0907755/
tt0939836	https://www.imdb.com/title/tt0939836/
tt0939860	https://www.imdb.com/title/tt0939860/
tt0939877	https://www.imdb.com/title/tt0939877/
tt0945497	https://www.imdb.com/title/tt0945497/
tt0949778	https://www.imdb.com/title/tt0949778/
tt0950620	https://www.imdb.com/title/tt0950620/
tt0953298	https://www.imdb.com/title/tt0953298/
tt0953407	https://www.imdb.com/title/tt0953407/
tt0955292	https://www.imdb.com/title/tt0955292/
tt0955330	https://www.imdb.com/title/tt0955330/
tt0956156	https://www.imdb.com/title/tt0956156/
tt0965508	https://www.imdb.com/title/tt0965508/
tt0965555	https://www.imdb.com/title/tt0965555/
tt0972842	https://www.imdb.com/title/tt0972842/
tt0974574	https://www.imdb.com/title/tt0974574/
tt0974646	https://www.imdb.com/title/tt0974646/
tt0981266	https://www.imdb.com/title/tt0981266/
tt0996413	https://www.imdb.com/title/tt0996413/
tt0996414	https://www.imdb.com/title/tt0996414/
tt0996417	https://www.imdb.com/title/tt0996417/
tt1003140	https://www.imdb.com/title/tt1003140/
tt1003142	https://www.imdb.com/title/tt1003142/
tt1003155	https://www.imdb.com/title/tt1003155/
tt10112654	https://www.imdb.com/title/tt10112654/
tt1015203	https://www.imdb.com/title/tt1015203/
tt10256610	https://www.imdb.com/title/tt10256610/
tt1047496	https://www.imdb.com/title/tt1047496/
tt10586422	https://www.imdb.com/title/tt10586422/
tt1065486	https://www.imdb.com/title/tt1065486/
tt10671532	https://www.imdb.com/title/tt10671532/
tt10671566	https://www.imdb.com/title/tt10671566/
tt10671634	https://www.imdb.com/title/tt10671634/
tt10671694	https://www.imdb.com/title/tt10671694/
tt10699524	https://www.imdb.com/title/tt10699524/
tt10726730	https://www.imdb.com/title/tt10726730/
tt10726766	https://www.imdb.com/title/tt10726766/
tt10726792	https://www.imdb.com/title/tt10726792/
tt10726816	https://www.imdb.com/title/tt10726816/
tt10763886	https://www.imdb.com/title/tt10763886/
tt10768182	https://www.imdb.com/title/tt10768182/
tt10768330	https://www.imdb.com/title/tt10768330/
tt10768524	https://www.imdb.com/title/tt10768524/
tt10768662	https://www.imdb.com/title/tt10768662/
tt10768714	https://www.imdb.com/title/tt10768714/
tt10768742	https://www.imdb.com/title/tt10768742/
tt10828084	https://www.imdb.com/title/tt10828084/
tt10828126	https://www.imdb.com/title/tt10828126/
tt10828432	https://www.imdb.com/title/tt10828432/
tt10828644	https://www.imdb.com/title/tt10828644/
tt10828778	https://www.imdb.com/title/tt10828778/
tt10828982	https://www.imdb.com/title/tt10828982/
tt10884270	https://www.imdb.com/title/tt10884270/
tt10884272	https://www.imdb.com/title/tt10884272/
tt10919572	https://www.imdb.com/title/tt10919572/
tt10928034	https://www.imdb.com/title/tt10928034/
tt10928052	https://www.imdb.com/title/tt10928052/
tt10930844	https://www.imdb.com/title/tt10930844/
tt10930884	https://www.imdb.com/title/tt10930884/
tt10930902	https://www.imdb.com/title/tt10930902/
tt10930996	https://www.imdb.com/title/tt10930996/
tt10931022	https://www.imdb.com/title/tt10931022/
tt10931064	https://www.imdb.com/title/tt10931064/
tt10931132	https://www.imdb.com/title/tt10931132/
tt1093864	https://www.imdb.com/title/tt1093864/
tt1094247	https://www.imdb.com/title/tt1094247/
tt1094282	https://www.imdb.com/title/tt1094282/
tt1095093	https://www.imdb.com/title/tt1095093/
tt1095106	https://www.imdb.com/title/tt1095106/
tt1095113	https://www.imdb.com/title/tt1095113/
tt11001010	https://www.imdb.com/title/tt11001010/
tt11006974	https://www.imdb.com/title/tt11006974/
tt11029590	https://www.imdb.com/title/tt11029590/
tt11059874	https://www.imdb.com/title/tt11059874/
tt11274508	https://www.imdb.com/title/tt11274508/
tt11274572	https://www.imdb.com/title/tt11274572/
tt11274600	https://www.imdb.com/title/tt11274600/
tt11340112	https://www.imdb.com/title/tt11340112/
tt11343526	https://www.imdb.com/title/tt11343526/
tt11355746	https://www.imdb.com/title/tt11355746/
tt11429812	https://www.imdb.com/title/tt11429812/
tt11445276	https://www.imdb.com/title/tt11445276/
tt11445456	https://www.imdb.com/title/tt11445456/
tt11465568	https://www.imdb.com/title/tt11465568/
tt11548664	https://www.imdb.com/title/tt11548664/
tt1162052	https://www.imdb.com/title/tt1162052/
tt11630194	https://www.imdb.com/title/tt11630194/
tt11631416	https://www.imdb.com/title/tt11631416/
tt1163287	https://www.imdb.com/title/tt1163287/
tt1163900	https://www.imdb.com/title/tt1163900/
tt1167624	https://www.imdb.com/title/tt1167624/
tt1168763	https://www.imdb.com/title/tt1168763/
tt11704756	https://www.imdb.com/title/tt11704756/
tt11704854	https://www.imdb.com/title/tt11704854/
tt11705238	https://www.imdb.com/title/tt11705238/
tt11720088	https://www.imdb.com/title/tt11720088/
tt1172199	https://www.imdb.com/title/tt1172199/
tt1172229	https://www.imdb.com/title/tt1172229/
tt11799726	https://www.imdb.com/title/tt11799726/
tt11823712	https://www.imdb.com/title/tt11823712/
tt11828748	https://www.imdb.com/title/tt11828748/
tt11829588	https://www.imdb.com/title/tt11829588/
tt11830262	https://www.imdb.com/title/tt11830262/
tt11836200	https://www.imdb.com/title/tt11836200/
tt11910546	https://www.imdb.com/title/tt11910546/
tt1193502	https://www.imdb.com/title/tt1193502/
tt11950498	https://www.imdb.com/title/tt11950498/
tt1204381	https://www.imdb.com/title/tt1204381/
tt1204903	https://www.imdb.com/title/tt1204903/
tt1204960	https://www.imdb.com/title/tt1204960/
tt12063056	https://www.imdb.com/title/tt12063056/
tt12078856	https://www.imdb.com/title/tt12078856/
tt12078942	https://www.imdb.com/title/tt12078942/
tt12079150	https://www.imdb.com/title/tt12079150/
tt12079230	https://www.imdb.com/title/tt12079230/
tt12079318	https://www.imdb.com/title/tt12079318/
tt12079444	https://www.imdb.com/title/tt12079444/
tt1209428	https://www.imdb.com/title/tt1209428/
tt12124076	https://www.imdb.com/title/tt12124076/
tt12124180	https://www.imdb.com/title/tt12124180/
tt12127544	https://www.imdb.com/title/tt12127544/
tt1213148	https://www.imdb.com/title/tt1213148/
tt12154650	https://www.imdb.com/title/tt12154650/
tt12200236	https://www.imdb.com/title/tt12200236/
tt12201714	https://www.imdb.com/title/tt12201714/
tt1225858	https://www.imdb.com/title/tt1225858/
tt12281446	https://www.imdb.com/title/tt12281446/
tt1237806	https://www.imdb.com/title/tt1237806/
tt1237858	https://www.imdb.com/title/tt1237858/
tt1237897	https://www.imdb.com/title/tt1237897/
tt1242749	https://www.imdb.com/title/tt1242749/
tt1269589	https://www.imdb.com/title/tt1269589/
tt12758560	https://www.imdb.com/title/tt12758560/
tt1303229	https://www.imdb.com/title/tt1303229/
tt13270242	https://www.imdb.com/title/tt13270242/
tt1345504	https://www.imdb.com/title/tt1345504/
tt1394156	https://www.imdb.com/title/tt1394156/
tt13943480	https://www.imdb.com/title/tt13943480/
tt13959916	https://www.imdb.com/title/tt13959916/
tt13961642	https://www.imdb.com/title/tt13961642/
tt1397187	https://www.imdb.com/title/tt1397187/
tt1412328	https://www.imdb.com/title/tt1412328/
tt1433548	https://www.imdb.com/title/tt1433548/
tt14345568	https://www.imdb.com/title/tt14345568/
tt1436450	https://www.imdb.com/title/tt1436450/
tt1468326	https://www.imdb.com/title/tt1468326/
tt1492921	https://www.imdb.com/title/tt1492921/
tt1527165	https://www.imdb.com/title/tt1527165/
tt1634327	https://www.imdb.com/title/tt1634327/
tt1711514	https://www.imdb.com/title/tt1711514/
tt1839677	https://www.imdb.com/title/tt1839677/
tt1847539	https://www.imdb.com/title/tt1847539/
tt1847664	https://www.imdb.com/title/tt1847664/
tt1847668	https://www.imdb.com/title/tt1847668/
tt1851086	https://www.imdb.com/title/tt1851086/
tt18555826	https://www.imdb.com/title/tt18555826/
tt1861297	https://www.imdb.com/title/tt1861297/
tt18689652	https://www.imdb.com/title/tt18689652/
tt18748936	https://www.imdb.com/title/tt18748936/
tt18815338	https://www.imdb.com/title/tt18815338/
tt18815376	https://www.imdb.com/title/tt18815376/
tt18937546	https://www.imdb.com/title/tt18937546/
tt1926274	https://www.imdb.com/title/tt1926274/
tt1937174	https://www.imdb.com/title/tt1937174/
tt1941460	https://www.imdb.com/title/tt1941460/
tt19887436	https://www.imdb.com/title/tt19887436/
tt1992145	https://www.imdb.com/title/tt1992145/
tt2087701	https://www.imdb.com/title/tt2087701/
tt2097913	https://www.imdb.com/title/tt2097913/
tt21279336	https://www.imdb.com/title/tt21279336/
tt21312408	https://www.imdb.com/title/tt21312408/
tt21312548	https://www.imdb.com/title/tt21312548/
tt21312710	https://www.imdb.com/title/tt21312710/
tt21338788	https://www.imdb.com/title/tt21338788/
tt2153865	https://www.imdb.com/title/tt2153865/
tt2153897	https://www.imdb.com/title/tt2153897/
tt21627932	https://www.imdb.com/title/tt21627932/
tt2182111	https://www.imdb.com/title/tt2182111/
tt21912990	https://www.imdb.com/title/tt21912990/
tt2217845	https://www.imdb.com/title/tt2217845/
tt2217863	https://www.imdb.com/title/tt2217863/
tt2328565	https://www.imdb.com/title/tt2328565/
tt2328567	https://www.imdb.com/title/tt2328567/
tt2343633	https://www.imdb.com/title/tt2343633/
tt2398302	https://www.imdb.com/title/tt2398302/
tt26473109	https://www.imdb.com/title/tt26473109/
tt26473179	https://www.imdb.com/title/tt26473179/
tt26473344	https://www.imdb.com/title/tt26473344/
tt26594974	https://www.imdb.com/title/tt26594974/
tt2795922	https://www.imdb.com/title/tt2795922/
tt2795940	https://www.imdb.com/title/tt2795940/
tt2812234	https://www.imdb.com/title/tt2812234/
tt2812266	https://www.imdb.com/title/tt2812266/
tt2833250	https://www.imdb.com/title/tt2833250/
tt28352032	https://www.imdb.com/title/tt28352032/
tt28517006	https://www.imdb.com/title/tt28517006/
tt28857385	https://www.imdb.com/title/tt28857385/
tt2924682	https://www.imdb.com/title/tt2924682/
tt2924686	https://www.imdb.com/title/tt2924686/
tt2937654	https://www.imdb.com/title/tt2937654/
tt2988528	https://www.imdb.com/title/tt2988528/
tt2988562	https://www.imdb.com/title/tt2988562/
tt3018408	https://www.imdb.com/title/tt3018408/
tt3197278	https://www.imdb.com/title/tt3197278/
tt3211426	https://www.imdb.com/title/tt3211426/
tt3211430	https://www.imdb.com/title/tt3211430/
tt3222044	https://www.imdb.com/title/tt3222044/
tt3224298	https://www.imdb.com/title/tt3224298/
tt3224316	https://www.imdb.com/title/tt3224316/
tt3224930	https://www.imdb.com/title/tt3224930/
tt3259832	https://www.imdb.com/title/tt3259832/
tt3259898	https://www.imdb.com/title/tt3259898/
tt3264810	https://www.imdb.com/title/tt3264810/
tt3264846	https://www.imdb.com/title/tt3264846/
tt3265098	https://www.imdb.com/title/tt3265098/
tt3265190	https://www.imdb.com/title/tt3265190/
tt3265248	https://www.imdb.com/title/tt3265248/
tt3266808	https://www.imdb.com/title/tt3266808/
tt3269544	https://www.imdb.com/title/tt3269544/
tt3269566	https://www.imdb.com/title/tt3269566/
tt3269750	https://www.imdb.com/title/tt3269750/
tt3269770	https://www.imdb.com/title/tt3269770/
tt3269838	https://www.imdb.com/title/tt3269838/
tt3275990	https://www.imdb.com/title/tt3275990/
tt3276018	https://www.imdb.com/title/tt3276018/
tt3276038	https://www.imdb.com/title/tt3276038/
tt3276050	https://www.imdb.com/title/tt3276050/
tt3276074	https://www.imdb.com/title/tt3276074/
tt3276316	https://www.imdb.com/title/tt3276316/
tt3277872	https://www.imdb.com/title/tt3277872/
tt3277882	https://www.imdb.com/title/tt3277882/
tt3277918	https://www.imdb.com/title/tt3277918/
tt3277940	https://www.imdb.com/title/tt3277940/
tt32798939	https://www.imdb.com/title/tt32798939/
tt3324564	https://www.imdb.com/title/tt3324564/
tt3417570	https://www.imdb.com/title/tt3417570/
tt3437744	https://www.imdb.com/title/tt3437744/
tt3449632	https://www.imdb.com/title/tt3449632/
tt3465566	https://www.imdb.com/title/tt3465566/
tt3465594	https://www.imdb.com/title/tt3465594/
tt34678256	https://www.imdb.com/title/tt34678256/
tt34793716	https://www.imdb.com/title/tt34793716/
tt34797033	https://www.imdb.com/title/tt34797033/
tt3502556	https://www.imdb.com/title/tt3502556/
tt3504252	https://www.imdb.com/title/tt3504252/
tt3504560	https://www.imdb.com/title/tt3504560/
tt3527026	https://www.imdb.com/title/tt3527026/
tt3547856	https://www.imdb.com/title/tt3547856/
tt3800232	https://www.imdb.com/title/tt3800232/
tt3821216	https://www.imdb.com/title/tt3821216/
tt3825340	https://www.imdb.com/title/tt3825340/
tt3825422	https://www.imdb.com/title/tt3825422/
tt3825468	https://www.imdb.com/title/tt3825468/
tt3825486	https://www.imdb.com/title/tt3825486/
tt3882566	https://www.imdb.com/title/tt3882566/
tt3882582	https://www.imdb.com/title/tt3882582/
tt3882832	https://www.imdb.com/title/tt3882832/
tt3882842	https://www.imdb.com/title/tt3882842/
tt3882848	https://www.imdb.com/title/tt3882848/
tt3882854	https://www.imdb.com/title/tt3882854/
tt3882864	https://www.imdb.com/title/tt3882864/
tt3882920	https://www.imdb.com/title/tt3882920/
tt3884080	https://www.imdb.com/title/tt3884080/
tt3886052	https://www.imdb.com/title/tt3886052/
tt3886060	https://www.imdb.com/title/tt3886060/
tt3886068	https://www.imdb.com/title/tt3886068/
tt3888886	https://www.imdb.com/title/tt3888886/
tt3889004	https://www.imdb.com/title/tt3889004/
tt3889020	https://www.imdb.com/title/tt3889020/
tt3889030	https://www.imdb.com/title/tt3889030/
tt3889054	https://www.imdb.com/title/tt3889054/
tt3893002	https://www.imdb.com/title/tt3893002/
tt3893014	https://www.imdb.com/title/tt3893014/
tt3893024	https://www.imdb.com/title/tt3893024/
tt3893032	https://www.imdb.com/title/tt3893032/
tt3893042	https://www.imdb.com/title/tt3893042/
tt3904798	https://www.imdb.com/title/tt3904798/
tt4421140	https://www.imdb.com/title/tt4421140/
tt4525698	https://www.imdb.com/title/tt4525698/
tt4705700	https://www.imdb.com/title/tt4705700/
tt4724612	https://www.imdb.com/title/tt4724612/
tt4755536	https://www.imdb.com/title/tt4755536/
tt4851582	https://www.imdb.com/title/tt4851582/
tt5051014	https://www.imdb.com/title/tt5051014/
tt5074946	https://www.imdb.com/title/tt5074946/
tt5075074	https://www.imdb.com/title/tt5075074/
tt5080780	https://www.imdb.com/title/tt5080780/
tt5123832	https://www.imdb.com/title/tt5123832/
tt5130334	https://www.imdb.com/title/tt5130334/
tt5130350	https://www.imdb.com/title/tt5130350/
tt5179378	https://www.imdb.com/title/tt5179378/
tt5179388	https://www.imdb.com/title/tt5179388/
tt5194668	https://www.imdb.com/title/tt5194668/
tt5618114	https://www.imdb.com/title/tt5618114/
tt5639552	https://www.imdb.com/title/tt5639552/
tt5889938	https://www.imdb.com/title/tt5889938/
tt5992746	https://www.imdb.com/title/tt5992746/
tt6353180	https://www.imdb.com/title/tt6353180/
tt6947288	https://www.imdb.com/title/tt6947288/
tt7189378	https://www.imdb.com/title/tt7189378/
tt7189410	https://www.imdb.com/title/tt7189410/
tt7189498	https://www.imdb.com/title/tt7189498/
tt7189544	https://www.imdb.com/title/tt7189544/
tt7194632	https://www.imdb.com/title/tt7194632/
tt7194652	https://www.imdb.com/title/tt7194652/
tt7421010	https://www.imdb.com/title/tt7421010/
tt7534192	https://www.imdb.com/title/tt7534192/
tt7581582	https://www.imdb.com/title/tt7581582/
tt7581614	https://www.imdb.com/title/tt7581614/
tt7581620	https://www.imdb.com/title/tt7581620/
tt7581650	https://www.imdb.com/title/tt7581650/
tt7662548	https://www.imdb.com/title/tt7662548/
tt7662560	https://www.imdb.com/title/tt7662560/
tt7668642	https://www.imdb.com/title/tt7668642/
tt7668730	https://www.imdb.com/title/tt7668730/
tt7671766	https://www.imdb.com/title/tt7671766/
tt7671814	https://www.imdb.com/title/tt7671814/
tt7671836	https://www.imdb.com/title/tt7671836/
tt7672752	https://www.imdb.com/title/tt7672752/
tt7679186	https://www.imdb.com/title/tt7679186/
tt7680068	https://www.imdb.com/title/tt7680068/
tt7732348	https://www.imdb.com/title/tt7732348/
tt7757590	https://www.imdb.com/title/tt7757590/
tt7757610	https://www.imdb.com/title/tt7757610/
tt7757634	https://www.imdb.com/title/tt7757634/
tt7757676	https://www.imdb.com/title/tt7757676/
tt7781250	https://www.imdb.com/title/tt7781250/
tt7915918	https://www.imdb.com/title/tt7915918/
tt7915930	https://www.imdb.com/title/tt7915930/
tt7916926	https://www.imdb.com/title/tt7916926/
tt7917022	https://www.imdb.com/title/tt7917022/
tt7917186	https://www.imdb.com/title/tt7917186/
tt7929770	https://www.imdb.com/title/tt7929770/
tt7929832	https://www.imdb.com/title/tt7929832/
tt7931002	https://www.imdb.com/title/tt7931002/
tt7931244	https://www.imdb.com/title/tt7931244/
tt7931360	https://www.imdb.com/title/tt7931360/
tt7934046	https://www.imdb.com/title/tt7934046/
tt7934072	https://www.imdb.com/title/tt7934072/
tt7995504	https://www.imdb.com/title/tt7995504/
tt7997876	https://www.imdb.com/title/tt7997876/
tt7997936	https://www.imdb.com/title/tt7997936/
tt7997962	https://www.imdb.com/title/tt7997962/
tt8002206	https://www.imdb.com/title/tt8002206/
tt8105900	https://www.imdb.com/title/tt8105900/
tt8131728	https://www.imdb.com/title/tt8131728/
tt8137138	https://www.imdb.com/title/tt8137138/
tt8142354	https://www.imdb.com/title/tt8142354/
tt8142366	https://www.imdb.com/title/tt8142366/
tt8142372	https://www.imdb.com/title/tt8142372/
tt8157416	https://www.imdb.com/title/tt8157416/
tt8172066	https://www.imdb.com/title/tt8172066/
tt8182030	https://www.imdb.com/title/tt8182030/
tt8219316	https://www.imdb.com/title/tt8219316/
tt8259748	https://www.imdb.com/title/tt8259748/
tt8710390	https://www.imdb.com/title/tt8710390/
tt8710404	https://www.imdb.com/title/tt8710404/
tt8710418	https://www.imdb.com/title/tt8710418/
tt8715528	https://www.imdb.com/title/tt8715528/
tt8715654	https://www.imdb.com/title/tt8715654/
tt8719338	https://www.imdb.com/title/tt8719338/
tt8724260	https://www.imdb.com/title/tt8724260/
tt8724330	https://www.imdb.com/title/tt8724330/
tt8733666	https://www.imdb.com/title/tt8733666/
tt8733682	https://www.imdb.com/title/tt8733682/
tt8733744	https://www.imdb.com/title/tt8733744/
tt8799872	https://www.imdb.com/title/tt8799872/
tt8817232	https://www.imdb.com/title/tt8817232/
tt8817258	https://www.imdb.com/title/tt8817258/
tt9007168	https://www.imdb.com/title/tt9007168/
tt9007172	https://www.imdb.com/title/tt9007172/
tt9007186	https://www.imdb.com/title/tt9007186/
tt9007188	https://www.imdb.com/title/tt9007188/
tt9007196	https://www.imdb.com/title/tt9007196/
tt9007198	https://www.imdb.com/title/tt9007198/
tt9049618	https://www.imdb.com/title/tt9049618/
tt9063442	https://www.imdb.com/title/tt9063442/
tt9063476	https://www.imdb.com/title/tt9063476/
tt9077668	https://www.imdb.com/title/tt9077668/
tt9132084	https://www.imdb.com/title/tt9132084/
tt9146852	https://www.imdb.com/title/tt9146852/
tt9147102	https://www.imdb.com/title/tt9147102/
tt9180860	https://www.imdb.com/title/tt9180860/
tt9222568	https://www.imdb.com/title/tt9222568/
tt9222748	https://www.imdb.com/title/tt9222748/
tt9260638	https://www.imdb.com/title/tt9260638/
tt9328058	https://www.imdb.com/title/tt9328058/
tt9365604	https://www.imdb.com/title/tt9365604/
tt9409148	https://www.imdb.com/title/tt9409148/
tt9430692	https://www.imdb.com/title/tt9430692/
tt9445180	https://www.imdb.com/title/tt9445180/
tt9512300	https://www.imdb.com/title/tt9512300/
tt9512318	https://www.imdb.com/title/tt9512318/
tt9512340	https://www.imdb.com/title/tt9512340/
tt9513264	https://www.imdb.com/title/tt9513264/
tt9513370	https://www.imdb.com/title/tt9513370/
tt9513532	https://www.imdb.com/title/tt9513532/
tt9513596	https://www.imdb.com/title/tt9513596/
tt9518698	https://www.imdb.com/title/tt9518698/
tt9676402	https://www.imdb.com/title/tt9676402/
tt9676630	https://www.imdb.com/title/tt9676630/
tt9686376	https://www.imdb.com/title/tt9686376/
tt9686590	https://www.imdb.com/title/tt9686590/
tt9779492	https://www.imdb.com/title/tt9779492/
tt9779664	https://www.imdb.com/title/tt9779664/
tt9779902	https://www.imdb.com/title/tt9779902/
tt9784700	https://www.imdb.com/title/tt9784700/
