tconst	imdb_url
tt0021477	https://www.imdb.com/title/tt0021477/
tt0021839	https://www.imdb.com/title/tt0021839/
tt0022633	https://www.imdb.com/title/tt0022633/
tt0022706	https://www.imdb.com/title/tt0022706/
tt0022743	https://www.imdb.com/title/tt0022743/
tt0022754	https://www.imdb.com/title/tt0022754/
tt0022762	https://www.imdb.com/title/tt0022762/
tt0022803	https://www.imdb.com/title/tt0022803/
tt0022819	https://www.imdb.com/title/tt0022819/
tt0022867	https://www.imdb.com/title/tt0022867/
tt0022880	https://www.imdb.com/title/tt0022880/
tt0022963	https://www.imdb.com/title/tt0022963/
tt0023021	https://www.imdb.com/title/tt0023021/
tt0023064	https://www.imdb.com/title/tt0023064/
tt0023070	https://www.imdb.com/title/tt0023070/
tt0023130	https://www.imdb.com/title/tt0023130/
tt0023199	https://www.imdb.com/title/tt0023199/
tt0023205	https://www.imdb.com/title/tt0023205/
tt0023212	https://www.imdb.com/title/tt0023212/
tt0023235	https://www.imdb.com/title/tt0023235/
tt0023325	https://www.imdb.com/title/tt0023325/
tt0023391	https://www.imdb.com/title/tt0023391/
tt0023563	https://www.imdb.com/title/tt0023563/
tt0023618	https://www.imdb.com/title/tt0023618/
tt0023621	https://www.imdb.com/title/tt0023621/
tt0023643	https://www.imdb.com/title/tt0023643/
tt0023671	https://www.imdb.com/title/tt0023671/
tt0023713	https://www.imdb.com/title/tt0023713/
tt0023714	https://www.imdb.com/title/tt0023714/
tt0023729	https://www.imdb.com/title/tt0023729/
tt0023732	https://www.imdb.com/title/tt0023732/
tt0023733	https://www.imdb.com/title/tt0023733/
tt0023734	https://www.imdb.com/title/tt0023734/
tt0023735	https://www.imdb.com/title/tt0023735/
tt0023736	https://www.imdb.com/title/tt0023736/
tt0023737	https://www.imdb.com/title/tt0023737/
tt0023738	https://www.imdb.com/title/tt0023738/
tt0023739	https://www.imdb.com/title/tt0023739/
tt0023740	https://www.imdb.com/title/tt0023740/
tt0023741	https://www.imdb.com/title/tt0023741/
tt0023742	https://www.imdb.com/title/tt0023742/
tt0023744	https://www.imdb.com/title/tt0023744/
tt0023746	https://www.imdb.com/title/tt0023746/
tt0023749	https://www.imdb.com/title/tt0023749/
tt0023751	https://www.imdb.com/title/tt0023751/
tt0023753	https://www.imdb.com/title/tt0023753/
tt0023754	https://www.imdb.com/title/tt0023754/
tt0023758	https://www.imdb.com/title/tt0023758/
tt0023759	https://www.imdb.com/title/tt0023759/
tt0023760	https://www.imdb.com/title/tt0023760/
tt0023761	https://www.imdb.com/title/tt0023761/
tt0023763	https://www.imdb.com/title/tt0023763/
tt0023764	https://www.imdb.com/title/tt0023764/
tt0023767	https://www.imdb.com/title/tt0023767/
tt0023771	https://www.imdb.com/title/tt0023771/
tt0023773	https://www.imdb.com/title/tt0023773/
tt0023775	https://www.imdb.com/title/tt0023775/
tt0023778	https://www.imdb.com/title/tt0023778/
tt0023781	https://www.imdb.com/title/tt0023781/
tt0023785	https://www.imdb.com/title/tt0023785/
tt0023786	https://www.imdb.com/title/tt0023786/
tt0023787	https://www.imdb.com/title/tt0023787/
tt0023790	https://www.imdb.com/title/tt0023790/
tt0023791	https://www.imdb.com/title/tt0023791/
tt0023793	https://www.imdb.com/title/tt0023793/
tt0023794	https://www.imdb.com/title/tt0023794/
tt0023795	https://www.imdb.com/title/tt0023795/
tt0023796	https://www.imdb.com/title/tt0023796/
tt0023805	https://www.imdb.com/title/tt0023805/
tt0023806	https://www.imdb.com/title/tt0023806/
tt0023807	https://www.imdb.com/title/tt0023807/
tt0023808	https://www.imdb.com/title/tt0023808/
tt0023809	https://www.imdb.com/title/tt0023809/
tt0023810	https://www.imdb.com/title/tt0023810/
tt0023811	https://www.imdb.com/title/tt0023811/
tt0023813	https://www.imdb.com/title/tt0023813/
tt0023815	https://www.imdb.com/title/tt0023815/
tt0023816	https://www.imdb.com/title/tt0023816/
tt0023817	https://www.imdb.com/title/tt0023817/
tt0023818	https://www.imdb.com/title/tt0023818/
tt0023822	https://www.imdb.com/title/tt0023822/
tt0023823	https://www.imdb.com/title/tt0023823/
tt0023824	https://www.imdb.com/title/tt0023824/
tt0023825	https://www.imdb.com/title/tt0023825/
tt0023826	https://www.imdb.com/title/tt0023826/
tt0023838	https://www.imdb.com/title/tt0023838/
tt0023839	https://www.imdb.com/title/tt0023839/
tt0023840	https://www.imdb.com/title/tt0023840/
tt0023842	https://www.imdb.com/title/tt0023842/
tt0023845	https://www.imdb.com/title/tt0023845/
tt0023846	https://www.imdb.com/title/tt0023846/
tt0023847	https://www.imdb.com/title/tt0023847/
tt0023848	https://www.imdb.com/title/tt0023848/
tt0023849	https://www.imdb.com/title/tt0023849/
tt0023856	https://www.imdb.com/title/tt0023856/
tt0023859	https://www.imdb.com/title/tt0023859/
tt0023860	https://www.imdb.com/title/tt0023860/
tt0023862	https://www.imdb.com/title/tt0023862/
tt0023864	https://www.imdb.com/title/tt0023864/
tt0023866	https://www.imdb.com/title/tt0023866/
tt0023868	https://www.imdb.com/title/tt0023868/
tt0023869	https://www.imdb.com/title/tt0023869/
tt0023870	https://www.imdb.com/title/tt0023870/
tt0023871	https://www.imdb.com/title/tt0023871/
tt0023872	https://www.imdb.com/title/tt0023872/
tt0023873	https://www.imdb.com/title/tt0023873/
tt0023874	https://www.imdb.com/title/tt0023874/
tt0023875	https://www.imdb.com/title/tt0023875/
tt0023876	https://www.imdb.com/title/tt0023876/
tt0023877	https://www.imdb.com/title/tt0023877/
tt0023878	https://www.imdb.com/title/tt0023878/
tt0023879	https://www.imdb.com/title/tt0023879/
tt0023880	https://www.imdb.com/title/tt0023880/
tt0023881	https://www.imdb.com/title/tt0023881/
tt0023882	https://www.imdb.com/title/tt0023882/
tt0023883	https://www.imdb.com/title/tt0023883/
tt0023884	https://www.imdb.com/title/tt0023884/
tt0023885	https://www.imdb.com/title/tt0023885/
tt0023886	https://www.imdb.com/title/tt0023886/
tt0023887	https://www.imdb.com/title/tt0023887/
tt0023888	https://www.imdb.com/title/tt0023888/
tt0023890	https://www.imdb.com/title/tt0023890/
tt0023891	https://www.imdb.com/title/tt0023891/
tt0023892	https://www.imdb.com/title/tt0023892/
tt0023893	https://www.imdb.com/title/tt0023893/
tt0023894	https://www.imdb.com/title/tt0023894/
tt0023895	https://www.imdb.com/title/tt0023895/
tt0023896	https://www.imdb.com/title/tt0023896/
tt0023897	https://www.imdb.com/title/tt0023897/
tt0023898	https://www.imdb.com/title/tt0023898/
tt0023899	https://www.imdb.com/title/tt0023899/
tt0023900	https://www.imdb.com/title/tt0023900/
tt0023903	https://www.imdb.com/title/tt0023903/
tt0023904	https://www.imdb.com/title/tt0023904/
tt0023905	https://www.imdb.com/title/tt0023905/
tt0023906	https://www.imdb.com/title/tt0023906/
tt0023907	https://www.imdb.com/title/tt0023907/
tt0023909	https://www.imdb.com/title/tt0023909/
tt0023910	https://www.imdb.com/title/tt0023910/
tt0023911	https://www.imdb.com/title/tt0023911/
tt0023913	https://www.imdb.com/title/tt0023913/
tt0023914	https://www.imdb.com/title/tt0023914/
tt0023917	https://www.imdb.com/title/tt0023917/
tt0023918	https://www.imdb.com/title/tt0023918/
tt0023919	https://www.imdb.com/title/tt0023919/
tt0023921	https://www.imdb.com/title/tt0023921/
tt0023923	https://www.imdb.com/title/tt0023923/
tt0023924	https://www.imdb.com/title/tt0023924/
tt0023925	https://www.imdb.com/title/tt0023925/
tt0023926	https://www.imdb.com/title/tt0023926/
tt0023927	https://www.imdb.com/title/tt0023927/
tt0023928	https://www.imdb.com/title/tt0023928/
tt0023929	https://www.imdb.com/title/tt0023929/
tt0023930	https://www.imdb.com/title/tt0023930/
tt0023931	https://www.imdb.com/title/tt0023931/
tt0023932	https://www.imdb.com/title/tt0023932/
tt0023933	https://www.imdb.com/title/tt0023933/
tt0023934	https://www.imdb.com/title/tt0023934/
tt0023936	https://www.imdb.com/title/tt0023936/
tt0023937	https://www.imdb.com/title/tt0023937/
tt0023938	https://www.imdb.com/title/tt0023938/
tt0023939	https://www.imdb.com/title/tt0023939/
tt0023940	https://www.imdb.com/title/tt0023940/
tt0023941	https://www.imdb.com/title/tt0023941/
tt0023942	https://www.imdb.com/title/tt0023942/
tt0023943	https://www.imdb.com/title/tt0023943/
tt0023944	https://www.imdb.com/title/tt0023944/
tt0023945	https://www.imdb.com/title/tt0023945/
tt0023948	https://www.imdb.com/title/tt0023948/
tt0023949	https://www.imdb.com/title/tt0023949/
tt0023951	https://www.imdb.com/title/tt0023951/
tt0023954	https://www.imdb.com/title/tt0023954/
tt0023955	https://www.imdb.com/title/tt0023955/
tt0023956	https://www.imdb.com/title/tt0023956/
tt0023957	https://www.imdb.com/title/tt0023957/
tt0023959	https://www.imdb.com/title/tt0023959/
tt0023960	https://www.imdb.com/title/tt0023960/
tt0023961	https://www.imdb.com/title/tt0023961/
tt0023963	https://www.imdb.com/title/tt0023963/
tt0023966	https://www.imdb.com/title/tt0023966/
tt0023967	https://www.imdb.com/title/tt0023967/
tt0023968	https://www.imdb.com/title/tt0023968/
tt0023969	https://www.imdb.com/title/tt0023969/
tt0023970	https://www.imdb.com/title/tt0023970/
tt0023972	https://www.imdb.com/title/tt0023972/
tt0023973	https://www.imdb.com/title/tt0023973/
tt0023974	https://www.imdb.com/title/tt0023974/
tt0023975	https://www.imdb.com/title/tt0023975/
tt0023976	https://www.imdb.com/title/tt0023976/
tt0023979	https://www.imdb.com/title/tt0023979/
tt0023980	https://www.imdb.com/title/tt0023980/
tt0023982	https://www.imdb.com/title/tt0023982/
tt0023983	https://www.imdb.com/title/tt0023983/
tt0023984	https://www.imdb.com/title/tt0023984/
tt0023985	https://www.imdb.com/title/tt0023985/
tt0023986	https://www.imdb.com/title/tt0023986/
tt0023987	https://www.imdb.com/title/tt0023987/
tt0023989	https://www.imdb.com/title/tt0023989/
tt0023990	https://www.imdb.com/title/tt0023990/
tt0023991	https://www.imdb.com/title/tt0023991/
tt0023992	https://www.imdb.com/title/tt0023992/
tt0023993	https://www.imdb.com/title/tt0023993/
tt0023994	https://www.imdb.com/title/tt0023994/
tt0023995	https://www.imdb.com/title/tt0023995/
tt0023996	https://www.imdb.com/title/tt0023996/
tt0023998	https://www.imdb.com/title/tt0023998/
tt0023999	https://www.imdb.com/title/tt0023999/
tt0024001	https://www.imdb.com/title/tt0024001/
tt0024002	https://www.imdb.com/title/tt0024002/
tt0024003	https://www.imdb.com/title/tt0024003/
tt0024004	https://www.imdb.com/title/tt0024004/
tt0024005	https://www.imdb.com/title/tt0024005/
tt0024008	https://www.imdb.com/title/tt0024008/
tt0024009	https://www.imdb.com/title/tt0024009/
tt0024010	https://www.imdb.com/title/tt0024010/
tt0024011	https://www.imdb.com/title/tt0024011/
tt0024012	https://www.imdb.com/title/tt0024012/
tt0024020	https://www.imdb.com/title/tt0024020/
tt0024023	https://www.imdb.com/title/tt0024023/
tt0024024	https://www.imdb.com/title/tt0024024/
tt0024025	https://www.imdb.com/title/tt0024025/
tt0024026	https://www.imdb.com/title/tt0024026/
tt0024027	https://www.imdb.com/title/tt0024027/
tt0024028	https://www.imdb.com/title/tt0024028/
tt0024030	https://www.imdb.com/title/tt0024030/
tt0024031	https://www.imdb.com/title/tt0024031/
tt0024033	https://www.imdb.com/title/tt0024033/
tt0024034	https://www.imdb.com/title/tt0024034/
tt0024035	https://www.imdb.com/title/tt0024035/
tt0024037	https://www.imdb.com/title/tt0024037/
tt0024038	https://www.imdb.com/title/tt0024038/
tt0024040	https://www.imdb.com/title/tt0024040/
tt0024041	https://www.imdb.com/title/tt0024041/
tt0024042	https://www.imdb.com/title/tt0024042/
tt0024043	https://www.imdb.com/title/tt0024043/
tt0024044	https://www.imdb.com/title/tt0024044/
tt0024045	https://www.imdb.com/title/tt0024045/
tt0024046	https://www.imdb.com/title/tt0024046/
tt0024047	https://www.imdb.com/title/tt0024047/
tt0024048	https://www.imdb.com/title/tt0024048/
tt0024049	https://www.imdb.com/title/tt0024049/
tt0024052	https://www.imdb.com/title/tt0024052/
tt0024053	https://www.imdb.com/title/tt0024053/
tt0024054	https://www.imdb.com/title/tt0024054/
tt0024055	https://www.imdb.com/title/tt0024055/
tt0024058	https://www.imdb.com/title/tt0024058/
tt0024059	https://www.imdb.com/title/tt0024059/
tt0024060	https://www.imdb.com/title/tt0024060/
tt0024061	https://www.imdb.com/title/tt0024061/
tt0024062	https://www.imdb.com/title/tt0024062/
tt0024063	https://www.imdb.com/title/tt0024063/
tt0024064	https://www.imdb.com/title/tt0024064/
tt0024065	https://www.imdb.com/title/tt0024065/
tt0024066	https://www.imdb.com/title/tt0024066/
tt0024067	https://www.imdb.com/title/tt0024067/
tt0024068	https://www.imdb.com/title/tt0024068/
tt0024069	https://www.imdb.com/title/tt0024069/
tt0024070	https://www.imdb.com/title/tt0024070/
tt0024071	https://www.imdb.com/title/tt0024071/
tt0024072	https://www.imdb.com/title/tt0024072/
tt0024073	https://www.imdb.com/title/tt0024073/
tt0024075	https://www.imdb.com/title/tt0024075/
tt0024077	https://www.imdb.com/title/tt0024077/
tt0024078	https://www.imdb.com/title/tt0024078/
tt0024079	https://www.imdb.com/title/tt0024079/
tt0024080	https://www.imdb.com/title/tt0024080/
tt0024081	https://www.imdb.com/title/tt0024081/
tt0024082	https://www.imdb.com/title/tt0024082/
tt0024083	https://www.imdb.com/title/tt0024083/
tt0024084	https://www.imdb.com/title/tt0024084/
tt0024085	https://www.imdb.com/title/tt0024085/
tt0024087	https://www.imdb.com/title/tt0024087/
tt0024088	https://www.imdb.com/title/tt0024088/
tt0024090	https://www.imdb.com/title/tt0024090/
tt0024091	https://www.imdb.com/title/tt0024091/
tt0024092	https://www.imdb.com/title/tt0024092/
tt0024093	https://www.imdb.com/title/tt0024093/
tt0024094	https://www.imdb.com/title/tt0024094/
tt0024096	https://www.imdb.com/title/tt0024096/
tt0024097	https://www.imdb.com/title/tt0024097/
tt0024098	https://www.imdb.com/title/tt0024098/
tt0024099	https://www.imdb.com/title/tt0024099/
tt0024100	https://www.imdb.com/title/tt0024100/
tt0024101	https://www.imdb.com/title/tt0024101/
tt0024103	https://www.imdb.com/title/tt0024103/
tt0024104	https://www.imdb.com/title/tt0024104/
tt0024105	https://www.imdb.com/title/tt0024105/
tt0024106	https://www.imdb.com/title/tt0024106/
tt0024107	https://www.imdb.com/title/tt0024107/
tt0024109	https://www.imdb.com/title/tt0024109/
tt0024110	https://www.imdb.com/title/tt0024110/
tt0024111	https://www.imdb.com/title/tt0024111/
tt0024112	https://www.imdb.com/title/tt0024112/
tt0024113	https://www.imdb.com/title/tt0024113/
tt0024114	https://www.imdb.com/title/tt0024114/
tt0024115	https://www.imdb.com/title/tt0024115/
tt0024116	https://www.imdb.com/title/tt0024116/
tt0024117	https://www.imdb.com/title/tt0024117/
tt0024118	https://www.imdb.com/title/tt0024118/
tt0024119	https://www.imdb.com/title/tt0024119/
tt0024120	https://www.imdb.com/title/tt0024120/
tt0024122	https://www.imdb.com/title/tt0024122/
tt0024123	https://www.imdb.com/title/tt0024123/
tt0024124	https://www.imdb.com/title/tt0024124/
tt0024127	https://www.imdb.com/title/tt0024127/
tt0024129	https://www.imdb.com/title/tt0024129/
tt0024130	https://www.imdb.com/title/tt0024130/
tt0024132	https://www.imdb.com/title/tt0024132/
tt0024135	https://www.imdb.com/title/tt0024135/
tt0024139	https://www.imdb.com/title/tt0024139/
tt0024140	https://www.imdb.com/title/tt0024140/
tt0024141	https://www.imdb.com/title/tt0024141/
tt0024142	https://www.imdb.com/title/tt0024142/
tt0024143	https://www.imdb.com/title/tt0024143/
tt0024144	https://www.imdb.com/title/tt0024144/
tt0024146	https://www.imdb.com/title/tt0024146/
tt0024147	https://www.imdb.com/title/tt0024147/
tt0024148	https://www.imdb.com/title/tt0024148/
tt0024149	https://www.imdb.com/title/tt0024149/
tt0024150	https://www.imdb.com/title/tt0024150/
tt0024151	https://www.imdb.com/title/tt0024151/
tt0024153	https://www.imdb.com/title/tt0024153/
tt0024157	https://www.imdb.com/title/tt0024157/
tt0024158	https://www.imdb.com/title/tt0024158/
tt0024159	https://www.imdb.com/title/tt0024159/
tt0024160	https://www.imdb.com/title/tt0024160/
tt0024161	https://www.imdb.com/title/tt0024161/
tt0024164	https://www.imdb.com/title/tt0024164/
tt0024165	https://www.imdb.com/title/tt0024165/
tt0024166	https://www.imdb.com/title/tt0024166/
tt0024169	https://www.imdb.com/title/tt0024169/
tt0024170	https://www.imdb.com/title/tt0024170/
tt0024171	https://www.imdb.com/title/tt0024171/
tt0024172	https://www.imdb.com/title/tt0024172/
tt0024174	https://www.imdb.com/title/tt0024174/
tt0024175	https://www.imdb.com/title/tt0024175/
tt0024176	https://www.imdb.com/title/tt0024176/
tt0024178	https://www.imdb.com/title/tt0024178/
tt0024180	https://www.imdb.com/title/tt0024180/
tt0024181	https://www.imdb.com/title/tt0024181/
tt0024182	https://www.imdb.com/title/tt0024182/
tt0024183	https://www.imdb.com/title/tt0024183/
tt0024184	https://www.imdb.com/title/tt0024184/
tt0024185	https://www.imdb.com/title/tt0024185/
tt0024186	https://www.imdb.com/title/tt0024186/
tt0024189	https://www.imdb.com/title/tt0024189/
tt0024190	https://www.imdb.com/title/tt0024190/
tt0024191	https://www.imdb.com/title/tt0024191/
tt0024192	https://www.imdb.com/title/tt0024192/
tt0024193	https://www.imdb.com/title/tt0024193/
tt0024194	https://www.imdb.com/title/tt0024194/
tt0024195	https://www.imdb.com/title/tt0024195/
tt0024196	https://www.imdb.com/title/tt0024196/
tt0024197	https://www.imdb.com/title/tt0024197/
tt0024198	https://www.imdb.com/title/tt0024198/
tt0024199	https://www.imdb.com/title/tt0024199/
tt0024200	https://www.imdb.com/title/tt0024200/
tt0024201	https://www.imdb.com/title/tt0024201/
tt0024204	https://www.imdb.com/title/tt0024204/
tt0024205	https://www.imdb.com/title/tt0024205/
tt0024207	https://www.imdb.com/title/tt0024207/
tt0024208	https://www.imdb.com/title/tt0024208/
tt0024210	https://www.imdb.com/title/tt0024210/
tt0024211	https://www.imdb.com/title/tt0024211/
tt0024214	https://www.imdb.com/title/tt0024214/
tt0024215	https://www.imdb.com/title/tt0024215/
tt0024216	https://www.imdb.com/title/tt0024216/
tt0024217	https://www.imdb.com/title/tt0024217/
tt0024218	https://www.imdb.com/title/tt0024218/
tt0024219	https://www.imdb.com/title/tt0024219/
tt0024220	https://www.imdb.com/title/tt0024220/
tt0024221	https://www.imdb.com/title/tt0024221/
tt0024222	https://www.imdb.com/title/tt0024222/
tt0024223	https://www.imdb.com/title/tt0024223/
tt0024225	https://www.imdb.com/title/tt0024225/
tt0024226	https://www.imdb.com/title/tt0024226/
tt0024229	https://www.imdb.com/title/tt0024229/
tt0024233	https://www.imdb.com/title/tt0024233/
tt0024234	https://www.imdb.com/title/tt0024234/
tt0024235	https://www.imdb.com/title/tt0024235/
tt0024236	https://www.imdb.com/title/tt0024236/
tt0024237	https://www.imdb.com/title/tt0024237/
tt0024238	https://www.imdb.com/title/tt0024238/
tt0024239	https://www.imdb.com/title/tt0024239/
tt0024240	https://www.imdb.com/title/tt0024240/
tt0024241	https://www.imdb.com/title/tt0024241/
tt0024242	https://www.imdb.com/title/tt0024242/
tt0024243	https://www.imdb.com/title/tt0024243/
tt0024245	https://www.imdb.com/title/tt0024245/
tt0024247	https://www.imdb.com/title/tt0024247/
tt0024248	https://www.imdb.com/title/tt0024248/
tt0024249	https://www.imdb.com/title/tt0024249/
tt0024251	https://www.imdb.com/title/tt0024251/
tt0024252	https://www.imdb.com/title/tt0024252/
tt0024253	https://www.imdb.com/title/tt0024253/
tt0024254	https://www.imdb.com/title/tt0024254/
tt0024255	https://www.imdb.com/title/tt0024255/
tt0024256	https://www.imdb.com/title/tt0024256/
tt0024257	https://www.imdb.com/title/tt0024257/
tt0024258	https://www.imdb.com/title/tt0024258/
tt0024259	https://www.imdb.com/title/tt0024259/
tt0024260	https://www.imdb.com/title/tt0024260/
tt0024262	https://www.imdb.com/title/tt0024262/
tt0024263	https://www.imdb.com/title/tt0024263/
tt0024264	https://www.imdb.com/title/tt0024264/
tt0024265	https://www.imdb.com/title/tt0024265/
tt0024266	https://www.imdb.com/title/tt0024266/
tt0024267	https://www.imdb.com/title/tt0024267/
tt0024269	https://www.imdb.com/title/tt0024269/
tt0024272	https://www.imdb.com/title/tt0024272/
tt0024273	https://www.imdb.com/title/tt0024273/
tt0024275	https://www.imdb.com/title/tt0024275/
tt0024276	https://www.imdb.com/title/tt0024276/
tt0024277	https://www.imdb.com/title/tt0024277/
tt0024278	https://www.imdb.com/title/tt0024278/
tt0024281	https://www.imdb.com/title/tt0024281/
tt0024282	https://www.imdb.com/title/tt0024282/
tt0024283	https://www.imdb.com/title/tt0024283/
tt0024284	https://www.imdb.com/title/tt0024284/
tt0024286	https://www.imdb.com/title/tt0024286/
tt0024287	https://www.imdb.com/title/tt0024287/
tt0024288	https://www.imdb.com/title/tt0024288/
tt0024292	https://www.imdb.com/title/tt0024292/
tt0024293	https://www.imdb.com/title/tt0024293/
tt0024294	https://www.imdb.com/title/tt0024294/
tt0024295	https://www.imdb.com/title/tt0024295/
tt0024296	https://www.imdb.com/title/tt0024296/
tt0024298	https://www.imdb.com/title/tt0024298/
tt0024299	https://www.imdb.com/title/tt0024299/
tt0024300	https://www.imdb.com/title/tt0024300/
tt0024301	https://www.imdb.com/title/tt0024301/
tt0024302	https://www.imdb.com/title/tt0024302/
tt0024303	https://www.imdb.com/title/tt0024303/
tt0024305	https://www.imdb.com/title/tt0024305/
tt0024307	https://www.imdb.com/title/tt0024307/
tt0024308	https://www.imdb.com/title/tt0024308/
tt0024309	https://www.imdb.com/title/tt0024309/
tt0024310	https://www.imdb.com/title/tt0024310/
tt0024311	https://www.imdb.com/title/tt0024311/
tt0024312	https://www.imdb.com/title/tt0024312/
tt0024313	https://www.imdb.com/title/tt0024313/
tt0024314	https://www.imdb.com/title/tt0024314/
tt0024315	https://www.imdb.com/title/tt0024315/
tt0024317	https://www.imdb.com/title/tt0024317/
tt0024318	https://www.imdb.com/title/tt0024318/
tt0024320	https://www.imdb.com/title/tt0024320/
tt0024321	https://www.imdb.com/title/tt0024321/
tt0024323	https://www.imdb.com/title/tt0024323/
tt0024324	https://www.imdb.com/title/tt0024324/
tt0024325	https://www.imdb.com/title/tt0024325/
tt0024328	https://www.imdb.com/title/tt0024328/
tt0024333	https://www.imdb.com/title/tt0024333/
tt0024334	https://www.imdb.com/title/tt0024334/
tt0024336	https://www.imdb.com/title/tt0024336/
tt0024339	https://www.imdb.com/title/tt0024339/
tt0024341	https://www.imdb.com/title/tt0024341/
tt0024345	https://www.imdb.com/title/tt0024345/
tt0024346	https://www.imdb.com/title/tt0024346/
tt0024347	https://www.imdb.com/title/tt0024347/
tt0024348	https://www.imdb.com/title/tt0024348/
tt0024350	https://www.imdb.com/title/tt0024350/
tt0024351	https://www.imdb.com/title/tt0024351/
tt0024352	https://www.imdb.com/title/tt0024352/
tt0024353	https://www.imdb.com/title/tt0024353/
tt0024356	https://www.imdb.com/title/tt0024356/
tt0024357	https://www.imdb.com/title/tt0024357/
tt0024358	https://www.imdb.com/title/tt0024358/
tt0024360	https://www.imdb.com/title/tt0024360/
tt0024363	https://www.imdb.com/title/tt0024363/
tt0024364	https://www.imdb.com/title/tt0024364/
tt0024365	https://www.imdb.com/title/tt0024365/
tt0024366	https://www.imdb.com/title/tt0024366/
tt0024367	https://www.imdb.com/title/tt0024367/
tt0024368	https://www.imdb.com/title/tt0024368/
tt0024369	https://www.imdb.com/title/tt0024369/
tt0024370	https://www.imdb.com/title/tt0024370/
tt0024371	https://www.imdb.com/title/tt0024371/
tt0024372	https://www.imdb.com/title/tt0024372/
tt0024373	https://www.imdb.com/title/tt0024373/
tt0024374	https://www.imdb.com/title/tt0024374/
tt0024376	https://www.imdb.com/title/tt0024376/
tt0024377	https://www.imdb.com/title/tt0024377/
tt0024381	https://www.imdb.com/title/tt0024381/
tt0024382	https://www.imdb.com/title/tt0024382/
tt0024383	https://www.imdb.com/title/tt0024383/
tt0024384	https://www.imdb.com/title/tt0024384/
tt0024385	https://www.imdb.com/title/tt0024385/
tt0024386	https://www.imdb.com/title/tt0024386/
tt0024387	https://www.imdb.com/title/tt0024387/
tt0024388	https://www.imdb.com/title/tt0024388/
tt0024389	https://www.imdb.com/title/tt0024389/
tt0024391	https://www.imdb.com/title/tt0024391/
tt0024392	https://www.imdb.com/title/tt0024392/
tt0024393	https://www.imdb.com/title/tt0024393/
tt0024394	https://www.imdb.com/title/tt0024394/
tt0024396	https://www.imdb.com/title/tt0024396/
tt0024398	https://www.imdb.com/title/tt0024398/
tt0024402	https://www.imdb.com/title/tt0024402/
tt0024405	https://www.imdb.com/title/tt0024405/
tt0024406	https://www.imdb.com/title/tt0024406/
tt0024408	https://www.imdb.com/title/tt0024408/
tt0024411	https://www.imdb.com/title/tt0024411/
tt0024412	https://www.imdb.com/title/tt0024412/
tt0024414	https://www.imdb.com/title/tt0024414/
tt0024416	https://www.imdb.com/title/tt0024416/
tt0024417	https://www.imdb.com/title/tt0024417/
tt0024418	https://www.imdb.com/title/tt0024418/
tt0024419	https://www.imdb.com/title/tt0024419/
tt0024421	https://www.imdb.com/title/tt0024421/
tt0024422	https://www.imdb.com/title/tt0024422/
tt0024423	https://www.imdb.com/title/tt0024423/
tt0024424	https://www.imdb.com/title/tt0024424/
tt0024426	https://www.imdb.com/title/tt0024426/
tt0024427	https://www.imdb.com/title/tt0024427/
tt0024429	https://www.imdb.com/title/tt0024429/
tt0024430	https://www.imdb.com/title/tt0024430/
tt0024431	https://www.imdb.com/title/tt0024431/
tt0024433	https://www.imdb.com/title/tt0024433/
tt0024435	https://www.imdb.com/title/tt0024435/
tt0024436	https://www.imdb.com/title/tt0024436/
tt0024438	https://www.imdb.com/title/tt0024438/
tt0024439	https://www.imdb.com/title/tt0024439/
tt0024441	https://www.imdb.com/title/tt0024441/
tt0024442	https://www.imdb.com/title/tt0024442/
tt0024443	https://www.imdb.com/title/tt0024443/
tt0024444	https://www.imdb.com/title/tt0024444/
tt0024445	https://www.imdb.com/title/tt0024445/
tt0024447	https://www.imdb.com/title/tt0024447/
tt0024448	https://www.imdb.com/title/tt0024448/
tt0024450	https://www.imdb.com/title/tt0024450/
tt0024453	https://www.imdb.com/title/tt0024453/
tt0024455	https://www.imdb.com/title/tt0024455/
tt0024456	https://www.imdb.com/title/tt0024456/
tt0024457	https://www.imdb.com/title/tt0024457/
tt0024464	https://www.imdb.com/title/tt0024464/
tt0024465	https://www.imdb.com/title/tt0024465/
tt0024468	https://www.imdb.com/title/tt0024468/
tt0024469	https://www.imdb.com/title/tt0024469/
tt0024470	https://www.imdb.com/title/tt0024470/
tt0024471	https://www.imdb.com/title/tt0024471/
tt0024472	https://www.imdb.com/title/tt0024472/
tt0024473	https://www.imdb.com/title/tt0024473/
tt0024475	https://www.imdb.com/title/tt0024475/
tt0024476	https://www.imdb.com/title/tt0024476/
tt0024478	https://www.imdb.com/title/tt0024478/
tt0024480	https://www.imdb.com/title/tt0024480/
tt0024481	https://www.imdb.com/title/tt0024481/
tt0024482	https://www.imdb.com/title/tt0024482/
tt0024484	https://www.imdb.com/title/tt0024484/
tt0024486	https://www.imdb.com/title/tt0024486/
tt0024488	https://www.imdb.com/title/tt0024488/
tt0024489	https://www.imdb.com/title/tt0024489/
tt0024491	https://www.imdb.com/title/tt0024491/
tt0024492	https://www.imdb.com/title/tt0024492/
tt0024493	https://www.imdb.com/title/tt0024493/
tt0024495	https://www.imdb.com/title/tt0024495/
tt0024496	https://www.imdb.com/title/tt0024496/
tt0024497	https://www.imdb.com/title/tt0024497/
tt0024498	https://www.imdb.com/title/tt0024498/
tt0024500	https://www.imdb.com/title/tt0024500/
tt0024501	https://www.imdb.com/title/tt0024501/
tt0024502	https://www.imdb.com/title/tt0024502/
tt0024503	https://www.imdb.com/title/tt0024503/
tt0024507	https://www.imdb.com/title/tt0024507/
tt0024508	https://www.imdb.com/title/tt0024508/
tt0024511	https://www.imdb.com/title/tt0024511/
tt0024512	https://www.imdb.com/title/tt0024512/
tt0024513	https://www.imdb.com/title/tt0024513/
tt0024514	https://www.imdb.com/title/tt0024514/
tt0024515	https://www.imdb.com/title/tt0024515/
tt0024516	https://www.imdb.com/title/tt0024516/
tt0024517	https://www.imdb.com/title/tt0024517/
tt0024518	https://www.imdb.com/title/tt0024518/
tt0024519	https://www.imdb.com/title/tt0024519/
tt0024520	https://www.imdb.com/title/tt0024520/
tt0024522	https://www.imdb.com/title/tt0024522/
tt0024523	https://www.imdb.com/title/tt0024523/
tt0024524	https://www.imdb.com/title/tt0024524/
tt0024527	https://www.imdb.com/title/tt0024527/
tt0024528	https://www.imdb.com/title/tt0024528/
tt0024530	https://www.imdb.com/title/tt0024530/
tt0024531	https://www.imdb.com/title/tt0024531/
tt0024535	https://www.imdb.com/title/tt0024535/
tt0024536	https://www.imdb.com/title/tt0024536/
tt0024537	https://www.imdb.com/title/tt0024537/
tt0024538	https://www.imdb.com/title/tt0024538/
tt0024539	https://www.imdb.com/title/tt0024539/
tt0024540	https://www.imdb.com/title/tt0024540/
tt0024541	https://www.imdb.com/title/tt0024541/
tt0024543	https://www.imdb.com/title/tt0024543/
tt0024544	https://www.imdb.com/title/tt0024544/
tt0024545	https://www.imdb.com/title/tt0024545/
tt0024546	https://www.imdb.com/title/tt0024546/
tt0024548	https://www.imdb.com/title/tt0024548/
tt0024549	https://www.imdb.com/title/tt0024549/
tt0024551	https://www.imdb.com/title/tt0024551/
tt0024552	https://www.imdb.com/title/tt0024552/
tt0024553	https://www.imdb.com/title/tt0024553/
tt0024554	https://www.imdb.com/title/tt0024554/
tt0024557	https://www.imdb.com/title/tt0024557/
tt0024558	https://www.imdb.com/title/tt0024558/
tt0024559	https://www.imdb.com/title/tt0024559/
tt0024560	https://www.imdb.com/title/tt0024560/
tt0024561	https://www.imdb.com/title/tt0024561/
tt0024564	https://www.imdb.com/title/tt0024564/
tt0024567	https://www.imdb.com/title/tt0024567/
tt0024570	https://www.imdb.com/title/tt0024570/
tt0024571	https://www.imdb.com/title/tt0024571/
tt0024573	https://www.imdb.com/title/tt0024573/
tt0024574	https://www.imdb.com/title/tt0024574/
tt0024575	https://www.imdb.com/title/tt0024575/
tt0024576	https://www.imdb.com/title/tt0024576/
tt0024577	https://www.imdb.com/title/tt0024577/
tt0024581	https://www.imdb.com/title/tt0024581/
tt0024583	https://www.imdb.com/title/tt0024583/
tt0024584	https://www.imdb.com/title/tt0024584/
tt0024589	https://www.imdb.com/title/tt0024589/
tt0024590	https://www.imdb.com/title/tt0024590/
tt0024591	https://www.imdb.com/title/tt0024591/
tt0024592	https://www.imdb.com/title/tt0024592/
tt0024593	https://www.imdb.com/title/tt0024593/
tt0024594	https://www.imdb.com/title/tt0024594/
tt0024595	https://www.imdb.com/title/tt0024595/
tt0024598	https://www.imdb.com/title/tt0024598/
tt0024599	https://www.imdb.com/title/tt0024599/
tt0024600	https://www.imdb.com/title/tt0024600/
tt0024601	https://www.imdb.com/title/tt0024601/
tt0024605	https://www.imdb.com/title/tt0024605/
tt0024606	https://www.imdb.com/title/tt0024606/
tt0024607	https://www.imdb.com/title/tt0024607/
tt0024609	https://www.imdb.com/title/tt0024609/
tt0024610	https://www.imdb.com/title/tt0024610/
tt0024611	https://www.imdb.com/title/tt0024611/
tt0024614	https://www.imdb.com/title/tt0024614/
tt0024616	https://www.imdb.com/title/tt0024616/
tt0024617	https://www.imdb.com/title/tt0024617/
tt0024618	https://www.imdb.com/title/tt0024618/
tt0024619	https://www.imdb.com/title/tt0024619/
tt0024620	https://www.imdb.com/title/tt0024620/
tt0024622	https://www.imdb.com/title/tt0024622/
tt0024624	https://www.imdb.com/title/tt0024624/
tt0024625	https://www.imdb.com/title/tt0024625/
tt0024627	https://www.imdb.com/title/tt0024627/
tt0024628	https://www.imdb.com/title/tt0024628/
tt0024630	https://www.imdb.com/title/tt0024630/
tt0024631	https://www.imdb.com/title/tt0024631/
tt0024632	https://www.imdb.com/title/tt0024632/
tt0024633	https://www.imdb.com/title/tt0024633/
tt0024635	https://www.imdb.com/title/tt0024635/
tt0024636	https://www.imdb.com/title/tt0024636/
tt0024637	https://www.imdb.com/title/tt0024637/
tt0024638	https://www.imdb.com/title/tt0024638/
tt0024639	https://www.imdb.com/title/tt0024639/
tt0024640	https://www.imdb.com/title/tt0024640/
tt0024641	https://www.imdb.com/title/tt0024641/
tt0024642	https://www.imdb.com/title/tt0024642/
tt0024645	https://www.imdb.com/title/tt0024645/
tt0024647	https://www.imdb.com/title/tt0024647/
tt0024648	https://www.imdb.com/title/tt0024648/
tt0024649	https://www.imdb.com/title/tt0024649/
tt0024650	https://www.imdb.com/title/tt0024650/
tt0024652	https://www.imdb.com/title/tt0024652/
tt0024653	https://www.imdb.com/title/tt0024653/
tt0024655	https://www.imdb.com/title/tt0024655/
tt0024656	https://www.imdb.com/title/tt0024656/
tt0024657	https://www.imdb.com/title/tt0024657/
tt0024658	https://www.imdb.com/title/tt0024658/
tt0024662	https://www.imdb.com/title/tt0024662/
tt0024663	https://www.imdb.com/title/tt0024663/
tt0024664	https://www.imdb.com/title/tt0024664/
tt0024665	https://www.imdb.com/title/tt0024665/
tt0024666	https://www.imdb.com/title/tt0024666/
tt0024668	https://www.imdb.com/title/tt0024668/
tt0024671	https://www.imdb.com/title/tt0024671/
tt0024672	https://www.imdb.com/title/tt0024672/
tt0024674	https://www.imdb.com/title/tt0024674/
tt0024675	https://www.imdb.com/title/tt0024675/
tt0024676	https://www.imdb.com/title/tt0024676/
tt0024679	https://www.imdb.com/title/tt0024679/
tt0024680	https://www.imdb.com/title/tt0024680/
tt0024682	https://www.imdb.com/title/tt0024682/
tt0024683	https://www.imdb.com/title/tt0024683/
tt0024684	https://www.imdb.com/title/tt0024684/
tt0024685	https://www.imdb.com/title/tt0024685/
tt0024689	https://www.imdb.com/title/tt0024689/
tt0024690	https://www.imdb.com/title/tt0024690/
tt0024691	https://www.imdb.com/title/tt0024691/
tt0024692	https://www.imdb.com/title/tt0024692/
tt0024694	https://www.imdb.com/title/tt0024694/
tt0024695	https://www.imdb.com/title/tt0024695/
tt0024696	https://www.imdb.com/title/tt0024696/
tt0024697	https://www.imdb.com/title/tt0024697/
tt0024698	https://www.imdb.com/title/tt0024698/
tt0024701	https://www.imdb.com/title/tt0024701/
tt0024703	https://www.imdb.com/title/tt0024703/
tt0024704	https://www.imdb.com/title/tt0024704/
tt0024705	https://www.imdb.com/title/tt0024705/
tt0024708	https://www.imdb.com/title/tt0024708/
tt0024709	https://www.imdb.com/title/tt0024709/
tt0024710	https://www.imdb.com/title/tt0024710/
tt0024711	https://www.imdb.com/title/tt0024711/
tt0024712	https://www.imdb.com/title/tt0024712/
tt0024714	https://www.imdb.com/title/tt0024714/
tt0024715	https://www.imdb.com/title/tt0024715/
tt0024716	https://www.imdb.com/title/tt0024716/
tt0024717	https://www.imdb.com/title/tt0024717/
tt0024718	https://www.imdb.com/title/tt0024718/
tt0024719	https://www.imdb.com/title/tt0024719/
tt0024720	https://www.imdb.com/title/tt0024720/
tt0024722	https://www.imdb.com/title/tt0024722/
tt0024723	https://www.imdb.com/title/tt0024723/
tt0024724	https://www.imdb.com/title/tt0024724/
tt0024725	https://www.imdb.com/title/tt0024725/
tt0024726	https://www.imdb.com/title/tt0024726/
tt0024727	https://www.imdb.com/title/tt0024727/
tt0024728	https://www.imdb.com/title/tt0024728/
tt0024729	https://www.imdb.com/title/tt0024729/
tt0024730	https://www.imdb.com/title/tt0024730/
tt0024731	https://www.imdb.com/title/tt0024731/
tt0024732	https://www.imdb.com/title/tt0024732/
tt0024733	https://www.imdb.com/title/tt0024733/
tt0024734	https://www.imdb.com/title/tt0024734/
tt0024735	https://www.imdb.com/title/tt0024735/
tt0024736	https://www.imdb.com/title/tt0024736/
tt0024738	https://www.imdb.com/title/tt0024738/
tt0024739	https://www.imdb.com/title/tt0024739/
tt0024740	https://www.imdb.com/title/tt0024740/
tt0024742	https://www.imdb.com/title/tt0024742/
tt0024743	https://www.imdb.com/title/tt0024743/
tt0024745	https://www.imdb.com/title/tt0024745/
tt0024746	https://www.imdb.com/title/tt0024746/
tt0024748	https://www.imdb.com/title/tt0024748/
tt0024749	https://www.imdb.com/title/tt0024749/
tt0024750	https://www.imdb.com/title/tt0024750/
tt0024751	https://www.imdb.com/title/tt0024751/
tt0024752	https://www.imdb.com/title/tt0024752/
tt0024753	https://www.imdb.com/title/tt0024753/
tt0024754	https://www.imdb.com/title/tt0024754/
tt0024755	https://www.imdb.com/title/tt0024755/
tt0024758	https://www.imdb.com/title/tt0024758/
tt0024759	https://www.imdb.com/title/tt0024759/
tt0024760	https://www.imdb.com/title/tt0024760/
tt0024761	https://www.imdb.com/title/tt0024761/
tt0024762	https://www.imdb.com/title/tt0024762/
tt0024763	https://www.imdb.com/title/tt0024763/
tt0024764	https://www.imdb.com/title/tt0024764/
tt0024766	https://www.imdb.com/title/tt0024766/
tt0024767	https://www.imdb.com/title/tt0024767/
tt0024768	https://www.imdb.com/title/tt0024768/
tt0024769	https://www.imdb.com/title/tt0024769/
tt0024770	https://www.imdb.com/title/tt0024770/
tt0024771	https://www.imdb.com/title/tt0024771/
tt0024772	https://www.imdb.com/title/tt0024772/
tt0024776	https://www.imdb.com/title/tt0024776/
tt0024778	https://www.imdb.com/title/tt0024778/
tt0024780	https://www.imdb.com/title/tt0024780/
tt0024781	https://www.imdb.com/title/tt0024781/
tt0024783	https://www.imdb.com/title/tt0024783/
tt0024785	https://www.imdb.com/title/tt0024785/
tt0024786	https://www.imdb.com/title/tt0024786/
tt0024787	https://www.imdb.com/title/tt0024787/
tt0024789	https://www.imdb.com/title/tt0024789/
tt0024790	https://www.imdb.com/title/tt0024790/
tt0024793	https://www.imdb.com/title/tt0024793/
tt0024794	https://www.imdb.com/title/tt0024794/
tt0024799	https://www.imdb.com/title/tt0024799/
tt0024800	https://www.imdb.com/title/tt0024800/
tt0024802	https://www.imdb.com/title/tt0024802/
tt0024803	https://www.imdb.com/title/tt0024803/
tt0024811	https://www.imdb.com/title/tt0024811/
tt0024857	https://www.imdb.com/title/tt0024857/
tt0024868	https://www.imdb.com/title/tt0024868/
tt0024891	https://www.imdb.com/title/tt0024891/
tt0024998	https://www.imdb.com/title/tt0024998/
tt0025025	https://www.imdb.com/title/tt0025025/
tt0025108	https://www.imdb.com/title/tt0025108/
tt0025110	https://www.imdb.com/title/tt0025110/
tt0025128	https://www.imdb.com/title/tt0025128/
tt0025155	https://www.imdb.com/title/tt0025155/
tt0025186	https://www.imdb.com/title/tt0025186/
tt0025194	https://www.imdb.com/title/tt0025194/
tt0025212	https://www.imdb.com/title/tt0025212/
tt0025229	https://www.imdb.com/title/tt0025229/
tt0025257	https://www.imdb.com/title/tt0025257/
tt0025306	https://www.imdb.com/title/tt0025306/
tt0025319	https://www.imdb.com/title/tt0025319/
tt0025354	https://www.imdb.com/title/tt0025354/
tt0025377	https://www.imdb.com/title/tt0025377/
tt0025381	https://www.imdb.com/title/tt0025381/
tt0025403	https://www.imdb.com/title/tt0025403/
tt0025416	https://www.imdb.com/title/tt0025416/
tt0025467	https://www.imdb.com/title/tt0025467/
tt0025476	https://www.imdb.com/title/tt0025476/
tt0025487	https://www.imdb.com/title/tt0025487/
tt0025533	https://www.imdb.com/title/tt0025533/
tt0025542	https://www.imdb.com/title/tt0025542/
tt0025604	https://www.imdb.com/title/tt0025604/
tt0025622	https://www.imdb.com/title/tt0025622/
tt0025624	https://www.imdb.com/title/tt0025624/
tt0025644	https://www.imdb.com/title/tt0025644/
tt0025658	https://www.imdb.com/title/tt0025658/
tt0025659	https://www.imdb.com/title/tt0025659/
tt0025684	https://www.imdb.com/title/tt0025684/
tt0025711	https://www.imdb.com/title/tt0025711/
tt0025738	https://www.imdb.com/title/tt0025738/
tt0025762	https://www.imdb.com/title/tt0025762/
tt0025769	https://www.imdb.com/title/tt0025769/
tt0025794	https://www.imdb.com/title/tt0025794/
tt0025814	https://www.imdb.com/title/tt0025814/
tt0025831	https://www.imdb.com/title/tt0025831/
tt0025837	https://www.imdb.com/title/tt0025837/
tt0025893	https://www.imdb.com/title/tt0025893/
tt0025904	https://www.imdb.com/title/tt0025904/
tt0025921	https://www.imdb.com/title/tt0025921/
tt0025951	https://www.imdb.com/title/tt0025951/
tt0026002	https://www.imdb.com/title/tt0026002/
tt0026006	https://www.imdb.com/title/tt0026006/
tt0026193	https://www.imdb.com/title/tt0026193/
tt0026841	https://www.imdb.com/title/tt0026841/
tt0026936	https://www.imdb.com/title/tt0026936/
tt0026949	https://www.imdb.com/title/tt0026949/
tt0027226	https://www.imdb.com/title/tt0027226/
tt0027806	https://www.imdb.com/title/tt0027806/
tt0028164	https://www.imdb.com/title/tt0028164/
tt0028243	https://www.imdb.com/title/tt0028243/
tt0028299	https://www.imdb.com/title/tt0028299/
tt0028755	https://www.imdb.com/title/tt0028755/
tt0030700	https://www.imdb.com/title/tt0030700/
tt0034177	https://www.imdb.com/title/tt0034177/
tt0121587	https://www.imdb.com/title/tt0121587/
tt0121890	https://www.imdb.com/title/tt0121890/
tt0122108	https://www.imdb.com/title/tt0122108/
tt0123090	https://www.imdb.com/title/tt0123090/
tt0123136	https://www.imdb.com/title/tt0123136/
tt0123649	https://www.imdb.com/title/tt0123649/
tt0124108	https://www.imdb.com/title/tt0124108/
tt0124269	https://www.imdb.com/title/tt0124269/
tt0124297	https://www.imdb.com/title/tt0124297/
tt0124813	https://www.imdb.com/title/tt0124813/
tt0125395	https://www.imdb.com/title/tt0125395/
tt0126600	https://www.imdb.com/title/tt0126600/
tt0126669	https://www.imdb.com/title/tt0126669/
tt0128973	https://www.imdb.com/title/tt0128973/
tt0129009	https://www.imdb.com/title/tt0129009/
tt0129059	https://www.imdb.com/title/tt0129059/
tt0129122	https://www.imdb.com/title/tt0129122/
tt0129168	https://www.imdb.com/title/tt0129168/
tt0129226	https://www.imdb.com/title/tt0129226/
tt0129324	https://www.imdb.com/title/tt0129324/
tt0129814	https://www.imdb.com/title/tt0129814/
tt0130015	https://www.imdb.com/title/tt0130015/
tt0130133	https://www.imdb.com/title/tt0130133/
tt0130234	https://www.imdb.com/title/tt0130234/
tt0130336	https://www.imdb.com/title/tt0130336/
tt0130376	https://www.imdb.com/title/tt0130376/
tt0130433	https://www.imdb.com/title/tt0130433/
tt0130438	https://www.imdb.com/title/tt0130438/
tt0130442	https://www.imdb.com/title/tt0130442/
tt0130448	https://www.imdb.com/title/tt0130448/
tt0130451	https://www.imdb.com/title/tt0130451/
tt0130452	https://www.imdb.com/title/tt0130452/
tt0130455	https://www.imdb.com/title/tt0130455/
tt0130460	https://www.imdb.com/title/tt0130460/
tt0130462	https://www.imdb.com/title/tt0130462/
tt0130463	https://www.imdb.com/title/tt0130463/
tt0130464	https://www.imdb.com/title/tt0130464/
tt0130466	https://www.imdb.com/title/tt0130466/
tt0130467	https://www.imdb.com/title/tt0130467/
tt0130468	https://www.imdb.com/title/tt0130468/
tt0130472	https://www.imdb.com/title/tt0130472/
tt0130476	https://www.imdb.com/title/tt0130476/
tt0130484	https://www.imdb.com/title/tt0130484/
tt0130485	https://www.imdb.com/title/tt0130485/
tt0130493	https://www.imdb.com/title/tt0130493/
tt0130495	https://www.imdb.com/title/tt0130495/
tt0130518	https://www.imdb.com/title/tt0130518/
tt0130521	https://www.imdb.com/title/tt0130521/
tt0130533	https://www.imdb.com/title/tt0130533/
tt0130535	https://www.imdb.com/title/tt0130535/
tt0130538	https://www.imdb.com/title/tt0130538/
tt0130539	https://www.imdb.com/title/tt0130539/
tt0130541	https://www.imdb.com/title/tt0130541/
tt0130542	https://www.imdb.com/title/tt0130542/
tt0130543	https://www.imdb.com/title/tt0130543/
tt0130544	https://www.imdb.com/title/tt0130544/
tt0130548	https://www.imdb.com/title/tt0130548/
tt0130549	https://www.imdb.com/title/tt0130549/
tt0130551	https://www.imdb.com/title/tt0130551/
tt0130552	https://www.imdb.com/title/tt0130552/
tt0130553	https://www.imdb.com/title/tt0130553/
tt0130555	https://www.imdb.com/title/tt0130555/
tt0130556	https://www.imdb.com/title/tt0130556/
tt0130557	https://www.imdb.com/title/tt0130557/
tt0130560	https://www.imdb.com/title/tt0130560/
tt0130571	https://www.imdb.com/title/tt0130571/
tt0130574	https://www.imdb.com/title/tt0130574/
tt0130577	https://www.imdb.com/title/tt0130577/
tt0130584	https://www.imdb.com/title/tt0130584/
tt0130587	https://www.imdb.com/title/tt0130587/
tt0130596	https://www.imdb.com/title/tt0130596/
tt0130598	https://www.imdb.com/title/tt0130598/
tt0130599	https://www.imdb.com/title/tt0130599/
tt0130600	https://www.imdb.com/title/tt0130600/
tt0130601	https://www.imdb.com/title/tt0130601/
tt0130602	https://www.imdb.com/title/tt0130602/
tt0130603	https://www.imdb.com/title/tt0130603/
tt0130605	https://www.imdb.com/title/tt0130605/
tt0130614	https://www.imdb.com/title/tt0130614/
tt0130616	https://www.imdb.com/title/tt0130616/
tt0130619	https://www.imdb.com/title/tt0130619/
tt0130621	https://www.imdb.com/title/tt0130621/
tt0130624	https://www.imdb.com/title/tt0130624/
tt0130661	https://www.imdb.com/title/tt0130661/
tt0130669	https://www.imdb.com/title/tt0130669/
tt0130672	https://www.imdb.com/title/tt0130672/
tt0130674	https://www.imdb.com/title/tt0130674/
tt0130683	https://www.imdb.com/title/tt0130683/
tt0130685	https://www.imdb.com/title/tt0130685/
tt0130687	https://www.imdb.com/title/tt0130687/
tt0130688	https://www.imdb.com/title/tt0130688/
tt0130689	https://www.imdb.com/title/tt0130689/
tt0130691	https://www.imdb.com/title/tt0130691/
tt0130704	https://www.imdb.com/title/tt0130704/
tt0130721	https://www.imdb.com/title/tt0130721/
tt0130742	https://www.imdb.com/title/tt0130742/
tt0130746	https://www.imdb.com/title/tt0130746/
tt0130749	https://www.imdb.com/title/tt0130749/
tt0130750	https://www.imdb.com/title/tt0130750/
tt0130772	https://www.imdb.com/title/tt0130772/
tt0130785	https://www.imdb.com/title/tt0130785/
tt0130786	https://www.imdb.com/title/tt0130786/
tt0130787	https://www.imdb.com/title/tt0130787/
tt0130788	https://www.imdb.com/title/tt0130788/
tt0130789	https://www.imdb.com/title/tt0130789/
tt0130790	https://www.imdb.com/title/tt0130790/
tt0130791	https://www.imdb.com/title/tt0130791/
tt0130794	https://www.imdb.com/title/tt0130794/
tt0130796	https://www.imdb.com/title/tt0130796/
tt0130801	https://www.imdb.com/title/tt0130801/
tt0130806	https://www.imdb.com/title/tt0130806/
tt0130814	https://www.imdb.com/title/tt0130814/
tt0130816	https://www.imdb.com/title/tt0130816/
tt0130825	https://www.imdb.com/title/tt0130825/
tt0130830	https://www.imdb.com/title/tt0130830/
tt0130832	https://www.imdb.com/title/tt0130832/
tt0130835	https://www.imdb.com/title/tt0130835/
tt0130841	https://www.imdb.com/title/tt0130841/
tt0130842	https://www.imdb.com/title/tt0130842/
tt0130845	https://www.imdb.com/title/tt0130845/
tt0130848	https://www.imdb.com/title/tt0130848/
tt0130857	https://www.imdb.com/title/tt0130857/
tt0130863	https://www.imdb.com/title/tt0130863/
tt0130867	https://www.imdb.com/title/tt0130867/
tt0130870	https://www.imdb.com/title/tt0130870/
tt0130874	https://www.imdb.com/title/tt0130874/
tt0130878	https://www.imdb.com/title/tt0130878/
tt0130881	https://www.imdb.com/title/tt0130881/
tt0130882	https://www.imdb.com/title/tt0130882/
tt0130893	https://www.imdb.com/title/tt0130893/
tt0130896	https://www.imdb.com/title/tt0130896/
tt0130901	https://www.imdb.com/title/tt0130901/
tt0130919	https://www.imdb.com/title/tt0130919/
tt0130924	https://www.imdb.com/title/tt0130924/
tt0130929	https://www.imdb.com/title/tt0130929/
tt0130932	https://www.imdb.com/title/tt0130932/
tt0130933	https://www.imdb.com/title/tt0130933/
tt0130934	https://www.imdb.com/title/tt0130934/
tt0130937	https://www.imdb.com/title/tt0130937/
tt0130954	https://www.imdb.com/title/tt0130954/
tt0130955	https://www.imdb.com/title/tt0130955/
tt0130956	https://www.imdb.com/title/tt0130956/
tt0130957	https://www.imdb.com/title/tt0130957/
tt0130958	https://www.imdb.com/title/tt0130958/
tt0130959	https://www.imdb.com/title/tt0130959/
tt0130961	https://www.imdb.com/title/tt0130961/
tt0130962	https://www.imdb.com/title/tt0130962/
tt0130966	https://www.imdb.com/title/tt0130966/
tt0130968	https://www.imdb.com/title/tt0130968/
tt0130972	https://www.imdb.com/title/tt0130972/
tt0130973	https://www.imdb.com/title/tt0130973/
tt0130974	https://www.imdb.com/title/tt0130974/
tt0130977	https://www.imdb.com/title/tt0130977/
tt0130992	https://www.imdb.com/title/tt0130992/
tt0131007	https://www.imdb.com/title/tt0131007/
tt0131008	https://www.imdb.com/title/tt0131008/
tt0131018	https://www.imdb.com/title/tt0131018/
tt0131019	https://www.imdb.com/title/tt0131019/
tt0131044	https://www.imdb.com/title/tt0131044/
tt0131045	https://www.imdb.com/title/tt0131045/
tt0131073	https://www.imdb.com/title/tt0131073/
tt0131074	https://www.imdb.com/title/tt0131074/
tt0131075	https://www.imdb.com/title/tt0131075/
tt0131083	https://www.imdb.com/title/tt0131083/
tt0131085	https://www.imdb.com/title/tt0131085/
tt0131086	https://www.imdb.com/title/tt0131086/
tt0131087	https://www.imdb.com/title/tt0131087/
tt0131088	https://www.imdb.com/title/tt0131088/
tt0131091	https://www.imdb.com/title/tt0131091/
tt0131092	https://www.imdb.com/title/tt0131092/
tt0131105	https://www.imdb.com/title/tt0131105/
tt0131108	https://www.imdb.com/title/tt0131108/
tt0131111	https://www.imdb.com/title/tt0131111/
tt0131112	https://www.imdb.com/title/tt0131112/
tt0131114	https://www.imdb.com/title/tt0131114/
tt0131117	https://www.imdb.com/title/tt0131117/
tt0131119	https://www.imdb.com/title/tt0131119/
tt0131120	https://www.imdb.com/title/tt0131120/
tt0131121	https://www.imdb.com/title/tt0131121/
tt0131123	https://www.imdb.com/title/tt0131123/
tt0131151	https://www.imdb.com/title/tt0131151/
tt0131154	https://www.imdb.com/title/tt0131154/
tt0131402	https://www.imdb.com/title/tt0131402/
tt0132034	https://www.imdb.com/title/tt0132034/
tt0132039	https://www.imdb.com/title/tt0132039/
tt0132157	https://www.imdb.com/title/tt0132157/
tt0132158	https://www.imdb.com/title/tt0132158/
tt0132279	https://www.imdb.com/title/tt0132279/
tt0132312	https://www.imdb.com/title/tt0132312/
tt0132461	https://www.imdb.com/title/tt0132461/
tt0132514	https://www.imdb.com/title/tt0132514/
tt0132521	https://www.imdb.com/title/tt0132521/
tt0132538	https://www.imdb.com/title/tt0132538/
tt0132908	https://www.imdb.com/title/tt0132908/
tt0132948	https://www.imdb.com/title/tt0132948/
tt0133214	https://www.imdb.com/title/tt0133214/
tt0133782	https://www.imdb.com/title/tt0133782/
tt0133853	https://www.imdb.com/title/tt0133853/
tt0133887	https://www.imdb.com/title/tt0133887/
tt0133978	https://www.imdb.com/title/tt0133978/
tt0134037	https://www.imdb.com/title/tt0134037/
tt0134114	https://www.imdb.com/title/tt0134114/
tt0134654	https://www.imdb.com/title/tt0134654/
tt0134801	https://www.imdb.com/title/tt0134801/
tt0136272	https://www.imdb.com/title/tt0136272/
tt0136377	https://www.imdb.com/title/tt0136377/
tt0136508	https://www.imdb.com/title/tt0136508/
tt0136958	https://www.imdb.com/title/tt0136958/
tt0137011	https://www.imdb.com/title/tt0137011/
tt0137069	https://www.imdb.com/title/tt0137069/
tt0137244	https://www.imdb.com/title/tt0137244/
tt0137945	https://www.imdb.com/title/tt0137945/
tt0138872	https://www.imdb.com/title/tt0138872/
tt0139229	https://www.imdb.com/title/tt0139229/
tt0139236	https://www.imdb.com/title/tt0139236/
tt0139559	https://www.imdb.com/title/tt0139559/
tt0139571	https://www.imdb.com/title/tt0139571/
tt0139609	https://www.imdb.com/title/tt0139609/
tt0140400	https://www.imdb.com/title/tt0140400/
tt0140554	https://www.imdb.com/title/tt0140554/
tt0140619	https://www.imdb.com/title/tt0140619/
tt0140693	https://www.imdb.com/title/tt0140693/
tt0142065	https://www.imdb.com/title/tt0142065/
tt0142756	https://www.imdb.com/title/tt0142756/
tt0143661	https://www.imdb.com/title/tt0143661/
tt0143879	https://www.imdb.com/title/tt0143879/
tt0144891	https://www.imdb.com/title/tt0144891/
tt0145670	https://www.imdb.com/title/tt0145670/
tt0145767	https://www.imdb.com/title/tt0145767/
tt0145895	https://www.imdb.com/title/tt0145895/
tt0145909	https://www.imdb.com/title/tt0145909/
tt0146366	https://www.imdb.com/title/tt0146366/
tt0147823	https://www.imdb.com/title/tt0147823/
tt0148362	https://www.imdb.com/title/tt0148362/
tt0149603	https://www.imdb.com/title/tt0149603/
tt0149755	https://www.imdb.com/title/tt0149755/
tt0150614	https://www.imdb.com/title/tt0150614/
tt0151124	https://www.imdb.com/title/tt0151124/
tt0151601	https://www.imdb.com/title/tt0151601/
tt0151676	https://www.imdb.com/title/tt0151676/
tt0151797	https://www.imdb.com/title/tt0151797/
tt0151849	https://www.imdb.com/title/tt0151849/
tt0151900	https://www.imdb.com/title/tt0151900/
tt0152128	https://www.imdb.com/title/tt0152128/
tt0154022	https://www.imdb.com/title/tt0154022/
tt0154240	https://www.imdb.com/title/tt0154240/
tt0154241	https://www.imdb.com/title/tt0154241/
tt0154285	https://www.imdb.com/title/tt0154285/
tt0154304	https://www.imdb.com/title/tt0154304/
tt0154329	https://www.imdb.com/title/tt0154329/
tt0154406	https://www.imdb.com/title/tt0154406/
tt0154408	https://www.imdb.com/title/tt0154408/
tt0154417	https://www.imdb.com/title/tt0154417/
tt0154470	https://www.imdb.com/title/tt0154470/
tt0154508	https://www.imdb.com/title/tt0154508/
tt0154677	https://www.imdb.com/title/tt0154677/
tt0154692	https://www.imdb.com/title/tt0154692/
tt0154715	https://www.imdb.com/title/tt0154715/
tt0155048	https://www.imdb.com/title/tt0155048/
tt0155158	https://www.imdb.com/title/tt0155158/
tt0155273	https://www.imdb.com/title/tt0155273/
tt0155398	https://www.imdb.com/title/tt0155398/
tt0155483	https://www.imdb.com/title/tt0155483/
tt0155707	https://www.imdb.com/title/tt0155707/
tt0155731	https://www.imdb.com/title/tt0155731/
tt0155761	https://www.imdb.com/title/tt0155761/
tt0155799	https://www.imdb.com/title/tt0155799/
tt0155808	https://www.imdb.com/title/tt0155808/
tt0155909	https://www.imdb.com/title/tt0155909/
tt0155981	https://www.imdb.com/title/tt0155981/
tt0156029	https://www.imdb.com/title/tt0156029/
tt0156057	https://www.imdb.com/title/tt0156057/
tt0156078	https://www.imdb.com/title/tt0156078/
tt0156169	https://www.imdb.com/title/tt0156169/
tt0156267	https://www.imdb.com/title/tt0156267/
tt0156437	https://www.imdb.com/title/tt0156437/
tt0156470	https://www.imdb.com/title/tt0156470/
tt0156497	https://www.imdb.com/title/tt0156497/
tt0156748	https://www.imdb.com/title/tt0156748/
tt0156799	https://www.imdb.com/title/tt0156799/
tt0156916	https://www.imdb.com/title/tt0156916/
tt0156937	https://www.imdb.com/title/tt0156937/
tt0158283	https://www.imdb.com/title/tt0158283/
tt0158893	https://www.imdb.com/title/tt0158893/
tt0159003	https://www.imdb.com/title/tt0159003/
tt0159035	https://www.imdb.com/title/tt0159035/
tt0159039	https://www.imdb.com/title/tt0159039/
tt0159057	https://www.imdb.com/title/tt0159057/
tt0159073	https://www.imdb.com/title/tt0159073/
tt0159334	https://www.imdb.com/title/tt0159334/
tt0160169	https://www.imdb.com/title/tt0160169/
tt0160535	https://www.imdb.com/title/tt0160535/
tt0160636	https://www.imdb.com/title/tt0160636/
tt0160638	https://www.imdb.com/title/tt0160638/
tt0160765	https://www.imdb.com/title/tt0160765/
tt0160772	https://www.imdb.com/title/tt0160772/
tt0160777	https://www.imdb.com/title/tt0160777/
tt0161406	https://www.imdb.com/title/tt0161406/
tt0161810	https://www.imdb.com/title/tt0161810/
tt0161872	https://www.imdb.com/title/tt0161872/
tt0162304	https://www.imdb.com/title/tt0162304/
tt0164432	https://www.imdb.com/title/tt0164432/
tt0164499	https://www.imdb.com/title/tt0164499/
tt0164693	https://www.imdb.com/title/tt0164693/
tt0164695	https://www.imdb.com/title/tt0164695/
tt0164901	https://www.imdb.com/title/tt0164901/
tt0165517	https://www.imdb.com/title/tt0165517/
tt0166229	https://www.imdb.com/title/tt0166229/
tt0166231	https://www.imdb.com/title/tt0166231/
tt0166258	https://www.imdb.com/title/tt0166258/
tt0166293	https://www.imdb.com/title/tt0166293/
tt0166490	https://www.imdb.com/title/tt0166490/
tt0166587	https://www.imdb.com/title/tt0166587/
tt0166617	https://www.imdb.com/title/tt0166617/
tt0166630	https://www.imdb.com/title/tt0166630/
tt0166637	https://www.imdb.com/title/tt0166637/
tt0166664	https://www.imdb.com/title/tt0166664/
tt0166690	https://www.imdb.com/title/tt0166690/
tt0166692	https://www.imdb.com/title/tt0166692/
tt0166693	https://www.imdb.com/title/tt0166693/
tt0166799	https://www.imdb.com/title/tt0166799/
tt0166891	https://www.imdb.com/title/tt0166891/
tt0166993	https://www.imdb.com/title/tt0166993/
tt0167348	https://www.imdb.com/title/tt0167348/
tt0167421	https://www.imdb.com/title/tt0167421/
tt0167451	https://www.imdb.com/title/tt0167451/
tt0168051	https://www.imdb.com/title/tt0168051/
tt0168720	https://www.imdb.com/title/tt0168720/
tt0169131	https://www.imdb.com/title/tt0169131/
tt0169175	https://www.imdb.com/title/tt0169175/
tt0169200	https://www.imdb.com/title/tt0169200/
tt0169341	https://www.imdb.com/title/tt0169341/
tt0169960	https://www.imdb.com/title/tt0169960/
tt0169978	https://www.imdb.com/title/tt0169978/
tt0170087	https://www.imdb.com/title/tt0170087/
tt0170202	https://www.imdb.com/title/tt0170202/
tt0170203	https://www.imdb.com/title/tt0170203/
tt0170221	https://www.imdb.com/title/tt0170221/
tt0170849	https://www.imdb.com/title/tt0170849/
tt0170861	https://www.imdb.com/title/tt0170861/
tt0171167	https://www.imdb.com/title/tt0171167/
tt0171181	https://www.imdb.com/title/tt0171181/
tt0171194	https://www.imdb.com/title/tt0171194/
tt0171236	https://www.imdb.com/title/tt0171236/
tt0171545	https://www.imdb.com/title/tt0171545/
tt0171963	https://www.imdb.com/title/tt0171963/
tt0172575	https://www.imdb.com/title/tt0172575/
tt0173357	https://www.imdb.com/title/tt0173357/
tt0173964	https://www.imdb.com/title/tt0173964/
tt0175459	https://www.imdb.com/title/tt0175459/
tt0175484	https://www.imdb.com/title/tt0175484/
tt0175494	https://www.imdb.com/title/tt0175494/
tt0175499	https://www.imdb.com/title/tt0175499/
tt0175699	https://www.imdb.com/title/tt0175699/
tt0177518	https://www.imdb.com/title/tt0177518/
tt0177868	https://www.imdb.com/title/tt0177868/
tt0177913	https://www.imdb.com/title/tt0177913/
tt0179481	https://www.imdb.com/title/tt0179481/
tt0179811	https://www.imdb.com/title/tt0179811/
tt0181535	https://www.imdb.com/title/tt0181535/
tt0181909	https://www.imdb.com/title/tt0181909/
tt0181982	https://www.imdb.com/title/tt0181982/
tt0182049	https://www.imdb.com/title/tt0182049/
tt0182529	https://www.imdb.com/title/tt0182529/
tt0182950	https://www.imdb.com/title/tt0182950/
tt0183083	https://www.imdb.com/title/tt0183083/
tt0183138	https://www.imdb.com/title/tt0183138/
tt0183495	https://www.imdb.com/title/tt0183495/
tt0183653	https://www.imdb.com/title/tt0183653/
tt0183735	https://www.imdb.com/title/tt0183735/
tt0185781	https://www.imdb.com/title/tt0185781/
tt0185973	https://www.imdb.com/title/tt0185973/
tt0187331	https://www.imdb.com/title/tt0187331/
tt0187371	https://www.imdb.com/title/tt0187371/
tt0187372	https://www.imdb.com/title/tt0187372/
tt0187686	https://www.imdb.com/title/tt0187686/
tt0188432	https://www.imdb.com/title/tt0188432/
tt0189656	https://www.imdb.com/title/tt0189656/
tt0190893	https://www.imdb.com/title/tt0190893/
tt0190988	https://www.imdb.com/title/tt0190988/
tt0191051	https://www.imdb.com/title/tt0191051/
tt0191089	https://www.imdb.com/title/tt0191089/
tt0191112	https://www.imdb.com/title/tt0191112/
tt0191166	https://www.imdb.com/title/tt0191166/
tt0191404	https://www.imdb.com/title/tt0191404/
tt0191478	https://www.imdb.com/title/tt0191478/
tt0191871	https://www.imdb.com/title/tt0191871/
tt0191889	https://www.imdb.com/title/tt0191889/
tt0192217	https://www.imdb.com/title/tt0192217/
tt0192281	https://www.imdb.com/title/tt0192281/
tt0192337	https://www.imdb.com/title/tt0192337/
tt0192492	https://www.imdb.com/title/tt0192492/
tt0192974	https://www.imdb.com/title/tt0192974/
tt0193088	https://www.imdb.com/title/tt0193088/
tt0193377	https://www.imdb.com/title/tt0193377/
tt0193470	https://www.imdb.com/title/tt0193470/
tt0193714	https://www.imdb.com/title/tt0193714/
tt0193748	https://www.imdb.com/title/tt0193748/
tt0193810	https://www.imdb.com/title/tt0193810/
tt0194040	https://www.imdb.com/title/tt0194040/
tt0194158	https://www.imdb.com/title/tt0194158/
tt0194260	https://www.imdb.com/title/tt0194260/
tt0194290	https://www.imdb.com/title/tt0194290/
tt0194460	https://www.imdb.com/title/tt0194460/
tt0194581	https://www.imdb.com/title/tt0194581/
tt0194661	https://www.imdb.com/title/tt0194661/
tt0194694	https://www.imdb.com/title/tt0194694/
tt0194790	https://www.imdb.com/title/tt0194790/
tt0194871	https://www.imdb.com/title/tt0194871/
tt0195233	https://www.imdb.com/title/tt0195233/
tt0195355	https://www.imdb.com/title/tt0195355/
tt0195514	https://www.imdb.com/title/tt0195514/
tt0195956	https://www.imdb.com/title/tt0195956/
tt0196676	https://www.imdb.com/title/tt0196676/
tt0197328	https://www.imdb.com/title/tt0197328/
tt0197517	https://www.imdb.com/title/tt0197517/
tt0197669	https://www.imdb.com/title/tt0197669/
tt0197900	https://www.imdb.com/title/tt0197900/
tt0197992	https://www.imdb.com/title/tt0197992/
tt0198472	https://www.imdb.com/title/tt0198472/
tt0198556	https://www.imdb.com/title/tt0198556/
tt0198762	https://www.imdb.com/title/tt0198762/
tt0198922	https://www.imdb.com/title/tt0198922/
tt0199366	https://www.imdb.com/title/tt0199366/
tt0199400	https://www.imdb.com/title/tt0199400/
tt0199408	https://www.imdb.com/title/tt0199408/
tt0199429	https://www.imdb.com/title/tt0199429/
tt0199604	https://www.imdb.com/title/tt0199604/
tt0199775	https://www.imdb.com/title/tt0199775/
tt0200034	https://www.imdb.com/title/tt0200034/
tt0200045	https://www.imdb.com/title/tt0200045/
tt0200206	https://www.imdb.com/title/tt0200206/
tt0200259	https://www.imdb.com/title/tt0200259/
tt0200318	https://www.imdb.com/title/tt0200318/
tt0200538	https://www.imdb.com/title/tt0200538/
tt0200999	https://www.imdb.com/title/tt0200999/
tt0201227	https://www.imdb.com/title/tt0201227/
tt0201437	https://www.imdb.com/title/tt0201437/
tt0201521	https://www.imdb.com/title/tt0201521/
tt0201930	https://www.imdb.com/title/tt0201930/
tt0202035	https://www.imdb.com/title/tt0202035/
tt0202171	https://www.imdb.com/title/tt0202171/
tt0202401	https://www.imdb.com/title/tt0202401/
tt0202467	https://www.imdb.com/title/tt0202467/
tt0202696	https://www.imdb.com/title/tt0202696/
tt0203033	https://www.imdb.com/title/tt0203033/
tt0203450	https://www.imdb.com/title/tt0203450/
tt0203463	https://www.imdb.com/title/tt0203463/
tt0203759	https://www.imdb.com/title/tt0203759/
tt0204239	https://www.imdb.com/title/tt0204239/
tt0204285	https://www.imdb.com/title/tt0204285/
tt0204590	https://www.imdb.com/title/tt0204590/
tt0204707	https://www.imdb.com/title/tt0204707/
tt0204753	https://www.imdb.com/title/tt0204753/
tt0205060	https://www.imdb.com/title/tt0205060/
tt0205320	https://www.imdb.com/title/tt0205320/
tt0205405	https://www.imdb.com/title/tt0205405/
tt0205539	https://www.imdb.com/title/tt0205539/
tt0205960	https://www.imdb.com/title/tt0205960/
tt0207794	https://www.imdb.com/title/tt0207794/
tt0207819	https://www.imdb.com/title/tt0207819/
tt0209001	https://www.imdb.com/title/tt0209001/
tt0209439	https://www.imdb.com/title/tt0209439/
tt0209962	https://www.imdb.com/title/tt0209962/
tt0210376	https://www.imdb.com/title/tt0210376/
tt0210774	https://www.imdb.com/title/tt0210774/
tt0211109	https://www.imdb.com/title/tt0211109/
tt0212447	https://www.imdb.com/title/tt0212447/
tt0213498	https://www.imdb.com/title/tt0213498/
tt0213518	https://www.imdb.com/title/tt0213518/
tt0213519	https://www.imdb.com/title/tt0213519/
tt0213780	https://www.imdb.com/title/tt0213780/
tt0213799	https://www.imdb.com/title/tt0213799/
tt0214177	https://www.imdb.com/title/tt0214177/
tt0214549	https://www.imdb.com/title/tt0214549/
tt0214615	https://www.imdb.com/title/tt0214615/
tt0214772	https://www.imdb.com/title/tt0214772/
tt0214795	https://www.imdb.com/title/tt0214795/
tt0214810	https://www.imdb.com/title/tt0214810/
tt0215106	https://www.imdb.com/title/tt0215106/
tt0217526	https://www.imdb.com/title/tt0217526/
tt0217803	https://www.imdb.com/title/tt0217803/
tt0217825	https://www.imdb.com/title/tt0217825/
tt0219165	https://www.imdb.com/title/tt0219165/
tt0219557	https://www.imdb.com/title/tt0219557/
tt0220668	https://www.imdb.com/title/tt0220668/
tt0220711	https://www.imdb.com/title/tt0220711/
tt0220784	https://www.imdb.com/title/tt0220784/
tt0220871	https://www.imdb.com/title/tt0220871/
tt0222125	https://www.imdb.com/title/tt0222125/
tt0224042	https://www.imdb.com/title/tt0224042/
tt0227404	https://www.imdb.com/title/tt0227404/
tt0227425	https://www.imdb.com/title/tt0227425/
tt0227718	https://www.imdb.com/title/tt0227718/
tt0228215	https://www.imdb.com/title/tt0228215/
tt0230619	https://www.imdb.com/title/tt0230619/
tt0230648	https://www.imdb.com/title/tt0230648/
tt0231198	https://www.imdb.com/title/tt0231198/
tt0231446	https://www.imdb.com/title/tt0231446/
tt0231489	https://www.imdb.com/title/tt0231489/
tt0232039	https://www.imdb.com/title/tt0232039/
tt0232157	https://www.imdb.com/title/tt0232157/
tt0232540	https://www.imdb.com/title/tt0232540/
tt0232829	https://www.imdb.com/title/tt0232829/
tt0233144	https://www.imdb.com/title/tt0233144/
tt0233176	https://www.imdb.com/title/tt0233176/
tt0234311	https://www.imdb.com/title/tt0234311/
tt0234532	https://www.imdb.com/title/tt0234532/
tt0234708	https://www.imdb.com/title/tt0234708/
tt0234768	https://www.imdb.com/title/tt0234768/
tt0234898	https://www.imdb.com/title/tt0234898/
tt0234929	https://www.imdb.com/title/tt0234929/
tt0235086	https://www.imdb.com/title/tt0235086/
tt0235513	https://www.imdb.com/title/tt0235513/
tt0236503	https://www.imdb.com/title/tt0236503/
tt0236581	https://www.imdb.com/title/tt0236581/
tt0236883	https://www.imdb.com/title/tt0236883/
tt0239072	https://www.imdb.com/title/tt0239072/
tt0239500	https://www.imdb.com/title/tt0239500/
tt0239503	https://www.imdb.com/title/tt0239503/
tt0239645	https://www.imdb.com/title/tt0239645/
tt0239872	https://www.imdb.com/title/tt0239872/
tt0239944	https://www.imdb.com/title/tt0239944/
tt0240006	https://www.imdb.com/title/tt0240006/
tt0240179	https://www.imdb.com/title/tt0240179/
tt0240384	https://www.imdb.com/title/tt0240384/
tt0241030	https://www.imdb.com/title/tt0241030/
tt0241847	https://www.imdb.com/title/tt0241847/
tt0242048	https://www.imdb.com/title/tt0242048/
tt0242279	https://www.imdb.com/title/tt0242279/
tt0242645	https://www.imdb.com/title/tt0242645/
tt0242833	https://www.imdb.com/title/tt0242833/
tt0242858	https://www.imdb.com/title/tt0242858/
tt0242977	https://www.imdb.com/title/tt0242977/
tt0244886	https://www.imdb.com/title/tt0244886/
tt0245376	https://www.imdb.com/title/tt0245376/
tt0245436	https://www.imdb.com/title/tt0245436/
tt0245532	https://www.imdb.com/title/tt0245532/
tt0246051	https://www.imdb.com/title/tt0246051/
tt0246700	https://www.imdb.com/title/tt0246700/
tt0247283	https://www.imdb.com/title/tt0247283/
tt0247285	https://www.imdb.com/title/tt0247285/
tt0247542	https://www.imdb.com/title/tt0247542/
tt0247734	https://www.imdb.com/title/tt0247734/
tt0247749	https://www.imdb.com/title/tt0247749/
tt0249154	https://www.imdb.com/title/tt0249154/
tt0249820	https://www.imdb.com/title/tt0249820/
tt0250431	https://www.imdb.com/title/tt0250431/
tt0250719	https://www.imdb.com/title/tt0250719/
tt0251386	https://www.imdb.com/title/tt0251386/
tt0252006	https://www.imdb.com/title/tt0252006/
tt0252352	https://www.imdb.com/title/tt0252352/
tt0252560	https://www.imdb.com/title/tt0252560/
tt0252701	https://www.imdb.com/title/tt0252701/
tt0253078	https://www.imdb.com/title/tt0253078/
tt0253137	https://www.imdb.com/title/tt0253137/
tt0253167	https://www.imdb.com/title/tt0253167/
tt0253196	https://www.imdb.com/title/tt0253196/
tt0253212	https://www.imdb.com/title/tt0253212/
tt0253214	https://www.imdb.com/title/tt0253214/
tt0253221	https://www.imdb.com/title/tt0253221/
tt0253304	https://www.imdb.com/title/tt0253304/
tt0253518	https://www.imdb.com/title/tt0253518/
tt0253666	https://www.imdb.com/title/tt0253666/
tt0253671	https://www.imdb.com/title/tt0253671/
tt0253785	https://www.imdb.com/title/tt0253785/
tt0253989	https://www.imdb.com/title/tt0253989/
tt0254498	https://www.imdb.com/title/tt0254498/
tt0255157	https://www.imdb.com/title/tt0255157/
tt0255179	https://www.imdb.com/title/tt0255179/
tt0255291	https://www.imdb.com/title/tt0255291/
tt0255559	https://www.imdb.com/title/tt0255559/
tt0255577	https://www.imdb.com/title/tt0255577/
tt0255580	https://www.imdb.com/title/tt0255580/
tt0255694	https://www.imdb.com/title/tt0255694/
tt0256046	https://www.imdb.com/title/tt0256046/
tt0256088	https://www.imdb.com/title/tt0256088/
tt0256126	https://www.imdb.com/title/tt0256126/
tt0256427	https://www.imdb.com/title/tt0256427/
tt0256476	https://www.imdb.com/title/tt0256476/
tt0258714	https://www.imdb.com/title/tt0258714/
tt0258963	https://www.imdb.com/title/tt0258963/
tt0261682	https://www.imdb.com/title/tt0261682/
tt0262085	https://www.imdb.com/title/tt0262085/
tt0262250	https://www.imdb.com/title/tt0262250/
tt0262398	https://www.imdb.com/title/tt0262398/
tt0262439	https://www.imdb.com/title/tt0262439/
tt0262535	https://www.imdb.com/title/tt0262535/
tt0262557	https://www.imdb.com/title/tt0262557/
tt0262623	https://www.imdb.com/title/tt0262623/
tt0262706	https://www.imdb.com/title/tt0262706/
tt0262769	https://www.imdb.com/title/tt0262769/
tt0262939	https://www.imdb.com/title/tt0262939/
tt0263109	https://www.imdb.com/title/tt0263109/
tt0263212	https://www.imdb.com/title/tt0263212/
tt0263276	https://www.imdb.com/title/tt0263276/
tt0263324	https://www.imdb.com/title/tt0263324/
tt0263325	https://www.imdb.com/title/tt0263325/
tt0263327	https://www.imdb.com/title/tt0263327/
tt0263374	https://www.imdb.com/title/tt0263374/
tt0263424	https://www.imdb.com/title/tt0263424/
tt0263445	https://www.imdb.com/title/tt0263445/
tt0263455	https://www.imdb.com/title/tt0263455/
tt0263514	https://www.imdb.com/title/tt0263514/
tt0263637	https://www.imdb.com/title/tt0263637/
tt0263812	https://www.imdb.com/title/tt0263812/
tt0263893	https://www.imdb.com/title/tt0263893/
tt0263914	https://www.imdb.com/title/tt0263914/
tt0263917	https://www.imdb.com/title/tt0263917/
tt0263940	https://www.imdb.com/title/tt0263940/
tt0264134	https://www.imdb.com/title/tt0264134/
tt0264137	https://www.imdb.com/title/tt0264137/
tt0264196	https://www.imdb.com/title/tt0264196/
tt0264197	https://www.imdb.com/title/tt0264197/
tt0264703	https://www.imdb.com/title/tt0264703/
tt0264780	https://www.imdb.com/title/tt0264780/
tt0265661	https://www.imdb.com/title/tt0265661/
tt0265677	https://www.imdb.com/title/tt0265677/
tt0265710	https://www.imdb.com/title/tt0265710/
tt0266710	https://www.imdb.com/title/tt0266710/
tt0266952	https://www.imdb.com/title/tt0266952/
tt0268577	https://www.imdb.com/title/tt0268577/
tt0270818	https://www.imdb.com/title/tt0270818/
tt0271815	https://www.imdb.com/title/tt0271815/
tt0272729	https://www.imdb.com/title/tt0272729/
tt0274598	https://www.imdb.com/title/tt0274598/
tt0277983	https://www.imdb.com/title/tt0277983/
tt0278341	https://www.imdb.com/title/tt0278341/
tt0280551	https://www.imdb.com/title/tt0280551/
tt0281239	https://www.imdb.com/title/tt0281239/
tt0281366	https://www.imdb.com/title/tt0281366/
tt0281620	https://www.imdb.com/title/tt0281620/
tt0281863	https://www.imdb.com/title/tt0281863/
tt0282564	https://www.imdb.com/title/tt0282564/
tt0283097	https://www.imdb.com/title/tt0283097/
tt0283118	https://www.imdb.com/title/tt0283118/
tt0286318	https://www.imdb.com/title/tt0286318/
tt0287947	https://www.imdb.com/title/tt0287947/
tt0288004	https://www.imdb.com/title/tt0288004/
tt0295019	https://www.imdb.com/title/tt0295019/
tt0295184	https://www.imdb.com/title/tt0295184/
tt0295344	https://www.imdb.com/title/tt0295344/
tt0295349	https://www.imdb.com/title/tt0295349/
tt0295513	https://www.imdb.com/title/tt0295513/
tt0295514	https://www.imdb.com/title/tt0295514/
tt0295544	https://www.imdb.com/title/tt0295544/
tt0302414	https://www.imdb.com/title/tt0302414/
tt0302516	https://www.imdb.com/title/tt0302516/
tt0302802	https://www.imdb.com/title/tt0302802/
tt0308079	https://www.imdb.com/title/tt0308079/
tt0310831	https://www.imdb.com/title/tt0310831/
tt0312385	https://www.imdb.com/title/tt0312385/
tt0318048	https://www.imdb.com/title/tt0318048/
tt0322938	https://www.imdb.com/title/tt0322938/
tt0324266	https://www.imdb.com/title/tt0324266/
tt0325664	https://www.imdb.com/title/tt0325664/
tt0326277	https://www.imdb.com/title/tt0326277/
tt0332370	https://www.imdb.com/title/tt0332370/
tt0337029	https://www.imdb.com/title/tt0337029/
tt0345957	https://www.imdb.com/title/tt0345957/
tt0351007	https://www.imdb.com/title/tt0351007/
tt0360901	https://www.imdb.com/title/tt0360901/
tt0361864	https://www.imdb.com/title/tt0361864/
tt0362042	https://www.imdb.com/title/tt0362042/
tt0363925	https://www.imdb.com/title/tt0363925/
tt0364220	https://www.imdb.com/title/tt0364220/
tt0365811	https://www.imdb.com/title/tt0365811/
tt0370308	https://www.imdb.com/title/tt0370308/
tt0371018	https://www.imdb.com/title/tt0371018/
tt0372958	https://www.imdb.com/title/tt0372958/
tt0373974	https://www.imdb.com/title/tt0373974/
tt0375633	https://www.imdb.com/title/tt0375633/
tt0375881	https://www.imdb.com/title/tt0375881/
tt0375883	https://www.imdb.com/title/tt0375883/
tt0375998	https://www.imdb.com/title/tt0375998/
tt0376160	https://www.imdb.com/title/tt0376160/
tt0376163	https://www.imdb.com/title/tt0376163/
tt0377631	https://www.imdb.com/title/tt0377631/
tt0378340	https://www.imdb.com/title/tt0378340/
tt0381349	https://www.imdb.com/title/tt0381349/
tt0382826	https://www.imdb.com/title/tt0382826/
tt0388404	https://www.imdb.com/title/tt0388404/
tt0390814	https://www.imdb.com/title/tt0390814/
tt0390845	https://www.imdb.com/title/tt0390845/
tt0390864	https://www.imdb.com/title/tt0390864/
tt0390866	https://www.imdb.com/title/tt0390866/
tt0390871	https://www.imdb.com/title/tt0390871/
tt0390906	https://www.imdb.com/title/tt0390906/
tt0390960	https://www.imdb.com/title/tt0390960/
tt0390973	https://www.imdb.com/title/tt0390973/
tt0391081	https://www.imdb.com/title/tt0391081/
tt0391084	https://www.imdb.com/title/tt0391084/
tt0392046	https://www.imdb.com/title/tt0392046/
tt0392092	https://www.imdb.com/title/tt0392092/
tt0392213	https://www.imdb.com/title/tt0392213/
tt0392266	https://www.imdb.com/title/tt0392266/
tt0392269	https://www.imdb.com/title/tt0392269/
tt0392487	https://www.imdb.com/title/tt0392487/
tt0392578	https://www.imdb.com/title/tt0392578/
tt0392595	https://www.imdb.com/title/tt0392595/
tt0392628	https://www.imdb.com/title/tt0392628/
tt0392643	https://www.imdb.com/title/tt0392643/
tt0392672	https://www.imdb.com/title/tt0392672/
tt0392688	https://www.imdb.com/title/tt0392688/
tt0392698	https://www.imdb.com/title/tt0392698/
tt0393741	https://www.imdb.com/title/tt0393741/
tt0393755	https://www.imdb.com/title/tt0393755/
tt0393930	https://www.imdb.com/title/tt0393930/
tt0397717	https://www.imdb.com/title/tt0397717/
tt0398252	https://www.imdb.com/title/tt0398252/
tt0400888	https://www.imdb.com/title/tt0400888/
tt0406716	https://www.imdb.com/title/tt0406716/
tt0415188	https://www.imdb.com/title/tt0415188/
tt0417753	https://www.imdb.com/title/tt0417753/
tt0418297	https://www.imdb.com/title/tt0418297/
tt0423437	https://www.imdb.com/title/tt0423437/
tt0425284	https://www.imdb.com/title/tt0425284/
tt0426070	https://www.imdb.com/title/tt0426070/
tt0426071	https://www.imdb.com/title/tt0426071/
tt0427512	https://www.imdb.com/title/tt0427512/
tt0428255	https://www.imdb.com/title/tt0428255/
tt0430624	https://www.imdb.com/title/tt0430624/
tt0437271	https://www.imdb.com/title/tt0437271/
tt0442616	https://www.imdb.com/title/tt0442616/
tt0445382	https://www.imdb.com/title/tt0445382/
tt0446201	https://www.imdb.com/title/tt0446201/
tt0447386	https://www.imdb.com/title/tt0447386/
tt0465086	https://www.imdb.com/title/tt0465086/
tt0467991	https://www.imdb.com/title/tt0467991/
tt0479487	https://www.imdb.com/title/tt0479487/
tt0485444	https://www.imdb.com/title/tt0485444/
tt0486149	https://www.imdb.com/title/tt0486149/
tt0487454	https://www.imdb.com/title/tt0487454/
tt0488249	https://www.imdb.com/title/tt0488249/
tt0488257	https://www.imdb.com/title/tt0488257/
tt0488747	https://www.imdb.com/title/tt0488747/
tt0488771	https://www.imdb.com/title/tt0488771/
tt0490692	https://www.imdb.com/title/tt0490692/
tt0497997	https://www.imdb.com/title/tt0497997/
tt0764773	https://www.imdb.com/title/tt0764773/
tt0764821	https://www.imdb.com/title/tt0764821/
tt0764869	https://www.imdb.com/title/tt0764869/
tt0782058	https://www.imdb.com/title/tt0782058/
tt0788234	https://www.imdb.com/title/tt0788234/
tt0791448	https://www.imdb.com/title/tt0791448/
tt0791537	https://www.imdb.com/title/tt0791537/
tt0833619	https://www.imdb.com/title/tt0833619/
tt0842749	https://www.imdb.com/title/tt0842749/
tt0846964	https://www.imdb.com/title/tt0846964/
tt0867340	https://www.imdb.com/title/tt0867340/
tt0867463	https://www.imdb.com/title/tt0867463/
tt0876483	https://www.imdb.com/title/tt0876483/
tt0900900	https://www.imdb.com/title/tt0900900/
tt0907817	https://www.imdb.com/title/tt0907817/
tt0922481	https://www.imdb.com/title/tt0922481/
tt0922507	https://www.imdb.com/title/tt0922507/
tt0922541	https://www.imdb.com/title/tt0922541/
tt0922670	https://www.imdb.com/title/tt0922670/
tt0931356	https://www.imdb.com/title/tt0931356/
tt0949756	https://www.imdb.com/title/tt0949756/
tt0953297	https://www.imdb.com/title/tt0953297/
tt0953418	https://www.imdb.com/title/tt0953418/
tt0953482	https://www.imdb.com/title/tt0953482/
tt0953517	https://www.imdb.com/title/tt0953517/
tt0953563	https://www.imdb.com/title/tt0953563/
tt0953904	https://www.imdb.com/title/tt0953904/
tt0955341	https://www.imdb.com/title/tt0955341/
tt0956196	https://www.imdb.com/title/tt0956196/
tt0959308	https://www.imdb.com/title/tt0959308/
tt0960889	https://www.imdb.com/title/tt0960889/
tt0978687	https://www.imdb.com/title/tt0978687/
tt1013579	https://www.imdb.com/title/tt1013579/
tt1020977	https://www.imdb.com/title/tt1020977/
tt1024203	https://www.imdb.com/title/tt1024203/
tt10265312	https://www.imdb.com/title/tt10265312/
tt1031596	https://www.imdb.com/title/tt1031596/
tt1037815	https://www.imdb.com/title/tt1037815/
tt10585810	https://www.imdb.com/title/tt10585810/
tt10595494	https://www.imdb.com/title/tt10595494/
tt10714798	https://www.imdb.com/title/tt10714798/
tt10779040	https://www.imdb.com/title/tt10779040/
tt10779054	https://www.imdb.com/title/tt10779054/
tt10779076	https://www.imdb.com/title/tt10779076/
tt10779088	https://www.imdb.com/title/tt10779088/
tt10779114	https://www.imdb.com/title/tt10779114/
tt10780072	https://www.imdb.com/title/tt10780072/
tt10780350	https://www.imdb.com/title/tt10780350/
tt10841370	https://www.imdb.com/title/tt10841370/
tt10841650	https://www.imdb.com/title/tt10841650/
tt10846192	https://www.imdb.com/title/tt10846192/
tt10846294	https://www.imdb.com/title/tt10846294/
tt10846320	https://www.imdb.com/title/tt10846320/
tt10846766	https://www.imdb.com/title/tt10846766/
tt10846810	https://www.imdb.com/title/tt10846810/
tt1086322	https://www.imdb.com/title/tt1086322/
tt10982482	https://www.imdb.com/title/tt10982482/
tt10991776	https://www.imdb.com/title/tt10991776/
tt11029936	https://www.imdb.com/title/tt11029936/
tt11030080	https://www.imdb.com/title/tt11030080/
tt11034620	https://www.imdb.com/title/tt11034620/
tt11035196	https://www.imdb.com/title/tt11035196/
tt11035256	https://www.imdb.com/title/tt11035256/
tt1111280	https://www.imdb.com/title/tt1111280/
tt11254562	https://www.imdb.com/title/tt11254562/
tt11269760	https://www.imdb.com/title/tt11269760/
tt11270332	https://www.imdb.com/title/tt11270332/
tt11270756	https://www.imdb.com/title/tt11270756/
tt11358750	https://www.imdb.com/title/tt11358750/
tt11358786	https://www.imdb.com/title/tt11358786/
tt11439170	https://www.imdb.com/title/tt11439170/
tt11443430	https://www.imdb.com/title/tt11443430/
tt11445766	https://www.imdb.com/title/tt11445766/
tt11448704	https://www.imdb.com/title/tt11448704/
tt1145890	https://www.imdb.com/title/tt1145890/
tt1147555	https://www.imdb.com/title/tt1147555/
tt11479080	https://www.imdb.com/title/tt11479080/
tt11564728	https://www.imdb.com/title/tt11564728/
tt11564758	https://www.imdb.com/title/tt11564758/
tt1160939	https://www.imdb.com/title/tt1160939/
tt11640128	https://www.imdb.com/title/tt11640128/
tt11640148	https://www.imdb.com/title/tt11640148/
tt11640192	https://www.imdb.com/title/tt11640192/
tt1164608	https://www.imdb.com/title/tt1164608/
tt1165275	https://www.imdb.com/title/tt1165275/
tt11664496	https://www.imdb.com/title/tt11664496/
tt1172170	https://www.imdb.com/title/tt1172170/
tt1172209	https://www.imdb.com/title/tt1172209/
tt1172216	https://www.imdb.com/title/tt1172216/
tt1173737	https://www.imdb.com/title/tt1173737/
tt11739370	https://www.imdb.com/title/tt11739370/
tt11739468	https://www.imdb.com/title/tt11739468/
tt11744098	https://www.imdb.com/title/tt11744098/
tt11744250	https://www.imdb.com/title/tt11744250/
tt11744282	https://www.imdb.com/title/tt11744282/
tt11744290	https://www.imdb.com/title/tt11744290/
tt11744310	https://www.imdb.com/title/tt11744310/
tt11744318	https://www.imdb.com/title/tt11744318/
tt11800350	https://www.imdb.com/title/tt11800350/
tt11800444	https://www.imdb.com/title/tt11800444/
tt11800490	https://www.imdb.com/title/tt11800490/
tt11805400	https://www.imdb.com/title/tt11805400/
tt11805564	https://www.imdb.com/title/tt11805564/
tt11810488	https://www.imdb.com/title/tt11810488/
tt11810568	https://www.imdb.com/title/tt11810568/
tt1181469	https://www.imdb.com/title/tt1181469/
tt11848490	https://www.imdb.com/title/tt11848490/
tt11885878	https://www.imdb.com/title/tt11885878/
tt11886016	https://www.imdb.com/title/tt11886016/
tt11926156	https://www.imdb.com/title/tt11926156/
tt11926290	https://www.imdb.com/title/tt11926290/
tt11926388	https://www.imdb.com/title/tt11926388/
tt11941806	https://www.imdb.com/title/tt11941806/
tt11941834	https://www.imdb.com/title/tt11941834/
tt11960426	https://www.imdb.com/title/tt11960426/
tt11969130	https://www.imdb.com/title/tt11969130/
tt11970760	https://www.imdb.com/title/tt11970760/
tt11971998	https://www.imdb.com/title/tt11971998/
tt11972014	https://www.imdb.com/title/tt11972014/
tt11993454	https://www.imdb.com/title/tt11993454/
tt1199636	https://www.imdb.com/title/tt1199636/
tt12012750	https://www.imdb.com/title/tt12012750/
tt1201655	https://www.imdb.com/title/tt1201655/
tt1204364	https://www.imdb.com/title/tt1204364/
tt1204370	https://www.imdb.com/title/tt1204370/
tt1204372	https://www.imdb.com/title/tt1204372/
tt1204373	https://www.imdb.com/title/tt1204373/
tt1204382	https://www.imdb.com/title/tt1204382/
tt1204397	https://www.imdb.com/title/tt1204397/
tt1204403	https://www.imdb.com/title/tt1204403/
tt1204904	https://www.imdb.com/title/tt1204904/
tt1204918	https://www.imdb.com/title/tt1204918/
tt12073174	https://www.imdb.com/title/tt12073174/
tt12112270	https://www.imdb.com/title/tt12112270/
tt12112350	https://www.imdb.com/title/tt12112350/
tt12112568	https://www.imdb.com/title/tt12112568/
tt12112578	https://www.imdb.com/title/tt12112578/
tt12126380	https://www.imdb.com/title/tt12126380/
tt1213025	https://www.imdb.com/title/tt1213025/
tt1213085	https://www.imdb.com/title/tt1213085/
tt1213086	https://www.imdb.com/title/tt1213086/
tt12147938	https://www.imdb.com/title/tt12147938/
tt12148070	https://www.imdb.com/title/tt12148070/
tt12148114	https://www.imdb.com/title/tt12148114/
tt12148290	https://www.imdb.com/title/tt12148290/
tt12148508	https://www.imdb.com/title/tt12148508/
tt12206416	https://www.imdb.com/title/tt12206416/
tt12206498	https://www.imdb.com/title/tt12206498/
tt12206550	https://www.imdb.com/title/tt12206550/
tt12206598	https://www.imdb.com/title/tt12206598/
tt12206666	https://www.imdb.com/title/tt12206666/
tt1226315	https://www.imdb.com/title/tt1226315/
tt1233291	https://www.imdb.com/title/tt1233291/
tt1237885	https://www.imdb.com/title/tt1237885/
tt12567198	https://www.imdb.com/title/tt12567198/
tt12637168	https://www.imdb.com/title/tt12637168/
tt1269596	https://www.imdb.com/title/tt1269596/
tt1270659	https://www.imdb.com/title/tt1270659/
tt1270683	https://www.imdb.com/title/tt1270683/
tt12769328	https://www.imdb.com/title/tt12769328/
tt12872000	https://www.imdb.com/title/tt12872000/
tt1291147	https://www.imdb.com/title/tt1291147/
tt12950946	https://www.imdb.com/title/tt12950946/
tt1305722	https://www.imdb.com/title/tt1305722/
tt1305767	https://www.imdb.com/title/tt1305767/
tt1333660	https://www.imdb.com/title/tt1333660/
tt1349644	https://www.imdb.com/title/tt1349644/
tt14033428	https://www.imdb.com/title/tt14033428/
tt1464315	https://www.imdb.com/title/tt1464315/
tt1464764	https://www.imdb.com/title/tt1464764/
tt1467001	https://www.imdb.com/title/tt1467001/
tt15451492	https://www.imdb.com/title/tt15451492/
tt1567418	https://www.imdb.com/title/tt1567418/
tt1570639	https://www.imdb.com/title/tt1570639/
tt1601244	https://www.imdb.com/title/tt1601244/
tt1611897	https://www.imdb.com/title/tt1611897/
tt16404090	https://www.imdb.com/title/tt16404090/
tt16528738	https://www.imdb.com/title/tt16528738/
tt1793222	https://www.imdb.com/title/tt1793222/
tt18363564	https://www.imdb.com/title/tt18363564/
tt18363948	https://www.imdb.com/title/tt18363948/
tt18364228	https://www.imdb.com/title/tt18364228/
tt1846533	https://www.imdb.com/title/tt1846533/
tt1846692	https://www.imdb.com/title/tt1846692/
tt1857861	https://www.imdb.com/title/tt1857861/
tt1861392	https://www.imdb.com/title/tt1861392/
tt1861415	https://www.imdb.com/title/tt1861415/
tt1918776	https://www.imdb.com/title/tt1918776/
tt1930550	https://www.imdb.com/title/tt1930550/
tt1931494	https://www.imdb.com/title/tt1931494/
tt20223810	https://www.imdb.com/title/tt20223810/
tt20223946	https://www.imdb.com/title/tt20223946/
tt20412886	https://www.imdb.com/title/tt20412886/
tt20412906	https://www.imdb.com/title/tt20412906/
tt2094049	https://www.imdb.com/title/tt2094049/
tt21271736	https://www.imdb.com/title/tt21271736/
tt21272330	https://www.imdb.com/title/tt21272330/
tt21334602	https://www.imdb.com/title/tt21334602/
tt21339894	https://www.imdb.com/title/tt21339894/
tt21617930	https://www.imdb.com/title/tt21617930/
tt21618004	https://www.imdb.com/title/tt21618004/
tt21624612	https://www.imdb.com/title/tt21624612/
tt21626482	https://www.imdb.com/title/tt21626482/
tt2180273	https://www.imdb.com/title/tt2180273/
tt21839194	https://www.imdb.com/title/tt21839194/
tt21910386	https://www.imdb.com/title/tt21910386/
tt21911874	https://www.imdb.com/title/tt21911874/
tt21912372	https://www.imdb.com/title/tt21912372/
tt21946194	https://www.imdb.com/title/tt21946194/
tt21964860	https://www.imdb.com/title/tt21964860/
tt2212634	https://www.imdb.com/title/tt2212634/
tt2217827	https://www.imdb.com/title/tt2217827/
tt2224153	https://www.imdb.com/title/tt2224153/
tt22479308	https://www.imdb.com/title/tt22479308/
tt2283128	https://www.imdb.com/title/tt2283128/
tt2304989	https://www.imdb.com/title/tt2304989/
tt2328553	https://www.imdb.com/title/tt2328553/
tt23860220	https://www.imdb.com/title/tt23860220/
tt2532196	https://www.imdb.com/title/tt2532196/
tt27385244	https://www.imdb.com/title/tt27385244/
tt2756374	https://www.imdb.com/title/tt2756374/
tt2787910	https://www.imdb.com/title/tt2787910/
tt2794892	https://www.imdb.com/title/tt2794892/
tt28443235	https://www.imdb.com/title/tt28443235/
tt28450923	https://www.imdb.com/title/tt28450923/
tt28457338	https://www.imdb.com/title/tt28457338/
tt28479249	https://www.imdb.com/title/tt28479249/
tt28484909	https://www.imdb.com/title/tt28484909/
tt28489787	https://www.imdb.com/title/tt28489787/
tt28498980	https://www.imdb.com/title/tt28498980/
tt2856396	https://www.imdb.com/title/tt2856396/
tt2857592	https://www.imdb.com/title/tt2857592/
tt28631190	https://www.imdb.com/title/tt28631190/
tt2931926	https://www.imdb.com/title/tt2931926/
tt2936672	https://www.imdb.com/title/tt2936672/
tt2937722	https://www.imdb.com/title/tt2937722/
tt2937734	https://www.imdb.com/title/tt2937734/
tt2937758	https://www.imdb.com/title/tt2937758/
tt2977532	https://www.imdb.com/title/tt2977532/
tt2980346	https://www.imdb.com/title/tt2980346/
tt3031498	https://www.imdb.com/title/tt3031498/
tt3035536	https://www.imdb.com/title/tt3035536/
tt3035572	https://www.imdb.com/title/tt3035572/
tt3035612	https://www.imdb.com/title/tt3035612/
tt3035790	https://www.imdb.com/title/tt3035790/
tt3035848	https://www.imdb.com/title/tt3035848/
tt3080808	https://www.imdb.com/title/tt3080808/
tt3220452	https://www.imdb.com/title/tt3220452/
tt3220482	https://www.imdb.com/title/tt3220482/
tt32408656	https://www.imdb.com/title/tt32408656/
tt3251294	https://www.imdb.com/title/tt3251294/
tt3251330	https://www.imdb.com/title/tt3251330/
tt3251356	https://www.imdb.com/title/tt3251356/
tt3251372	https://www.imdb.com/title/tt3251372/
tt3269480	https://www.imdb.com/title/tt3269480/
tt3269488	https://www.imdb.com/title/tt3269488/
tt3502476	https://www.imdb.com/title/tt3502476/
tt3526930	https://www.imdb.com/title/tt3526930/
tt3545722	https://www.imdb.com/title/tt3545722/
tt3545778	https://www.imdb.com/title/tt3545778/
tt3545806	https://www.imdb.com/title/tt3545806/
tt3547766	https://www.imdb.com/title/tt3547766/
tt3572010	https://www.imdb.com/title/tt3572010/
tt3732396	https://www.imdb.com/title/tt3732396/
tt3775054	https://www.imdb.com/title/tt3775054/
tt3796352	https://www.imdb.com/title/tt3796352/
tt3796370	https://www.imdb.com/title/tt3796370/
tt3798528	https://www.imdb.com/title/tt3798528/
tt3809442	https://www.imdb.com/title/tt3809442/
tt3809460	https://www.imdb.com/title/tt3809460/
tt3809612	https://www.imdb.com/title/tt3809612/
tt3809616	https://www.imdb.com/title/tt3809616/
tt3809622	https://www.imdb.com/title/tt3809622/
tt3809662	https://www.imdb.com/title/tt3809662/
tt3814920	https://www.imdb.com/title/tt3814920/
tt3868124	https://www.imdb.com/title/tt3868124/
tt3872010	https://www.imdb.com/title/tt3872010/
tt3872738	https://www.imdb.com/title/tt3872738/
tt3875418	https://www.imdb.com/title/tt3875418/
tt3877776	https://www.imdb.com/title/tt3877776/
tt3877788	https://www.imdb.com/title/tt3877788/
tt3877804	https://www.imdb.com/title/tt3877804/
tt3877806	https://www.imdb.com/title/tt3877806/
tt3877830	https://www.imdb.com/title/tt3877830/
tt3880712	https://www.imdb.com/title/tt3880712/
tt3880724	https://www.imdb.com/title/tt3880724/
tt3880738	https://www.imdb.com/title/tt3880738/
tt3971954	https://www.imdb.com/title/tt3971954/
tt4261114	https://www.imdb.com/title/tt4261114/
tt4760752	https://www.imdb.com/title/tt4760752/
tt4815380	https://www.imdb.com/title/tt4815380/
tt4820060	https://www.imdb.com/title/tt4820060/
tt4836094	https://www.imdb.com/title/tt4836094/
tt4846190	https://www.imdb.com/title/tt4846190/
tt5130502	https://www.imdb.com/title/tt5130502/
tt5130520	https://www.imdb.com/title/tt5130520/
tt5130532	https://www.imdb.com/title/tt5130532/
tt5159112	https://www.imdb.com/title/tt5159112/
tt5159144	https://www.imdb.com/title/tt5159144/
tt5205584	https://www.imdb.com/title/tt5205584/
tt5269382	https://www.imdb.com/title/tt5269382/
tt5423530	https://www.imdb.com/title/tt5423530/
tt5423536	https://www.imdb.com/title/tt5423536/
tt5423544	https://www.imdb.com/title/tt5423544/
tt5423560	https://www.imdb.com/title/tt5423560/
tt5423594	https://www.imdb.com/title/tt5423594/
tt5610310	https://www.imdb.com/title/tt5610310/
tt6272968	https://www.imdb.com/title/tt6272968/
tt6272972	https://www.imdb.com/title/tt6272972/
tt6272978	https://www.imdb.com/title/tt6272978/
tt6272980	https://www.imdb.com/title/tt6272980/
tt6272982	https://www.imdb.com/title/tt6272982/
tt6697238	https://www.imdb.com/title/tt6697238/
tt6975058	https://www.imdb.com/title/tt6975058/
tt7109198	https://www.imdb.com/title/tt7109198/
tt7117560	https://www.imdb.com/title/tt7117560/
tt7123570	https://www.imdb.com/title/tt7123570/
tt7129354	https://www.imdb.com/title/tt7129354/
tt7184882	https://www.imdb.com/title/tt7184882/
tt7184958	https://www.imdb.com/title/tt7184958/
tt7184972	https://www.imdb.com/title/tt7184972/
tt7185280	https://www.imdb.com/title/tt7185280/
tt7197704	https://www.imdb.com/title/tt7197704/
tt7197706	https://www.imdb.com/title/tt7197706/
tt7286724	https://www.imdb.com/title/tt7286724/
tt7286754	https://www.imdb.com/title/tt7286754/
tt7286762	https://www.imdb.com/title/tt7286762/
tt7286878	https://www.imdb.com/title/tt7286878/
tt7287184	https://www.imdb.com/title/tt7287184/
tt7287722	https://www.imdb.com/title/tt7287722/
tt7287820	https://www.imdb.com/title/tt7287820/
tt7287984	https://www.imdb.com/title/tt7287984/
tt7419328	https://www.imdb.com/title/tt7419328/
tt7419346	https://www.imdb.com/title/tt7419346/
tt7419356	https://www.imdb.com/title/tt7419356/
tt7419400	https://www.imdb.com/title/tt7419400/
tt7419460	https://www.imdb.com/title/tt7419460/
tt7419530	https://www.imdb.com/title/tt7419530/
tt7419988	https://www.imdb.com/title/tt7419988/
tt7442400	https://www.imdb.com/title/tt7442400/
tt7442576	https://www.imdb.com/title/tt7442576/
tt7443032	https://www.imdb.com/title/tt7443032/
tt7443612	https://www.imdb.com/title/tt7443612/
tt7606790	https://www.imdb.com/title/tt7606790/
tt7609248	https://www.imdb.com/title/tt7609248/
tt7609270	https://www.imdb.com/title/tt7609270/
tt7609430	https://www.imdb.com/title/tt7609430/
tt7609500	https://www.imdb.com/title/tt7609500/
tt7609512	https://www.imdb.com/title/tt7609512/
tt7672826	https://www.imdb.com/title/tt7672826/
tt7731990	https://www.imdb.com/title/tt7731990/
tt7732018	https://www.imdb.com/title/tt7732018/
tt7778302	https://www.imdb.com/title/tt7778302/
tt7778312	https://www.imdb.com/title/tt7778312/
tt7778328	https://www.imdb.com/title/tt7778328/
tt7781262	https://www.imdb.com/title/tt7781262/
tt7781286	https://www.imdb.com/title/tt7781286/
tt7785258	https://www.imdb.com/title/tt7785258/
tt7785268	https://www.imdb.com/title/tt7785268/
tt7789190	https://www.imdb.com/title/tt7789190/
tt7883190	https://www.imdb.com/title/tt7883190/
tt7893272	https://www.imdb.com/title/tt7893272/
tt7893310	https://www.imdb.com/title/tt7893310/
tt7893696	https://www.imdb.com/title/tt7893696/
tt7893772	https://www.imdb.com/title/tt7893772/
tt7894014	https://www.imdb.com/title/tt7894014/
tt7897674	https://www.imdb.com/title/tt7897674/
tt7897696	https://www.imdb.com/title/tt7897696/
tt7897730	https://www.imdb.com/title/tt7897730/
tt7897762	https://www.imdb.com/title/tt7897762/
tt7897778	https://www.imdb.com/title/tt7897778/
tt7902730	https://www.imdb.com/title/tt7902730/
tt7906272	https://www.imdb.com/title/tt7906272/
tt7965214	https://www.imdb.com/title/tt7965214/
tt7965300	https://www.imdb.com/title/tt7965300/
tt7965362	https://www.imdb.com/title/tt7965362/
tt7977602	https://www.imdb.com/title/tt7977602/
tt7977722	https://www.imdb.com/title/tt7977722/
tt7977836	https://www.imdb.com/title/tt7977836/
tt7977902	https://www.imdb.com/title/tt7977902/
tt7981478	https://www.imdb.com/title/tt7981478/
tt7981488	https://www.imdb.com/title/tt7981488/
tt7981516	https://www.imdb.com/title/tt7981516/
tt7981548	https://www.imdb.com/title/tt7981548/
tt7986234	https://www.imdb.com/title/tt7986234/
tt7986242	https://www.imdb.com/title/tt7986242/
tt7986256	https://www.imdb.com/title/tt7986256/
tt7986268	https://www.imdb.com/title/tt7986268/
tt7986472	https://www.imdb.com/title/tt7986472/
tt7986530	https://www.imdb.com/title/tt7986530/
tt7986632	https://www.imdb.com/title/tt7986632/
tt8020926	https://www.imdb.com/title/tt8020926/
tt8020964	https://www.imdb.com/title/tt8020964/
tt8024856	https://www.imdb.com/title/tt8024856/
tt8126596	https://www.imdb.com/title/tt8126596/
tt8130888	https://www.imdb.com/title/tt8130888/
tt8133350	https://www.imdb.com/title/tt8133350/
tt8133448	https://www.imdb.com/title/tt8133448/
tt8142914	https://www.imdb.com/title/tt8142914/
tt8143008	https://www.imdb.com/title/tt8143008/
tt8157610	https://www.imdb.com/title/tt8157610/
tt8166776	https://www.imdb.com/title/tt8166776/
tt8171486	https://www.imdb.com/title/tt8171486/
tt8212696	https://www.imdb.com/title/tt8212696/
tt8216686	https://www.imdb.com/title/tt8216686/
tt8220542	https://www.imdb.com/title/tt8220542/
tt8683142	https://www.imdb.com/title/tt8683142/
tt8683184	https://www.imdb.com/title/tt8683184/
tt8683252	https://www.imdb.com/title/tt8683252/
tt8707470	https://www.imdb.com/title/tt8707470/
tt8707480	https://www.imdb.com/title/tt8707480/
tt8733414	https://www.imdb.com/title/tt8733414/
tt8735150	https://www.imdb.com/title/tt8735150/
tt8737770	https://www.imdb.com/title/tt8737770/
tt8737800	https://www.imdb.com/title/tt8737800/
tt8737920	https://www.imdb.com/title/tt8737920/
tt8822352	https://www.imdb.com/title/tt8822352/
tt8866908	https://www.imdb.com/title/tt8866908/
tt8876802	https://www.imdb.com/title/tt8876802/
tt9006566	https://www.imdb.com/title/tt9006566/
tt9006568	https://www.imdb.com/title/tt9006568/
tt9006570	https://www.imdb.com/title/tt9006570/
tt9006572	https://www.imdb.com/title/tt9006572/
tt9006574	https://www.imdb.com/title/tt9006574/
tt9049714	https://www.imdb.com/title/tt9049714/
tt9049964	https://www.imdb.com/title/tt9049964/
tt9060504	https://www.imdb.com/title/tt9060504/
tt9077762	https://www.imdb.com/title/tt9077762/
tt9111516	https://www.imdb.com/title/tt9111516/
tt9111932	https://www.imdb.com/title/tt9111932/
tt9136930	https://www.imdb.com/title/tt9136930/
tt9141334	https://www.imdb.com/title/tt9141334/
tt9141862	https://www.imdb.com/title/tt9141862/
tt9160156	https://www.imdb.com/title/tt9160156/
tt9162004	https://www.imdb.com/title/tt9162004/
tt9162082	https://www.imdb.com/title/tt9162082/
tt9180524	https://www.imdb.com/title/tt9180524/
tt9180714	https://www.imdb.com/title/tt9180714/
tt9215132	https://www.imdb.com/title/tt9215132/
tt9216536	https://www.imdb.com/title/tt9216536/
tt9216758	https://www.imdb.com/title/tt9216758/
tt9231274	https://www.imdb.com/title/tt9231274/
tt9231508	https://www.imdb.com/title/tt9231508/
tt9239864	https://www.imdb.com/title/tt9239864/
tt9285146	https://www.imdb.com/title/tt9285146/
tt9285236	https://www.imdb.com/title/tt9285236/
tt9333202	https://www.imdb.com/title/tt9333202/
tt9333256	https://www.imdb.com/title/tt9333256/
tt9333346	https://www.imdb.com/title/tt9333346/
tt9365950	https://www.imdb.com/title/tt9365950/
tt9370196	https://www.imdb.com/title/tt9370196/
tt9371672	https://www.imdb.com/title/tt9371672/
tt9469334	https://www.imdb.com/title/tt9469334/
tt9527756	https://www.imdb.com/title/tt9527756/
tt9582584	https://www.imdb.com/title/tt9582584/
tt9600076	https://www.imdb.com/title/tt9600076/
tt9686796	https://www.imdb.com/title/tt9686796/
tt9687404	https://www.imdb.com/title/tt9687404/
tt9687450	https://www.imdb.com/title/tt9687450/
tt9691904	https://www.imdb.com/title/tt9691904/
tt9775356	https://www.imdb.com/title/tt9775356/
tt9900562	https://www.imdb.com/title/tt9900562/
