tconst	imdb_url
tt0000630	https://www.imdb.com/title/tt0000630/
tt0000675	https://www.imdb.com/title/tt0000675/
tt0000679	https://www.imdb.com/title/tt0000679/
tt0168234	https://www.imdb.com/title/tt0168234/
tt0196022	https://www.imdb.com/title/tt0196022/
tt0228779	https://www.imdb.com/title/tt0228779/
tt0255217	https://www.imdb.com/title/tt0255217/
tt0262637	https://www.imdb.com/title/tt0262637/
tt0272596	https://www.imdb.com/title/tt0272596/
tt0272800	https://www.imdb.com/title/tt0272800/
tt0279006	https://www.imdb.com/title/tt0279006/
tt0310862	https://www.imdb.com/title/tt0310862/
tt0324010	https://www.imdb.com/title/tt0324010/
tt0343060	https://www.imdb.com/title/tt0343060/
tt0489951	https://www.imdb.com/title/tt0489951/
tt0949496	https://www.imdb.com/title/tt0949496/
tt1914260	https://www.imdb.com/title/tt1914260/
tt3261044	https://www.imdb.com/title/tt3261044/
tt9006050	https://www.imdb.com/title/tt9006050/
