tconst	imdb_url
tt0002239	https://www.imdb.com/title/tt0002239/
tt0002642	https://www.imdb.com/title/tt0002642/
tt0002739	https://www.imdb.com/title/tt0002739/
tt0002772	https://www.imdb.com/title/tt0002772/
tt0002832	https://www.imdb.com/title/tt0002832/
tt0002916	https://www.imdb.com/title/tt0002916/
tt0003102	https://www.imdb.com/title/tt0003102/
tt0003131	https://www.imdb.com/title/tt0003131/
tt0003167	https://www.imdb.com/title/tt0003167/
tt0003305	https://www.imdb.com/title/tt0003305/
tt0003309	https://www.imdb.com/title/tt0003309/
tt0003387	https://www.imdb.com/title/tt0003387/
tt0003390	https://www.imdb.com/title/tt0003390/
tt0003394	https://www.imdb.com/title/tt0003394/
tt0003502	https://www.imdb.com/title/tt0003502/
tt0003584	https://www.imdb.com/title/tt0003584/
tt0003587	https://www.imdb.com/title/tt0003587/
tt0003589	https://www.imdb.com/title/tt0003589/
tt0003590	https://www.imdb.com/title/tt0003590/
tt0003593	https://www.imdb.com/title/tt0003593/
tt0003595	https://www.imdb.com/title/tt0003595/
tt0003596	https://www.imdb.com/title/tt0003596/
tt0003597	https://www.imdb.com/title/tt0003597/
tt0003598	https://www.imdb.com/title/tt0003598/
tt0003600	https://www.imdb.com/title/tt0003600/
tt0003602	https://www.imdb.com/title/tt0003602/
tt0003605	https://www.imdb.com/title/tt0003605/
tt0003606	https://www.imdb.com/title/tt0003606/
tt0003608	https://www.imdb.com/title/tt0003608/
tt0003609	https://www.imdb.com/title/tt0003609/
tt0003613	https://www.imdb.com/title/tt0003613/
tt0003617	https://www.imdb.com/title/tt0003617/
tt0003619	https://www.imdb.com/title/tt0003619/
tt0003622	https://www.imdb.com/title/tt0003622/
tt0003623	https://www.imdb.com/title/tt0003623/
tt0003625	https://www.imdb.com/title/tt0003625/
tt0003629	https://www.imdb.com/title/tt0003629/
tt0003630	https://www.imdb.com/title/tt0003630/
tt0003631	https://www.imdb.com/title/tt0003631/
tt0003634	https://www.imdb.com/title/tt0003634/
tt0003639	https://www.imdb.com/title/tt0003639/
tt0003643	https://www.imdb.com/title/tt0003643/
tt0003654	https://www.imdb.com/title/tt0003654/
tt0003655	https://www.imdb.com/title/tt0003655/
tt0003657	https://www.imdb.com/title/tt0003657/
tt0003663	https://www.imdb.com/title/tt0003663/
tt0003664	https://www.imdb.com/title/tt0003664/
tt0003665	https://www.imdb.com/title/tt0003665/
tt0003668	https://www.imdb.com/title/tt0003668/
tt0003670	https://www.imdb.com/title/tt0003670/
tt0003672	https://www.imdb.com/title/tt0003672/
tt0003675	https://www.imdb.com/title/tt0003675/
tt0003676	https://www.imdb.com/title/tt0003676/
tt0003677	https://www.imdb.com/title/tt0003677/
tt0003686	https://www.imdb.com/title/tt0003686/
tt0003688	https://www.imdb.com/title/tt0003688/
tt0003689	https://www.imdb.com/title/tt0003689/
tt0003692	https://www.imdb.com/title/tt0003692/
tt0003698	https://www.imdb.com/title/tt0003698/
tt0003724	https://www.imdb.com/title/tt0003724/
tt0003730	https://www.imdb.com/title/tt0003730/
tt0003731	https://www.imdb.com/title/tt0003731/
tt0003732	https://www.imdb.com/title/tt0003732/
tt0003736	https://www.imdb.com/title/tt0003736/
tt0003737	https://www.imdb.com/title/tt0003737/
tt0003738	https://www.imdb.com/title/tt0003738/
tt0003740	https://www.imdb.com/title/tt0003740/
tt0003742	https://www.imdb.com/title/tt0003742/
tt0003743	https://www.imdb.com/title/tt0003743/
tt0003744	https://www.imdb.com/title/tt0003744/
tt0003746	https://www.imdb.com/title/tt0003746/
tt0003747	https://www.imdb.com/title/tt0003747/
tt0003748	https://www.imdb.com/title/tt0003748/
tt0003749	https://www.imdb.com/title/tt0003749/
tt0003752	https://www.imdb.com/title/tt0003752/
tt0003754	https://www.imdb.com/title/tt0003754/
tt0003756	https://www.imdb.com/title/tt0003756/
tt0003757	https://www.imdb.com/title/tt0003757/
tt0003761	https://www.imdb.com/title/tt0003761/
tt0003763	https://www.imdb.com/title/tt0003763/
tt0003764	https://www.imdb.com/title/tt0003764/
tt0003765	https://www.imdb.com/title/tt0003765/
tt0003768	https://www.imdb.com/title/tt0003768/
tt0003771	https://www.imdb.com/title/tt0003771/
tt0003772	https://www.imdb.com/title/tt0003772/
tt0003774	https://www.imdb.com/title/tt0003774/
tt0003779	https://www.imdb.com/title/tt0003779/
tt0003780	https://www.imdb.com/title/tt0003780/
tt0003790	https://www.imdb.com/title/tt0003790/
tt0003791	https://www.imdb.com/title/tt0003791/
tt0003792	https://www.imdb.com/title/tt0003792/
tt0003798	https://www.imdb.com/title/tt0003798/
tt0003799	https://www.imdb.com/title/tt0003799/
tt0003802	https://www.imdb.com/title/tt0003802/
tt0003804	https://www.imdb.com/title/tt0003804/
tt0003806	https://www.imdb.com/title/tt0003806/
tt0003807	https://www.imdb.com/title/tt0003807/
tt0003808	https://www.imdb.com/title/tt0003808/
tt0003815	https://www.imdb.com/title/tt0003815/
tt0003816	https://www.imdb.com/title/tt0003816/
tt0003817	https://www.imdb.com/title/tt0003817/
tt0003820	https://www.imdb.com/title/tt0003820/
tt0003825	https://www.imdb.com/title/tt0003825/
tt0003830	https://www.imdb.com/title/tt0003830/
tt0003831	https://www.imdb.com/title/tt0003831/
tt0003832	https://www.imdb.com/title/tt0003832/
tt0003836	https://www.imdb.com/title/tt0003836/
tt0003838	https://www.imdb.com/title/tt0003838/
tt0003840	https://www.imdb.com/title/tt0003840/
tt0003856	https://www.imdb.com/title/tt0003856/
tt0003859	https://www.imdb.com/title/tt0003859/
tt0003866	https://www.imdb.com/title/tt0003866/
tt0003867	https://www.imdb.com/title/tt0003867/
tt0003870	https://www.imdb.com/title/tt0003870/
tt0003871	https://www.imdb.com/title/tt0003871/
tt0003874	https://www.imdb.com/title/tt0003874/
tt0003875	https://www.imdb.com/title/tt0003875/
tt0003878	https://www.imdb.com/title/tt0003878/
tt0003884	https://www.imdb.com/title/tt0003884/
tt0003886	https://www.imdb.com/title/tt0003886/
tt0003887	https://www.imdb.com/title/tt0003887/
tt0003888	https://www.imdb.com/title/tt0003888/
tt0003890	https://www.imdb.com/title/tt0003890/
tt0003891	https://www.imdb.com/title/tt0003891/
tt0003893	https://www.imdb.com/title/tt0003893/
tt0003897	https://www.imdb.com/title/tt0003897/
tt0003924	https://www.imdb.com/title/tt0003924/
tt0003925	https://www.imdb.com/title/tt0003925/
tt0003929	https://www.imdb.com/title/tt0003929/
tt0003930	https://www.imdb.com/title/tt0003930/
tt0003935	https://www.imdb.com/title/tt0003935/
tt0003938	https://www.imdb.com/title/tt0003938/
tt0003952	https://www.imdb.com/title/tt0003952/
tt0003954	https://www.imdb.com/title/tt0003954/
tt0003955	https://www.imdb.com/title/tt0003955/
tt0003957	https://www.imdb.com/title/tt0003957/
tt0003958	https://www.imdb.com/title/tt0003958/
tt0003960	https://www.imdb.com/title/tt0003960/
tt0003965	https://www.imdb.com/title/tt0003965/
tt0003967	https://www.imdb.com/title/tt0003967/
tt0003971	https://www.imdb.com/title/tt0003971/
tt0003973	https://www.imdb.com/title/tt0003973/
tt0003974	https://www.imdb.com/title/tt0003974/
tt0003987	https://www.imdb.com/title/tt0003987/
tt0003988	https://www.imdb.com/title/tt0003988/
tt0003993	https://www.imdb.com/title/tt0003993/
tt0003994	https://www.imdb.com/title/tt0003994/
tt0003997	https://www.imdb.com/title/tt0003997/
tt0003999	https://www.imdb.com/title/tt0003999/
tt0004000	https://www.imdb.com/title/tt0004000/
tt0004003	https://www.imdb.com/title/tt0004003/
tt0004004	https://www.imdb.com/title/tt0004004/
tt0004006	https://www.imdb.com/title/tt0004006/
tt0004009	https://www.imdb.com/title/tt0004009/
tt0004013	https://www.imdb.com/title/tt0004013/
tt0004021	https://www.imdb.com/title/tt0004021/
tt0004022	https://www.imdb.com/title/tt0004022/
tt0004026	https://www.imdb.com/title/tt0004026/
tt0004027	https://www.imdb.com/title/tt0004027/
tt0004031	https://www.imdb.com/title/tt0004031/
tt0004034	https://www.imdb.com/title/tt0004034/
tt0004037	https://www.imdb.com/title/tt0004037/
tt0004038	https://www.imdb.com/title/tt0004038/
tt0004043	https://www.imdb.com/title/tt0004043/
tt0004044	https://www.imdb.com/title/tt0004044/
tt0004049	https://www.imdb.com/title/tt0004049/
tt0004052	https://www.imdb.com/title/tt0004052/
tt0004058	https://www.imdb.com/title/tt0004058/
tt0004061	https://www.imdb.com/title/tt0004061/
tt0004063	https://www.imdb.com/title/tt0004063/
tt0004066	https://www.imdb.com/title/tt0004066/
tt0004078	https://www.imdb.com/title/tt0004078/
tt0004095	https://www.imdb.com/title/tt0004095/
tt0004097	https://www.imdb.com/title/tt0004097/
tt0004099	https://www.imdb.com/title/tt0004099/
tt0004112	https://www.imdb.com/title/tt0004112/
tt0004114	https://www.imdb.com/title/tt0004114/
tt0004118	https://www.imdb.com/title/tt0004118/
tt0004121	https://www.imdb.com/title/tt0004121/
tt0004125	https://www.imdb.com/title/tt0004125/
tt0004126	https://www.imdb.com/title/tt0004126/
tt0004129	https://www.imdb.com/title/tt0004129/
tt0004130	https://www.imdb.com/title/tt0004130/
tt0004136	https://www.imdb.com/title/tt0004136/
tt0004137	https://www.imdb.com/title/tt0004137/
tt0004138	https://www.imdb.com/title/tt0004138/
tt0004140	https://www.imdb.com/title/tt0004140/
tt0004141	https://www.imdb.com/title/tt0004141/
tt0004142	https://www.imdb.com/title/tt0004142/
tt0004150	https://www.imdb.com/title/tt0004150/
tt0004155	https://www.imdb.com/title/tt0004155/
tt0004156	https://www.imdb.com/title/tt0004156/
tt0004162	https://www.imdb.com/title/tt0004162/
tt0004163	https://www.imdb.com/title/tt0004163/
tt0004164	https://www.imdb.com/title/tt0004164/
tt0004167	https://www.imdb.com/title/tt0004167/
tt0004169	https://www.imdb.com/title/tt0004169/
tt0004170	https://www.imdb.com/title/tt0004170/
tt0004175	https://www.imdb.com/title/tt0004175/
tt0004177	https://www.imdb.com/title/tt0004177/
tt0004178	https://www.imdb.com/title/tt0004178/
tt0004179	https://www.imdb.com/title/tt0004179/
tt0004180	https://www.imdb.com/title/tt0004180/
tt0004181	https://www.imdb.com/title/tt0004181/
tt0004182	https://www.imdb.com/title/tt0004182/
tt0004184	https://www.imdb.com/title/tt0004184/
tt0004188	https://www.imdb.com/title/tt0004188/
tt0004192	https://www.imdb.com/title/tt0004192/
tt0004197	https://www.imdb.com/title/tt0004197/
tt0004201	https://www.imdb.com/title/tt0004201/
tt0004205	https://www.imdb.com/title/tt0004205/
tt0004207	https://www.imdb.com/title/tt0004207/
tt0004208	https://www.imdb.com/title/tt0004208/
tt0004214	https://www.imdb.com/title/tt0004214/
tt0004215	https://www.imdb.com/title/tt0004215/
tt0004218	https://www.imdb.com/title/tt0004218/
tt0004221	https://www.imdb.com/title/tt0004221/
tt0004222	https://www.imdb.com/title/tt0004222/
tt0004223	https://www.imdb.com/title/tt0004223/
tt0004224	https://www.imdb.com/title/tt0004224/
tt0004225	https://www.imdb.com/title/tt0004225/
tt0004226	https://www.imdb.com/title/tt0004226/
tt0004230	https://www.imdb.com/title/tt0004230/
tt0004231	https://www.imdb.com/title/tt0004231/
tt0004232	https://www.imdb.com/title/tt0004232/
tt0004234	https://www.imdb.com/title/tt0004234/
tt0004236	https://www.imdb.com/title/tt0004236/
tt0004237	https://www.imdb.com/title/tt0004237/
tt0004238	https://www.imdb.com/title/tt0004238/
tt0004244	https://www.imdb.com/title/tt0004244/
tt0004249	https://www.imdb.com/title/tt0004249/
tt0004253	https://www.imdb.com/title/tt0004253/
tt0004256	https://www.imdb.com/title/tt0004256/
tt0004257	https://www.imdb.com/title/tt0004257/
tt0004259	https://www.imdb.com/title/tt0004259/
tt0004270	https://www.imdb.com/title/tt0004270/
tt0004271	https://www.imdb.com/title/tt0004271/
tt0004272	https://www.imdb.com/title/tt0004272/
tt0004275	https://www.imdb.com/title/tt0004275/
tt0004290	https://www.imdb.com/title/tt0004290/
tt0004291	https://www.imdb.com/title/tt0004291/
tt0004292	https://www.imdb.com/title/tt0004292/
tt0004294	https://www.imdb.com/title/tt0004294/
tt0004295	https://www.imdb.com/title/tt0004295/
tt0004299	https://www.imdb.com/title/tt0004299/
tt0004301	https://www.imdb.com/title/tt0004301/
tt0004302	https://www.imdb.com/title/tt0004302/
tt0004303	https://www.imdb.com/title/tt0004303/
tt0004304	https://www.imdb.com/title/tt0004304/
tt0004306	https://www.imdb.com/title/tt0004306/
tt0004307	https://www.imdb.com/title/tt0004307/
tt0004312	https://www.imdb.com/title/tt0004312/
tt0004313	https://www.imdb.com/title/tt0004313/
tt0004314	https://www.imdb.com/title/tt0004314/
tt0004319	https://www.imdb.com/title/tt0004319/
tt0004321	https://www.imdb.com/title/tt0004321/
tt0004325	https://www.imdb.com/title/tt0004325/
tt0004328	https://www.imdb.com/title/tt0004328/
tt0004335	https://www.imdb.com/title/tt0004335/
tt0004336	https://www.imdb.com/title/tt0004336/
tt0004337	https://www.imdb.com/title/tt0004337/
tt0004338	https://www.imdb.com/title/tt0004338/
tt0004341	https://www.imdb.com/title/tt0004341/
tt0004345	https://www.imdb.com/title/tt0004345/
tt0004347	https://www.imdb.com/title/tt0004347/
tt0004349	https://www.imdb.com/title/tt0004349/
tt0004350	https://www.imdb.com/title/tt0004350/
tt0004351	https://www.imdb.com/title/tt0004351/
tt0004356	https://www.imdb.com/title/tt0004356/
tt0004357	https://www.imdb.com/title/tt0004357/
tt0004362	https://www.imdb.com/title/tt0004362/
tt0004363	https://www.imdb.com/title/tt0004363/
tt0004365	https://www.imdb.com/title/tt0004365/
tt0004368	https://www.imdb.com/title/tt0004368/
tt0004369	https://www.imdb.com/title/tt0004369/
tt0004371	https://www.imdb.com/title/tt0004371/
tt0004373	https://www.imdb.com/title/tt0004373/
tt0004376	https://www.imdb.com/title/tt0004376/
tt0004378	https://www.imdb.com/title/tt0004378/
tt0004379	https://www.imdb.com/title/tt0004379/
tt0004381	https://www.imdb.com/title/tt0004381/
tt0004384	https://www.imdb.com/title/tt0004384/
tt0004385	https://www.imdb.com/title/tt0004385/
tt0004387	https://www.imdb.com/title/tt0004387/
tt0004389	https://www.imdb.com/title/tt0004389/
tt0004390	https://www.imdb.com/title/tt0004390/
tt0004391	https://www.imdb.com/title/tt0004391/
tt0004398	https://www.imdb.com/title/tt0004398/
tt0004401	https://www.imdb.com/title/tt0004401/
tt0004403	https://www.imdb.com/title/tt0004403/
tt0004404	https://www.imdb.com/title/tt0004404/
tt0004406	https://www.imdb.com/title/tt0004406/
tt0004407	https://www.imdb.com/title/tt0004407/
tt0004409	https://www.imdb.com/title/tt0004409/
tt0004415	https://www.imdb.com/title/tt0004415/
tt0004416	https://www.imdb.com/title/tt0004416/
tt0004428	https://www.imdb.com/title/tt0004428/
tt0004431	https://www.imdb.com/title/tt0004431/
tt0004433	https://www.imdb.com/title/tt0004433/
tt0004434	https://www.imdb.com/title/tt0004434/
tt0004435	https://www.imdb.com/title/tt0004435/
tt0004437	https://www.imdb.com/title/tt0004437/
tt0004438	https://www.imdb.com/title/tt0004438/
tt0004447	https://www.imdb.com/title/tt0004447/
tt0004449	https://www.imdb.com/title/tt0004449/
tt0004451	https://www.imdb.com/title/tt0004451/
tt0004452	https://www.imdb.com/title/tt0004452/
tt0004453	https://www.imdb.com/title/tt0004453/
tt0004457	https://www.imdb.com/title/tt0004457/
tt0004458	https://www.imdb.com/title/tt0004458/
tt0004459	https://www.imdb.com/title/tt0004459/
tt0004465	https://www.imdb.com/title/tt0004465/
tt0004469	https://www.imdb.com/title/tt0004469/
tt0004470	https://www.imdb.com/title/tt0004470/
tt0004473	https://www.imdb.com/title/tt0004473/
tt0004476	https://www.imdb.com/title/tt0004476/
tt0004481	https://www.imdb.com/title/tt0004481/
tt0004483	https://www.imdb.com/title/tt0004483/
tt0004486	https://www.imdb.com/title/tt0004486/
tt0004488	https://www.imdb.com/title/tt0004488/
tt0004490	https://www.imdb.com/title/tt0004490/
tt0004493	https://www.imdb.com/title/tt0004493/
tt0004495	https://www.imdb.com/title/tt0004495/
tt0004496	https://www.imdb.com/title/tt0004496/
tt0004500	https://www.imdb.com/title/tt0004500/
tt0004501	https://www.imdb.com/title/tt0004501/
tt0004502	https://www.imdb.com/title/tt0004502/
tt0004504	https://www.imdb.com/title/tt0004504/
tt0004509	https://www.imdb.com/title/tt0004509/
tt0004510	https://www.imdb.com/title/tt0004510/
tt0004514	https://www.imdb.com/title/tt0004514/
tt0004519	https://www.imdb.com/title/tt0004519/
tt0004523	https://www.imdb.com/title/tt0004523/
tt0004525	https://www.imdb.com/title/tt0004525/
tt0004528	https://www.imdb.com/title/tt0004528/
tt0004532	https://www.imdb.com/title/tt0004532/
tt0004535	https://www.imdb.com/title/tt0004535/
tt0004537	https://www.imdb.com/title/tt0004537/
tt0004542	https://www.imdb.com/title/tt0004542/
tt0004543	https://www.imdb.com/title/tt0004543/
tt0004545	https://www.imdb.com/title/tt0004545/
tt0004548	https://www.imdb.com/title/tt0004548/
tt0004555	https://www.imdb.com/title/tt0004555/
tt0004558	https://www.imdb.com/title/tt0004558/
tt0004563	https://www.imdb.com/title/tt0004563/
tt0004565	https://www.imdb.com/title/tt0004565/
tt0004567	https://www.imdb.com/title/tt0004567/
tt0004571	https://www.imdb.com/title/tt0004571/
tt0004572	https://www.imdb.com/title/tt0004572/
tt0004573	https://www.imdb.com/title/tt0004573/
tt0004581	https://www.imdb.com/title/tt0004581/
tt0004586	https://www.imdb.com/title/tt0004586/
tt0004591	https://www.imdb.com/title/tt0004591/
tt0004593	https://www.imdb.com/title/tt0004593/
tt0004594	https://www.imdb.com/title/tt0004594/
tt0004595	https://www.imdb.com/title/tt0004595/
tt0004598	https://www.imdb.com/title/tt0004598/
tt0004603	https://www.imdb.com/title/tt0004603/
tt0004606	https://www.imdb.com/title/tt0004606/
tt0004613	https://www.imdb.com/title/tt0004613/
tt0004615	https://www.imdb.com/title/tt0004615/
tt0004622	https://www.imdb.com/title/tt0004622/
tt0004626	https://www.imdb.com/title/tt0004626/
tt0004627	https://www.imdb.com/title/tt0004627/
tt0004628	https://www.imdb.com/title/tt0004628/
tt0004630	https://www.imdb.com/title/tt0004630/
tt0004631	https://www.imdb.com/title/tt0004631/
tt0004632	https://www.imdb.com/title/tt0004632/
tt0004633	https://www.imdb.com/title/tt0004633/
tt0004635	https://www.imdb.com/title/tt0004635/
tt0004636	https://www.imdb.com/title/tt0004636/
tt0004639	https://www.imdb.com/title/tt0004639/
tt0004642	https://www.imdb.com/title/tt0004642/
tt0004647	https://www.imdb.com/title/tt0004647/
tt0004649	https://www.imdb.com/title/tt0004649/
tt0004651	https://www.imdb.com/title/tt0004651/
tt0004653	https://www.imdb.com/title/tt0004653/
tt0004654	https://www.imdb.com/title/tt0004654/
tt0004660	https://www.imdb.com/title/tt0004660/
tt0004661	https://www.imdb.com/title/tt0004661/
tt0004665	https://www.imdb.com/title/tt0004665/
tt0004667	https://www.imdb.com/title/tt0004667/
tt0004668	https://www.imdb.com/title/tt0004668/
tt0004677	https://www.imdb.com/title/tt0004677/
tt0004681	https://www.imdb.com/title/tt0004681/
tt0004684	https://www.imdb.com/title/tt0004684/
tt0004688	https://www.imdb.com/title/tt0004688/
tt0004690	https://www.imdb.com/title/tt0004690/
tt0004695	https://www.imdb.com/title/tt0004695/
tt0004696	https://www.imdb.com/title/tt0004696/
tt0004698	https://www.imdb.com/title/tt0004698/
tt0004699	https://www.imdb.com/title/tt0004699/
tt0004700	https://www.imdb.com/title/tt0004700/
tt0004701	https://www.imdb.com/title/tt0004701/
tt0004704	https://www.imdb.com/title/tt0004704/
tt0004706	https://www.imdb.com/title/tt0004706/
tt0004707	https://www.imdb.com/title/tt0004707/
tt0004708	https://www.imdb.com/title/tt0004708/
tt0004710	https://www.imdb.com/title/tt0004710/
tt0004711	https://www.imdb.com/title/tt0004711/
tt0004714	https://www.imdb.com/title/tt0004714/
tt0004720	https://www.imdb.com/title/tt0004720/
tt0004723	https://www.imdb.com/title/tt0004723/
tt0004725	https://www.imdb.com/title/tt0004725/
tt0004727	https://www.imdb.com/title/tt0004727/
tt0004728	https://www.imdb.com/title/tt0004728/
tt0004731	https://www.imdb.com/title/tt0004731/
tt0004733	https://www.imdb.com/title/tt0004733/
tt0004734	https://www.imdb.com/title/tt0004734/
tt0004740	https://www.imdb.com/title/tt0004740/
tt0004743	https://www.imdb.com/title/tt0004743/
tt0004748	https://www.imdb.com/title/tt0004748/
tt0004749	https://www.imdb.com/title/tt0004749/
tt0004754	https://www.imdb.com/title/tt0004754/
tt0004755	https://www.imdb.com/title/tt0004755/
tt0004757	https://www.imdb.com/title/tt0004757/
tt0004761	https://www.imdb.com/title/tt0004761/
tt0004765	https://www.imdb.com/title/tt0004765/
tt0004766	https://www.imdb.com/title/tt0004766/
tt0004769	https://www.imdb.com/title/tt0004769/
tt0004771	https://www.imdb.com/title/tt0004771/
tt0004772	https://www.imdb.com/title/tt0004772/
tt0004773	https://www.imdb.com/title/tt0004773/
tt0004776	https://www.imdb.com/title/tt0004776/
tt0004777	https://www.imdb.com/title/tt0004777/
tt0004778	https://www.imdb.com/title/tt0004778/
tt0004779	https://www.imdb.com/title/tt0004779/
tt0004786	https://www.imdb.com/title/tt0004786/
tt0004789	https://www.imdb.com/title/tt0004789/
tt0004792	https://www.imdb.com/title/tt0004792/
tt0004794	https://www.imdb.com/title/tt0004794/
tt0004797	https://www.imdb.com/title/tt0004797/
tt0004798	https://www.imdb.com/title/tt0004798/
tt0004803	https://www.imdb.com/title/tt0004803/
tt0004816	https://www.imdb.com/title/tt0004816/
tt0004819	https://www.imdb.com/title/tt0004819/
tt0004824	https://www.imdb.com/title/tt0004824/
tt0004825	https://www.imdb.com/title/tt0004825/
tt0004827	https://www.imdb.com/title/tt0004827/
tt0004828	https://www.imdb.com/title/tt0004828/
tt0004829	https://www.imdb.com/title/tt0004829/
tt0004830	https://www.imdb.com/title/tt0004830/
tt0004831	https://www.imdb.com/title/tt0004831/
tt0004832	https://www.imdb.com/title/tt0004832/
tt0004833	https://www.imdb.com/title/tt0004833/
tt0004834	https://www.imdb.com/title/tt0004834/
tt0004837	https://www.imdb.com/title/tt0004837/
tt0004838	https://www.imdb.com/title/tt0004838/
tt0004840	https://www.imdb.com/title/tt0004840/
tt0004842	https://www.imdb.com/title/tt0004842/
tt0004845	https://www.imdb.com/title/tt0004845/
tt0004846	https://www.imdb.com/title/tt0004846/
tt0004847	https://www.imdb.com/title/tt0004847/
tt0005091	https://www.imdb.com/title/tt0005091/
tt0005604	https://www.imdb.com/title/tt0005604/
tt0005692	https://www.imdb.com/title/tt0005692/
tt0005938	https://www.imdb.com/title/tt0005938/
tt0006019	https://www.imdb.com/title/tt0006019/
tt0006052	https://www.imdb.com/title/tt0006052/
tt0006102	https://www.imdb.com/title/tt0006102/
tt0006108	https://www.imdb.com/title/tt0006108/
tt0126219	https://www.imdb.com/title/tt0126219/
tt0126285	https://www.imdb.com/title/tt0126285/
tt0126776	https://www.imdb.com/title/tt0126776/
tt0126888	https://www.imdb.com/title/tt0126888/
tt0127450	https://www.imdb.com/title/tt0127450/
tt0129242	https://www.imdb.com/title/tt0129242/
tt0129873	https://www.imdb.com/title/tt0129873/
tt0129958	https://www.imdb.com/title/tt0129958/
tt0129976	https://www.imdb.com/title/tt0129976/
tt0130290	https://www.imdb.com/title/tt0130290/
tt0132155	https://www.imdb.com/title/tt0132155/
tt0132266	https://www.imdb.com/title/tt0132266/
tt0133730	https://www.imdb.com/title/tt0133730/
tt0133732	https://www.imdb.com/title/tt0133732/
tt0133847	https://www.imdb.com/title/tt0133847/
tt0133896	https://www.imdb.com/title/tt0133896/
tt0133961	https://www.imdb.com/title/tt0133961/
tt0133992	https://www.imdb.com/title/tt0133992/
tt0134016	https://www.imdb.com/title/tt0134016/
tt0134081	https://www.imdb.com/title/tt0134081/
tt0134090	https://www.imdb.com/title/tt0134090/
tt0134103	https://www.imdb.com/title/tt0134103/
tt0134184	https://www.imdb.com/title/tt0134184/
tt0135806	https://www.imdb.com/title/tt0135806/
tt0137976	https://www.imdb.com/title/tt0137976/
tt0138515	https://www.imdb.com/title/tt0138515/
tt0138770	https://www.imdb.com/title/tt0138770/
tt0139905	https://www.imdb.com/title/tt0139905/
tt0143085	https://www.imdb.com/title/tt0143085/
tt0155178	https://www.imdb.com/title/tt0155178/
tt0158063	https://www.imdb.com/title/tt0158063/
tt0160537	https://www.imdb.com/title/tt0160537/
tt0160628	https://www.imdb.com/title/tt0160628/
tt0162536	https://www.imdb.com/title/tt0162536/
tt0166154	https://www.imdb.com/title/tt0166154/
tt0168696	https://www.imdb.com/title/tt0168696/
tt0169784	https://www.imdb.com/title/tt0169784/
tt0170862	https://www.imdb.com/title/tt0170862/
tt0172355	https://www.imdb.com/title/tt0172355/
tt0173234	https://www.imdb.com/title/tt0173234/
tt0173719	https://www.imdb.com/title/tt0173719/
tt0174582	https://www.imdb.com/title/tt0174582/
tt0174635	https://www.imdb.com/title/tt0174635/
tt0175627	https://www.imdb.com/title/tt0175627/
tt0175951	https://www.imdb.com/title/tt0175951/
tt0177121	https://www.imdb.com/title/tt0177121/
tt0178319	https://www.imdb.com/title/tt0178319/
tt0178570	https://www.imdb.com/title/tt0178570/
tt0180288	https://www.imdb.com/title/tt0180288/
tt0183619	https://www.imdb.com/title/tt0183619/
tt0183812	https://www.imdb.com/title/tt0183812/
tt0185483	https://www.imdb.com/title/tt0185483/
tt0188405	https://www.imdb.com/title/tt0188405/
tt0188942	https://www.imdb.com/title/tt0188942/
tt0188947	https://www.imdb.com/title/tt0188947/
tt0191223	https://www.imdb.com/title/tt0191223/
tt0192439	https://www.imdb.com/title/tt0192439/
tt0193594	https://www.imdb.com/title/tt0193594/
tt0194294	https://www.imdb.com/title/tt0194294/
tt0195139	https://www.imdb.com/title/tt0195139/
tt0195725	https://www.imdb.com/title/tt0195725/
tt0195790	https://www.imdb.com/title/tt0195790/
tt0195828	https://www.imdb.com/title/tt0195828/
tt0196014	https://www.imdb.com/title/tt0196014/
tt0196132	https://www.imdb.com/title/tt0196132/
tt0199732	https://www.imdb.com/title/tt0199732/
tt0200056	https://www.imdb.com/title/tt0200056/
tt0200070	https://www.imdb.com/title/tt0200070/
tt0201027	https://www.imdb.com/title/tt0201027/
tt0201063	https://www.imdb.com/title/tt0201063/
tt0201682	https://www.imdb.com/title/tt0201682/
tt0202638	https://www.imdb.com/title/tt0202638/
tt0202820	https://www.imdb.com/title/tt0202820/
tt0203091	https://www.imdb.com/title/tt0203091/
tt0203568	https://www.imdb.com/title/tt0203568/
tt0203590	https://www.imdb.com/title/tt0203590/
tt0203652	https://www.imdb.com/title/tt0203652/
tt0203669	https://www.imdb.com/title/tt0203669/
tt0203833	https://www.imdb.com/title/tt0203833/
tt0203877	https://www.imdb.com/title/tt0203877/
tt0203989	https://www.imdb.com/title/tt0203989/
tt0204013	https://www.imdb.com/title/tt0204013/
tt0204019	https://www.imdb.com/title/tt0204019/
tt0204683	https://www.imdb.com/title/tt0204683/
tt0206010	https://www.imdb.com/title/tt0206010/
tt0206112	https://www.imdb.com/title/tt0206112/
tt0206615	https://www.imdb.com/title/tt0206615/
tt0208119	https://www.imdb.com/title/tt0208119/
tt0208183	https://www.imdb.com/title/tt0208183/
tt0208322	https://www.imdb.com/title/tt0208322/
tt0208440	https://www.imdb.com/title/tt0208440/
tt0208905	https://www.imdb.com/title/tt0208905/
tt0208908	https://www.imdb.com/title/tt0208908/
tt0208919	https://www.imdb.com/title/tt0208919/
tt0209085	https://www.imdb.com/title/tt0209085/
tt0209268	https://www.imdb.com/title/tt0209268/
tt0209323	https://www.imdb.com/title/tt0209323/
tt0209336	https://www.imdb.com/title/tt0209336/
tt0209347	https://www.imdb.com/title/tt0209347/
tt0209436	https://www.imdb.com/title/tt0209436/
tt0209469	https://www.imdb.com/title/tt0209469/
tt0209509	https://www.imdb.com/title/tt0209509/
tt0209947	https://www.imdb.com/title/tt0209947/
tt0210226	https://www.imdb.com/title/tt0210226/
tt0214595	https://www.imdb.com/title/tt0214595/
tt0215678	https://www.imdb.com/title/tt0215678/
tt0215815	https://www.imdb.com/title/tt0215815/
tt0216639	https://www.imdb.com/title/tt0216639/
tt0218691	https://www.imdb.com/title/tt0218691/
tt0219465	https://www.imdb.com/title/tt0219465/
tt0221019	https://www.imdb.com/title/tt0221019/
tt0221347	https://www.imdb.com/title/tt0221347/
tt0230677	https://www.imdb.com/title/tt0230677/
tt0231704	https://www.imdb.com/title/tt0231704/
tt0237553	https://www.imdb.com/title/tt0237553/
tt0239276	https://www.imdb.com/title/tt0239276/
tt0239600	https://www.imdb.com/title/tt0239600/
tt0240955	https://www.imdb.com/title/tt0240955/
tt0241206	https://www.imdb.com/title/tt0241206/
tt0241359	https://www.imdb.com/title/tt0241359/
tt0241428	https://www.imdb.com/title/tt0241428/
tt0241452	https://www.imdb.com/title/tt0241452/
tt0241511	https://www.imdb.com/title/tt0241511/
tt0241726	https://www.imdb.com/title/tt0241726/
tt0241782	https://www.imdb.com/title/tt0241782/
tt0241857	https://www.imdb.com/title/tt0241857/
tt0241886	https://www.imdb.com/title/tt0241886/
tt0241991	https://www.imdb.com/title/tt0241991/
tt0242041	https://www.imdb.com/title/tt0242041/
tt0242158	https://www.imdb.com/title/tt0242158/
tt0243902	https://www.imdb.com/title/tt0243902/
tt0244038	https://www.imdb.com/title/tt0244038/
tt0244967	https://www.imdb.com/title/tt0244967/
tt0252658	https://www.imdb.com/title/tt0252658/
tt0252882	https://www.imdb.com/title/tt0252882/
tt0253644	https://www.imdb.com/title/tt0253644/
tt0255616	https://www.imdb.com/title/tt0255616/
tt0256994	https://www.imdb.com/title/tt0256994/
tt0259833	https://www.imdb.com/title/tt0259833/
tt0259937	https://www.imdb.com/title/tt0259937/
tt0260033	https://www.imdb.com/title/tt0260033/
tt0260037	https://www.imdb.com/title/tt0260037/
tt0260183	https://www.imdb.com/title/tt0260183/
tt0260318	https://www.imdb.com/title/tt0260318/
tt0260331	https://www.imdb.com/title/tt0260331/
tt0260431	https://www.imdb.com/title/tt0260431/
tt0263364	https://www.imdb.com/title/tt0263364/
tt0263472	https://www.imdb.com/title/tt0263472/
tt0264153	https://www.imdb.com/title/tt0264153/
tt0266301	https://www.imdb.com/title/tt0266301/
tt0270876	https://www.imdb.com/title/tt0270876/
tt0271244	https://www.imdb.com/title/tt0271244/
tt0273293	https://www.imdb.com/title/tt0273293/
tt0274173	https://www.imdb.com/title/tt0274173/
tt0274955	https://www.imdb.com/title/tt0274955/
tt0276811	https://www.imdb.com/title/tt0276811/
tt0276812	https://www.imdb.com/title/tt0276812/
tt0276814	https://www.imdb.com/title/tt0276814/
tt0276940	https://www.imdb.com/title/tt0276940/
tt0277043	https://www.imdb.com/title/tt0277043/
tt0277079	https://www.imdb.com/title/tt0277079/
tt0277111	https://www.imdb.com/title/tt0277111/
tt0277118	https://www.imdb.com/title/tt0277118/
tt0277142	https://www.imdb.com/title/tt0277142/
tt0277166	https://www.imdb.com/title/tt0277166/
tt0277216	https://www.imdb.com/title/tt0277216/
tt0277273	https://www.imdb.com/title/tt0277273/
tt0277321	https://www.imdb.com/title/tt0277321/
tt0277394	https://www.imdb.com/title/tt0277394/
tt0277426	https://www.imdb.com/title/tt0277426/
tt0284809	https://www.imdb.com/title/tt0284809/
tt0284897	https://www.imdb.com/title/tt0284897/
tt0284900	https://www.imdb.com/title/tt0284900/
tt0286089	https://www.imdb.com/title/tt0286089/
tt0306068	https://www.imdb.com/title/tt0306068/
tt0310635	https://www.imdb.com/title/tt0310635/
tt0311793	https://www.imdb.com/title/tt0311793/
tt0319095	https://www.imdb.com/title/tt0319095/
tt0321948	https://www.imdb.com/title/tt0321948/
tt0321952	https://www.imdb.com/title/tt0321952/
tt0322200	https://www.imdb.com/title/tt0322200/
tt0325348	https://www.imdb.com/title/tt0325348/
tt0326024	https://www.imdb.com/title/tt0326024/
tt0326090	https://www.imdb.com/title/tt0326090/
tt0327948	https://www.imdb.com/title/tt0327948/
tt0329147	https://www.imdb.com/title/tt0329147/
tt0329984	https://www.imdb.com/title/tt0329984/
tt0330443	https://www.imdb.com/title/tt0330443/
tt0330524	https://www.imdb.com/title/tt0330524/
tt0330717	https://www.imdb.com/title/tt0330717/
tt0330833	https://www.imdb.com/title/tt0330833/
tt0331971	https://www.imdb.com/title/tt0331971/
tt0332682	https://www.imdb.com/title/tt0332682/
tt0333900	https://www.imdb.com/title/tt0333900/
tt0335379	https://www.imdb.com/title/tt0335379/
tt0337033	https://www.imdb.com/title/tt0337033/
tt0338383	https://www.imdb.com/title/tt0338383/
tt0339456	https://www.imdb.com/title/tt0339456/
tt0339624	https://www.imdb.com/title/tt0339624/
tt0339667	https://www.imdb.com/title/tt0339667/
tt0341016	https://www.imdb.com/title/tt0341016/
tt0342961	https://www.imdb.com/title/tt0342961/
tt0344459	https://www.imdb.com/title/tt0344459/
tt0345294	https://www.imdb.com/title/tt0345294/
tt0347434	https://www.imdb.com/title/tt0347434/
tt0348382	https://www.imdb.com/title/tt0348382/
tt0356526	https://www.imdb.com/title/tt0356526/
tt0365787	https://www.imdb.com/title/tt0365787/
tt0378930	https://www.imdb.com/title/tt0378930/
tt0385537	https://www.imdb.com/title/tt0385537/
tt0390038	https://www.imdb.com/title/tt0390038/
tt0392345	https://www.imdb.com/title/tt0392345/
tt0408835	https://www.imdb.com/title/tt0408835/
tt0423985	https://www.imdb.com/title/tt0423985/
tt0424005	https://www.imdb.com/title/tt0424005/
tt0424042	https://www.imdb.com/title/tt0424042/
tt0430565	https://www.imdb.com/title/tt0430565/
tt0434271	https://www.imdb.com/title/tt0434271/
tt0438377	https://www.imdb.com/title/tt0438377/
tt0440341	https://www.imdb.com/title/tt0440341/
tt0440613	https://www.imdb.com/title/tt0440613/
tt0440773	https://www.imdb.com/title/tt0440773/
tt0440809	https://www.imdb.com/title/tt0440809/
tt0440839	https://www.imdb.com/title/tt0440839/
tt0443196	https://www.imdb.com/title/tt0443196/
tt0444270	https://www.imdb.com/title/tt0444270/
tt0444911	https://www.imdb.com/title/tt0444911/
tt0446948	https://www.imdb.com/title/tt0446948/
tt0447540	https://www.imdb.com/title/tt0447540/
tt0449233	https://www.imdb.com/title/tt0449233/
tt0449950	https://www.imdb.com/title/tt0449950/
tt0450686	https://www.imdb.com/title/tt0450686/
tt0450783	https://www.imdb.com/title/tt0450783/
tt0450796	https://www.imdb.com/title/tt0450796/
tt0450802	https://www.imdb.com/title/tt0450802/
tt0450883	https://www.imdb.com/title/tt0450883/
tt0455106	https://www.imdb.com/title/tt0455106/
tt0455138	https://www.imdb.com/title/tt0455138/
tt0455154	https://www.imdb.com/title/tt0455154/
tt0455183	https://www.imdb.com/title/tt0455183/
tt0455390	https://www.imdb.com/title/tt0455390/
tt0455593	https://www.imdb.com/title/tt0455593/
tt0455679	https://www.imdb.com/title/tt0455679/
tt0455843	https://www.imdb.com/title/tt0455843/
tt0455885	https://www.imdb.com/title/tt0455885/
tt0456707	https://www.imdb.com/title/tt0456707/
tt0457948	https://www.imdb.com/title/tt0457948/
tt0459061	https://www.imdb.com/title/tt0459061/
tt0460248	https://www.imdb.com/title/tt0460248/
tt0461121	https://www.imdb.com/title/tt0461121/
tt0461144	https://www.imdb.com/title/tt0461144/
tt0461159	https://www.imdb.com/title/tt0461159/
tt0461232	https://www.imdb.com/title/tt0461232/
tt0461234	https://www.imdb.com/title/tt0461234/
tt0461538	https://www.imdb.com/title/tt0461538/
tt0461834	https://www.imdb.com/title/tt0461834/
tt0464664	https://www.imdb.com/title/tt0464664/
tt0465213	https://www.imdb.com/title/tt0465213/
tt0465214	https://www.imdb.com/title/tt0465214/
tt0470503	https://www.imdb.com/title/tt0470503/
tt0473225	https://www.imdb.com/title/tt0473225/
tt0474561	https://www.imdb.com/title/tt0474561/
tt0474636	https://www.imdb.com/title/tt0474636/
tt0474704	https://www.imdb.com/title/tt0474704/
tt0474838	https://www.imdb.com/title/tt0474838/
tt0474951	https://www.imdb.com/title/tt0474951/
tt0474983	https://www.imdb.com/title/tt0474983/
tt0475030	https://www.imdb.com/title/tt0475030/
tt0475679	https://www.imdb.com/title/tt0475679/
tt0477897	https://www.imdb.com/title/tt0477897/
tt0479462	https://www.imdb.com/title/tt0479462/
tt0480741	https://www.imdb.com/title/tt0480741/
tt0481768	https://www.imdb.com/title/tt0481768/
tt0482897	https://www.imdb.com/title/tt0482897/
tt0482898	https://www.imdb.com/title/tt0482898/
tt0482934	https://www.imdb.com/title/tt0482934/
tt0485141	https://www.imdb.com/title/tt0485141/
tt0485586	https://www.imdb.com/title/tt0485586/
tt0485687	https://www.imdb.com/title/tt0485687/
tt0486024	https://www.imdb.com/title/tt0486024/
tt0486327	https://www.imdb.com/title/tt0486327/
tt0486733	https://www.imdb.com/title/tt0486733/
tt0489167	https://www.imdb.com/title/tt0489167/
tt0490483	https://www.imdb.com/title/tt0490483/
tt0491013	https://www.imdb.com/title/tt0491013/
tt0492634	https://www.imdb.com/title/tt0492634/
tt0495465	https://www.imdb.com/title/tt0495465/
tt0496106	https://www.imdb.com/title/tt0496106/
tt0496149	https://www.imdb.com/title/tt0496149/
tt0496691	https://www.imdb.com/title/tt0496691/
tt0496814	https://www.imdb.com/title/tt0496814/
tt0765176	https://www.imdb.com/title/tt0765176/
tt0778612	https://www.imdb.com/title/tt0778612/
tt0795981	https://www.imdb.com/title/tt0795981/
tt0804359	https://www.imdb.com/title/tt0804359/
tt0812409	https://www.imdb.com/title/tt0812409/
tt0822021	https://www.imdb.com/title/tt0822021/
tt0822029	https://www.imdb.com/title/tt0822029/
tt0872131	https://www.imdb.com/title/tt0872131/
tt0900978	https://www.imdb.com/title/tt0900978/
tt0921785	https://www.imdb.com/title/tt0921785/
tt0922426	https://www.imdb.com/title/tt0922426/
tt0922904	https://www.imdb.com/title/tt0922904/
tt0922936	https://www.imdb.com/title/tt0922936/
tt0922993	https://www.imdb.com/title/tt0922993/
tt0923020	https://www.imdb.com/title/tt0923020/
tt0925272	https://www.imdb.com/title/tt0925272/
tt0926105	https://www.imdb.com/title/tt0926105/
tt0927145	https://www.imdb.com/title/tt0927145/
tt0930872	https://www.imdb.com/title/tt0930872/
tt0932940	https://www.imdb.com/title/tt0932940/
tt0932998	https://www.imdb.com/title/tt0932998/
tt0933049	https://www.imdb.com/title/tt0933049/
tt0933142	https://www.imdb.com/title/tt0933142/
tt0934404	https://www.imdb.com/title/tt0934404/
tt0938608	https://www.imdb.com/title/tt0938608/
tt0938715	https://www.imdb.com/title/tt0938715/
tt0938763	https://www.imdb.com/title/tt0938763/
tt0938779	https://www.imdb.com/title/tt0938779/
tt0943362	https://www.imdb.com/title/tt0943362/
tt0943445	https://www.imdb.com/title/tt0943445/
tt0943452	https://www.imdb.com/title/tt0943452/
tt0949366	https://www.imdb.com/title/tt0949366/
tt0949393	https://www.imdb.com/title/tt0949393/
tt0949396	https://www.imdb.com/title/tt0949396/
tt0949399	https://www.imdb.com/title/tt0949399/
tt0949416	https://www.imdb.com/title/tt0949416/
tt0951161	https://www.imdb.com/title/tt0951161/
tt0956090	https://www.imdb.com/title/tt0956090/
tt0956230	https://www.imdb.com/title/tt0956230/
tt0959444	https://www.imdb.com/title/tt0959444/
tt0963329	https://www.imdb.com/title/tt0963329/
tt0965530	https://www.imdb.com/title/tt0965530/
tt0969321	https://www.imdb.com/title/tt0969321/
tt0978624	https://www.imdb.com/title/tt0978624/
tt0978647	https://www.imdb.com/title/tt0978647/
tt0980934	https://www.imdb.com/title/tt0980934/
tt0989003	https://www.imdb.com/title/tt0989003/
tt10035908	https://www.imdb.com/title/tt10035908/
tt10182582	https://www.imdb.com/title/tt10182582/
tt10393534	https://www.imdb.com/title/tt10393534/
tt1041682	https://www.imdb.com/title/tt1041682/
tt1041699	https://www.imdb.com/title/tt1041699/
tt1041728	https://www.imdb.com/title/tt1041728/
tt1041732	https://www.imdb.com/title/tt1041732/
tt1041796	https://www.imdb.com/title/tt1041796/
tt1041823	https://www.imdb.com/title/tt1041823/
tt1045080	https://www.imdb.com/title/tt1045080/
tt1045081	https://www.imdb.com/title/tt1045081/
tt1045811	https://www.imdb.com/title/tt1045811/
tt1047700	https://www.imdb.com/title/tt1047700/
tt1054629	https://www.imdb.com/title/tt1054629/
tt1058753	https://www.imdb.com/title/tt1058753/
tt1062218	https://www.imdb.com/title/tt1062218/
tt1062318	https://www.imdb.com/title/tt1062318/
tt1063593	https://www.imdb.com/title/tt1063593/
tt1063661	https://www.imdb.com/title/tt1063661/
tt1063666	https://www.imdb.com/title/tt1063666/
tt1063682	https://www.imdb.com/title/tt1063682/
tt1067132	https://www.imdb.com/title/tt1067132/
tt1067159	https://www.imdb.com/title/tt1067159/
tt1067162	https://www.imdb.com/title/tt1067162/
tt1067220	https://www.imdb.com/title/tt1067220/
tt1067704	https://www.imdb.com/title/tt1067704/
tt1070769	https://www.imdb.com/title/tt1070769/
tt1070776	https://www.imdb.com/title/tt1070776/
tt1074562	https://www.imdb.com/title/tt1074562/
tt1074594	https://www.imdb.com/title/tt1074594/
tt1075092	https://www.imdb.com/title/tt1075092/
tt1075096	https://www.imdb.com/title/tt1075096/
tt1080914	https://www.imdb.com/title/tt1080914/
tt1080924	https://www.imdb.com/title/tt1080924/
tt1080925	https://www.imdb.com/title/tt1080925/
tt1080946	https://www.imdb.com/title/tt1080946/
tt1080951	https://www.imdb.com/title/tt1080951/
tt1080980	https://www.imdb.com/title/tt1080980/
tt10832328	https://www.imdb.com/title/tt10832328/
tt1087607	https://www.imdb.com/title/tt1087607/
tt1116957	https://www.imdb.com/title/tt1116957/
tt1117615	https://www.imdb.com/title/tt1117615/
tt11210228	https://www.imdb.com/title/tt11210228/
tt1156073	https://www.imdb.com/title/tt1156073/
tt1175216	https://www.imdb.com/title/tt1175216/
tt1175218	https://www.imdb.com/title/tt1175218/
tt1175263	https://www.imdb.com/title/tt1175263/
tt1175265	https://www.imdb.com/title/tt1175265/
tt1176707	https://www.imdb.com/title/tt1176707/
tt1178089	https://www.imdb.com/title/tt1178089/
tt1178114	https://www.imdb.com/title/tt1178114/
tt1178157	https://www.imdb.com/title/tt1178157/
tt1178162	https://www.imdb.com/title/tt1178162/
tt1179840	https://www.imdb.com/title/tt1179840/
tt1180805	https://www.imdb.com/title/tt1180805/
tt1180825	https://www.imdb.com/title/tt1180825/
tt1180855	https://www.imdb.com/title/tt1180855/
tt1184803	https://www.imdb.com/title/tt1184803/
tt1187265	https://www.imdb.com/title/tt1187265/
tt1192011	https://www.imdb.com/title/tt1192011/
tt1192014	https://www.imdb.com/title/tt1192014/
tt1192015	https://www.imdb.com/title/tt1192015/
tt1192022	https://www.imdb.com/title/tt1192022/
tt1192097	https://www.imdb.com/title/tt1192097/
tt1192098	https://www.imdb.com/title/tt1192098/
tt1192132	https://www.imdb.com/title/tt1192132/
tt1193582	https://www.imdb.com/title/tt1193582/
tt1193616	https://www.imdb.com/title/tt1193616/
tt1195815	https://www.imdb.com/title/tt1195815/
tt1199610	https://www.imdb.com/title/tt1199610/
tt1199693	https://www.imdb.com/title/tt1199693/
tt1200769	https://www.imdb.com/title/tt1200769/
tt1200815	https://www.imdb.com/title/tt1200815/
tt1200817	https://www.imdb.com/title/tt1200817/
tt1200839	https://www.imdb.com/title/tt1200839/
tt1206000	https://www.imdb.com/title/tt1206000/
tt1206028	https://www.imdb.com/title/tt1206028/
tt1206889	https://www.imdb.com/title/tt1206889/
tt1206895	https://www.imdb.com/title/tt1206895/
tt1206898	https://www.imdb.com/title/tt1206898/
tt1206910	https://www.imdb.com/title/tt1206910/
tt1207031	https://www.imdb.com/title/tt1207031/
tt1208740	https://www.imdb.com/title/tt1208740/
tt1211887	https://www.imdb.com/title/tt1211887/
tt1215832	https://www.imdb.com/title/tt1215832/
tt1215859	https://www.imdb.com/title/tt1215859/
tt1215863	https://www.imdb.com/title/tt1215863/
tt1217015	https://www.imdb.com/title/tt1217015/
tt1217024	https://www.imdb.com/title/tt1217024/
tt1217031	https://www.imdb.com/title/tt1217031/
tt1217066	https://www.imdb.com/title/tt1217066/
tt1217076	https://www.imdb.com/title/tt1217076/
tt1219251	https://www.imdb.com/title/tt1219251/
tt1221848	https://www.imdb.com/title/tt1221848/
tt1221935	https://www.imdb.com/title/tt1221935/
tt1221937	https://www.imdb.com/title/tt1221937/
tt1221970	https://www.imdb.com/title/tt1221970/
tt1221991	https://www.imdb.com/title/tt1221991/
tt1223253	https://www.imdb.com/title/tt1223253/
tt1223278	https://www.imdb.com/title/tt1223278/
tt1223396	https://www.imdb.com/title/tt1223396/
tt1227856	https://www.imdb.com/title/tt1227856/
tt1227862	https://www.imdb.com/title/tt1227862/
tt1250949	https://www.imdb.com/title/tt1250949/
tt1250975	https://www.imdb.com/title/tt1250975/
tt1250978	https://www.imdb.com/title/tt1250978/
tt1251026	https://www.imdb.com/title/tt1251026/
tt1265120	https://www.imdb.com/title/tt1265120/
tt12719702	https://www.imdb.com/title/tt12719702/
tt12725520	https://www.imdb.com/title/tt12725520/
tt12725642	https://www.imdb.com/title/tt12725642/
tt12726122	https://www.imdb.com/title/tt12726122/
tt12728736	https://www.imdb.com/title/tt12728736/
tt12730542	https://www.imdb.com/title/tt12730542/
tt12734748	https://www.imdb.com/title/tt12734748/
tt12748376	https://www.imdb.com/title/tt12748376/
tt12809374	https://www.imdb.com/title/tt12809374/
tt1290484	https://www.imdb.com/title/tt1290484/
tt1290502	https://www.imdb.com/title/tt1290502/
tt1293570	https://www.imdb.com/title/tt1293570/
tt1293583	https://www.imdb.com/title/tt1293583/
tt1308124	https://www.imdb.com/title/tt1308124/
tt1309430	https://www.imdb.com/title/tt1309430/
tt1309654	https://www.imdb.com/title/tt1309654/
tt1321339	https://www.imdb.com/title/tt1321339/
tt1321506	https://www.imdb.com/title/tt1321506/
tt1325783	https://www.imdb.com/title/tt1325783/
tt1344033	https://www.imdb.com/title/tt1344033/
tt1345847	https://www.imdb.com/title/tt1345847/
tt1356708	https://www.imdb.com/title/tt1356708/
tt1360097	https://www.imdb.com/title/tt1360097/
tt1360115	https://www.imdb.com/title/tt1360115/
tt1382682	https://www.imdb.com/title/tt1382682/
tt1389326	https://www.imdb.com/title/tt1389326/
tt1401209	https://www.imdb.com/title/tt1401209/
tt1409091	https://www.imdb.com/title/tt1409091/
tt1441271	https://www.imdb.com/title/tt1441271/
tt1441316	https://www.imdb.com/title/tt1441316/
tt1445037	https://www.imdb.com/title/tt1445037/
tt14505342	https://www.imdb.com/title/tt14505342/
tt1454106	https://www.imdb.com/title/tt1454106/
tt1459915	https://www.imdb.com/title/tt1459915/
tt1480802	https://www.imdb.com/title/tt1480802/
tt1484970	https://www.imdb.com/title/tt1484970/
tt1485023	https://www.imdb.com/title/tt1485023/
tt1485029	https://www.imdb.com/title/tt1485029/
tt1488147	https://www.imdb.com/title/tt1488147/
tt1489153	https://www.imdb.com/title/tt1489153/
tt1489206	https://www.imdb.com/title/tt1489206/
tt1498750	https://www.imdb.com/title/tt1498750/
tt1498822	https://www.imdb.com/title/tt1498822/
tt15001492	https://www.imdb.com/title/tt15001492/
tt1507296	https://www.imdb.com/title/tt1507296/
tt1508298	https://www.imdb.com/title/tt1508298/
tt1519350	https://www.imdb.com/title/tt1519350/
tt1525844	https://www.imdb.com/title/tt1525844/
tt1527081	https://www.imdb.com/title/tt1527081/
tt1529621	https://www.imdb.com/title/tt1529621/
tt1532357	https://www.imdb.com/title/tt1532357/
tt1537758	https://www.imdb.com/title/tt1537758/
tt1537788	https://www.imdb.com/title/tt1537788/
tt1537816	https://www.imdb.com/title/tt1537816/
tt1537871	https://www.imdb.com/title/tt1537871/
tt1537873	https://www.imdb.com/title/tt1537873/
tt1542636	https://www.imdb.com/title/tt1542636/
tt1542775	https://www.imdb.com/title/tt1542775/
tt1548555	https://www.imdb.com/title/tt1548555/
tt15487890	https://www.imdb.com/title/tt15487890/
tt15531356	https://www.imdb.com/title/tt15531356/
tt1556014	https://www.imdb.com/title/tt1556014/
tt1558794	https://www.imdb.com/title/tt1558794/
tt1573041	https://www.imdb.com/title/tt1573041/
tt1573148	https://www.imdb.com/title/tt1573148/
tt1584089	https://www.imdb.com/title/tt1584089/
tt1606817	https://www.imdb.com/title/tt1606817/
tt1611887	https://www.imdb.com/title/tt1611887/
tt1620626	https://www.imdb.com/title/tt1620626/
tt1631730	https://www.imdb.com/title/tt1631730/
tt1631736	https://www.imdb.com/title/tt1631736/
tt1636525	https://www.imdb.com/title/tt1636525/
tt1640481	https://www.imdb.com/title/tt1640481/
tt1640493	https://www.imdb.com/title/tt1640493/
tt1653213	https://www.imdb.com/title/tt1653213/
tt1682265	https://www.imdb.com/title/tt1682265/
tt1690153	https://www.imdb.com/title/tt1690153/
tt1690220	https://www.imdb.com/title/tt1690220/
tt1692997	https://www.imdb.com/title/tt1692997/
tt1693007	https://www.imdb.com/title/tt1693007/
tt1693009	https://www.imdb.com/title/tt1693009/
tt1705924	https://www.imdb.com/title/tt1705924/
tt1709677	https://www.imdb.com/title/tt1709677/
tt1710385	https://www.imdb.com/title/tt1710385/
tt1840394	https://www.imdb.com/title/tt1840394/
tt1845254	https://www.imdb.com/title/tt1845254/
tt1845269	https://www.imdb.com/title/tt1845269/
tt1849722	https://www.imdb.com/title/tt1849722/
tt1849731	https://www.imdb.com/title/tt1849731/
tt1849747	https://www.imdb.com/title/tt1849747/
tt1849790	https://www.imdb.com/title/tt1849790/
tt1849797	https://www.imdb.com/title/tt1849797/
tt1975834	https://www.imdb.com/title/tt1975834/
tt1977004	https://www.imdb.com/title/tt1977004/
tt1995457	https://www.imdb.com/title/tt1995457/
tt2055640	https://www.imdb.com/title/tt2055640/
tt2145563	https://www.imdb.com/title/tt2145563/
tt2198506	https://www.imdb.com/title/tt2198506/
tt2228376	https://www.imdb.com/title/tt2228376/
tt2239810	https://www.imdb.com/title/tt2239810/
tt2241239	https://www.imdb.com/title/tt2241239/
tt2241681	https://www.imdb.com/title/tt2241681/
tt2268639	https://www.imdb.com/title/tt2268639/
tt2282855	https://www.imdb.com/title/tt2282855/
tt2335396	https://www.imdb.com/title/tt2335396/
tt2346748	https://www.imdb.com/title/tt2346748/
tt2346828	https://www.imdb.com/title/tt2346828/
tt2347322	https://www.imdb.com/title/tt2347322/
tt2347332	https://www.imdb.com/title/tt2347332/
tt2356322	https://www.imdb.com/title/tt2356322/
tt2362964	https://www.imdb.com/title/tt2362964/
tt2364210	https://www.imdb.com/title/tt2364210/
tt2367774	https://www.imdb.com/title/tt2367774/
tt2368882	https://www.imdb.com/title/tt2368882/
tt23732038	https://www.imdb.com/title/tt23732038/
tt2373768	https://www.imdb.com/title/tt2373768/
tt23779954	https://www.imdb.com/title/tt23779954/
tt2390224	https://www.imdb.com/title/tt2390224/
tt2390258	https://www.imdb.com/title/tt2390258/
tt2391496	https://www.imdb.com/title/tt2391496/
tt2397694	https://www.imdb.com/title/tt2397694/
tt2399084	https://www.imdb.com/title/tt2399084/
tt2410758	https://www.imdb.com/title/tt2410758/
tt2410780	https://www.imdb.com/title/tt2410780/
tt2410848	https://www.imdb.com/title/tt2410848/
tt2419110	https://www.imdb.com/title/tt2419110/
tt2421520	https://www.imdb.com/title/tt2421520/
tt2421546	https://www.imdb.com/title/tt2421546/
tt2421562	https://www.imdb.com/title/tt2421562/
tt2421946	https://www.imdb.com/title/tt2421946/
tt2422142	https://www.imdb.com/title/tt2422142/
tt2428286	https://www.imdb.com/title/tt2428286/
tt2428338	https://www.imdb.com/title/tt2428338/
tt2428410	https://www.imdb.com/title/tt2428410/
tt2428440	https://www.imdb.com/title/tt2428440/
tt2428480	https://www.imdb.com/title/tt2428480/
tt2429540	https://www.imdb.com/title/tt2429540/
tt2429576	https://www.imdb.com/title/tt2429576/
tt2429586	https://www.imdb.com/title/tt2429586/
tt2429634	https://www.imdb.com/title/tt2429634/
tt2429768	https://www.imdb.com/title/tt2429768/
tt2430338	https://www.imdb.com/title/tt2430338/
tt2430626	https://www.imdb.com/title/tt2430626/
tt2439556	https://www.imdb.com/title/tt2439556/
tt2439894	https://www.imdb.com/title/tt2439894/
tt2549394	https://www.imdb.com/title/tt2549394/
tt2574536	https://www.imdb.com/title/tt2574536/
tt2585394	https://www.imdb.com/title/tt2585394/
tt2596584	https://www.imdb.com/title/tt2596584/
tt2602696	https://www.imdb.com/title/tt2602696/
tt2611668	https://www.imdb.com/title/tt2611668/
tt2624066	https://www.imdb.com/title/tt2624066/
tt2625604	https://www.imdb.com/title/tt2625604/
tt2651880	https://www.imdb.com/title/tt2651880/
tt2651900	https://www.imdb.com/title/tt2651900/
tt2651936	https://www.imdb.com/title/tt2651936/
tt2656352	https://www.imdb.com/title/tt2656352/
tt2662590	https://www.imdb.com/title/tt2662590/
tt2662610	https://www.imdb.com/title/tt2662610/
tt2670716	https://www.imdb.com/title/tt2670716/
tt2713384	https://www.imdb.com/title/tt2713384/
tt2727374	https://www.imdb.com/title/tt2727374/
tt2739258	https://www.imdb.com/title/tt2739258/
tt2739272	https://www.imdb.com/title/tt2739272/
tt2741790	https://www.imdb.com/title/tt2741790/
tt2741834	https://www.imdb.com/title/tt2741834/
tt2773722	https://www.imdb.com/title/tt2773722/
tt2778386	https://www.imdb.com/title/tt2778386/
tt27882474	https://www.imdb.com/title/tt27882474/
tt2829412	https://www.imdb.com/title/tt2829412/
tt2841112	https://www.imdb.com/title/tt2841112/
tt2841118	https://www.imdb.com/title/tt2841118/
tt2841796	https://www.imdb.com/title/tt2841796/
tt2847966	https://www.imdb.com/title/tt2847966/
tt2847980	https://www.imdb.com/title/tt2847980/
tt2855716	https://www.imdb.com/title/tt2855716/
tt2866498	https://www.imdb.com/title/tt2866498/
tt2982860	https://www.imdb.com/title/tt2982860/
tt2984364	https://www.imdb.com/title/tt2984364/
tt2985600	https://www.imdb.com/title/tt2985600/
tt2999354	https://www.imdb.com/title/tt2999354/
tt3016270	https://www.imdb.com/title/tt3016270/
tt3036606	https://www.imdb.com/title/tt3036606/
tt3087250	https://www.imdb.com/title/tt3087250/
tt3126686	https://www.imdb.com/title/tt3126686/
tt3141764	https://www.imdb.com/title/tt3141764/
tt3316350	https://www.imdb.com/title/tt3316350/
tt3327204	https://www.imdb.com/title/tt3327204/
tt33429663	https://www.imdb.com/title/tt33429663/
tt34555648	https://www.imdb.com/title/tt34555648/
tt3693562	https://www.imdb.com/title/tt3693562/
tt3693566	https://www.imdb.com/title/tt3693566/
tt3695286	https://www.imdb.com/title/tt3695286/
tt3695292	https://www.imdb.com/title/tt3695292/
tt3695294	https://www.imdb.com/title/tt3695294/
tt3695316	https://www.imdb.com/title/tt3695316/
tt3752844	https://www.imdb.com/title/tt3752844/
tt3752858	https://www.imdb.com/title/tt3752858/
tt4238418	https://www.imdb.com/title/tt4238418/
tt4249348	https://www.imdb.com/title/tt4249348/
tt4253350	https://www.imdb.com/title/tt4253350/
tt4253354	https://www.imdb.com/title/tt4253354/
tt4695394	https://www.imdb.com/title/tt4695394/
tt4723266	https://www.imdb.com/title/tt4723266/
tt4723320	https://www.imdb.com/title/tt4723320/
tt4859672	https://www.imdb.com/title/tt4859672/
tt4908528	https://www.imdb.com/title/tt4908528/
tt5299902	https://www.imdb.com/title/tt5299902/
tt5299910	https://www.imdb.com/title/tt5299910/
tt6182496	https://www.imdb.com/title/tt6182496/
tt6268984	https://www.imdb.com/title/tt6268984/
tt6962216	https://www.imdb.com/title/tt6962216/
tt7013034	https://www.imdb.com/title/tt7013034/
tt7153298	https://www.imdb.com/title/tt7153298/
tt7363364	https://www.imdb.com/title/tt7363364/
tt7365344	https://www.imdb.com/title/tt7365344/
tt7387862	https://www.imdb.com/title/tt7387862/
tt7473896	https://www.imdb.com/title/tt7473896/
tt8000006	https://www.imdb.com/title/tt8000006/
tt8416752	https://www.imdb.com/title/tt8416752/
tt8702424	https://www.imdb.com/title/tt8702424/
tt8800800	https://www.imdb.com/title/tt8800800/
tt9006308	https://www.imdb.com/title/tt9006308/
tt9047022	https://www.imdb.com/title/tt9047022/
tt9212058	https://www.imdb.com/title/tt9212058/
tt9382130	https://www.imdb.com/title/tt9382130/
tt9465464	https://www.imdb.com/title/tt9465464/
tt9514304	https://www.imdb.com/title/tt9514304/
tt9588892	https://www.imdb.com/title/tt9588892/
tt9728576	https://www.imdb.com/title/tt9728576/
tt9842810	https://www.imdb.com/title/tt9842810/
