tconst	imdb_url
tt0031612	https://www.imdb.com/title/tt0031612/
tt0033042	https://www.imdb.com/title/tt0033042/
tt0033209	https://www.imdb.com/title/tt0033209/
tt0033528	https://www.imdb.com/title/tt0033528/
tt0033602	https://www.imdb.com/title/tt0033602/
tt0033789	https://www.imdb.com/title/tt0033789/
tt0033889	https://www.imdb.com/title/tt0033889/
tt0034331	https://www.imdb.com/title/tt0034331/
tt0034430	https://www.imdb.com/title/tt0034430/
tt0034440	https://www.imdb.com/title/tt0034440/
tt0034456	https://www.imdb.com/title/tt0034456/
tt0034459	https://www.imdb.com/title/tt0034459/
tt0034493	https://www.imdb.com/title/tt0034493/
tt0034519	https://www.imdb.com/title/tt0034519/
tt0034529	https://www.imdb.com/title/tt0034529/
tt0034561	https://www.imdb.com/title/tt0034561/
tt0034562	https://www.imdb.com/title/tt0034562/
tt0034566	https://www.imdb.com/title/tt0034566/
tt0034571	https://www.imdb.com/title/tt0034571/
tt0034573	https://www.imdb.com/title/tt0034573/
tt0034574	https://www.imdb.com/title/tt0034574/
tt0034575	https://www.imdb.com/title/tt0034575/
tt0034597	https://www.imdb.com/title/tt0034597/
tt0034603	https://www.imdb.com/title/tt0034603/
tt0034616	https://www.imdb.com/title/tt0034616/
tt0034623	https://www.imdb.com/title/tt0034623/
tt0034624	https://www.imdb.com/title/tt0034624/
tt0034625	https://www.imdb.com/title/tt0034625/
tt0034626	https://www.imdb.com/title/tt0034626/
tt0034632	https://www.imdb.com/title/tt0034632/
tt0034634	https://www.imdb.com/title/tt0034634/
tt0034635	https://www.imdb.com/title/tt0034635/
tt0034636	https://www.imdb.com/title/tt0034636/
tt0034642	https://www.imdb.com/title/tt0034642/
tt0034694	https://www.imdb.com/title/tt0034694/
tt0034702	https://www.imdb.com/title/tt0034702/
tt0034727	https://www.imdb.com/title/tt0034727/
tt0034729	https://www.imdb.com/title/tt0034729/
tt0034762	https://www.imdb.com/title/tt0034762/
tt0034769	https://www.imdb.com/title/tt0034769/
tt0034771	https://www.imdb.com/title/tt0034771/
tt0034776	https://www.imdb.com/title/tt0034776/
tt0034787	https://www.imdb.com/title/tt0034787/
tt0034788	https://www.imdb.com/title/tt0034788/
tt0034790	https://www.imdb.com/title/tt0034790/
tt0034804	https://www.imdb.com/title/tt0034804/
tt0034809	https://www.imdb.com/title/tt0034809/
tt0034816	https://www.imdb.com/title/tt0034816/
tt0034828	https://www.imdb.com/title/tt0034828/
tt0034856	https://www.imdb.com/title/tt0034856/
tt0034876	https://www.imdb.com/title/tt0034876/
tt0034887	https://www.imdb.com/title/tt0034887/
tt0034892	https://www.imdb.com/title/tt0034892/
tt0034894	https://www.imdb.com/title/tt0034894/
tt0034901	https://www.imdb.com/title/tt0034901/
tt0034907	https://www.imdb.com/title/tt0034907/
tt0034917	https://www.imdb.com/title/tt0034917/
tt0034922	https://www.imdb.com/title/tt0034922/
tt0034950	https://www.imdb.com/title/tt0034950/
tt0034955	https://www.imdb.com/title/tt0034955/
tt0034958	https://www.imdb.com/title/tt0034958/
tt0034964	https://www.imdb.com/title/tt0034964/
tt0034966	https://www.imdb.com/title/tt0034966/
tt0034975	https://www.imdb.com/title/tt0034975/
tt0034988	https://www.imdb.com/title/tt0034988/
tt0035001	https://www.imdb.com/title/tt0035001/
tt0035017	https://www.imdb.com/title/tt0035017/
tt0035038	https://www.imdb.com/title/tt0035038/
tt0035042	https://www.imdb.com/title/tt0035042/
tt0035043	https://www.imdb.com/title/tt0035043/
tt0035045	https://www.imdb.com/title/tt0035045/
tt0035046	https://www.imdb.com/title/tt0035046/
tt0035062	https://www.imdb.com/title/tt0035062/
tt0035086	https://www.imdb.com/title/tt0035086/
tt0035087	https://www.imdb.com/title/tt0035087/
tt0035117	https://www.imdb.com/title/tt0035117/
tt0035118	https://www.imdb.com/title/tt0035118/
tt0035119	https://www.imdb.com/title/tt0035119/
tt0035125	https://www.imdb.com/title/tt0035125/
tt0035136	https://www.imdb.com/title/tt0035136/
tt0035160	https://www.imdb.com/title/tt0035160/
tt0035168	https://www.imdb.com/title/tt0035168/
tt0035183	https://www.imdb.com/title/tt0035183/
tt0035184	https://www.imdb.com/title/tt0035184/
tt0035194	https://www.imdb.com/title/tt0035194/
tt0035206	https://www.imdb.com/title/tt0035206/
tt0035212	https://www.imdb.com/title/tt0035212/
tt0035215	https://www.imdb.com/title/tt0035215/
tt0035232	https://www.imdb.com/title/tt0035232/
tt0035243	https://www.imdb.com/title/tt0035243/
tt0035246	https://www.imdb.com/title/tt0035246/
tt0035260	https://www.imdb.com/title/tt0035260/
tt0035282	https://www.imdb.com/title/tt0035282/
tt0035289	https://www.imdb.com/title/tt0035289/
tt0035295	https://www.imdb.com/title/tt0035295/
tt0035302	https://www.imdb.com/title/tt0035302/
tt0035305	https://www.imdb.com/title/tt0035305/
tt0035306	https://www.imdb.com/title/tt0035306/
tt0035358	https://www.imdb.com/title/tt0035358/
tt0035367	https://www.imdb.com/title/tt0035367/
tt0035374	https://www.imdb.com/title/tt0035374/
tt0035383	https://www.imdb.com/title/tt0035383/
tt0035392	https://www.imdb.com/title/tt0035392/
tt0035402	https://www.imdb.com/title/tt0035402/
tt0035407	https://www.imdb.com/title/tt0035407/
tt0035441	https://www.imdb.com/title/tt0035441/
tt0035472	https://www.imdb.com/title/tt0035472/
tt0035480	https://www.imdb.com/title/tt0035480/
tt0035499	https://www.imdb.com/title/tt0035499/
tt0035506	https://www.imdb.com/title/tt0035506/
tt0035522	https://www.imdb.com/title/tt0035522/
tt0035538	https://www.imdb.com/title/tt0035538/
tt0035558	https://www.imdb.com/title/tt0035558/
tt0035568	https://www.imdb.com/title/tt0035568/
tt0035590	https://www.imdb.com/title/tt0035590/
tt0035594	https://www.imdb.com/title/tt0035594/
tt0035596	https://www.imdb.com/title/tt0035596/
tt0035603	https://www.imdb.com/title/tt0035603/
tt0035604	https://www.imdb.com/title/tt0035604/
tt0035605	https://www.imdb.com/title/tt0035605/
tt0035607	https://www.imdb.com/title/tt0035607/
tt0035608	https://www.imdb.com/title/tt0035608/
tt0035609	https://www.imdb.com/title/tt0035609/
tt0035610	https://www.imdb.com/title/tt0035610/
tt0035611	https://www.imdb.com/title/tt0035611/
tt0035612	https://www.imdb.com/title/tt0035612/
tt0035613	https://www.imdb.com/title/tt0035613/
tt0035614	https://www.imdb.com/title/tt0035614/
tt0035615	https://www.imdb.com/title/tt0035615/
tt0035616	https://www.imdb.com/title/tt0035616/
tt0035617	https://www.imdb.com/title/tt0035617/
tt0035619	https://www.imdb.com/title/tt0035619/
tt0035620	https://www.imdb.com/title/tt0035620/
tt0035621	https://www.imdb.com/title/tt0035621/
tt0035622	https://www.imdb.com/title/tt0035622/
tt0035625	https://www.imdb.com/title/tt0035625/
tt0035627	https://www.imdb.com/title/tt0035627/
tt0035628	https://www.imdb.com/title/tt0035628/
tt0035629	https://www.imdb.com/title/tt0035629/
tt0035630	https://www.imdb.com/title/tt0035630/
tt0035631	https://www.imdb.com/title/tt0035631/
tt0035632	https://www.imdb.com/title/tt0035632/
tt0035633	https://www.imdb.com/title/tt0035633/
tt0035636	https://www.imdb.com/title/tt0035636/
tt0035637	https://www.imdb.com/title/tt0035637/
tt0035638	https://www.imdb.com/title/tt0035638/
tt0035640	https://www.imdb.com/title/tt0035640/
tt0035641	https://www.imdb.com/title/tt0035641/
tt0035643	https://www.imdb.com/title/tt0035643/
tt0035644	https://www.imdb.com/title/tt0035644/
tt0035647	https://www.imdb.com/title/tt0035647/
tt0035648	https://www.imdb.com/title/tt0035648/
tt0035649	https://www.imdb.com/title/tt0035649/
tt0035651	https://www.imdb.com/title/tt0035651/
tt0035654	https://www.imdb.com/title/tt0035654/
tt0035655	https://www.imdb.com/title/tt0035655/
tt0035656	https://www.imdb.com/title/tt0035656/
tt0035659	https://www.imdb.com/title/tt0035659/
tt0035660	https://www.imdb.com/title/tt0035660/
tt0035663	https://www.imdb.com/title/tt0035663/
tt0035664	https://www.imdb.com/title/tt0035664/
tt0035665	https://www.imdb.com/title/tt0035665/
tt0035668	https://www.imdb.com/title/tt0035668/
tt0035669	https://www.imdb.com/title/tt0035669/
tt0035671	https://www.imdb.com/title/tt0035671/
tt0035674	https://www.imdb.com/title/tt0035674/
tt0035675	https://www.imdb.com/title/tt0035675/
tt0035676	https://www.imdb.com/title/tt0035676/
tt0035677	https://www.imdb.com/title/tt0035677/
tt0035678	https://www.imdb.com/title/tt0035678/
tt0035679	https://www.imdb.com/title/tt0035679/
tt0035680	https://www.imdb.com/title/tt0035680/
tt0035681	https://www.imdb.com/title/tt0035681/
tt0035683	https://www.imdb.com/title/tt0035683/
tt0035685	https://www.imdb.com/title/tt0035685/
tt0035686	https://www.imdb.com/title/tt0035686/
tt0035688	https://www.imdb.com/title/tt0035688/
tt0035689	https://www.imdb.com/title/tt0035689/
tt0035690	https://www.imdb.com/title/tt0035690/
tt0035691	https://www.imdb.com/title/tt0035691/
tt0035692	https://www.imdb.com/title/tt0035692/
tt0035693	https://www.imdb.com/title/tt0035693/
tt0035698	https://www.imdb.com/title/tt0035698/
tt0035699	https://www.imdb.com/title/tt0035699/
tt0035700	https://www.imdb.com/title/tt0035700/
tt0035701	https://www.imdb.com/title/tt0035701/
tt0035702	https://www.imdb.com/title/tt0035702/
tt0035703	https://www.imdb.com/title/tt0035703/
tt0035704	https://www.imdb.com/title/tt0035704/
tt0035706	https://www.imdb.com/title/tt0035706/
tt0035707	https://www.imdb.com/title/tt0035707/
tt0035708	https://www.imdb.com/title/tt0035708/
tt0035709	https://www.imdb.com/title/tt0035709/
tt0035710	https://www.imdb.com/title/tt0035710/
tt0035711	https://www.imdb.com/title/tt0035711/
tt0035713	https://www.imdb.com/title/tt0035713/
tt0035717	https://www.imdb.com/title/tt0035717/
tt0035718	https://www.imdb.com/title/tt0035718/
tt0035721	https://www.imdb.com/title/tt0035721/
tt0035722	https://www.imdb.com/title/tt0035722/
tt0035723	https://www.imdb.com/title/tt0035723/
tt0035726	https://www.imdb.com/title/tt0035726/
tt0035727	https://www.imdb.com/title/tt0035727/
tt0035728	https://www.imdb.com/title/tt0035728/
tt0035729	https://www.imdb.com/title/tt0035729/
tt0035730	https://www.imdb.com/title/tt0035730/
tt0035732	https://www.imdb.com/title/tt0035732/
tt0035735	https://www.imdb.com/title/tt0035735/
tt0035738	https://www.imdb.com/title/tt0035738/
tt0035740	https://www.imdb.com/title/tt0035740/
tt0035741	https://www.imdb.com/title/tt0035741/
tt0035742	https://www.imdb.com/title/tt0035742/
tt0035744	https://www.imdb.com/title/tt0035744/
tt0035745	https://www.imdb.com/title/tt0035745/
tt0035747	https://www.imdb.com/title/tt0035747/
tt0035749	https://www.imdb.com/title/tt0035749/
tt0035751	https://www.imdb.com/title/tt0035751/
tt0035752	https://www.imdb.com/title/tt0035752/
tt0035753	https://www.imdb.com/title/tt0035753/
tt0035755	https://www.imdb.com/title/tt0035755/
tt0035757	https://www.imdb.com/title/tt0035757/
tt0035758	https://www.imdb.com/title/tt0035758/
tt0035759	https://www.imdb.com/title/tt0035759/
tt0035760	https://www.imdb.com/title/tt0035760/
tt0035761	https://www.imdb.com/title/tt0035761/
tt0035762	https://www.imdb.com/title/tt0035762/
tt0035763	https://www.imdb.com/title/tt0035763/
tt0035764	https://www.imdb.com/title/tt0035764/
tt0035766	https://www.imdb.com/title/tt0035766/
tt0035767	https://www.imdb.com/title/tt0035767/
tt0035768	https://www.imdb.com/title/tt0035768/
tt0035769	https://www.imdb.com/title/tt0035769/
tt0035770	https://www.imdb.com/title/tt0035770/
tt0035771	https://www.imdb.com/title/tt0035771/
tt0035772	https://www.imdb.com/title/tt0035772/
tt0035776	https://www.imdb.com/title/tt0035776/
tt0035777	https://www.imdb.com/title/tt0035777/
tt0035778	https://www.imdb.com/title/tt0035778/
tt0035779	https://www.imdb.com/title/tt0035779/
tt0035780	https://www.imdb.com/title/tt0035780/
tt0035782	https://www.imdb.com/title/tt0035782/
tt0035783	https://www.imdb.com/title/tt0035783/
tt0035784	https://www.imdb.com/title/tt0035784/
tt0035785	https://www.imdb.com/title/tt0035785/
tt0035786	https://www.imdb.com/title/tt0035786/
tt0035787	https://www.imdb.com/title/tt0035787/
tt0035788	https://www.imdb.com/title/tt0035788/
tt0035790	https://www.imdb.com/title/tt0035790/
tt0035791	https://www.imdb.com/title/tt0035791/
tt0035792	https://www.imdb.com/title/tt0035792/
tt0035793	https://www.imdb.com/title/tt0035793/
tt0035795	https://www.imdb.com/title/tt0035795/
tt0035796	https://www.imdb.com/title/tt0035796/
tt0035798	https://www.imdb.com/title/tt0035798/
tt0035799	https://www.imdb.com/title/tt0035799/
tt0035800	https://www.imdb.com/title/tt0035800/
tt0035801	https://www.imdb.com/title/tt0035801/
tt0035802	https://www.imdb.com/title/tt0035802/
tt0035804	https://www.imdb.com/title/tt0035804/
tt0035807	https://www.imdb.com/title/tt0035807/
tt0035808	https://www.imdb.com/title/tt0035808/
tt0035809	https://www.imdb.com/title/tt0035809/
tt0035810	https://www.imdb.com/title/tt0035810/
tt0035811	https://www.imdb.com/title/tt0035811/
tt0035819	https://www.imdb.com/title/tt0035819/
tt0035822	https://www.imdb.com/title/tt0035822/
tt0035823	https://www.imdb.com/title/tt0035823/
tt0035824	https://www.imdb.com/title/tt0035824/
tt0035825	https://www.imdb.com/title/tt0035825/
tt0035826	https://www.imdb.com/title/tt0035826/
tt0035828	https://www.imdb.com/title/tt0035828/
tt0035829	https://www.imdb.com/title/tt0035829/
tt0035830	https://www.imdb.com/title/tt0035830/
tt0035831	https://www.imdb.com/title/tt0035831/
tt0035834	https://www.imdb.com/title/tt0035834/
tt0035835	https://www.imdb.com/title/tt0035835/
tt0035840	https://www.imdb.com/title/tt0035840/
tt0035841	https://www.imdb.com/title/tt0035841/
tt0035843	https://www.imdb.com/title/tt0035843/
tt0035844	https://www.imdb.com/title/tt0035844/
tt0035845	https://www.imdb.com/title/tt0035845/
tt0035846	https://www.imdb.com/title/tt0035846/
tt0035848	https://www.imdb.com/title/tt0035848/
tt0035852	https://www.imdb.com/title/tt0035852/
tt0035854	https://www.imdb.com/title/tt0035854/
tt0035855	https://www.imdb.com/title/tt0035855/
tt0035856	https://www.imdb.com/title/tt0035856/
tt0035860	https://www.imdb.com/title/tt0035860/
tt0035862	https://www.imdb.com/title/tt0035862/
tt0035863	https://www.imdb.com/title/tt0035863/
tt0035868	https://www.imdb.com/title/tt0035868/
tt0035870	https://www.imdb.com/title/tt0035870/
tt0035871	https://www.imdb.com/title/tt0035871/
tt0035874	https://www.imdb.com/title/tt0035874/
tt0035875	https://www.imdb.com/title/tt0035875/
tt0035879	https://www.imdb.com/title/tt0035879/
tt0035880	https://www.imdb.com/title/tt0035880/
tt0035881	https://www.imdb.com/title/tt0035881/
tt0035883	https://www.imdb.com/title/tt0035883/
tt0035884	https://www.imdb.com/title/tt0035884/
tt0035885	https://www.imdb.com/title/tt0035885/
tt0035886	https://www.imdb.com/title/tt0035886/
tt0035887	https://www.imdb.com/title/tt0035887/
tt0035888	https://www.imdb.com/title/tt0035888/
tt0035890	https://www.imdb.com/title/tt0035890/
tt0035893	https://www.imdb.com/title/tt0035893/
tt0035894	https://www.imdb.com/title/tt0035894/
tt0035895	https://www.imdb.com/title/tt0035895/
tt0035896	https://www.imdb.com/title/tt0035896/
tt0035897	https://www.imdb.com/title/tt0035897/
tt0035898	https://www.imdb.com/title/tt0035898/
tt0035899	https://www.imdb.com/title/tt0035899/
tt0035900	https://www.imdb.com/title/tt0035900/
tt0035903	https://www.imdb.com/title/tt0035903/
tt0035904	https://www.imdb.com/title/tt0035904/
tt0035905	https://www.imdb.com/title/tt0035905/
tt0035907	https://www.imdb.com/title/tt0035907/
tt0035908	https://www.imdb.com/title/tt0035908/
tt0035909	https://www.imdb.com/title/tt0035909/
tt0035910	https://www.imdb.com/title/tt0035910/
tt0035911	https://www.imdb.com/title/tt0035911/
tt0035913	https://www.imdb.com/title/tt0035913/
tt0035914	https://www.imdb.com/title/tt0035914/
tt0035915	https://www.imdb.com/title/tt0035915/
tt0035916	https://www.imdb.com/title/tt0035916/
tt0035917	https://www.imdb.com/title/tt0035917/
tt0035922	https://www.imdb.com/title/tt0035922/
tt0035924	https://www.imdb.com/title/tt0035924/
tt0035926	https://www.imdb.com/title/tt0035926/
tt0035927	https://www.imdb.com/title/tt0035927/
tt0035930	https://www.imdb.com/title/tt0035930/
tt0035931	https://www.imdb.com/title/tt0035931/
tt0035934	https://www.imdb.com/title/tt0035934/
tt0035935	https://www.imdb.com/title/tt0035935/
tt0035936	https://www.imdb.com/title/tt0035936/
tt0035937	https://www.imdb.com/title/tt0035937/
tt0035938	https://www.imdb.com/title/tt0035938/
tt0035939	https://www.imdb.com/title/tt0035939/
tt0035940	https://www.imdb.com/title/tt0035940/
tt0035941	https://www.imdb.com/title/tt0035941/
tt0035942	https://www.imdb.com/title/tt0035942/
tt0035943	https://www.imdb.com/title/tt0035943/
tt0035944	https://www.imdb.com/title/tt0035944/
tt0035946	https://www.imdb.com/title/tt0035946/
tt0035947	https://www.imdb.com/title/tt0035947/
tt0035948	https://www.imdb.com/title/tt0035948/
tt0035949	https://www.imdb.com/title/tt0035949/
tt0035950	https://www.imdb.com/title/tt0035950/
tt0035951	https://www.imdb.com/title/tt0035951/
tt0035952	https://www.imdb.com/title/tt0035952/
tt0035953	https://www.imdb.com/title/tt0035953/
tt0035955	https://www.imdb.com/title/tt0035955/
tt0035957	https://www.imdb.com/title/tt0035957/
tt0035958	https://www.imdb.com/title/tt0035958/
tt0035959	https://www.imdb.com/title/tt0035959/
tt0035961	https://www.imdb.com/title/tt0035961/
tt0035963	https://www.imdb.com/title/tt0035963/
tt0035964	https://www.imdb.com/title/tt0035964/
tt0035966	https://www.imdb.com/title/tt0035966/
tt0035967	https://www.imdb.com/title/tt0035967/
tt0035968	https://www.imdb.com/title/tt0035968/
tt0035969	https://www.imdb.com/title/tt0035969/
tt0035970	https://www.imdb.com/title/tt0035970/
tt0035971	https://www.imdb.com/title/tt0035971/
tt0035972	https://www.imdb.com/title/tt0035972/
tt0035973	https://www.imdb.com/title/tt0035973/
tt0035974	https://www.imdb.com/title/tt0035974/
tt0035975	https://www.imdb.com/title/tt0035975/
tt0035976	https://www.imdb.com/title/tt0035976/
tt0035977	https://www.imdb.com/title/tt0035977/
tt0035978	https://www.imdb.com/title/tt0035978/
tt0035979	https://www.imdb.com/title/tt0035979/
tt0035982	https://www.imdb.com/title/tt0035982/
tt0035983	https://www.imdb.com/title/tt0035983/
tt0035984	https://www.imdb.com/title/tt0035984/
tt0035985	https://www.imdb.com/title/tt0035985/
tt0035987	https://www.imdb.com/title/tt0035987/
tt0035988	https://www.imdb.com/title/tt0035988/
tt0035990	https://www.imdb.com/title/tt0035990/
tt0035992	https://www.imdb.com/title/tt0035992/
tt0035993	https://www.imdb.com/title/tt0035993/
tt0035994	https://www.imdb.com/title/tt0035994/
tt0035995	https://www.imdb.com/title/tt0035995/
tt0035996	https://www.imdb.com/title/tt0035996/
tt0035997	https://www.imdb.com/title/tt0035997/
tt0035998	https://www.imdb.com/title/tt0035998/
tt0035999	https://www.imdb.com/title/tt0035999/
tt0036001	https://www.imdb.com/title/tt0036001/
tt0036004	https://www.imdb.com/title/tt0036004/
tt0036005	https://www.imdb.com/title/tt0036005/
tt0036006	https://www.imdb.com/title/tt0036006/
tt0036009	https://www.imdb.com/title/tt0036009/
tt0036010	https://www.imdb.com/title/tt0036010/
tt0036012	https://www.imdb.com/title/tt0036012/
tt0036013	https://www.imdb.com/title/tt0036013/
tt0036014	https://www.imdb.com/title/tt0036014/
tt0036016	https://www.imdb.com/title/tt0036016/
tt0036017	https://www.imdb.com/title/tt0036017/
tt0036018	https://www.imdb.com/title/tt0036018/
tt0036019	https://www.imdb.com/title/tt0036019/
tt0036020	https://www.imdb.com/title/tt0036020/
tt0036021	https://www.imdb.com/title/tt0036021/
tt0036022	https://www.imdb.com/title/tt0036022/
tt0036025	https://www.imdb.com/title/tt0036025/
tt0036026	https://www.imdb.com/title/tt0036026/
tt0036027	https://www.imdb.com/title/tt0036027/
tt0036028	https://www.imdb.com/title/tt0036028/
tt0036029	https://www.imdb.com/title/tt0036029/
tt0036030	https://www.imdb.com/title/tt0036030/
tt0036031	https://www.imdb.com/title/tt0036031/
tt0036032	https://www.imdb.com/title/tt0036032/
tt0036033	https://www.imdb.com/title/tt0036033/
tt0036034	https://www.imdb.com/title/tt0036034/
tt0036036	https://www.imdb.com/title/tt0036036/
tt0036037	https://www.imdb.com/title/tt0036037/
tt0036038	https://www.imdb.com/title/tt0036038/
tt0036042	https://www.imdb.com/title/tt0036042/
tt0036044	https://www.imdb.com/title/tt0036044/
tt0036045	https://www.imdb.com/title/tt0036045/
tt0036046	https://www.imdb.com/title/tt0036046/
tt0036047	https://www.imdb.com/title/tt0036047/
tt0036048	https://www.imdb.com/title/tt0036048/
tt0036049	https://www.imdb.com/title/tt0036049/
tt0036051	https://www.imdb.com/title/tt0036051/
tt0036053	https://www.imdb.com/title/tt0036053/
tt0036055	https://www.imdb.com/title/tt0036055/
tt0036056	https://www.imdb.com/title/tt0036056/
tt0036057	https://www.imdb.com/title/tt0036057/
tt0036059	https://www.imdb.com/title/tt0036059/
tt0036062	https://www.imdb.com/title/tt0036062/
tt0036063	https://www.imdb.com/title/tt0036063/
tt0036064	https://www.imdb.com/title/tt0036064/
tt0036065	https://www.imdb.com/title/tt0036065/
tt0036066	https://www.imdb.com/title/tt0036066/
tt0036067	https://www.imdb.com/title/tt0036067/
tt0036068	https://www.imdb.com/title/tt0036068/
tt0036069	https://www.imdb.com/title/tt0036069/
tt0036070	https://www.imdb.com/title/tt0036070/
tt0036071	https://www.imdb.com/title/tt0036071/
tt0036073	https://www.imdb.com/title/tt0036073/
tt0036074	https://www.imdb.com/title/tt0036074/
tt0036075	https://www.imdb.com/title/tt0036075/
tt0036077	https://www.imdb.com/title/tt0036077/
tt0036078	https://www.imdb.com/title/tt0036078/
tt0036079	https://www.imdb.com/title/tt0036079/
tt0036080	https://www.imdb.com/title/tt0036080/
tt0036081	https://www.imdb.com/title/tt0036081/
tt0036082	https://www.imdb.com/title/tt0036082/
tt0036083	https://www.imdb.com/title/tt0036083/
tt0036084	https://www.imdb.com/title/tt0036084/
tt0036085	https://www.imdb.com/title/tt0036085/
tt0036086	https://www.imdb.com/title/tt0036086/
tt0036087	https://www.imdb.com/title/tt0036087/
tt0036088	https://www.imdb.com/title/tt0036088/
tt0036089	https://www.imdb.com/title/tt0036089/
tt0036091	https://www.imdb.com/title/tt0036091/
tt0036092	https://www.imdb.com/title/tt0036092/
tt0036094	https://www.imdb.com/title/tt0036094/
tt0036095	https://www.imdb.com/title/tt0036095/
tt0036096	https://www.imdb.com/title/tt0036096/
tt0036097	https://www.imdb.com/title/tt0036097/
tt0036098	https://www.imdb.com/title/tt0036098/
tt0036101	https://www.imdb.com/title/tt0036101/
tt0036102	https://www.imdb.com/title/tt0036102/
tt0036103	https://www.imdb.com/title/tt0036103/
tt0036104	https://www.imdb.com/title/tt0036104/
tt0036105	https://www.imdb.com/title/tt0036105/
tt0036111	https://www.imdb.com/title/tt0036111/
tt0036112	https://www.imdb.com/title/tt0036112/
tt0036113	https://www.imdb.com/title/tt0036113/
tt0036115	https://www.imdb.com/title/tt0036115/
tt0036116	https://www.imdb.com/title/tt0036116/
tt0036118	https://www.imdb.com/title/tt0036118/
tt0036120	https://www.imdb.com/title/tt0036120/
tt0036125	https://www.imdb.com/title/tt0036125/
tt0036126	https://www.imdb.com/title/tt0036126/
tt0036130	https://www.imdb.com/title/tt0036130/
tt0036132	https://www.imdb.com/title/tt0036132/
tt0036133	https://www.imdb.com/title/tt0036133/
tt0036134	https://www.imdb.com/title/tt0036134/
tt0036135	https://www.imdb.com/title/tt0036135/
tt0036136	https://www.imdb.com/title/tt0036136/
tt0036137	https://www.imdb.com/title/tt0036137/
tt0036138	https://www.imdb.com/title/tt0036138/
tt0036139	https://www.imdb.com/title/tt0036139/
tt0036140	https://www.imdb.com/title/tt0036140/
tt0036142	https://www.imdb.com/title/tt0036142/
tt0036145	https://www.imdb.com/title/tt0036145/
tt0036146	https://www.imdb.com/title/tt0036146/
tt0036147	https://www.imdb.com/title/tt0036147/
tt0036148	https://www.imdb.com/title/tt0036148/
tt0036149	https://www.imdb.com/title/tt0036149/
tt0036150	https://www.imdb.com/title/tt0036150/
tt0036151	https://www.imdb.com/title/tt0036151/
tt0036155	https://www.imdb.com/title/tt0036155/
tt0036156	https://www.imdb.com/title/tt0036156/
tt0036158	https://www.imdb.com/title/tt0036158/
tt0036159	https://www.imdb.com/title/tt0036159/
tt0036160	https://www.imdb.com/title/tt0036160/
tt0036161	https://www.imdb.com/title/tt0036161/
tt0036162	https://www.imdb.com/title/tt0036162/
tt0036163	https://www.imdb.com/title/tt0036163/
tt0036166	https://www.imdb.com/title/tt0036166/
tt0036167	https://www.imdb.com/title/tt0036167/
tt0036168	https://www.imdb.com/title/tt0036168/
tt0036169	https://www.imdb.com/title/tt0036169/
tt0036170	https://www.imdb.com/title/tt0036170/
tt0036171	https://www.imdb.com/title/tt0036171/
tt0036172	https://www.imdb.com/title/tt0036172/
tt0036173	https://www.imdb.com/title/tt0036173/
tt0036174	https://www.imdb.com/title/tt0036174/
tt0036175	https://www.imdb.com/title/tt0036175/
tt0036177	https://www.imdb.com/title/tt0036177/
tt0036180	https://www.imdb.com/title/tt0036180/
tt0036181	https://www.imdb.com/title/tt0036181/
tt0036182	https://www.imdb.com/title/tt0036182/
tt0036183	https://www.imdb.com/title/tt0036183/
tt0036184	https://www.imdb.com/title/tt0036184/
tt0036185	https://www.imdb.com/title/tt0036185/
tt0036187	https://www.imdb.com/title/tt0036187/
tt0036188	https://www.imdb.com/title/tt0036188/
tt0036189	https://www.imdb.com/title/tt0036189/
tt0036191	https://www.imdb.com/title/tt0036191/
tt0036192	https://www.imdb.com/title/tt0036192/
tt0036194	https://www.imdb.com/title/tt0036194/
tt0036195	https://www.imdb.com/title/tt0036195/
tt0036196	https://www.imdb.com/title/tt0036196/
tt0036197	https://www.imdb.com/title/tt0036197/
tt0036198	https://www.imdb.com/title/tt0036198/
tt0036200	https://www.imdb.com/title/tt0036200/
tt0036201	https://www.imdb.com/title/tt0036201/
tt0036202	https://www.imdb.com/title/tt0036202/
tt0036204	https://www.imdb.com/title/tt0036204/
tt0036205	https://www.imdb.com/title/tt0036205/
tt0036207	https://www.imdb.com/title/tt0036207/
tt0036208	https://www.imdb.com/title/tt0036208/
tt0036210	https://www.imdb.com/title/tt0036210/
tt0036211	https://www.imdb.com/title/tt0036211/
tt0036213	https://www.imdb.com/title/tt0036213/
tt0036215	https://www.imdb.com/title/tt0036215/
tt0036216	https://www.imdb.com/title/tt0036216/
tt0036217	https://www.imdb.com/title/tt0036217/
tt0036218	https://www.imdb.com/title/tt0036218/
tt0036219	https://www.imdb.com/title/tt0036219/
tt0036220	https://www.imdb.com/title/tt0036220/
tt0036221	https://www.imdb.com/title/tt0036221/
tt0036222	https://www.imdb.com/title/tt0036222/
tt0036223	https://www.imdb.com/title/tt0036223/
tt0036225	https://www.imdb.com/title/tt0036225/
tt0036226	https://www.imdb.com/title/tt0036226/
tt0036227	https://www.imdb.com/title/tt0036227/
tt0036228	https://www.imdb.com/title/tt0036228/
tt0036230	https://www.imdb.com/title/tt0036230/
tt0036233	https://www.imdb.com/title/tt0036233/
tt0036234	https://www.imdb.com/title/tt0036234/
tt0036235	https://www.imdb.com/title/tt0036235/
tt0036236	https://www.imdb.com/title/tt0036236/
tt0036239	https://www.imdb.com/title/tt0036239/
tt0036240	https://www.imdb.com/title/tt0036240/
tt0036241	https://www.imdb.com/title/tt0036241/
tt0036242	https://www.imdb.com/title/tt0036242/
tt0036243	https://www.imdb.com/title/tt0036243/
tt0036246	https://www.imdb.com/title/tt0036246/
tt0036249	https://www.imdb.com/title/tt0036249/
tt0036251	https://www.imdb.com/title/tt0036251/
tt0036253	https://www.imdb.com/title/tt0036253/
tt0036254	https://www.imdb.com/title/tt0036254/
tt0036258	https://www.imdb.com/title/tt0036258/
tt0036259	https://www.imdb.com/title/tt0036259/
tt0036261	https://www.imdb.com/title/tt0036261/
tt0036262	https://www.imdb.com/title/tt0036262/
tt0036265	https://www.imdb.com/title/tt0036265/
tt0036266	https://www.imdb.com/title/tt0036266/
tt0036272	https://www.imdb.com/title/tt0036272/
tt0036274	https://www.imdb.com/title/tt0036274/
tt0036275	https://www.imdb.com/title/tt0036275/
tt0036277	https://www.imdb.com/title/tt0036277/
tt0036280	https://www.imdb.com/title/tt0036280/
tt0036281	https://www.imdb.com/title/tt0036281/
tt0036283	https://www.imdb.com/title/tt0036283/
tt0036285	https://www.imdb.com/title/tt0036285/
tt0036288	https://www.imdb.com/title/tt0036288/
tt0036289	https://www.imdb.com/title/tt0036289/
tt0036290	https://www.imdb.com/title/tt0036290/
tt0036291	https://www.imdb.com/title/tt0036291/
tt0036297	https://www.imdb.com/title/tt0036297/
tt0036298	https://www.imdb.com/title/tt0036298/
tt0036299	https://www.imdb.com/title/tt0036299/
tt0036300	https://www.imdb.com/title/tt0036300/
tt0036301	https://www.imdb.com/title/tt0036301/
tt0036303	https://www.imdb.com/title/tt0036303/
tt0036305	https://www.imdb.com/title/tt0036305/
tt0036306	https://www.imdb.com/title/tt0036306/
tt0036307	https://www.imdb.com/title/tt0036307/
tt0036310	https://www.imdb.com/title/tt0036310/
tt0036311	https://www.imdb.com/title/tt0036311/
tt0036312	https://www.imdb.com/title/tt0036312/
tt0036313	https://www.imdb.com/title/tt0036313/
tt0036314	https://www.imdb.com/title/tt0036314/
tt0036315	https://www.imdb.com/title/tt0036315/
tt0036316	https://www.imdb.com/title/tt0036316/
tt0036317	https://www.imdb.com/title/tt0036317/
tt0036318	https://www.imdb.com/title/tt0036318/
tt0036319	https://www.imdb.com/title/tt0036319/
tt0036320	https://www.imdb.com/title/tt0036320/
tt0036322	https://www.imdb.com/title/tt0036322/
tt0036323	https://www.imdb.com/title/tt0036323/
tt0036325	https://www.imdb.com/title/tt0036325/
tt0036327	https://www.imdb.com/title/tt0036327/
tt0036328	https://www.imdb.com/title/tt0036328/
tt0036329	https://www.imdb.com/title/tt0036329/
tt0036330	https://www.imdb.com/title/tt0036330/
tt0036331	https://www.imdb.com/title/tt0036331/
tt0036332	https://www.imdb.com/title/tt0036332/
tt0036333	https://www.imdb.com/title/tt0036333/
tt0036335	https://www.imdb.com/title/tt0036335/
tt0036337	https://www.imdb.com/title/tt0036337/
tt0036339	https://www.imdb.com/title/tt0036339/
tt0036341	https://www.imdb.com/title/tt0036341/
tt0036342	https://www.imdb.com/title/tt0036342/
tt0036344	https://www.imdb.com/title/tt0036344/
tt0036346	https://www.imdb.com/title/tt0036346/
tt0036347	https://www.imdb.com/title/tt0036347/
tt0036348	https://www.imdb.com/title/tt0036348/
tt0036349	https://www.imdb.com/title/tt0036349/
tt0036350	https://www.imdb.com/title/tt0036350/
tt0036352	https://www.imdb.com/title/tt0036352/
tt0036354	https://www.imdb.com/title/tt0036354/
tt0036355	https://www.imdb.com/title/tt0036355/
tt0036356	https://www.imdb.com/title/tt0036356/
tt0036357	https://www.imdb.com/title/tt0036357/
tt0036360	https://www.imdb.com/title/tt0036360/
tt0036361	https://www.imdb.com/title/tt0036361/
tt0036363	https://www.imdb.com/title/tt0036363/
tt0036364	https://www.imdb.com/title/tt0036364/
tt0036365	https://www.imdb.com/title/tt0036365/
tt0036366	https://www.imdb.com/title/tt0036366/
tt0036367	https://www.imdb.com/title/tt0036367/
tt0036368	https://www.imdb.com/title/tt0036368/
tt0036369	https://www.imdb.com/title/tt0036369/
tt0036370	https://www.imdb.com/title/tt0036370/
tt0036371	https://www.imdb.com/title/tt0036371/
tt0036372	https://www.imdb.com/title/tt0036372/
tt0036374	https://www.imdb.com/title/tt0036374/
tt0036375	https://www.imdb.com/title/tt0036375/
tt0036376	https://www.imdb.com/title/tt0036376/
tt0036377	https://www.imdb.com/title/tt0036377/
tt0036379	https://www.imdb.com/title/tt0036379/
tt0036380	https://www.imdb.com/title/tt0036380/
tt0036382	https://www.imdb.com/title/tt0036382/
tt0036383	https://www.imdb.com/title/tt0036383/
tt0036384	https://www.imdb.com/title/tt0036384/
tt0036385	https://www.imdb.com/title/tt0036385/
tt0036388	https://www.imdb.com/title/tt0036388/
tt0036389	https://www.imdb.com/title/tt0036389/
tt0036391	https://www.imdb.com/title/tt0036391/
tt0036392	https://www.imdb.com/title/tt0036392/
tt0036393	https://www.imdb.com/title/tt0036393/
tt0036394	https://www.imdb.com/title/tt0036394/
tt0036395	https://www.imdb.com/title/tt0036395/
tt0036397	https://www.imdb.com/title/tt0036397/
tt0036398	https://www.imdb.com/title/tt0036398/
tt0036400	https://www.imdb.com/title/tt0036400/
tt0036401	https://www.imdb.com/title/tt0036401/
tt0036404	https://www.imdb.com/title/tt0036404/
tt0036406	https://www.imdb.com/title/tt0036406/
tt0036407	https://www.imdb.com/title/tt0036407/
tt0036408	https://www.imdb.com/title/tt0036408/
tt0036409	https://www.imdb.com/title/tt0036409/
tt0036410	https://www.imdb.com/title/tt0036410/
tt0036411	https://www.imdb.com/title/tt0036411/
tt0036413	https://www.imdb.com/title/tt0036413/
tt0036414	https://www.imdb.com/title/tt0036414/
tt0036416	https://www.imdb.com/title/tt0036416/
tt0036417	https://www.imdb.com/title/tt0036417/
tt0036418	https://www.imdb.com/title/tt0036418/
tt0036420	https://www.imdb.com/title/tt0036420/
tt0036421	https://www.imdb.com/title/tt0036421/
tt0036422	https://www.imdb.com/title/tt0036422/
tt0036423	https://www.imdb.com/title/tt0036423/
tt0036424	https://www.imdb.com/title/tt0036424/
tt0036426	https://www.imdb.com/title/tt0036426/
tt0036427	https://www.imdb.com/title/tt0036427/
tt0036428	https://www.imdb.com/title/tt0036428/
tt0036430	https://www.imdb.com/title/tt0036430/
tt0036431	https://www.imdb.com/title/tt0036431/
tt0036432	https://www.imdb.com/title/tt0036432/
tt0036433	https://www.imdb.com/title/tt0036433/
tt0036436	https://www.imdb.com/title/tt0036436/
tt0036437	https://www.imdb.com/title/tt0036437/
tt0036438	https://www.imdb.com/title/tt0036438/
tt0036439	https://www.imdb.com/title/tt0036439/
tt0036443	https://www.imdb.com/title/tt0036443/
tt0036447	https://www.imdb.com/title/tt0036447/
tt0036449	https://www.imdb.com/title/tt0036449/
tt0036450	https://www.imdb.com/title/tt0036450/
tt0036451	https://www.imdb.com/title/tt0036451/
tt0036453	https://www.imdb.com/title/tt0036453/
tt0036458	https://www.imdb.com/title/tt0036458/
tt0036459	https://www.imdb.com/title/tt0036459/
tt0036460	https://www.imdb.com/title/tt0036460/
tt0036461	https://www.imdb.com/title/tt0036461/
tt0036462	https://www.imdb.com/title/tt0036462/
tt0036465	https://www.imdb.com/title/tt0036465/
tt0036466	https://www.imdb.com/title/tt0036466/
tt0036467	https://www.imdb.com/title/tt0036467/
tt0036468	https://www.imdb.com/title/tt0036468/
tt0036469	https://www.imdb.com/title/tt0036469/
tt0036470	https://www.imdb.com/title/tt0036470/
tt0036473	https://www.imdb.com/title/tt0036473/
tt0036474	https://www.imdb.com/title/tt0036474/
tt0036476	https://www.imdb.com/title/tt0036476/
tt0036477	https://www.imdb.com/title/tt0036477/
tt0036478	https://www.imdb.com/title/tt0036478/
tt0036480	https://www.imdb.com/title/tt0036480/
tt0036483	https://www.imdb.com/title/tt0036483/
tt0036484	https://www.imdb.com/title/tt0036484/
tt0036485	https://www.imdb.com/title/tt0036485/
tt0036486	https://www.imdb.com/title/tt0036486/
tt0036487	https://www.imdb.com/title/tt0036487/
tt0036490	https://www.imdb.com/title/tt0036490/
tt0036491	https://www.imdb.com/title/tt0036491/
tt0036492	https://www.imdb.com/title/tt0036492/
tt0036494	https://www.imdb.com/title/tt0036494/
tt0036495	https://www.imdb.com/title/tt0036495/
tt0036496	https://www.imdb.com/title/tt0036496/
tt0036497	https://www.imdb.com/title/tt0036497/
tt0036501	https://www.imdb.com/title/tt0036501/
tt0036502	https://www.imdb.com/title/tt0036502/
tt0036504	https://www.imdb.com/title/tt0036504/
tt0036505	https://www.imdb.com/title/tt0036505/
tt0036506	https://www.imdb.com/title/tt0036506/
tt0036507	https://www.imdb.com/title/tt0036507/
tt0036509	https://www.imdb.com/title/tt0036509/
tt0036511	https://www.imdb.com/title/tt0036511/
tt0036512	https://www.imdb.com/title/tt0036512/
tt0036515	https://www.imdb.com/title/tt0036515/
tt0036516	https://www.imdb.com/title/tt0036516/
tt0036518	https://www.imdb.com/title/tt0036518/
tt0036519	https://www.imdb.com/title/tt0036519/
tt0036520	https://www.imdb.com/title/tt0036520/
tt0036521	https://www.imdb.com/title/tt0036521/
tt0036522	https://www.imdb.com/title/tt0036522/
tt0036523	https://www.imdb.com/title/tt0036523/
tt0036526	https://www.imdb.com/title/tt0036526/
tt0036528	https://www.imdb.com/title/tt0036528/
tt0036530	https://www.imdb.com/title/tt0036530/
tt0036531	https://www.imdb.com/title/tt0036531/
tt0036533	https://www.imdb.com/title/tt0036533/
tt0036534	https://www.imdb.com/title/tt0036534/
tt0036536	https://www.imdb.com/title/tt0036536/
tt0036537	https://www.imdb.com/title/tt0036537/
tt0036538	https://www.imdb.com/title/tt0036538/
tt0036540	https://www.imdb.com/title/tt0036540/
tt0036541	https://www.imdb.com/title/tt0036541/
tt0036543	https://www.imdb.com/title/tt0036543/
tt0036545	https://www.imdb.com/title/tt0036545/
tt0036548	https://www.imdb.com/title/tt0036548/
tt0036549	https://www.imdb.com/title/tt0036549/
tt0036550	https://www.imdb.com/title/tt0036550/
tt0036551	https://www.imdb.com/title/tt0036551/
tt0036552	https://www.imdb.com/title/tt0036552/
tt0036553	https://www.imdb.com/title/tt0036553/
tt0036554	https://www.imdb.com/title/tt0036554/
tt0036557	https://www.imdb.com/title/tt0036557/
tt0036558	https://www.imdb.com/title/tt0036558/
tt0036559	https://www.imdb.com/title/tt0036559/
tt0036560	https://www.imdb.com/title/tt0036560/
tt0036561	https://www.imdb.com/title/tt0036561/
tt0036562	https://www.imdb.com/title/tt0036562/
tt0036564	https://www.imdb.com/title/tt0036564/
tt0036565	https://www.imdb.com/title/tt0036565/
tt0036566	https://www.imdb.com/title/tt0036566/
tt0036567	https://www.imdb.com/title/tt0036567/
tt0036568	https://www.imdb.com/title/tt0036568/
tt0036570	https://www.imdb.com/title/tt0036570/
tt0036583	https://www.imdb.com/title/tt0036583/
tt0036591	https://www.imdb.com/title/tt0036591/
tt0036629	https://www.imdb.com/title/tt0036629/
tt0036654	https://www.imdb.com/title/tt0036654/
tt0036664	https://www.imdb.com/title/tt0036664/
tt0036687	https://www.imdb.com/title/tt0036687/
tt0036693	https://www.imdb.com/title/tt0036693/
tt0036755	https://www.imdb.com/title/tt0036755/
tt0036782	https://www.imdb.com/title/tt0036782/
tt0036798	https://www.imdb.com/title/tt0036798/
tt0036822	https://www.imdb.com/title/tt0036822/
tt0036919	https://www.imdb.com/title/tt0036919/
tt0036969	https://www.imdb.com/title/tt0036969/
tt0037010	https://www.imdb.com/title/tt0037010/
tt0037015	https://www.imdb.com/title/tt0037015/
tt0037041	https://www.imdb.com/title/tt0037041/
tt0037077	https://www.imdb.com/title/tt0037077/
tt0037219	https://www.imdb.com/title/tt0037219/
tt0037224	https://www.imdb.com/title/tt0037224/
tt0037232	https://www.imdb.com/title/tt0037232/
tt0037250	https://www.imdb.com/title/tt0037250/
tt0037291	https://www.imdb.com/title/tt0037291/
tt0037299	https://www.imdb.com/title/tt0037299/
tt0037303	https://www.imdb.com/title/tt0037303/
tt0037324	https://www.imdb.com/title/tt0037324/
tt0037335	https://www.imdb.com/title/tt0037335/
tt0037337	https://www.imdb.com/title/tt0037337/
tt0037353	https://www.imdb.com/title/tt0037353/
tt0037356	https://www.imdb.com/title/tt0037356/
tt0037362	https://www.imdb.com/title/tt0037362/
tt0037374	https://www.imdb.com/title/tt0037374/
tt0037390	https://www.imdb.com/title/tt0037390/
tt0037410	https://www.imdb.com/title/tt0037410/
tt0037445	https://www.imdb.com/title/tt0037445/
tt0037470	https://www.imdb.com/title/tt0037470/
tt0039797	https://www.imdb.com/title/tt0039797/
tt0039900	https://www.imdb.com/title/tt0039900/
tt0121334	https://www.imdb.com/title/tt0121334/
tt0122392	https://www.imdb.com/title/tt0122392/
tt0122396	https://www.imdb.com/title/tt0122396/
tt0122464	https://www.imdb.com/title/tt0122464/
tt0123184	https://www.imdb.com/title/tt0123184/
tt0123289	https://www.imdb.com/title/tt0123289/
tt0123377	https://www.imdb.com/title/tt0123377/
tt0124021	https://www.imdb.com/title/tt0124021/
tt0124795	https://www.imdb.com/title/tt0124795/
tt0125074	https://www.imdb.com/title/tt0125074/
tt0125274	https://www.imdb.com/title/tt0125274/
tt0125457	https://www.imdb.com/title/tt0125457/
tt0125804	https://www.imdb.com/title/tt0125804/
tt0125820	https://www.imdb.com/title/tt0125820/
tt0125946	https://www.imdb.com/title/tt0125946/
tt0126088	https://www.imdb.com/title/tt0126088/
tt0126089	https://www.imdb.com/title/tt0126089/
tt0126134	https://www.imdb.com/title/tt0126134/
tt0126287	https://www.imdb.com/title/tt0126287/
tt0127611	https://www.imdb.com/title/tt0127611/
tt0127672	https://www.imdb.com/title/tt0127672/
tt0128287	https://www.imdb.com/title/tt0128287/
tt0129725	https://www.imdb.com/title/tt0129725/
tt0130722	https://www.imdb.com/title/tt0130722/
tt0130739	https://www.imdb.com/title/tt0130739/
tt0131451	https://www.imdb.com/title/tt0131451/
tt0132513	https://www.imdb.com/title/tt0132513/
tt0133633	https://www.imdb.com/title/tt0133633/
tt0134082	https://www.imdb.com/title/tt0134082/
tt0134309	https://www.imdb.com/title/tt0134309/
tt0134807	https://www.imdb.com/title/tt0134807/
tt0135055	https://www.imdb.com/title/tt0135055/
tt0135358	https://www.imdb.com/title/tt0135358/
tt0135539	https://www.imdb.com/title/tt0135539/
tt0137403	https://www.imdb.com/title/tt0137403/
tt0137908	https://www.imdb.com/title/tt0137908/
tt0137952	https://www.imdb.com/title/tt0137952/
tt0139539	https://www.imdb.com/title/tt0139539/
tt0139700	https://www.imdb.com/title/tt0139700/
tt0139913	https://www.imdb.com/title/tt0139913/
tt0140005	https://www.imdb.com/title/tt0140005/
tt0140389	https://www.imdb.com/title/tt0140389/
tt0140592	https://www.imdb.com/title/tt0140592/
tt0141729	https://www.imdb.com/title/tt0141729/
tt0142376	https://www.imdb.com/title/tt0142376/
tt0143170	https://www.imdb.com/title/tt0143170/
tt0143888	https://www.imdb.com/title/tt0143888/
tt0149569	https://www.imdb.com/title/tt0149569/
tt0149845	https://www.imdb.com/title/tt0149845/
tt0151117	https://www.imdb.com/title/tt0151117/
tt0151701	https://www.imdb.com/title/tt0151701/
tt0151711	https://www.imdb.com/title/tt0151711/
tt0152061	https://www.imdb.com/title/tt0152061/
tt0152267	https://www.imdb.com/title/tt0152267/
tt0154146	https://www.imdb.com/title/tt0154146/
tt0154174	https://www.imdb.com/title/tt0154174/
tt0154318	https://www.imdb.com/title/tt0154318/
tt0154400	https://www.imdb.com/title/tt0154400/
tt0154411	https://www.imdb.com/title/tt0154411/
tt0154523	https://www.imdb.com/title/tt0154523/
tt0154609	https://www.imdb.com/title/tt0154609/
tt0154747	https://www.imdb.com/title/tt0154747/
tt0154769	https://www.imdb.com/title/tt0154769/
tt0154818	https://www.imdb.com/title/tt0154818/
tt0155042	https://www.imdb.com/title/tt0155042/
tt0155280	https://www.imdb.com/title/tt0155280/
tt0155465	https://www.imdb.com/title/tt0155465/
tt0155518	https://www.imdb.com/title/tt0155518/
tt0155937	https://www.imdb.com/title/tt0155937/
tt0155972	https://www.imdb.com/title/tt0155972/
tt0156007	https://www.imdb.com/title/tt0156007/
tt0156363	https://www.imdb.com/title/tt0156363/
tt0156605	https://www.imdb.com/title/tt0156605/
tt0156692	https://www.imdb.com/title/tt0156692/
tt0156930	https://www.imdb.com/title/tt0156930/
tt0157036	https://www.imdb.com/title/tt0157036/
tt0157330	https://www.imdb.com/title/tt0157330/
tt0158320	https://www.imdb.com/title/tt0158320/
tt0158554	https://www.imdb.com/title/tt0158554/
tt0158711	https://www.imdb.com/title/tt0158711/
tt0159069	https://www.imdb.com/title/tt0159069/
tt0159075	https://www.imdb.com/title/tt0159075/
tt0159109	https://www.imdb.com/title/tt0159109/
tt0159844	https://www.imdb.com/title/tt0159844/
tt0160664	https://www.imdb.com/title/tt0160664/
tt0163897	https://www.imdb.com/title/tt0163897/
tt0164006	https://www.imdb.com/title/tt0164006/
tt0164056	https://www.imdb.com/title/tt0164056/
tt0165739	https://www.imdb.com/title/tt0165739/
tt0166259	https://www.imdb.com/title/tt0166259/
tt0166777	https://www.imdb.com/title/tt0166777/
tt0168486	https://www.imdb.com/title/tt0168486/
tt0168744	https://www.imdb.com/title/tt0168744/
tt0169409	https://www.imdb.com/title/tt0169409/
tt0169869	https://www.imdb.com/title/tt0169869/
tt0170150	https://www.imdb.com/title/tt0170150/
tt0170333	https://www.imdb.com/title/tt0170333/
tt0170657	https://www.imdb.com/title/tt0170657/
tt0170667	https://www.imdb.com/title/tt0170667/
tt0171140	https://www.imdb.com/title/tt0171140/
tt0171169	https://www.imdb.com/title/tt0171169/
tt0171360	https://www.imdb.com/title/tt0171360/
tt0171769	https://www.imdb.com/title/tt0171769/
tt0171866	https://www.imdb.com/title/tt0171866/
tt0171918	https://www.imdb.com/title/tt0171918/
tt0172512	https://www.imdb.com/title/tt0172512/
tt0173742	https://www.imdb.com/title/tt0173742/
tt0173769	https://www.imdb.com/title/tt0173769/
tt0174157	https://www.imdb.com/title/tt0174157/
tt0174269	https://www.imdb.com/title/tt0174269/
tt0175597	https://www.imdb.com/title/tt0175597/
tt0175606	https://www.imdb.com/title/tt0175606/
tt0175734	https://www.imdb.com/title/tt0175734/
tt0176182	https://www.imdb.com/title/tt0176182/
tt0177476	https://www.imdb.com/title/tt0177476/
tt0177770	https://www.imdb.com/title/tt0177770/
tt0178294	https://www.imdb.com/title/tt0178294/
tt0178299	https://www.imdb.com/title/tt0178299/
tt0178303	https://www.imdb.com/title/tt0178303/
tt0178320	https://www.imdb.com/title/tt0178320/
tt0178363	https://www.imdb.com/title/tt0178363/
tt0178399	https://www.imdb.com/title/tt0178399/
tt0178723	https://www.imdb.com/title/tt0178723/
tt0178764	https://www.imdb.com/title/tt0178764/
tt0178901	https://www.imdb.com/title/tt0178901/
tt0178919	https://www.imdb.com/title/tt0178919/
tt0178930	https://www.imdb.com/title/tt0178930/
tt0179085	https://www.imdb.com/title/tt0179085/
tt0179087	https://www.imdb.com/title/tt0179087/
tt0180013	https://www.imdb.com/title/tt0180013/
tt0180672	https://www.imdb.com/title/tt0180672/
tt0180900	https://www.imdb.com/title/tt0180900/
tt0180907	https://www.imdb.com/title/tt0180907/
tt0180974	https://www.imdb.com/title/tt0180974/
tt0181620	https://www.imdb.com/title/tt0181620/
tt0181789	https://www.imdb.com/title/tt0181789/
tt0181877	https://www.imdb.com/title/tt0181877/
tt0182326	https://www.imdb.com/title/tt0182326/
tt0182470	https://www.imdb.com/title/tt0182470/
tt0182766	https://www.imdb.com/title/tt0182766/
tt0182893	https://www.imdb.com/title/tt0182893/
tt0183399	https://www.imdb.com/title/tt0183399/
tt0183743	https://www.imdb.com/title/tt0183743/
tt0183866	https://www.imdb.com/title/tt0183866/
tt0184194	https://www.imdb.com/title/tt0184194/
tt0184401	https://www.imdb.com/title/tt0184401/
tt0184795	https://www.imdb.com/title/tt0184795/
tt0184797	https://www.imdb.com/title/tt0184797/
tt0184798	https://www.imdb.com/title/tt0184798/
tt0184875	https://www.imdb.com/title/tt0184875/
tt0184891	https://www.imdb.com/title/tt0184891/
tt0184892	https://www.imdb.com/title/tt0184892/
tt0184944	https://www.imdb.com/title/tt0184944/
tt0184945	https://www.imdb.com/title/tt0184945/
tt0184958	https://www.imdb.com/title/tt0184958/
tt0185003	https://www.imdb.com/title/tt0185003/
tt0185142	https://www.imdb.com/title/tt0185142/
tt0185201	https://www.imdb.com/title/tt0185201/
tt0185531	https://www.imdb.com/title/tt0185531/
tt0185740	https://www.imdb.com/title/tt0185740/
tt0186646	https://www.imdb.com/title/tt0186646/
tt0186934	https://www.imdb.com/title/tt0186934/
tt0189189	https://www.imdb.com/title/tt0189189/
tt0189236	https://www.imdb.com/title/tt0189236/
tt0189373	https://www.imdb.com/title/tt0189373/
tt0189529	https://www.imdb.com/title/tt0189529/
tt0190289	https://www.imdb.com/title/tt0190289/
tt0190959	https://www.imdb.com/title/tt0190959/
tt0191016	https://www.imdb.com/title/tt0191016/
tt0191052	https://www.imdb.com/title/tt0191052/
tt0191185	https://www.imdb.com/title/tt0191185/
tt0191254	https://www.imdb.com/title/tt0191254/
tt0191398	https://www.imdb.com/title/tt0191398/
tt0191574	https://www.imdb.com/title/tt0191574/
tt0191761	https://www.imdb.com/title/tt0191761/
tt0192037	https://www.imdb.com/title/tt0192037/
tt0192045	https://www.imdb.com/title/tt0192045/
tt0192119	https://www.imdb.com/title/tt0192119/
tt0192293	https://www.imdb.com/title/tt0192293/
tt0192399	https://www.imdb.com/title/tt0192399/
tt0192481	https://www.imdb.com/title/tt0192481/
tt0192748	https://www.imdb.com/title/tt0192748/
tt0193041	https://www.imdb.com/title/tt0193041/
tt0193940	https://www.imdb.com/title/tt0193940/
tt0194165	https://www.imdb.com/title/tt0194165/
tt0194405	https://www.imdb.com/title/tt0194405/
tt0194678	https://www.imdb.com/title/tt0194678/
tt0194888	https://www.imdb.com/title/tt0194888/
tt0194983	https://www.imdb.com/title/tt0194983/
tt0195038	https://www.imdb.com/title/tt0195038/
tt0195060	https://www.imdb.com/title/tt0195060/
tt0195074	https://www.imdb.com/title/tt0195074/
tt0195156	https://www.imdb.com/title/tt0195156/
tt0195236	https://www.imdb.com/title/tt0195236/
tt0196515	https://www.imdb.com/title/tt0196515/
tt0197335	https://www.imdb.com/title/tt0197335/
tt0197361	https://www.imdb.com/title/tt0197361/
tt0197446	https://www.imdb.com/title/tt0197446/
tt0197659	https://www.imdb.com/title/tt0197659/
tt0197663	https://www.imdb.com/title/tt0197663/
tt0198909	https://www.imdb.com/title/tt0198909/
tt0199393	https://www.imdb.com/title/tt0199393/
tt0199571	https://www.imdb.com/title/tt0199571/
tt0199895	https://www.imdb.com/title/tt0199895/
tt0200061	https://www.imdb.com/title/tt0200061/
tt0200137	https://www.imdb.com/title/tt0200137/
tt0200426	https://www.imdb.com/title/tt0200426/
tt0201273	https://www.imdb.com/title/tt0201273/
tt0202465	https://www.imdb.com/title/tt0202465/
tt0202564	https://www.imdb.com/title/tt0202564/
tt0203222	https://www.imdb.com/title/tt0203222/
tt0203572	https://www.imdb.com/title/tt0203572/
tt0204330	https://www.imdb.com/title/tt0204330/
tt0204760	https://www.imdb.com/title/tt0204760/
tt0204841	https://www.imdb.com/title/tt0204841/
tt0204925	https://www.imdb.com/title/tt0204925/
tt0205005	https://www.imdb.com/title/tt0205005/
tt0205171	https://www.imdb.com/title/tt0205171/
tt0206024	https://www.imdb.com/title/tt0206024/
tt0206234	https://www.imdb.com/title/tt0206234/
tt0206331	https://www.imdb.com/title/tt0206331/
tt0206390	https://www.imdb.com/title/tt0206390/
tt0207520	https://www.imdb.com/title/tt0207520/
tt0207811	https://www.imdb.com/title/tt0207811/
tt0208103	https://www.imdb.com/title/tt0208103/
tt0211066	https://www.imdb.com/title/tt0211066/
tt0212110	https://www.imdb.com/title/tt0212110/
tt0213164	https://www.imdb.com/title/tt0213164/
tt0213386	https://www.imdb.com/title/tt0213386/
tt0213484	https://www.imdb.com/title/tt0213484/
tt0213509	https://www.imdb.com/title/tt0213509/
tt0213511	https://www.imdb.com/title/tt0213511/
tt0213553	https://www.imdb.com/title/tt0213553/
tt0213670	https://www.imdb.com/title/tt0213670/
tt0214115	https://www.imdb.com/title/tt0214115/
tt0214188	https://www.imdb.com/title/tt0214188/
tt0214314	https://www.imdb.com/title/tt0214314/
tt0214612	https://www.imdb.com/title/tt0214612/
tt0214613	https://www.imdb.com/title/tt0214613/
tt0214809	https://www.imdb.com/title/tt0214809/
tt0215382	https://www.imdb.com/title/tt0215382/
tt0215733	https://www.imdb.com/title/tt0215733/
tt0215734	https://www.imdb.com/title/tt0215734/
tt0216182	https://www.imdb.com/title/tt0216182/
tt0216902	https://www.imdb.com/title/tt0216902/
tt0217046	https://www.imdb.com/title/tt0217046/
tt0217342	https://www.imdb.com/title/tt0217342/
tt0217407	https://www.imdb.com/title/tt0217407/
tt0217482	https://www.imdb.com/title/tt0217482/
tt0217547	https://www.imdb.com/title/tt0217547/
tt0217842	https://www.imdb.com/title/tt0217842/
tt0217896	https://www.imdb.com/title/tt0217896/
tt0218147	https://www.imdb.com/title/tt0218147/
tt0218419	https://www.imdb.com/title/tt0218419/
tt0218500	https://www.imdb.com/title/tt0218500/
tt0219591	https://www.imdb.com/title/tt0219591/
tt0220320	https://www.imdb.com/title/tt0220320/
tt0220485	https://www.imdb.com/title/tt0220485/
tt0220750	https://www.imdb.com/title/tt0220750/
tt0220853	https://www.imdb.com/title/tt0220853/
tt0221880	https://www.imdb.com/title/tt0221880/
tt0228042	https://www.imdb.com/title/tt0228042/
tt0229087	https://www.imdb.com/title/tt0229087/
tt0229629	https://www.imdb.com/title/tt0229629/
tt0230082	https://www.imdb.com/title/tt0230082/
tt0230204	https://www.imdb.com/title/tt0230204/
tt0231145	https://www.imdb.com/title/tt0231145/
tt0231217	https://www.imdb.com/title/tt0231217/
tt0231405	https://www.imdb.com/title/tt0231405/
tt0231805	https://www.imdb.com/title/tt0231805/
tt0232113	https://www.imdb.com/title/tt0232113/
tt0232144	https://www.imdb.com/title/tt0232144/
tt0232153	https://www.imdb.com/title/tt0232153/
tt0232155	https://www.imdb.com/title/tt0232155/
tt0232770	https://www.imdb.com/title/tt0232770/
tt0233314	https://www.imdb.com/title/tt0233314/
tt0233517	https://www.imdb.com/title/tt0233517/
tt0233665	https://www.imdb.com/title/tt0233665/
tt0234123	https://www.imdb.com/title/tt0234123/
tt0234253	https://www.imdb.com/title/tt0234253/
tt0234346	https://www.imdb.com/title/tt0234346/
tt0234500	https://www.imdb.com/title/tt0234500/
tt0234550	https://www.imdb.com/title/tt0234550/
tt0234575	https://www.imdb.com/title/tt0234575/
tt0234648	https://www.imdb.com/title/tt0234648/
tt0234675	https://www.imdb.com/title/tt0234675/
tt0235008	https://www.imdb.com/title/tt0235008/
tt0235161	https://www.imdb.com/title/tt0235161/
tt0235262	https://www.imdb.com/title/tt0235262/
tt0235331	https://www.imdb.com/title/tt0235331/
tt0235458	https://www.imdb.com/title/tt0235458/
tt0235498	https://www.imdb.com/title/tt0235498/
tt0235825	https://www.imdb.com/title/tt0235825/
tt0235831	https://www.imdb.com/title/tt0235831/
tt0236048	https://www.imdb.com/title/tt0236048/
tt0236231	https://www.imdb.com/title/tt0236231/
tt0236249	https://www.imdb.com/title/tt0236249/
tt0236508	https://www.imdb.com/title/tt0236508/
tt0237313	https://www.imdb.com/title/tt0237313/
tt0237355	https://www.imdb.com/title/tt0237355/
tt0239409	https://www.imdb.com/title/tt0239409/
tt0240026	https://www.imdb.com/title/tt0240026/
tt0240108	https://www.imdb.com/title/tt0240108/
tt0240185	https://www.imdb.com/title/tt0240185/
tt0240253	https://www.imdb.com/title/tt0240253/
tt0240463	https://www.imdb.com/title/tt0240463/
tt0240476	https://www.imdb.com/title/tt0240476/
tt0240519	https://www.imdb.com/title/tt0240519/
tt0240578	https://www.imdb.com/title/tt0240578/
tt0240676	https://www.imdb.com/title/tt0240676/
tt0240682	https://www.imdb.com/title/tt0240682/
tt0240712	https://www.imdb.com/title/tt0240712/
tt0240718	https://www.imdb.com/title/tt0240718/
tt0240749	https://www.imdb.com/title/tt0240749/
tt0240981	https://www.imdb.com/title/tt0240981/
tt0241017	https://www.imdb.com/title/tt0241017/
tt0241062	https://www.imdb.com/title/tt0241062/
tt0241463	https://www.imdb.com/title/tt0241463/
tt0242270	https://www.imdb.com/title/tt0242270/
tt0242654	https://www.imdb.com/title/tt0242654/
tt0243505	https://www.imdb.com/title/tt0243505/
tt0243537	https://www.imdb.com/title/tt0243537/
tt0244772	https://www.imdb.com/title/tt0244772/
tt0245362	https://www.imdb.com/title/tt0245362/
tt0246706	https://www.imdb.com/title/tt0246706/
tt0247567	https://www.imdb.com/title/tt0247567/
tt0247760	https://www.imdb.com/title/tt0247760/
tt0248624	https://www.imdb.com/title/tt0248624/
tt0248758	https://www.imdb.com/title/tt0248758/
tt0250238	https://www.imdb.com/title/tt0250238/
tt0251122	https://www.imdb.com/title/tt0251122/
tt0252256	https://www.imdb.com/title/tt0252256/
tt0255837	https://www.imdb.com/title/tt0255837/
tt0256655	https://www.imdb.com/title/tt0256655/
tt0257732	https://www.imdb.com/title/tt0257732/
tt0259174	https://www.imdb.com/title/tt0259174/
tt0259342	https://www.imdb.com/title/tt0259342/
tt0259486	https://www.imdb.com/title/tt0259486/
tt0263044	https://www.imdb.com/title/tt0263044/
tt0263457	https://www.imdb.com/title/tt0263457/
tt0263476	https://www.imdb.com/title/tt0263476/
tt0263969	https://www.imdb.com/title/tt0263969/
tt0264163	https://www.imdb.com/title/tt0264163/
tt0264418	https://www.imdb.com/title/tt0264418/
tt0264858	https://www.imdb.com/title/tt0264858/
tt0265460	https://www.imdb.com/title/tt0265460/
tt0267310	https://www.imdb.com/title/tt0267310/
tt0268043	https://www.imdb.com/title/tt0268043/
tt0268563	https://www.imdb.com/title/tt0268563/
tt0268907	https://www.imdb.com/title/tt0268907/
tt0270427	https://www.imdb.com/title/tt0270427/
tt0270543	https://www.imdb.com/title/tt0270543/
tt0270686	https://www.imdb.com/title/tt0270686/
tt0271083	https://www.imdb.com/title/tt0271083/
tt0271941	https://www.imdb.com/title/tt0271941/
tt0273504	https://www.imdb.com/title/tt0273504/
tt0273748	https://www.imdb.com/title/tt0273748/
tt0273801	https://www.imdb.com/title/tt0273801/
tt0274519	https://www.imdb.com/title/tt0274519/
tt0278023	https://www.imdb.com/title/tt0278023/
tt0281555	https://www.imdb.com/title/tt0281555/
tt0281661	https://www.imdb.com/title/tt0281661/
tt0281989	https://www.imdb.com/title/tt0281989/
tt0282024	https://www.imdb.com/title/tt0282024/
tt0282256	https://www.imdb.com/title/tt0282256/
tt0282412	https://www.imdb.com/title/tt0282412/
tt0284547	https://www.imdb.com/title/tt0284547/
tt0286109	https://www.imdb.com/title/tt0286109/
tt0288017	https://www.imdb.com/title/tt0288017/
tt0288526	https://www.imdb.com/title/tt0288526/
tt0288527	https://www.imdb.com/title/tt0288527/
tt0289542	https://www.imdb.com/title/tt0289542/
tt0293238	https://www.imdb.com/title/tt0293238/
tt0296691	https://www.imdb.com/title/tt0296691/
tt0297209	https://www.imdb.com/title/tt0297209/
tt0299231	https://www.imdb.com/title/tt0299231/
tt0300107	https://www.imdb.com/title/tt0300107/
tt0303905	https://www.imdb.com/title/tt0303905/
tt0305921	https://www.imdb.com/title/tt0305921/
tt0308926	https://www.imdb.com/title/tt0308926/
tt0312446	https://www.imdb.com/title/tt0312446/
tt0312516	https://www.imdb.com/title/tt0312516/
tt0312635	https://www.imdb.com/title/tt0312635/
tt0315233	https://www.imdb.com/title/tt0315233/
tt0316668	https://www.imdb.com/title/tt0316668/
tt0319146	https://www.imdb.com/title/tt0319146/
tt0326348	https://www.imdb.com/title/tt0326348/
tt0328496	https://www.imdb.com/title/tt0328496/
tt0331235	https://www.imdb.com/title/tt0331235/
tt0331297	https://www.imdb.com/title/tt0331297/
tt0332242	https://www.imdb.com/title/tt0332242/
tt0332268	https://www.imdb.com/title/tt0332268/
tt0345415	https://www.imdb.com/title/tt0345415/
tt0349998	https://www.imdb.com/title/tt0349998/
tt0351800	https://www.imdb.com/title/tt0351800/
tt0355221	https://www.imdb.com/title/tt0355221/
tt0360913	https://www.imdb.com/title/tt0360913/
tt0361110	https://www.imdb.com/title/tt0361110/
tt0364496	https://www.imdb.com/title/tt0364496/
tt0365486	https://www.imdb.com/title/tt0365486/
tt0368191	https://www.imdb.com/title/tt0368191/
tt0373388	https://www.imdb.com/title/tt0373388/
tt0374063	https://www.imdb.com/title/tt0374063/
tt0375601	https://www.imdb.com/title/tt0375601/
tt0376308	https://www.imdb.com/title/tt0376308/
tt0376740	https://www.imdb.com/title/tt0376740/
tt0376767	https://www.imdb.com/title/tt0376767/
tt0377497	https://www.imdb.com/title/tt0377497/
tt0378504	https://www.imdb.com/title/tt0378504/
tt0378518	https://www.imdb.com/title/tt0378518/
tt0378620	https://www.imdb.com/title/tt0378620/
tt0378980	https://www.imdb.com/title/tt0378980/
tt0379389	https://www.imdb.com/title/tt0379389/
tt0379852	https://www.imdb.com/title/tt0379852/
tt0381049	https://www.imdb.com/title/tt0381049/
tt0381316	https://www.imdb.com/title/tt0381316/
tt0381323	https://www.imdb.com/title/tt0381323/
tt0383319	https://www.imdb.com/title/tt0383319/
tt0384405	https://www.imdb.com/title/tt0384405/
tt0385512	https://www.imdb.com/title/tt0385512/
tt0385580	https://www.imdb.com/title/tt0385580/
tt0386894	https://www.imdb.com/title/tt0386894/
tt0390848	https://www.imdb.com/title/tt0390848/
tt0397481	https://www.imdb.com/title/tt0397481/
tt0398122	https://www.imdb.com/title/tt0398122/
tt0400137	https://www.imdb.com/title/tt0400137/
tt0409123	https://www.imdb.com/title/tt0409123/
tt0418298	https://www.imdb.com/title/tt0418298/
tt0418330	https://www.imdb.com/title/tt0418330/
tt0422505	https://www.imdb.com/title/tt0422505/
tt0425763	https://www.imdb.com/title/tt0425763/
tt0433037	https://www.imdb.com/title/tt0433037/
tt0436466	https://www.imdb.com/title/tt0436466/
tt0442573	https://www.imdb.com/title/tt0442573/
tt0445185	https://www.imdb.com/title/tt0445185/
tt0448745	https://www.imdb.com/title/tt0448745/
tt0451828	https://www.imdb.com/title/tt0451828/
tt0466866	https://www.imdb.com/title/tt0466866/
tt0482050	https://www.imdb.com/title/tt0482050/
tt0487730	https://www.imdb.com/title/tt0487730/
tt0789780	https://www.imdb.com/title/tt0789780/
tt0791197	https://www.imdb.com/title/tt0791197/
tt0829307	https://www.imdb.com/title/tt0829307/
tt0856237	https://www.imdb.com/title/tt0856237/
tt0862753	https://www.imdb.com/title/tt0862753/
tt0869981	https://www.imdb.com/title/tt0869981/
tt0926184	https://www.imdb.com/title/tt0926184/
tt0926186	https://www.imdb.com/title/tt0926186/
tt0950561	https://www.imdb.com/title/tt0950561/
tt0950608	https://www.imdb.com/title/tt0950608/
tt1000717	https://www.imdb.com/title/tt1000717/
tt1003215	https://www.imdb.com/title/tt1003215/
tt10133534	https://www.imdb.com/title/tt10133534/
tt10147696	https://www.imdb.com/title/tt10147696/
tt10147698	https://www.imdb.com/title/tt10147698/
tt1042357	https://www.imdb.com/title/tt1042357/
tt1045647	https://www.imdb.com/title/tt1045647/
tt10466448	https://www.imdb.com/title/tt10466448/
tt1062302	https://www.imdb.com/title/tt1062302/
tt1104767	https://www.imdb.com/title/tt1104767/
tt1177910	https://www.imdb.com/title/tt1177910/
tt11963782	https://www.imdb.com/title/tt11963782/
tt12216536	https://www.imdb.com/title/tt12216536/
tt12357180	https://www.imdb.com/title/tt12357180/
tt1244568	https://www.imdb.com/title/tt1244568/
tt1244593	https://www.imdb.com/title/tt1244593/
tt1321830	https://www.imdb.com/title/tt1321830/
tt1321833	https://www.imdb.com/title/tt1321833/
tt1346998	https://www.imdb.com/title/tt1346998/
tt13737592	https://www.imdb.com/title/tt13737592/
tt1411906	https://www.imdb.com/title/tt1411906/
tt1492874	https://www.imdb.com/title/tt1492874/
tt1767363	https://www.imdb.com/title/tt1767363/
tt1980031	https://www.imdb.com/title/tt1980031/
tt1981647	https://www.imdb.com/title/tt1981647/
tt21340530	https://www.imdb.com/title/tt21340530/
tt2308582	https://www.imdb.com/title/tt2308582/
tt24242642	https://www.imdb.com/title/tt24242642/
tt2457508	https://www.imdb.com/title/tt2457508/
tt2496106	https://www.imdb.com/title/tt2496106/
tt2711686	https://www.imdb.com/title/tt2711686/
tt28142400	https://www.imdb.com/title/tt28142400/
tt28433498	https://www.imdb.com/title/tt28433498/
tt28805148	https://www.imdb.com/title/tt28805148/
tt29898885	https://www.imdb.com/title/tt29898885/
tt30219965	https://www.imdb.com/title/tt30219965/
tt30395344	https://www.imdb.com/title/tt30395344/
tt30440545	https://www.imdb.com/title/tt30440545/
tt3063486	https://www.imdb.com/title/tt3063486/
tt3145700	https://www.imdb.com/title/tt3145700/
tt32244918	https://www.imdb.com/title/tt32244918/
tt32245034	https://www.imdb.com/title/tt32245034/
tt3560764	https://www.imdb.com/title/tt3560764/
tt3604712	https://www.imdb.com/title/tt3604712/
tt3605308	https://www.imdb.com/title/tt3605308/
tt3605398	https://www.imdb.com/title/tt3605398/
tt3655358	https://www.imdb.com/title/tt3655358/
tt3657976	https://www.imdb.com/title/tt3657976/
tt3850864	https://www.imdb.com/title/tt3850864/
tt3851058	https://www.imdb.com/title/tt3851058/
tt4449594	https://www.imdb.com/title/tt4449594/
tt4577886	https://www.imdb.com/title/tt4577886/
tt6043472	https://www.imdb.com/title/tt6043472/
tt6239226	https://www.imdb.com/title/tt6239226/
tt6319278	https://www.imdb.com/title/tt6319278/
tt6333216	https://www.imdb.com/title/tt6333216/
tt7332078	https://www.imdb.com/title/tt7332078/
tt7551684	https://www.imdb.com/title/tt7551684/
tt7551752	https://www.imdb.com/title/tt7551752/
tt8423280	https://www.imdb.com/title/tt8423280/
tt8496360	https://www.imdb.com/title/tt8496360/
tt8517432	https://www.imdb.com/title/tt8517432/
tt8588160	https://www.imdb.com/title/tt8588160/
tt9333066	https://www.imdb.com/title/tt9333066/
tt9476348	https://www.imdb.com/title/tt9476348/
tt9476360	https://www.imdb.com/title/tt9476360/
tt9476388	https://www.imdb.com/title/tt9476388/
tt9476406	https://www.imdb.com/title/tt9476406/
tt9693912	https://www.imdb.com/title/tt9693912/
tt9789396	https://www.imdb.com/title/tt9789396/
