tconst	imdb_url
tt0001175	https://www.imdb.com/title/tt0001175/
tt0001998	https://www.imdb.com/title/tt0001998/
tt0002001	https://www.imdb.com/title/tt0002001/
tt0002019	https://www.imdb.com/title/tt0002019/
tt0002022	https://www.imdb.com/title/tt0002022/
tt0002026	https://www.imdb.com/title/tt0002026/
tt0002031	https://www.imdb.com/title/tt0002031/
tt0002039	https://www.imdb.com/title/tt0002039/
tt0002044	https://www.imdb.com/title/tt0002044/
tt0002047	https://www.imdb.com/title/tt0002047/
tt0002088	https://www.imdb.com/title/tt0002088/
tt0002089	https://www.imdb.com/title/tt0002089/
tt0002094	https://www.imdb.com/title/tt0002094/
tt0002101	https://www.imdb.com/title/tt0002101/
tt0002102	https://www.imdb.com/title/tt0002102/
tt0002109	https://www.imdb.com/title/tt0002109/
tt0002112	https://www.imdb.com/title/tt0002112/
tt0002115	https://www.imdb.com/title/tt0002115/
tt0002119	https://www.imdb.com/title/tt0002119/
tt0002131	https://www.imdb.com/title/tt0002131/
tt0002140	https://www.imdb.com/title/tt0002140/
tt0002153	https://www.imdb.com/title/tt0002153/
tt0002156	https://www.imdb.com/title/tt0002156/
tt0002157	https://www.imdb.com/title/tt0002157/
tt0002161	https://www.imdb.com/title/tt0002161/
tt0002165	https://www.imdb.com/title/tt0002165/
tt0002186	https://www.imdb.com/title/tt0002186/
tt0002188	https://www.imdb.com/title/tt0002188/
tt0002199	https://www.imdb.com/title/tt0002199/
tt0002211	https://www.imdb.com/title/tt0002211/
tt0002220	https://www.imdb.com/title/tt0002220/
tt0002242	https://www.imdb.com/title/tt0002242/
tt0002262	https://www.imdb.com/title/tt0002262/
tt0002276	https://www.imdb.com/title/tt0002276/
tt0002286	https://www.imdb.com/title/tt0002286/
tt0002301	https://www.imdb.com/title/tt0002301/
tt0002305	https://www.imdb.com/title/tt0002305/
tt0002315	https://www.imdb.com/title/tt0002315/
tt0002328	https://www.imdb.com/title/tt0002328/
tt0002333	https://www.imdb.com/title/tt0002333/
tt0002335	https://www.imdb.com/title/tt0002335/
tt0002337	https://www.imdb.com/title/tt0002337/
tt0002345	https://www.imdb.com/title/tt0002345/
tt0002348	https://www.imdb.com/title/tt0002348/
tt0002361	https://www.imdb.com/title/tt0002361/
tt0002362	https://www.imdb.com/title/tt0002362/
tt0002375	https://www.imdb.com/title/tt0002375/
tt0002395	https://www.imdb.com/title/tt0002395/
tt0002405	https://www.imdb.com/title/tt0002405/
tt0002406	https://www.imdb.com/title/tt0002406/
tt0002410	https://www.imdb.com/title/tt0002410/
tt0002425	https://www.imdb.com/title/tt0002425/
tt0002431	https://www.imdb.com/title/tt0002431/
tt0002432	https://www.imdb.com/title/tt0002432/
tt0002438	https://www.imdb.com/title/tt0002438/
tt0002446	https://www.imdb.com/title/tt0002446/
tt0002452	https://www.imdb.com/title/tt0002452/
tt0002458	https://www.imdb.com/title/tt0002458/
tt0002461	https://www.imdb.com/title/tt0002461/
tt0002467	https://www.imdb.com/title/tt0002467/
tt0002479	https://www.imdb.com/title/tt0002479/
tt0002491	https://www.imdb.com/title/tt0002491/
tt0002500	https://www.imdb.com/title/tt0002500/
tt0002514	https://www.imdb.com/title/tt0002514/
tt0002517	https://www.imdb.com/title/tt0002517/
tt0002525	https://www.imdb.com/title/tt0002525/
tt0002556	https://www.imdb.com/title/tt0002556/
tt0002559	https://www.imdb.com/title/tt0002559/
tt0002572	https://www.imdb.com/title/tt0002572/
tt0002574	https://www.imdb.com/title/tt0002574/
tt0002588	https://www.imdb.com/title/tt0002588/
tt0002589	https://www.imdb.com/title/tt0002589/
tt0002590	https://www.imdb.com/title/tt0002590/
tt0126353	https://www.imdb.com/title/tt0126353/
tt0127004	https://www.imdb.com/title/tt0127004/
tt0127515	https://www.imdb.com/title/tt0127515/
tt0129057	https://www.imdb.com/title/tt0129057/
tt0129143	https://www.imdb.com/title/tt0129143/
tt0129799	https://www.imdb.com/title/tt0129799/
tt0130065	https://www.imdb.com/title/tt0130065/
tt0130844	https://www.imdb.com/title/tt0130844/
tt0132267	https://www.imdb.com/title/tt0132267/
tt0139189	https://www.imdb.com/title/tt0139189/
tt0141634	https://www.imdb.com/title/tt0141634/
tt0142288	https://www.imdb.com/title/tt0142288/
tt0156620	https://www.imdb.com/title/tt0156620/
tt0164148	https://www.imdb.com/title/tt0164148/
tt0164223	https://www.imdb.com/title/tt0164223/
tt0167877	https://www.imdb.com/title/tt0167877/
tt0169816	https://www.imdb.com/title/tt0169816/
tt0171280	https://www.imdb.com/title/tt0171280/
tt0176409	https://www.imdb.com/title/tt0176409/
tt0176498	https://www.imdb.com/title/tt0176498/
tt0176737	https://www.imdb.com/title/tt0176737/
tt0176834	https://www.imdb.com/title/tt0176834/
tt0177043	https://www.imdb.com/title/tt0177043/
tt0177149	https://www.imdb.com/title/tt0177149/
tt0177205	https://www.imdb.com/title/tt0177205/
tt0177295	https://www.imdb.com/title/tt0177295/
tt0177393	https://www.imdb.com/title/tt0177393/
tt0177771	https://www.imdb.com/title/tt0177771/
tt0178617	https://www.imdb.com/title/tt0178617/
tt0180068	https://www.imdb.com/title/tt0180068/
tt0180722	https://www.imdb.com/title/tt0180722/
tt0186361	https://www.imdb.com/title/tt0186361/
tt0186675	https://www.imdb.com/title/tt0186675/
tt0190999	https://www.imdb.com/title/tt0190999/
tt0191000	https://www.imdb.com/title/tt0191000/
tt0191561	https://www.imdb.com/title/tt0191561/
tt0192429	https://www.imdb.com/title/tt0192429/
tt0193375	https://www.imdb.com/title/tt0193375/
tt0196017	https://www.imdb.com/title/tt0196017/
tt0196172	https://www.imdb.com/title/tt0196172/
tt0196230	https://www.imdb.com/title/tt0196230/
tt0197302	https://www.imdb.com/title/tt0197302/
tt0197410	https://www.imdb.com/title/tt0197410/
tt0197545	https://www.imdb.com/title/tt0197545/
tt0197629	https://www.imdb.com/title/tt0197629/
tt0197631	https://www.imdb.com/title/tt0197631/
tt0197726	https://www.imdb.com/title/tt0197726/
tt0197761	https://www.imdb.com/title/tt0197761/
tt0198979	https://www.imdb.com/title/tt0198979/
tt0201403	https://www.imdb.com/title/tt0201403/
tt0201475	https://www.imdb.com/title/tt0201475/
tt0202566	https://www.imdb.com/title/tt0202566/
tt0206266	https://www.imdb.com/title/tt0206266/
tt0206379	https://www.imdb.com/title/tt0206379/
tt0208154	https://www.imdb.com/title/tt0208154/
tt0208319	https://www.imdb.com/title/tt0208319/
tt0208380	https://www.imdb.com/title/tt0208380/
tt0209245	https://www.imdb.com/title/tt0209245/
tt0212828	https://www.imdb.com/title/tt0212828/
tt0212979	https://www.imdb.com/title/tt0212979/
tt0213210	https://www.imdb.com/title/tt0213210/
tt0218226	https://www.imdb.com/title/tt0218226/
tt0221998	https://www.imdb.com/title/tt0221998/
tt0222316	https://www.imdb.com/title/tt0222316/
tt0231604	https://www.imdb.com/title/tt0231604/
tt0234450	https://www.imdb.com/title/tt0234450/
tt0234464	https://www.imdb.com/title/tt0234464/
tt0239546	https://www.imdb.com/title/tt0239546/
tt0241143	https://www.imdb.com/title/tt0241143/
tt0241785	https://www.imdb.com/title/tt0241785/
tt0243880	https://www.imdb.com/title/tt0243880/
tt0244031	https://www.imdb.com/title/tt0244031/
tt0244779	https://www.imdb.com/title/tt0244779/
tt0250381	https://www.imdb.com/title/tt0250381/
tt0251389	https://www.imdb.com/title/tt0251389/
tt0253282	https://www.imdb.com/title/tt0253282/
tt0255832	https://www.imdb.com/title/tt0255832/
tt0256077	https://www.imdb.com/title/tt0256077/
tt0259688	https://www.imdb.com/title/tt0259688/
tt0260018	https://www.imdb.com/title/tt0260018/
tt0260589	https://www.imdb.com/title/tt0260589/
tt0271006	https://www.imdb.com/title/tt0271006/
tt0271867	https://www.imdb.com/title/tt0271867/
tt0272477	https://www.imdb.com/title/tt0272477/
tt0272479	https://www.imdb.com/title/tt0272479/
tt0272699	https://www.imdb.com/title/tt0272699/
tt0272757	https://www.imdb.com/title/tt0272757/
tt0273264	https://www.imdb.com/title/tt0273264/
tt0299477	https://www.imdb.com/title/tt0299477/
tt0304546	https://www.imdb.com/title/tt0304546/
tt0311775	https://www.imdb.com/title/tt0311775/
tt0319904	https://www.imdb.com/title/tt0319904/
tt0321638	https://www.imdb.com/title/tt0321638/
tt0321933	https://www.imdb.com/title/tt0321933/
tt0324996	https://www.imdb.com/title/tt0324996/
tt0328609	https://www.imdb.com/title/tt0328609/
tt0331980	https://www.imdb.com/title/tt0331980/
tt0332568	https://www.imdb.com/title/tt0332568/
tt0332633	https://www.imdb.com/title/tt0332633/
tt0332730	https://www.imdb.com/title/tt0332730/
tt0332731	https://www.imdb.com/title/tt0332731/
tt0332818	https://www.imdb.com/title/tt0332818/
tt0334963	https://www.imdb.com/title/tt0334963/
tt0336302	https://www.imdb.com/title/tt0336302/
tt0336303	https://www.imdb.com/title/tt0336303/
tt0336426	https://www.imdb.com/title/tt0336426/
tt0336487	https://www.imdb.com/title/tt0336487/
tt0336943	https://www.imdb.com/title/tt0336943/
tt0337135	https://www.imdb.com/title/tt0337135/
tt0339218	https://www.imdb.com/title/tt0339218/
tt0342547	https://www.imdb.com/title/tt0342547/
tt0342837	https://www.imdb.com/title/tt0342837/
tt0343999	https://www.imdb.com/title/tt0343999/
tt0346791	https://www.imdb.com/title/tt0346791/
tt0346826	https://www.imdb.com/title/tt0346826/
tt0346931	https://www.imdb.com/title/tt0346931/
tt0347141	https://www.imdb.com/title/tt0347141/
tt0347595	https://www.imdb.com/title/tt0347595/
tt0348207	https://www.imdb.com/title/tt0348207/
tt0349241	https://www.imdb.com/title/tt0349241/
tt0350669	https://www.imdb.com/title/tt0350669/
tt0350678	https://www.imdb.com/title/tt0350678/
tt0351241	https://www.imdb.com/title/tt0351241/
tt0351784	https://www.imdb.com/title/tt0351784/
tt0351786	https://www.imdb.com/title/tt0351786/
tt0354220	https://www.imdb.com/title/tt0354220/
tt0368846	https://www.imdb.com/title/tt0368846/
tt0373992	https://www.imdb.com/title/tt0373992/
tt0391057	https://www.imdb.com/title/tt0391057/
tt0391169	https://www.imdb.com/title/tt0391169/
tt0391176	https://www.imdb.com/title/tt0391176/
tt0392381	https://www.imdb.com/title/tt0392381/
tt0393584	https://www.imdb.com/title/tt0393584/
tt0408137	https://www.imdb.com/title/tt0408137/
tt0423139	https://www.imdb.com/title/tt0423139/
tt0423243	https://www.imdb.com/title/tt0423243/
tt0423542	https://www.imdb.com/title/tt0423542/
tt0425618	https://www.imdb.com/title/tt0425618/
tt0437222	https://www.imdb.com/title/tt0437222/
tt0445504	https://www.imdb.com/title/tt0445504/
tt0446941	https://www.imdb.com/title/tt0446941/
tt0447006	https://www.imdb.com/title/tt0447006/
tt0447017	https://www.imdb.com/title/tt0447017/
tt0447211	https://www.imdb.com/title/tt0447211/
tt0447226	https://www.imdb.com/title/tt0447226/
tt0452549	https://www.imdb.com/title/tt0452549/
tt0459790	https://www.imdb.com/title/tt0459790/
tt0460781	https://www.imdb.com/title/tt0460781/
tt0460965	https://www.imdb.com/title/tt0460965/
tt0466434	https://www.imdb.com/title/tt0466434/
tt0471674	https://www.imdb.com/title/tt0471674/
tt0471778	https://www.imdb.com/title/tt0471778/
tt0474717	https://www.imdb.com/title/tt0474717/
tt0479515	https://www.imdb.com/title/tt0479515/
tt0480221	https://www.imdb.com/title/tt0480221/
tt0485119	https://www.imdb.com/title/tt0485119/
tt0490000	https://www.imdb.com/title/tt0490000/
tt0494741	https://www.imdb.com/title/tt0494741/
tt0494893	https://www.imdb.com/title/tt0494893/
tt0783757	https://www.imdb.com/title/tt0783757/
tt0822030	https://www.imdb.com/title/tt0822030/
tt0828067	https://www.imdb.com/title/tt0828067/
tt0870114	https://www.imdb.com/title/tt0870114/
tt0922934	https://www.imdb.com/title/tt0922934/
tt0922935	https://www.imdb.com/title/tt0922935/
tt0922946	https://www.imdb.com/title/tt0922946/
tt0922961	https://www.imdb.com/title/tt0922961/
tt0922966	https://www.imdb.com/title/tt0922966/
tt0924240	https://www.imdb.com/title/tt0924240/
tt0933047	https://www.imdb.com/title/tt0933047/
tt0938844	https://www.imdb.com/title/tt0938844/
tt0943322	https://www.imdb.com/title/tt0943322/
tt0959453	https://www.imdb.com/title/tt0959453/
tt0967520	https://www.imdb.com/title/tt0967520/
tt0981119	https://www.imdb.com/title/tt0981119/
tt1032907	https://www.imdb.com/title/tt1032907/
tt1032920	https://www.imdb.com/title/tt1032920/
tt1059311	https://www.imdb.com/title/tt1059311/
tt1064753	https://www.imdb.com/title/tt1064753/
tt1070765	https://www.imdb.com/title/tt1070765/
tt1070823	https://www.imdb.com/title/tt1070823/
tt1074489	https://www.imdb.com/title/tt1074489/
tt1074533	https://www.imdb.com/title/tt1074533/
tt1080929	https://www.imdb.com/title/tt1080929/
tt1081010	https://www.imdb.com/title/tt1081010/
tt1086853	https://www.imdb.com/title/tt1086853/
tt1111278	https://www.imdb.com/title/tt1111278/
tt1180852	https://www.imdb.com/title/tt1180852/
tt1180853	https://www.imdb.com/title/tt1180853/
tt1225840	https://www.imdb.com/title/tt1225840/
tt1227902	https://www.imdb.com/title/tt1227902/
tt1228668	https://www.imdb.com/title/tt1228668/
tt1228678	https://www.imdb.com/title/tt1228678/
tt1254230	https://www.imdb.com/title/tt1254230/
tt1275632	https://www.imdb.com/title/tt1275632/
tt1282465	https://www.imdb.com/title/tt1282465/
tt13091100	https://www.imdb.com/title/tt13091100/
tt1380086	https://www.imdb.com/title/tt1380086/
tt1398936	https://www.imdb.com/title/tt1398936/
tt14069880	https://www.imdb.com/title/tt14069880/
tt1411852	https://www.imdb.com/title/tt1411852/
tt1452546	https://www.imdb.com/title/tt1452546/
tt14845684	https://www.imdb.com/title/tt14845684/
tt1537786	https://www.imdb.com/title/tt1537786/
tt1620723	https://www.imdb.com/title/tt1620723/
tt1709699	https://www.imdb.com/title/tt1709699/
tt1813256	https://www.imdb.com/title/tt1813256/
tt1829708	https://www.imdb.com/title/tt1829708/
tt1970047	https://www.imdb.com/title/tt1970047/
tt1980182	https://www.imdb.com/title/tt1980182/
tt2127370	https://www.imdb.com/title/tt2127370/
tt2215453	https://www.imdb.com/title/tt2215453/
tt2220094	https://www.imdb.com/title/tt2220094/
tt22469074	https://www.imdb.com/title/tt22469074/
tt2304888	https://www.imdb.com/title/tt2304888/
tt2350508	https://www.imdb.com/title/tt2350508/
tt2356276	https://www.imdb.com/title/tt2356276/
tt2367324	https://www.imdb.com/title/tt2367324/
tt2373670	https://www.imdb.com/title/tt2373670/
tt2392206	https://www.imdb.com/title/tt2392206/
tt2398688	https://www.imdb.com/title/tt2398688/
tt2414410	https://www.imdb.com/title/tt2414410/
tt2421290	https://www.imdb.com/title/tt2421290/
tt2421298	https://www.imdb.com/title/tt2421298/
tt2436150	https://www.imdb.com/title/tt2436150/
tt2436368	https://www.imdb.com/title/tt2436368/
tt2436410	https://www.imdb.com/title/tt2436410/
tt2436426	https://www.imdb.com/title/tt2436426/
tt2436498	https://www.imdb.com/title/tt2436498/
tt2436544	https://www.imdb.com/title/tt2436544/
tt2467734	https://www.imdb.com/title/tt2467734/
tt2558238	https://www.imdb.com/title/tt2558238/
tt2838842	https://www.imdb.com/title/tt2838842/
tt3387600	https://www.imdb.com/title/tt3387600/
tt3774876	https://www.imdb.com/title/tt3774876/
tt3774888	https://www.imdb.com/title/tt3774888/
tt4150500	https://www.imdb.com/title/tt4150500/
tt4184358	https://www.imdb.com/title/tt4184358/
tt4970050	https://www.imdb.com/title/tt4970050/
tt4970062	https://www.imdb.com/title/tt4970062/
tt4970086	https://www.imdb.com/title/tt4970086/
tt5579378	https://www.imdb.com/title/tt5579378/
tt6350952	https://www.imdb.com/title/tt6350952/
tt6638230	https://www.imdb.com/title/tt6638230/
tt7783468	https://www.imdb.com/title/tt7783468/
tt7877844	https://www.imdb.com/title/tt7877844/
tt8224604	https://www.imdb.com/title/tt8224604/
tt9006288	https://www.imdb.com/title/tt9006288/
tt9202340	https://www.imdb.com/title/tt9202340/
