tconst	imdb_url
tt10954228	https://www.imdb.com/title/tt10954228/
tt19850008	https://www.imdb.com/title/tt19850008/
tt21361444	https://www.imdb.com/title/tt21361444/
tt26443601	https://www.imdb.com/title/tt26443601/
tt26443606	https://www.imdb.com/title/tt26443606/
tt26443610	https://www.imdb.com/title/tt26443610/
tt26443615	https://www.imdb.com/title/tt26443615/
tt26443617	https://www.imdb.com/title/tt26443617/
tt26443622	https://www.imdb.com/title/tt26443622/
tt26443623	https://www.imdb.com/title/tt26443623/
tt26443626	https://www.imdb.com/title/tt26443626/
tt26680923	https://www.imdb.com/title/tt26680923/
tt28018076	https://www.imdb.com/title/tt28018076/
tt32174149	https://www.imdb.com/title/tt32174149/
tt32561550	https://www.imdb.com/title/tt32561550/
tt32612917	https://www.imdb.com/title/tt32612917/
tt7008874	https://www.imdb.com/title/tt7008874/
