tconst	imdb_url
tt0001240	https://www.imdb.com/title/tt0001240/
tt0001475	https://www.imdb.com/title/tt0001475/
tt0001495	https://www.imdb.com/title/tt0001495/
tt0001498	https://www.imdb.com/title/tt0001498/
tt0001515	https://www.imdb.com/title/tt0001515/
tt0001530	https://www.imdb.com/title/tt0001530/
tt0001531	https://www.imdb.com/title/tt0001531/
tt0001555	https://www.imdb.com/title/tt0001555/
tt0001586	https://www.imdb.com/title/tt0001586/
tt0001592	https://www.imdb.com/title/tt0001592/
tt0001602	https://www.imdb.com/title/tt0001602/
tt0001603	https://www.imdb.com/title/tt0001603/
tt0001604	https://www.imdb.com/title/tt0001604/
tt0001614	https://www.imdb.com/title/tt0001614/
tt0001628	https://www.imdb.com/title/tt0001628/
tt0001630	https://www.imdb.com/title/tt0001630/
tt0001648	https://www.imdb.com/title/tt0001648/
tt0001706	https://www.imdb.com/title/tt0001706/
tt0001712	https://www.imdb.com/title/tt0001712/
tt0001716	https://www.imdb.com/title/tt0001716/
tt0001731	https://www.imdb.com/title/tt0001731/
tt0001756	https://www.imdb.com/title/tt0001756/
tt0001764	https://www.imdb.com/title/tt0001764/
tt0001778	https://www.imdb.com/title/tt0001778/
tt0001785	https://www.imdb.com/title/tt0001785/
tt0001803	https://www.imdb.com/title/tt0001803/
tt0001812	https://www.imdb.com/title/tt0001812/
tt0001889	https://www.imdb.com/title/tt0001889/
tt0001892	https://www.imdb.com/title/tt0001892/
tt0001895	https://www.imdb.com/title/tt0001895/
tt0001911	https://www.imdb.com/title/tt0001911/
tt0001920	https://www.imdb.com/title/tt0001920/
tt0001964	https://www.imdb.com/title/tt0001964/
tt0001965	https://www.imdb.com/title/tt0001965/
tt0001992	https://www.imdb.com/title/tt0001992/
tt0001993	https://www.imdb.com/title/tt0001993/
tt0002130	https://www.imdb.com/title/tt0002130/
tt0125423	https://www.imdb.com/title/tt0125423/
tt0126925	https://www.imdb.com/title/tt0126925/
tt0127054	https://www.imdb.com/title/tt0127054/
tt0127429	https://www.imdb.com/title/tt0127429/
tt0128954	https://www.imdb.com/title/tt0128954/
tt0129322	https://www.imdb.com/title/tt0129322/
tt0131434	https://www.imdb.com/title/tt0131434/
tt0149922	https://www.imdb.com/title/tt0149922/
tt0158486	https://www.imdb.com/title/tt0158486/
tt0172597	https://www.imdb.com/title/tt0172597/
tt0177690	https://www.imdb.com/title/tt0177690/
tt0184700	https://www.imdb.com/title/tt0184700/
tt0191226	https://www.imdb.com/title/tt0191226/
tt0191323	https://www.imdb.com/title/tt0191323/
tt0194248	https://www.imdb.com/title/tt0194248/
tt0195160	https://www.imdb.com/title/tt0195160/
tt0197710	https://www.imdb.com/title/tt0197710/
tt0202400	https://www.imdb.com/title/tt0202400/
tt0210518	https://www.imdb.com/title/tt0210518/
tt0210954	https://www.imdb.com/title/tt0210954/
tt0214226	https://www.imdb.com/title/tt0214226/
tt0214527	https://www.imdb.com/title/tt0214527/
tt0220326	https://www.imdb.com/title/tt0220326/
tt0220468	https://www.imdb.com/title/tt0220468/
tt0229216	https://www.imdb.com/title/tt0229216/
tt0235464	https://www.imdb.com/title/tt0235464/
tt0235803	https://www.imdb.com/title/tt0235803/
tt0238486	https://www.imdb.com/title/tt0238486/
tt0238544	https://www.imdb.com/title/tt0238544/
tt0248782	https://www.imdb.com/title/tt0248782/
tt0250382	https://www.imdb.com/title/tt0250382/
tt0255219	https://www.imdb.com/title/tt0255219/
tt0266688	https://www.imdb.com/title/tt0266688/
tt0272427	https://www.imdb.com/title/tt0272427/
tt0272439	https://www.imdb.com/title/tt0272439/
tt0272708	https://www.imdb.com/title/tt0272708/
tt0272710	https://www.imdb.com/title/tt0272710/
tt0272759	https://www.imdb.com/title/tt0272759/
tt0272805	https://www.imdb.com/title/tt0272805/
tt0272886	https://www.imdb.com/title/tt0272886/
tt0272919	https://www.imdb.com/title/tt0272919/
tt0273143	https://www.imdb.com/title/tt0273143/
tt0279071	https://www.imdb.com/title/tt0279071/
tt0291260	https://www.imdb.com/title/tt0291260/
tt0291425	https://www.imdb.com/title/tt0291425/
tt0293219	https://www.imdb.com/title/tt0293219/
tt0298278	https://www.imdb.com/title/tt0298278/
tt0299498	https://www.imdb.com/title/tt0299498/
tt0321557	https://www.imdb.com/title/tt0321557/
tt0322325	https://www.imdb.com/title/tt0322325/
tt0322792	https://www.imdb.com/title/tt0322792/
tt0323237	https://www.imdb.com/title/tt0323237/
tt0324055	https://www.imdb.com/title/tt0324055/
tt0324148	https://www.imdb.com/title/tt0324148/
tt0324243	https://www.imdb.com/title/tt0324243/
tt0329022	https://www.imdb.com/title/tt0329022/
tt0329583	https://www.imdb.com/title/tt0329583/
tt0329646	https://www.imdb.com/title/tt0329646/
tt0330195	https://www.imdb.com/title/tt0330195/
tt0331447	https://www.imdb.com/title/tt0331447/
tt0334938	https://www.imdb.com/title/tt0334938/
tt0335118	https://www.imdb.com/title/tt0335118/
tt0335296	https://www.imdb.com/title/tt0335296/
tt0336238	https://www.imdb.com/title/tt0336238/
tt0336722	https://www.imdb.com/title/tt0336722/
tt0336770	https://www.imdb.com/title/tt0336770/
tt0336776	https://www.imdb.com/title/tt0336776/
tt0336849	https://www.imdb.com/title/tt0336849/
tt0336959	https://www.imdb.com/title/tt0336959/
tt0337235	https://www.imdb.com/title/tt0337235/
tt0343378	https://www.imdb.com/title/tt0343378/
tt0343559	https://www.imdb.com/title/tt0343559/
tt0343833	https://www.imdb.com/title/tt0343833/
tt0344145	https://www.imdb.com/title/tt0344145/
tt0344544	https://www.imdb.com/title/tt0344544/
tt0346779	https://www.imdb.com/title/tt0346779/
tt0348206	https://www.imdb.com/title/tt0348206/
tt0350544	https://www.imdb.com/title/tt0350544/
tt0355432	https://www.imdb.com/title/tt0355432/
tt0356391	https://www.imdb.com/title/tt0356391/
tt0356534	https://www.imdb.com/title/tt0356534/
tt0356623	https://www.imdb.com/title/tt0356623/
tt0356637	https://www.imdb.com/title/tt0356637/
tt0356727	https://www.imdb.com/title/tt0356727/
tt0356971	https://www.imdb.com/title/tt0356971/
tt0357149	https://www.imdb.com/title/tt0357149/
tt0361094	https://www.imdb.com/title/tt0361094/
tt0392284	https://www.imdb.com/title/tt0392284/
tt0393872	https://www.imdb.com/title/tt0393872/
tt0461860	https://www.imdb.com/title/tt0461860/
tt0462387	https://www.imdb.com/title/tt0462387/
tt0471713	https://www.imdb.com/title/tt0471713/
tt0471720	https://www.imdb.com/title/tt0471720/
tt0471829	https://www.imdb.com/title/tt0471829/
tt0482229	https://www.imdb.com/title/tt0482229/
tt0482293	https://www.imdb.com/title/tt0482293/
tt0491904	https://www.imdb.com/title/tt0491904/
tt0492797	https://www.imdb.com/title/tt0492797/
tt0496858	https://www.imdb.com/title/tt0496858/
tt0904048	https://www.imdb.com/title/tt0904048/
tt0924295	https://www.imdb.com/title/tt0924295/
tt1080900	https://www.imdb.com/title/tt1080900/
tt1161794	https://www.imdb.com/title/tt1161794/
tt1254219	https://www.imdb.com/title/tt1254219/
tt1254324	https://www.imdb.com/title/tt1254324/
tt1258682	https://www.imdb.com/title/tt1258682/
tt1502779	https://www.imdb.com/title/tt1502779/
tt1709630	https://www.imdb.com/title/tt1709630/
tt2397548	https://www.imdb.com/title/tt2397548/
tt28981083	https://www.imdb.com/title/tt28981083/
tt3077858	https://www.imdb.com/title/tt3077858/
tt33008356	https://www.imdb.com/title/tt33008356/
tt3424794	https://www.imdb.com/title/tt3424794/
tt3424806	https://www.imdb.com/title/tt3424806/
tt4084278	https://www.imdb.com/title/tt4084278/
tt7397862	https://www.imdb.com/title/tt7397862/
tt7877702	https://www.imdb.com/title/tt7877702/
tt8088610	https://www.imdb.com/title/tt8088610/
tt8290714	https://www.imdb.com/title/tt8290714/
tt8642270	https://www.imdb.com/title/tt8642270/
tt8642272	https://www.imdb.com/title/tt8642272/
tt8839926	https://www.imdb.com/title/tt8839926/
tt8966082	https://www.imdb.com/title/tt8966082/
