tconst	imdb_url
tt0000838	https://www.imdb.com/title/tt0000838/
tt0000842	https://www.imdb.com/title/tt0000842/
tt0000846	https://www.imdb.com/title/tt0000846/
tt0000850	https://www.imdb.com/title/tt0000850/
tt0000859	https://www.imdb.com/title/tt0000859/
tt0000862	https://www.imdb.com/title/tt0000862/
tt0000867	https://www.imdb.com/title/tt0000867/
tt0000868	https://www.imdb.com/title/tt0000868/
tt0000869	https://www.imdb.com/title/tt0000869/
tt0000879	https://www.imdb.com/title/tt0000879/
tt0000941	https://www.imdb.com/title/tt0000941/
tt0000947	https://www.imdb.com/title/tt0000947/
tt0000959	https://www.imdb.com/title/tt0000959/
tt0000984	https://www.imdb.com/title/tt0000984/
tt0001007	https://www.imdb.com/title/tt0001007/
tt0001010	https://www.imdb.com/title/tt0001010/
tt0001028	https://www.imdb.com/title/tt0001028/
tt0001043	https://www.imdb.com/title/tt0001043/
tt0001049	https://www.imdb.com/title/tt0001049/
tt0001051	https://www.imdb.com/title/tt0001051/
tt0001059	https://www.imdb.com/title/tt0001059/
tt0001069	https://www.imdb.com/title/tt0001069/
tt0001080	https://www.imdb.com/title/tt0001080/
tt0001081	https://www.imdb.com/title/tt0001081/
tt0001082	https://www.imdb.com/title/tt0001082/
tt0001285	https://www.imdb.com/title/tt0001285/
tt0175889	https://www.imdb.com/title/tt0175889/
tt0186564	https://www.imdb.com/title/tt0186564/
tt0186678	https://www.imdb.com/title/tt0186678/
tt0189574	https://www.imdb.com/title/tt0189574/
tt0189984	https://www.imdb.com/title/tt0189984/
tt0197799	https://www.imdb.com/title/tt0197799/
tt0199344	https://www.imdb.com/title/tt0199344/
tt0199508	https://www.imdb.com/title/tt0199508/
tt0200225	https://www.imdb.com/title/tt0200225/
tt0211675	https://www.imdb.com/title/tt0211675/
tt0228412	https://www.imdb.com/title/tt0228412/
tt0241815	https://www.imdb.com/title/tt0241815/
tt0241913	https://www.imdb.com/title/tt0241913/
tt0242000	https://www.imdb.com/title/tt0242000/
tt0255693	https://www.imdb.com/title/tt0255693/
tt0256324	https://www.imdb.com/title/tt0256324/
tt0260118	https://www.imdb.com/title/tt0260118/
tt0264485	https://www.imdb.com/title/tt0264485/
tt0272623	https://www.imdb.com/title/tt0272623/
tt0272725	https://www.imdb.com/title/tt0272725/
tt0272879	https://www.imdb.com/title/tt0272879/
tt0272897	https://www.imdb.com/title/tt0272897/
tt0273111	https://www.imdb.com/title/tt0273111/
tt0273112	https://www.imdb.com/title/tt0273112/
tt0273134	https://www.imdb.com/title/tt0273134/
tt0273135	https://www.imdb.com/title/tt0273135/
tt0273277	https://www.imdb.com/title/tt0273277/
tt0276113	https://www.imdb.com/title/tt0276113/
tt0276143	https://www.imdb.com/title/tt0276143/
tt0276325	https://www.imdb.com/title/tt0276325/
tt0279023	https://www.imdb.com/title/tt0279023/
tt0324611	https://www.imdb.com/title/tt0324611/
tt0331315	https://www.imdb.com/title/tt0331315/
tt0332456	https://www.imdb.com/title/tt0332456/
tt0342375	https://www.imdb.com/title/tt0342375/
tt0382174	https://www.imdb.com/title/tt0382174/
tt0475064	https://www.imdb.com/title/tt0475064/
tt0492413	https://www.imdb.com/title/tt0492413/
tt0757200	https://www.imdb.com/title/tt0757200/
tt0757216	https://www.imdb.com/title/tt0757216/
tt0757218	https://www.imdb.com/title/tt0757218/
tt0757267	https://www.imdb.com/title/tt0757267/
tt0757275	https://www.imdb.com/title/tt0757275/
tt0757302	https://www.imdb.com/title/tt0757302/
tt0757355	https://www.imdb.com/title/tt0757355/
tt0757356	https://www.imdb.com/title/tt0757356/
tt0757368	https://www.imdb.com/title/tt0757368/
tt1071920	https://www.imdb.com/title/tt1071920/
tt11441032	https://www.imdb.com/title/tt11441032/
tt1258707	https://www.imdb.com/title/tt1258707/
tt1705881	https://www.imdb.com/title/tt1705881/
tt1836208	https://www.imdb.com/title/tt1836208/
tt1959323	https://www.imdb.com/title/tt1959323/
tt2215793	https://www.imdb.com/title/tt2215793/
tt2221717	https://www.imdb.com/title/tt2221717/
tt4073476	https://www.imdb.com/title/tt4073476/
tt4310922	https://www.imdb.com/title/tt4310922/
tt4730564	https://www.imdb.com/title/tt4730564/
