tconst	imdb_url
tt0018867	https://www.imdb.com/title/tt0018867/
tt0027318	https://www.imdb.com/title/tt0027318/
tt0028038	https://www.imdb.com/title/tt0028038/
tt0029105	https://www.imdb.com/title/tt0029105/
tt0031600	https://www.imdb.com/title/tt0031600/
tt0032224	https://www.imdb.com/title/tt0032224/
tt0032360	https://www.imdb.com/title/tt0032360/
tt0032478	https://www.imdb.com/title/tt0032478/
tt0032817	https://www.imdb.com/title/tt0032817/
tt0033053	https://www.imdb.com/title/tt0033053/
tt0033318	https://www.imdb.com/title/tt0033318/
tt0033344	https://www.imdb.com/title/tt0033344/
tt0033374	https://www.imdb.com/title/tt0033374/
tt0033379	https://www.imdb.com/title/tt0033379/
tt0033390	https://www.imdb.com/title/tt0033390/
tt0033398	https://www.imdb.com/title/tt0033398/
tt0033408	https://www.imdb.com/title/tt0033408/
tt0033411	https://www.imdb.com/title/tt0033411/
tt0033438	https://www.imdb.com/title/tt0033438/
tt0033443	https://www.imdb.com/title/tt0033443/
tt0033444	https://www.imdb.com/title/tt0033444/
tt0033449	https://www.imdb.com/title/tt0033449/
tt0033456	https://www.imdb.com/title/tt0033456/
tt0033475	https://www.imdb.com/title/tt0033475/
tt0033478	https://www.imdb.com/title/tt0033478/
tt0033482	https://www.imdb.com/title/tt0033482/
tt0033493	https://www.imdb.com/title/tt0033493/
tt0033501	https://www.imdb.com/title/tt0033501/
tt0033506	https://www.imdb.com/title/tt0033506/
tt0033517	https://www.imdb.com/title/tt0033517/
tt0033540	https://www.imdb.com/title/tt0033540/
tt0033543	https://www.imdb.com/title/tt0033543/
tt0033554	https://www.imdb.com/title/tt0033554/
tt0033556	https://www.imdb.com/title/tt0033556/
tt0033569	https://www.imdb.com/title/tt0033569/
tt0033588	https://www.imdb.com/title/tt0033588/
tt0033604	https://www.imdb.com/title/tt0033604/
tt0033621	https://www.imdb.com/title/tt0033621/
tt0033625	https://www.imdb.com/title/tt0033625/
tt0033630	https://www.imdb.com/title/tt0033630/
tt0033648	https://www.imdb.com/title/tt0033648/
tt0033658	https://www.imdb.com/title/tt0033658/
tt0033665	https://www.imdb.com/title/tt0033665/
tt0033681	https://www.imdb.com/title/tt0033681/
tt0033689	https://www.imdb.com/title/tt0033689/
tt0033692	https://www.imdb.com/title/tt0033692/
tt0033696	https://www.imdb.com/title/tt0033696/
tt0033762	https://www.imdb.com/title/tt0033762/
tt0033793	https://www.imdb.com/title/tt0033793/
tt0033801	https://www.imdb.com/title/tt0033801/
tt0033806	https://www.imdb.com/title/tt0033806/
tt0033810	https://www.imdb.com/title/tt0033810/
tt0033825	https://www.imdb.com/title/tt0033825/
tt0033856	https://www.imdb.com/title/tt0033856/
tt0033862	https://www.imdb.com/title/tt0033862/
tt0033863	https://www.imdb.com/title/tt0033863/
tt0033880	https://www.imdb.com/title/tt0033880/
tt0033885	https://www.imdb.com/title/tt0033885/
tt0033905	https://www.imdb.com/title/tt0033905/
tt0033926	https://www.imdb.com/title/tt0033926/
tt0033968	https://www.imdb.com/title/tt0033968/
tt0033983	https://www.imdb.com/title/tt0033983/
tt0033997	https://www.imdb.com/title/tt0033997/
tt0034005	https://www.imdb.com/title/tt0034005/
tt0034008	https://www.imdb.com/title/tt0034008/
tt0034026	https://www.imdb.com/title/tt0034026/
tt0034036	https://www.imdb.com/title/tt0034036/
tt0034066	https://www.imdb.com/title/tt0034066/
tt0034090	https://www.imdb.com/title/tt0034090/
tt0034109	https://www.imdb.com/title/tt0034109/
tt0034123	https://www.imdb.com/title/tt0034123/
tt0034131	https://www.imdb.com/title/tt0034131/
tt0034139	https://www.imdb.com/title/tt0034139/
tt0034163	https://www.imdb.com/title/tt0034163/
tt0034168	https://www.imdb.com/title/tt0034168/
tt0034169	https://www.imdb.com/title/tt0034169/
tt0034194	https://www.imdb.com/title/tt0034194/
tt0034261	https://www.imdb.com/title/tt0034261/
tt0034267	https://www.imdb.com/title/tt0034267/
tt0034278	https://www.imdb.com/title/tt0034278/
tt0034290	https://www.imdb.com/title/tt0034290/
tt0034308	https://www.imdb.com/title/tt0034308/
tt0034316	https://www.imdb.com/title/tt0034316/
tt0034332	https://www.imdb.com/title/tt0034332/
tt0034347	https://www.imdb.com/title/tt0034347/
tt0034349	https://www.imdb.com/title/tt0034349/
tt0034357	https://www.imdb.com/title/tt0034357/
tt0034362	https://www.imdb.com/title/tt0034362/
tt0034363	https://www.imdb.com/title/tt0034363/
tt0034366	https://www.imdb.com/title/tt0034366/
tt0034392	https://www.imdb.com/title/tt0034392/
tt0034420	https://www.imdb.com/title/tt0034420/
tt0034421	https://www.imdb.com/title/tt0034421/
tt0034422	https://www.imdb.com/title/tt0034422/
tt0034423	https://www.imdb.com/title/tt0034423/
tt0034424	https://www.imdb.com/title/tt0034424/
tt0034426	https://www.imdb.com/title/tt0034426/
tt0034428	https://www.imdb.com/title/tt0034428/
tt0034429	https://www.imdb.com/title/tt0034429/
tt0034431	https://www.imdb.com/title/tt0034431/
tt0034432	https://www.imdb.com/title/tt0034432/
tt0034433	https://www.imdb.com/title/tt0034433/
tt0034435	https://www.imdb.com/title/tt0034435/
tt0034436	https://www.imdb.com/title/tt0034436/
tt0034439	https://www.imdb.com/title/tt0034439/
tt0034441	https://www.imdb.com/title/tt0034441/
tt0034442	https://www.imdb.com/title/tt0034442/
tt0034443	https://www.imdb.com/title/tt0034443/
tt0034444	https://www.imdb.com/title/tt0034444/
tt0034445	https://www.imdb.com/title/tt0034445/
tt0034446	https://www.imdb.com/title/tt0034446/
tt0034447	https://www.imdb.com/title/tt0034447/
tt0034449	https://www.imdb.com/title/tt0034449/
tt0034451	https://www.imdb.com/title/tt0034451/
tt0034453	https://www.imdb.com/title/tt0034453/
tt0034454	https://www.imdb.com/title/tt0034454/
tt0034455	https://www.imdb.com/title/tt0034455/
tt0034457	https://www.imdb.com/title/tt0034457/
tt0034458	https://www.imdb.com/title/tt0034458/
tt0034460	https://www.imdb.com/title/tt0034460/
tt0034461	https://www.imdb.com/title/tt0034461/
tt0034462	https://www.imdb.com/title/tt0034462/
tt0034463	https://www.imdb.com/title/tt0034463/
tt0034465	https://www.imdb.com/title/tt0034465/
tt0034467	https://www.imdb.com/title/tt0034467/
tt0034468	https://www.imdb.com/title/tt0034468/
tt0034469	https://www.imdb.com/title/tt0034469/
tt0034470	https://www.imdb.com/title/tt0034470/
tt0034471	https://www.imdb.com/title/tt0034471/
tt0034473	https://www.imdb.com/title/tt0034473/
tt0034474	https://www.imdb.com/title/tt0034474/
tt0034476	https://www.imdb.com/title/tt0034476/
tt0034477	https://www.imdb.com/title/tt0034477/
tt0034478	https://www.imdb.com/title/tt0034478/
tt0034479	https://www.imdb.com/title/tt0034479/
tt0034480	https://www.imdb.com/title/tt0034480/
tt0034481	https://www.imdb.com/title/tt0034481/
tt0034483	https://www.imdb.com/title/tt0034483/
tt0034486	https://www.imdb.com/title/tt0034486/
tt0034488	https://www.imdb.com/title/tt0034488/
tt0034489	https://www.imdb.com/title/tt0034489/
tt0034490	https://www.imdb.com/title/tt0034490/
tt0034491	https://www.imdb.com/title/tt0034491/
tt0034492	https://www.imdb.com/title/tt0034492/
tt0034494	https://www.imdb.com/title/tt0034494/
tt0034500	https://www.imdb.com/title/tt0034500/
tt0034501	https://www.imdb.com/title/tt0034501/
tt0034503	https://www.imdb.com/title/tt0034503/
tt0034504	https://www.imdb.com/title/tt0034504/
tt0034505	https://www.imdb.com/title/tt0034505/
tt0034506	https://www.imdb.com/title/tt0034506/
tt0034507	https://www.imdb.com/title/tt0034507/
tt0034508	https://www.imdb.com/title/tt0034508/
tt0034509	https://www.imdb.com/title/tt0034509/
tt0034510	https://www.imdb.com/title/tt0034510/
tt0034512	https://www.imdb.com/title/tt0034512/
tt0034513	https://www.imdb.com/title/tt0034513/
tt0034514	https://www.imdb.com/title/tt0034514/
tt0034516	https://www.imdb.com/title/tt0034516/
tt0034517	https://www.imdb.com/title/tt0034517/
tt0034520	https://www.imdb.com/title/tt0034520/
tt0034521	https://www.imdb.com/title/tt0034521/
tt0034522	https://www.imdb.com/title/tt0034522/
tt0034523	https://www.imdb.com/title/tt0034523/
tt0034525	https://www.imdb.com/title/tt0034525/
tt0034526	https://www.imdb.com/title/tt0034526/
tt0034527	https://www.imdb.com/title/tt0034527/
tt0034530	https://www.imdb.com/title/tt0034530/
tt0034532	https://www.imdb.com/title/tt0034532/
tt0034533	https://www.imdb.com/title/tt0034533/
tt0034534	https://www.imdb.com/title/tt0034534/
tt0034535	https://www.imdb.com/title/tt0034535/
tt0034536	https://www.imdb.com/title/tt0034536/
tt0034538	https://www.imdb.com/title/tt0034538/
tt0034540	https://www.imdb.com/title/tt0034540/
tt0034541	https://www.imdb.com/title/tt0034541/
tt0034542	https://www.imdb.com/title/tt0034542/
tt0034543	https://www.imdb.com/title/tt0034543/
tt0034544	https://www.imdb.com/title/tt0034544/
tt0034545	https://www.imdb.com/title/tt0034545/
tt0034546	https://www.imdb.com/title/tt0034546/
tt0034548	https://www.imdb.com/title/tt0034548/
tt0034549	https://www.imdb.com/title/tt0034549/
tt0034550	https://www.imdb.com/title/tt0034550/
tt0034551	https://www.imdb.com/title/tt0034551/
tt0034552	https://www.imdb.com/title/tt0034552/
tt0034553	https://www.imdb.com/title/tt0034553/
tt0034555	https://www.imdb.com/title/tt0034555/
tt0034557	https://www.imdb.com/title/tt0034557/
tt0034558	https://www.imdb.com/title/tt0034558/
tt0034560	https://www.imdb.com/title/tt0034560/
tt0034564	https://www.imdb.com/title/tt0034564/
tt0034565	https://www.imdb.com/title/tt0034565/
tt0034567	https://www.imdb.com/title/tt0034567/
tt0034568	https://www.imdb.com/title/tt0034568/
tt0034570	https://www.imdb.com/title/tt0034570/
tt0034572	https://www.imdb.com/title/tt0034572/
tt0034577	https://www.imdb.com/title/tt0034577/
tt0034578	https://www.imdb.com/title/tt0034578/
tt0034579	https://www.imdb.com/title/tt0034579/
tt0034580	https://www.imdb.com/title/tt0034580/
tt0034583	https://www.imdb.com/title/tt0034583/
tt0034584	https://www.imdb.com/title/tt0034584/
tt0034586	https://www.imdb.com/title/tt0034586/
tt0034587	https://www.imdb.com/title/tt0034587/
tt0034588	https://www.imdb.com/title/tt0034588/
tt0034589	https://www.imdb.com/title/tt0034589/
tt0034591	https://www.imdb.com/title/tt0034591/
tt0034592	https://www.imdb.com/title/tt0034592/
tt0034593	https://www.imdb.com/title/tt0034593/
tt0034595	https://www.imdb.com/title/tt0034595/
tt0034596	https://www.imdb.com/title/tt0034596/
tt0034598	https://www.imdb.com/title/tt0034598/
tt0034602	https://www.imdb.com/title/tt0034602/
tt0034604	https://www.imdb.com/title/tt0034604/
tt0034607	https://www.imdb.com/title/tt0034607/
tt0034609	https://www.imdb.com/title/tt0034609/
tt0034612	https://www.imdb.com/title/tt0034612/
tt0034613	https://www.imdb.com/title/tt0034613/
tt0034614	https://www.imdb.com/title/tt0034614/
tt0034617	https://www.imdb.com/title/tt0034617/
tt0034618	https://www.imdb.com/title/tt0034618/
tt0034619	https://www.imdb.com/title/tt0034619/
tt0034621	https://www.imdb.com/title/tt0034621/
tt0034622	https://www.imdb.com/title/tt0034622/
tt0034627	https://www.imdb.com/title/tt0034627/
tt0034629	https://www.imdb.com/title/tt0034629/
tt0034633	https://www.imdb.com/title/tt0034633/
tt0034637	https://www.imdb.com/title/tt0034637/
tt0034638	https://www.imdb.com/title/tt0034638/
tt0034639	https://www.imdb.com/title/tt0034639/
tt0034640	https://www.imdb.com/title/tt0034640/
tt0034641	https://www.imdb.com/title/tt0034641/
tt0034643	https://www.imdb.com/title/tt0034643/
tt0034645	https://www.imdb.com/title/tt0034645/
tt0034646	https://www.imdb.com/title/tt0034646/
tt0034647	https://www.imdb.com/title/tt0034647/
tt0034649	https://www.imdb.com/title/tt0034649/
tt0034650	https://www.imdb.com/title/tt0034650/
tt0034652	https://www.imdb.com/title/tt0034652/
tt0034653	https://www.imdb.com/title/tt0034653/
tt0034659	https://www.imdb.com/title/tt0034659/
tt0034660	https://www.imdb.com/title/tt0034660/
tt0034663	https://www.imdb.com/title/tt0034663/
tt0034664	https://www.imdb.com/title/tt0034664/
tt0034671	https://www.imdb.com/title/tt0034671/
tt0034672	https://www.imdb.com/title/tt0034672/
tt0034674	https://www.imdb.com/title/tt0034674/
tt0034676	https://www.imdb.com/title/tt0034676/
tt0034677	https://www.imdb.com/title/tt0034677/
tt0034678	https://www.imdb.com/title/tt0034678/
tt0034679	https://www.imdb.com/title/tt0034679/
tt0034680	https://www.imdb.com/title/tt0034680/
tt0034681	https://www.imdb.com/title/tt0034681/
tt0034684	https://www.imdb.com/title/tt0034684/
tt0034687	https://www.imdb.com/title/tt0034687/
tt0034688	https://www.imdb.com/title/tt0034688/
tt0034689	https://www.imdb.com/title/tt0034689/
tt0034691	https://www.imdb.com/title/tt0034691/
tt0034695	https://www.imdb.com/title/tt0034695/
tt0034696	https://www.imdb.com/title/tt0034696/
tt0034697	https://www.imdb.com/title/tt0034697/
tt0034698	https://www.imdb.com/title/tt0034698/
tt0034701	https://www.imdb.com/title/tt0034701/
tt0034703	https://www.imdb.com/title/tt0034703/
tt0034704	https://www.imdb.com/title/tt0034704/
tt0034705	https://www.imdb.com/title/tt0034705/
tt0034706	https://www.imdb.com/title/tt0034706/
tt0034707	https://www.imdb.com/title/tt0034707/
tt0034711	https://www.imdb.com/title/tt0034711/
tt0034712	https://www.imdb.com/title/tt0034712/
tt0034716	https://www.imdb.com/title/tt0034716/
tt0034717	https://www.imdb.com/title/tt0034717/
tt0034718	https://www.imdb.com/title/tt0034718/
tt0034719	https://www.imdb.com/title/tt0034719/
tt0034720	https://www.imdb.com/title/tt0034720/
tt0034721	https://www.imdb.com/title/tt0034721/
tt0034722	https://www.imdb.com/title/tt0034722/
tt0034724	https://www.imdb.com/title/tt0034724/
tt0034725	https://www.imdb.com/title/tt0034725/
tt0034726	https://www.imdb.com/title/tt0034726/
tt0034732	https://www.imdb.com/title/tt0034732/
tt0034734	https://www.imdb.com/title/tt0034734/
tt0034736	https://www.imdb.com/title/tt0034736/
tt0034738	https://www.imdb.com/title/tt0034738/
tt0034739	https://www.imdb.com/title/tt0034739/
tt0034740	https://www.imdb.com/title/tt0034740/
tt0034741	https://www.imdb.com/title/tt0034741/
tt0034742	https://www.imdb.com/title/tt0034742/
tt0034743	https://www.imdb.com/title/tt0034743/
tt0034745	https://www.imdb.com/title/tt0034745/
tt0034746	https://www.imdb.com/title/tt0034746/
tt0034748	https://www.imdb.com/title/tt0034748/
tt0034749	https://www.imdb.com/title/tt0034749/
tt0034750	https://www.imdb.com/title/tt0034750/
tt0034751	https://www.imdb.com/title/tt0034751/
tt0034754	https://www.imdb.com/title/tt0034754/
tt0034755	https://www.imdb.com/title/tt0034755/
tt0034757	https://www.imdb.com/title/tt0034757/
tt0034758	https://www.imdb.com/title/tt0034758/
tt0034759	https://www.imdb.com/title/tt0034759/
tt0034760	https://www.imdb.com/title/tt0034760/
tt0034761	https://www.imdb.com/title/tt0034761/
tt0034763	https://www.imdb.com/title/tt0034763/
tt0034764	https://www.imdb.com/title/tt0034764/
tt0034765	https://www.imdb.com/title/tt0034765/
tt0034766	https://www.imdb.com/title/tt0034766/
tt0034767	https://www.imdb.com/title/tt0034767/
tt0034770	https://www.imdb.com/title/tt0034770/
tt0034772	https://www.imdb.com/title/tt0034772/
tt0034773	https://www.imdb.com/title/tt0034773/
tt0034774	https://www.imdb.com/title/tt0034774/
tt0034775	https://www.imdb.com/title/tt0034775/
tt0034777	https://www.imdb.com/title/tt0034777/
tt0034778	https://www.imdb.com/title/tt0034778/
tt0034779	https://www.imdb.com/title/tt0034779/
tt0034780	https://www.imdb.com/title/tt0034780/
tt0034781	https://www.imdb.com/title/tt0034781/
tt0034782	https://www.imdb.com/title/tt0034782/
tt0034783	https://www.imdb.com/title/tt0034783/
tt0034784	https://www.imdb.com/title/tt0034784/
tt0034785	https://www.imdb.com/title/tt0034785/
tt0034786	https://www.imdb.com/title/tt0034786/
tt0034789	https://www.imdb.com/title/tt0034789/
tt0034791	https://www.imdb.com/title/tt0034791/
tt0034792	https://www.imdb.com/title/tt0034792/
tt0034793	https://www.imdb.com/title/tt0034793/
tt0034794	https://www.imdb.com/title/tt0034794/
tt0034795	https://www.imdb.com/title/tt0034795/
tt0034796	https://www.imdb.com/title/tt0034796/
tt0034797	https://www.imdb.com/title/tt0034797/
tt0034798	https://www.imdb.com/title/tt0034798/
tt0034800	https://www.imdb.com/title/tt0034800/
tt0034801	https://www.imdb.com/title/tt0034801/
tt0034803	https://www.imdb.com/title/tt0034803/
tt0034805	https://www.imdb.com/title/tt0034805/
tt0034808	https://www.imdb.com/title/tt0034808/
tt0034810	https://www.imdb.com/title/tt0034810/
tt0034811	https://www.imdb.com/title/tt0034811/
tt0034813	https://www.imdb.com/title/tt0034813/
tt0034814	https://www.imdb.com/title/tt0034814/
tt0034815	https://www.imdb.com/title/tt0034815/
tt0034817	https://www.imdb.com/title/tt0034817/
tt0034819	https://www.imdb.com/title/tt0034819/
tt0034820	https://www.imdb.com/title/tt0034820/
tt0034821	https://www.imdb.com/title/tt0034821/
tt0034822	https://www.imdb.com/title/tt0034822/
tt0034823	https://www.imdb.com/title/tt0034823/
tt0034824	https://www.imdb.com/title/tt0034824/
tt0034825	https://www.imdb.com/title/tt0034825/
tt0034826	https://www.imdb.com/title/tt0034826/
tt0034827	https://www.imdb.com/title/tt0034827/
tt0034832	https://www.imdb.com/title/tt0034832/
tt0034833	https://www.imdb.com/title/tt0034833/
tt0034838	https://www.imdb.com/title/tt0034838/
tt0034839	https://www.imdb.com/title/tt0034839/
tt0034840	https://www.imdb.com/title/tt0034840/
tt0034842	https://www.imdb.com/title/tt0034842/
tt0034844	https://www.imdb.com/title/tt0034844/
tt0034846	https://www.imdb.com/title/tt0034846/
tt0034847	https://www.imdb.com/title/tt0034847/
tt0034848	https://www.imdb.com/title/tt0034848/
tt0034849	https://www.imdb.com/title/tt0034849/
tt0034850	https://www.imdb.com/title/tt0034850/
tt0034853	https://www.imdb.com/title/tt0034853/
tt0034854	https://www.imdb.com/title/tt0034854/
tt0034855	https://www.imdb.com/title/tt0034855/
tt0034857	https://www.imdb.com/title/tt0034857/
tt0034859	https://www.imdb.com/title/tt0034859/
tt0034860	https://www.imdb.com/title/tt0034860/
tt0034862	https://www.imdb.com/title/tt0034862/
tt0034864	https://www.imdb.com/title/tt0034864/
tt0034866	https://www.imdb.com/title/tt0034866/
tt0034869	https://www.imdb.com/title/tt0034869/
tt0034871	https://www.imdb.com/title/tt0034871/
tt0034872	https://www.imdb.com/title/tt0034872/
tt0034879	https://www.imdb.com/title/tt0034879/
tt0034880	https://www.imdb.com/title/tt0034880/
tt0034881	https://www.imdb.com/title/tt0034881/
tt0034882	https://www.imdb.com/title/tt0034882/
tt0034883	https://www.imdb.com/title/tt0034883/
tt0034884	https://www.imdb.com/title/tt0034884/
tt0034885	https://www.imdb.com/title/tt0034885/
tt0034886	https://www.imdb.com/title/tt0034886/
tt0034889	https://www.imdb.com/title/tt0034889/
tt0034890	https://www.imdb.com/title/tt0034890/
tt0034891	https://www.imdb.com/title/tt0034891/
tt0034893	https://www.imdb.com/title/tt0034893/
tt0034895	https://www.imdb.com/title/tt0034895/
tt0034898	https://www.imdb.com/title/tt0034898/
tt0034899	https://www.imdb.com/title/tt0034899/
tt0034902	https://www.imdb.com/title/tt0034902/
tt0034904	https://www.imdb.com/title/tt0034904/
tt0034905	https://www.imdb.com/title/tt0034905/
tt0034908	https://www.imdb.com/title/tt0034908/
tt0034909	https://www.imdb.com/title/tt0034909/
tt0034910	https://www.imdb.com/title/tt0034910/
tt0034911	https://www.imdb.com/title/tt0034911/
tt0034914	https://www.imdb.com/title/tt0034914/
tt0034915	https://www.imdb.com/title/tt0034915/
tt0034916	https://www.imdb.com/title/tt0034916/
tt0034918	https://www.imdb.com/title/tt0034918/
tt0034919	https://www.imdb.com/title/tt0034919/
tt0034920	https://www.imdb.com/title/tt0034920/
tt0034921	https://www.imdb.com/title/tt0034921/
tt0034923	https://www.imdb.com/title/tt0034923/
tt0034926	https://www.imdb.com/title/tt0034926/
tt0034927	https://www.imdb.com/title/tt0034927/
tt0034928	https://www.imdb.com/title/tt0034928/
tt0034929	https://www.imdb.com/title/tt0034929/
tt0034930	https://www.imdb.com/title/tt0034930/
tt0034931	https://www.imdb.com/title/tt0034931/
tt0034932	https://www.imdb.com/title/tt0034932/
tt0034933	https://www.imdb.com/title/tt0034933/
tt0034934	https://www.imdb.com/title/tt0034934/
tt0034936	https://www.imdb.com/title/tt0034936/
tt0034939	https://www.imdb.com/title/tt0034939/
tt0034941	https://www.imdb.com/title/tt0034941/
tt0034943	https://www.imdb.com/title/tt0034943/
tt0034944	https://www.imdb.com/title/tt0034944/
tt0034945	https://www.imdb.com/title/tt0034945/
tt0034946	https://www.imdb.com/title/tt0034946/
tt0034947	https://www.imdb.com/title/tt0034947/
tt0034948	https://www.imdb.com/title/tt0034948/
tt0034949	https://www.imdb.com/title/tt0034949/
tt0034952	https://www.imdb.com/title/tt0034952/
tt0034953	https://www.imdb.com/title/tt0034953/
tt0034954	https://www.imdb.com/title/tt0034954/
tt0034956	https://www.imdb.com/title/tt0034956/
tt0034957	https://www.imdb.com/title/tt0034957/
tt0034959	https://www.imdb.com/title/tt0034959/
tt0034960	https://www.imdb.com/title/tt0034960/
tt0034961	https://www.imdb.com/title/tt0034961/
tt0034963	https://www.imdb.com/title/tt0034963/
tt0034965	https://www.imdb.com/title/tt0034965/
tt0034967	https://www.imdb.com/title/tt0034967/
tt0034968	https://www.imdb.com/title/tt0034968/
tt0034969	https://www.imdb.com/title/tt0034969/
tt0034970	https://www.imdb.com/title/tt0034970/
tt0034971	https://www.imdb.com/title/tt0034971/
tt0034972	https://www.imdb.com/title/tt0034972/
tt0034973	https://www.imdb.com/title/tt0034973/
tt0034976	https://www.imdb.com/title/tt0034976/
tt0034982	https://www.imdb.com/title/tt0034982/
tt0034983	https://www.imdb.com/title/tt0034983/
tt0034984	https://www.imdb.com/title/tt0034984/
tt0034985	https://www.imdb.com/title/tt0034985/
tt0034986	https://www.imdb.com/title/tt0034986/
tt0034990	https://www.imdb.com/title/tt0034990/
tt0034991	https://www.imdb.com/title/tt0034991/
tt0034992	https://www.imdb.com/title/tt0034992/
tt0034993	https://www.imdb.com/title/tt0034993/
tt0034994	https://www.imdb.com/title/tt0034994/
tt0034995	https://www.imdb.com/title/tt0034995/
tt0034996	https://www.imdb.com/title/tt0034996/
tt0034997	https://www.imdb.com/title/tt0034997/
tt0034998	https://www.imdb.com/title/tt0034998/
tt0034999	https://www.imdb.com/title/tt0034999/
tt0035000	https://www.imdb.com/title/tt0035000/
tt0035002	https://www.imdb.com/title/tt0035002/
tt0035003	https://www.imdb.com/title/tt0035003/
tt0035004	https://www.imdb.com/title/tt0035004/
tt0035005	https://www.imdb.com/title/tt0035005/
tt0035006	https://www.imdb.com/title/tt0035006/
tt0035007	https://www.imdb.com/title/tt0035007/
tt0035008	https://www.imdb.com/title/tt0035008/
tt0035009	https://www.imdb.com/title/tt0035009/
tt0035010	https://www.imdb.com/title/tt0035010/
tt0035011	https://www.imdb.com/title/tt0035011/
tt0035012	https://www.imdb.com/title/tt0035012/
tt0035015	https://www.imdb.com/title/tt0035015/
tt0035016	https://www.imdb.com/title/tt0035016/
tt0035018	https://www.imdb.com/title/tt0035018/
tt0035019	https://www.imdb.com/title/tt0035019/
tt0035020	https://www.imdb.com/title/tt0035020/
tt0035021	https://www.imdb.com/title/tt0035021/
tt0035023	https://www.imdb.com/title/tt0035023/
tt0035024	https://www.imdb.com/title/tt0035024/
tt0035025	https://www.imdb.com/title/tt0035025/
tt0035026	https://www.imdb.com/title/tt0035026/
tt0035027	https://www.imdb.com/title/tt0035027/
tt0035028	https://www.imdb.com/title/tt0035028/
tt0035029	https://www.imdb.com/title/tt0035029/
tt0035030	https://www.imdb.com/title/tt0035030/
tt0035031	https://www.imdb.com/title/tt0035031/
tt0035032	https://www.imdb.com/title/tt0035032/
tt0035033	https://www.imdb.com/title/tt0035033/
tt0035039	https://www.imdb.com/title/tt0035039/
tt0035040	https://www.imdb.com/title/tt0035040/
tt0035044	https://www.imdb.com/title/tt0035044/
tt0035048	https://www.imdb.com/title/tt0035048/
tt0035049	https://www.imdb.com/title/tt0035049/
tt0035051	https://www.imdb.com/title/tt0035051/
tt0035052	https://www.imdb.com/title/tt0035052/
tt0035053	https://www.imdb.com/title/tt0035053/
tt0035054	https://www.imdb.com/title/tt0035054/
tt0035056	https://www.imdb.com/title/tt0035056/
tt0035057	https://www.imdb.com/title/tt0035057/
tt0035058	https://www.imdb.com/title/tt0035058/
tt0035059	https://www.imdb.com/title/tt0035059/
tt0035060	https://www.imdb.com/title/tt0035060/
tt0035061	https://www.imdb.com/title/tt0035061/
tt0035063	https://www.imdb.com/title/tt0035063/
tt0035066	https://www.imdb.com/title/tt0035066/
tt0035068	https://www.imdb.com/title/tt0035068/
tt0035069	https://www.imdb.com/title/tt0035069/
tt0035070	https://www.imdb.com/title/tt0035070/
tt0035072	https://www.imdb.com/title/tt0035072/
tt0035073	https://www.imdb.com/title/tt0035073/
tt0035074	https://www.imdb.com/title/tt0035074/
tt0035075	https://www.imdb.com/title/tt0035075/
tt0035077	https://www.imdb.com/title/tt0035077/
tt0035078	https://www.imdb.com/title/tt0035078/
tt0035079	https://www.imdb.com/title/tt0035079/
tt0035080	https://www.imdb.com/title/tt0035080/
tt0035082	https://www.imdb.com/title/tt0035082/
tt0035083	https://www.imdb.com/title/tt0035083/
tt0035084	https://www.imdb.com/title/tt0035084/
tt0035085	https://www.imdb.com/title/tt0035085/
tt0035092	https://www.imdb.com/title/tt0035092/
tt0035093	https://www.imdb.com/title/tt0035093/
tt0035094	https://www.imdb.com/title/tt0035094/
tt0035095	https://www.imdb.com/title/tt0035095/
tt0035096	https://www.imdb.com/title/tt0035096/
tt0035097	https://www.imdb.com/title/tt0035097/
tt0035098	https://www.imdb.com/title/tt0035098/
tt0035099	https://www.imdb.com/title/tt0035099/
tt0035100	https://www.imdb.com/title/tt0035100/
tt0035102	https://www.imdb.com/title/tt0035102/
tt0035103	https://www.imdb.com/title/tt0035103/
tt0035104	https://www.imdb.com/title/tt0035104/
tt0035105	https://www.imdb.com/title/tt0035105/
tt0035106	https://www.imdb.com/title/tt0035106/
tt0035107	https://www.imdb.com/title/tt0035107/
tt0035109	https://www.imdb.com/title/tt0035109/
tt0035111	https://www.imdb.com/title/tt0035111/
tt0035112	https://www.imdb.com/title/tt0035112/
tt0035113	https://www.imdb.com/title/tt0035113/
tt0035114	https://www.imdb.com/title/tt0035114/
tt0035116	https://www.imdb.com/title/tt0035116/
tt0035121	https://www.imdb.com/title/tt0035121/
tt0035122	https://www.imdb.com/title/tt0035122/
tt0035123	https://www.imdb.com/title/tt0035123/
tt0035124	https://www.imdb.com/title/tt0035124/
tt0035126	https://www.imdb.com/title/tt0035126/
tt0035127	https://www.imdb.com/title/tt0035127/
tt0035129	https://www.imdb.com/title/tt0035129/
tt0035130	https://www.imdb.com/title/tt0035130/
tt0035131	https://www.imdb.com/title/tt0035131/
tt0035132	https://www.imdb.com/title/tt0035132/
tt0035133	https://www.imdb.com/title/tt0035133/
tt0035134	https://www.imdb.com/title/tt0035134/
tt0035137	https://www.imdb.com/title/tt0035137/
tt0035139	https://www.imdb.com/title/tt0035139/
tt0035140	https://www.imdb.com/title/tt0035140/
tt0035142	https://www.imdb.com/title/tt0035142/
tt0035143	https://www.imdb.com/title/tt0035143/
tt0035144	https://www.imdb.com/title/tt0035144/
tt0035145	https://www.imdb.com/title/tt0035145/
tt0035147	https://www.imdb.com/title/tt0035147/
tt0035149	https://www.imdb.com/title/tt0035149/
tt0035150	https://www.imdb.com/title/tt0035150/
tt0035151	https://www.imdb.com/title/tt0035151/
tt0035152	https://www.imdb.com/title/tt0035152/
tt0035153	https://www.imdb.com/title/tt0035153/
tt0035154	https://www.imdb.com/title/tt0035154/
tt0035155	https://www.imdb.com/title/tt0035155/
tt0035156	https://www.imdb.com/title/tt0035156/
tt0035157	https://www.imdb.com/title/tt0035157/
tt0035159	https://www.imdb.com/title/tt0035159/
tt0035162	https://www.imdb.com/title/tt0035162/
tt0035163	https://www.imdb.com/title/tt0035163/
tt0035164	https://www.imdb.com/title/tt0035164/
tt0035165	https://www.imdb.com/title/tt0035165/
tt0035166	https://www.imdb.com/title/tt0035166/
tt0035167	https://www.imdb.com/title/tt0035167/
tt0035169	https://www.imdb.com/title/tt0035169/
tt0035170	https://www.imdb.com/title/tt0035170/
tt0035171	https://www.imdb.com/title/tt0035171/
tt0035172	https://www.imdb.com/title/tt0035172/
tt0035173	https://www.imdb.com/title/tt0035173/
tt0035174	https://www.imdb.com/title/tt0035174/
tt0035177	https://www.imdb.com/title/tt0035177/
tt0035178	https://www.imdb.com/title/tt0035178/
tt0035180	https://www.imdb.com/title/tt0035180/
tt0035181	https://www.imdb.com/title/tt0035181/
tt0035182	https://www.imdb.com/title/tt0035182/
tt0035185	https://www.imdb.com/title/tt0035185/
tt0035186	https://www.imdb.com/title/tt0035186/
tt0035188	https://www.imdb.com/title/tt0035188/
tt0035189	https://www.imdb.com/title/tt0035189/
tt0035190	https://www.imdb.com/title/tt0035190/
tt0035191	https://www.imdb.com/title/tt0035191/
tt0035193	https://www.imdb.com/title/tt0035193/
tt0035195	https://www.imdb.com/title/tt0035195/
tt0035198	https://www.imdb.com/title/tt0035198/
tt0035199	https://www.imdb.com/title/tt0035199/
tt0035204	https://www.imdb.com/title/tt0035204/
tt0035205	https://www.imdb.com/title/tt0035205/
tt0035207	https://www.imdb.com/title/tt0035207/
tt0035208	https://www.imdb.com/title/tt0035208/
tt0035209	https://www.imdb.com/title/tt0035209/
tt0035211	https://www.imdb.com/title/tt0035211/
tt0035213	https://www.imdb.com/title/tt0035213/
tt0035214	https://www.imdb.com/title/tt0035214/
tt0035216	https://www.imdb.com/title/tt0035216/
tt0035217	https://www.imdb.com/title/tt0035217/
tt0035218	https://www.imdb.com/title/tt0035218/
tt0035220	https://www.imdb.com/title/tt0035220/
tt0035221	https://www.imdb.com/title/tt0035221/
tt0035223	https://www.imdb.com/title/tt0035223/
tt0035225	https://www.imdb.com/title/tt0035225/
tt0035228	https://www.imdb.com/title/tt0035228/
tt0035229	https://www.imdb.com/title/tt0035229/
tt0035230	https://www.imdb.com/title/tt0035230/
tt0035231	https://www.imdb.com/title/tt0035231/
tt0035233	https://www.imdb.com/title/tt0035233/
tt0035236	https://www.imdb.com/title/tt0035236/
tt0035237	https://www.imdb.com/title/tt0035237/
tt0035238	https://www.imdb.com/title/tt0035238/
tt0035239	https://www.imdb.com/title/tt0035239/
tt0035241	https://www.imdb.com/title/tt0035241/
tt0035244	https://www.imdb.com/title/tt0035244/
tt0035247	https://www.imdb.com/title/tt0035247/
tt0035248	https://www.imdb.com/title/tt0035248/
tt0035249	https://www.imdb.com/title/tt0035249/
tt0035250	https://www.imdb.com/title/tt0035250/
tt0035251	https://www.imdb.com/title/tt0035251/
tt0035252	https://www.imdb.com/title/tt0035252/
tt0035253	https://www.imdb.com/title/tt0035253/
tt0035254	https://www.imdb.com/title/tt0035254/
tt0035255	https://www.imdb.com/title/tt0035255/
tt0035256	https://www.imdb.com/title/tt0035256/
tt0035258	https://www.imdb.com/title/tt0035258/
tt0035259	https://www.imdb.com/title/tt0035259/
tt0035262	https://www.imdb.com/title/tt0035262/
tt0035263	https://www.imdb.com/title/tt0035263/
tt0035264	https://www.imdb.com/title/tt0035264/
tt0035265	https://www.imdb.com/title/tt0035265/
tt0035266	https://www.imdb.com/title/tt0035266/
tt0035267	https://www.imdb.com/title/tt0035267/
tt0035269	https://www.imdb.com/title/tt0035269/
tt0035270	https://www.imdb.com/title/tt0035270/
tt0035272	https://www.imdb.com/title/tt0035272/
tt0035273	https://www.imdb.com/title/tt0035273/
tt0035274	https://www.imdb.com/title/tt0035274/
tt0035276	https://www.imdb.com/title/tt0035276/
tt0035277	https://www.imdb.com/title/tt0035277/
tt0035278	https://www.imdb.com/title/tt0035278/
tt0035279	https://www.imdb.com/title/tt0035279/
tt0035284	https://www.imdb.com/title/tt0035284/
tt0035285	https://www.imdb.com/title/tt0035285/
tt0035287	https://www.imdb.com/title/tt0035287/
tt0035291	https://www.imdb.com/title/tt0035291/
tt0035292	https://www.imdb.com/title/tt0035292/
tt0035293	https://www.imdb.com/title/tt0035293/
tt0035294	https://www.imdb.com/title/tt0035294/
tt0035296	https://www.imdb.com/title/tt0035296/
tt0035297	https://www.imdb.com/title/tt0035297/
tt0035298	https://www.imdb.com/title/tt0035298/
tt0035299	https://www.imdb.com/title/tt0035299/
tt0035300	https://www.imdb.com/title/tt0035300/
tt0035301	https://www.imdb.com/title/tt0035301/
tt0035303	https://www.imdb.com/title/tt0035303/
tt0035304	https://www.imdb.com/title/tt0035304/
tt0035307	https://www.imdb.com/title/tt0035307/
tt0035308	https://www.imdb.com/title/tt0035308/
tt0035309	https://www.imdb.com/title/tt0035309/
tt0035310	https://www.imdb.com/title/tt0035310/
tt0035311	https://www.imdb.com/title/tt0035311/
tt0035312	https://www.imdb.com/title/tt0035312/
tt0035313	https://www.imdb.com/title/tt0035313/
tt0035315	https://www.imdb.com/title/tt0035315/
tt0035316	https://www.imdb.com/title/tt0035316/
tt0035317	https://www.imdb.com/title/tt0035317/
tt0035318	https://www.imdb.com/title/tt0035318/
tt0035319	https://www.imdb.com/title/tt0035319/
tt0035320	https://www.imdb.com/title/tt0035320/
tt0035324	https://www.imdb.com/title/tt0035324/
tt0035326	https://www.imdb.com/title/tt0035326/
tt0035327	https://www.imdb.com/title/tt0035327/
tt0035331	https://www.imdb.com/title/tt0035331/
tt0035332	https://www.imdb.com/title/tt0035332/
tt0035333	https://www.imdb.com/title/tt0035333/
tt0035334	https://www.imdb.com/title/tt0035334/
tt0035335	https://www.imdb.com/title/tt0035335/
tt0035336	https://www.imdb.com/title/tt0035336/
tt0035337	https://www.imdb.com/title/tt0035337/
tt0035338	https://www.imdb.com/title/tt0035338/
tt0035340	https://www.imdb.com/title/tt0035340/
tt0035344	https://www.imdb.com/title/tt0035344/
tt0035345	https://www.imdb.com/title/tt0035345/
tt0035346	https://www.imdb.com/title/tt0035346/
tt0035350	https://www.imdb.com/title/tt0035350/
tt0035353	https://www.imdb.com/title/tt0035353/
tt0035354	https://www.imdb.com/title/tt0035354/
tt0035355	https://www.imdb.com/title/tt0035355/
tt0035356	https://www.imdb.com/title/tt0035356/
tt0035357	https://www.imdb.com/title/tt0035357/
tt0035359	https://www.imdb.com/title/tt0035359/
tt0035360	https://www.imdb.com/title/tt0035360/
tt0035361	https://www.imdb.com/title/tt0035361/
tt0035362	https://www.imdb.com/title/tt0035362/
tt0035364	https://www.imdb.com/title/tt0035364/
tt0035365	https://www.imdb.com/title/tt0035365/
tt0035368	https://www.imdb.com/title/tt0035368/
tt0035369	https://www.imdb.com/title/tt0035369/
tt0035370	https://www.imdb.com/title/tt0035370/
tt0035371	https://www.imdb.com/title/tt0035371/
tt0035372	https://www.imdb.com/title/tt0035372/
tt0035376	https://www.imdb.com/title/tt0035376/
tt0035377	https://www.imdb.com/title/tt0035377/
tt0035378	https://www.imdb.com/title/tt0035378/
tt0035379	https://www.imdb.com/title/tt0035379/
tt0035380	https://www.imdb.com/title/tt0035380/
tt0035381	https://www.imdb.com/title/tt0035381/
tt0035382	https://www.imdb.com/title/tt0035382/
tt0035384	https://www.imdb.com/title/tt0035384/
tt0035385	https://www.imdb.com/title/tt0035385/
tt0035386	https://www.imdb.com/title/tt0035386/
tt0035387	https://www.imdb.com/title/tt0035387/
tt0035388	https://www.imdb.com/title/tt0035388/
tt0035389	https://www.imdb.com/title/tt0035389/
tt0035390	https://www.imdb.com/title/tt0035390/
tt0035391	https://www.imdb.com/title/tt0035391/
tt0035393	https://www.imdb.com/title/tt0035393/
tt0035394	https://www.imdb.com/title/tt0035394/
tt0035395	https://www.imdb.com/title/tt0035395/
tt0035396	https://www.imdb.com/title/tt0035396/
tt0035397	https://www.imdb.com/title/tt0035397/
tt0035398	https://www.imdb.com/title/tt0035398/
tt0035400	https://www.imdb.com/title/tt0035400/
tt0035401	https://www.imdb.com/title/tt0035401/
tt0035403	https://www.imdb.com/title/tt0035403/
tt0035405	https://www.imdb.com/title/tt0035405/
tt0035406	https://www.imdb.com/title/tt0035406/
tt0035408	https://www.imdb.com/title/tt0035408/
tt0035409	https://www.imdb.com/title/tt0035409/
tt0035410	https://www.imdb.com/title/tt0035410/
tt0035412	https://www.imdb.com/title/tt0035412/
tt0035413	https://www.imdb.com/title/tt0035413/
tt0035415	https://www.imdb.com/title/tt0035415/
tt0035416	https://www.imdb.com/title/tt0035416/
tt0035417	https://www.imdb.com/title/tt0035417/
tt0035419	https://www.imdb.com/title/tt0035419/
tt0035421	https://www.imdb.com/title/tt0035421/
tt0035424	https://www.imdb.com/title/tt0035424/
tt0035425	https://www.imdb.com/title/tt0035425/
tt0035426	https://www.imdb.com/title/tt0035426/
tt0035427	https://www.imdb.com/title/tt0035427/
tt0035428	https://www.imdb.com/title/tt0035428/
tt0035429	https://www.imdb.com/title/tt0035429/
tt0035430	https://www.imdb.com/title/tt0035430/
tt0035431	https://www.imdb.com/title/tt0035431/
tt0035432	https://www.imdb.com/title/tt0035432/
tt0035433	https://www.imdb.com/title/tt0035433/
tt0035434	https://www.imdb.com/title/tt0035434/
tt0035435	https://www.imdb.com/title/tt0035435/
tt0035437	https://www.imdb.com/title/tt0035437/
tt0035438	https://www.imdb.com/title/tt0035438/
tt0035439	https://www.imdb.com/title/tt0035439/
tt0035440	https://www.imdb.com/title/tt0035440/
tt0035442	https://www.imdb.com/title/tt0035442/
tt0035443	https://www.imdb.com/title/tt0035443/
tt0035445	https://www.imdb.com/title/tt0035445/
tt0035446	https://www.imdb.com/title/tt0035446/
tt0035447	https://www.imdb.com/title/tt0035447/
tt0035448	https://www.imdb.com/title/tt0035448/
tt0035449	https://www.imdb.com/title/tt0035449/
tt0035450	https://www.imdb.com/title/tt0035450/
tt0035452	https://www.imdb.com/title/tt0035452/
tt0035453	https://www.imdb.com/title/tt0035453/
tt0035454	https://www.imdb.com/title/tt0035454/
tt0035455	https://www.imdb.com/title/tt0035455/
tt0035457	https://www.imdb.com/title/tt0035457/
tt0035458	https://www.imdb.com/title/tt0035458/
tt0035460	https://www.imdb.com/title/tt0035460/
tt0035461	https://www.imdb.com/title/tt0035461/
tt0035463	https://www.imdb.com/title/tt0035463/
tt0035464	https://www.imdb.com/title/tt0035464/
tt0035465	https://www.imdb.com/title/tt0035465/
tt0035466	https://www.imdb.com/title/tt0035466/
tt0035467	https://www.imdb.com/title/tt0035467/
tt0035468	https://www.imdb.com/title/tt0035468/
tt0035469	https://www.imdb.com/title/tt0035469/
tt0035470	https://www.imdb.com/title/tt0035470/
tt0035471	https://www.imdb.com/title/tt0035471/
tt0035474	https://www.imdb.com/title/tt0035474/
tt0035475	https://www.imdb.com/title/tt0035475/
tt0035477	https://www.imdb.com/title/tt0035477/
tt0035478	https://www.imdb.com/title/tt0035478/
tt0035479	https://www.imdb.com/title/tt0035479/
tt0035481	https://www.imdb.com/title/tt0035481/
tt0035482	https://www.imdb.com/title/tt0035482/
tt0035483	https://www.imdb.com/title/tt0035483/
tt0035484	https://www.imdb.com/title/tt0035484/
tt0035485	https://www.imdb.com/title/tt0035485/
tt0035486	https://www.imdb.com/title/tt0035486/
tt0035487	https://www.imdb.com/title/tt0035487/
tt0035488	https://www.imdb.com/title/tt0035488/
tt0035489	https://www.imdb.com/title/tt0035489/
tt0035490	https://www.imdb.com/title/tt0035490/
tt0035492	https://www.imdb.com/title/tt0035492/
tt0035494	https://www.imdb.com/title/tt0035494/
tt0035495	https://www.imdb.com/title/tt0035495/
tt0035500	https://www.imdb.com/title/tt0035500/
tt0035501	https://www.imdb.com/title/tt0035501/
tt0035502	https://www.imdb.com/title/tt0035502/
tt0035504	https://www.imdb.com/title/tt0035504/
tt0035505	https://www.imdb.com/title/tt0035505/
tt0035507	https://www.imdb.com/title/tt0035507/
tt0035508	https://www.imdb.com/title/tt0035508/
tt0035509	https://www.imdb.com/title/tt0035509/
tt0035510	https://www.imdb.com/title/tt0035510/
tt0035511	https://www.imdb.com/title/tt0035511/
tt0035512	https://www.imdb.com/title/tt0035512/
tt0035514	https://www.imdb.com/title/tt0035514/
tt0035516	https://www.imdb.com/title/tt0035516/
tt0035517	https://www.imdb.com/title/tt0035517/
tt0035518	https://www.imdb.com/title/tt0035518/
tt0035520	https://www.imdb.com/title/tt0035520/
tt0035521	https://www.imdb.com/title/tt0035521/
tt0035523	https://www.imdb.com/title/tt0035523/
tt0035525	https://www.imdb.com/title/tt0035525/
tt0035526	https://www.imdb.com/title/tt0035526/
tt0035530	https://www.imdb.com/title/tt0035530/
tt0035531	https://www.imdb.com/title/tt0035531/
tt0035532	https://www.imdb.com/title/tt0035532/
tt0035533	https://www.imdb.com/title/tt0035533/
tt0035534	https://www.imdb.com/title/tt0035534/
tt0035537	https://www.imdb.com/title/tt0035537/
tt0035539	https://www.imdb.com/title/tt0035539/
tt0035540	https://www.imdb.com/title/tt0035540/
tt0035542	https://www.imdb.com/title/tt0035542/
tt0035543	https://www.imdb.com/title/tt0035543/
tt0035544	https://www.imdb.com/title/tt0035544/
tt0035545	https://www.imdb.com/title/tt0035545/
tt0035548	https://www.imdb.com/title/tt0035548/
tt0035550	https://www.imdb.com/title/tt0035550/
tt0035551	https://www.imdb.com/title/tt0035551/
tt0035552	https://www.imdb.com/title/tt0035552/
tt0035553	https://www.imdb.com/title/tt0035553/
tt0035555	https://www.imdb.com/title/tt0035555/
tt0035556	https://www.imdb.com/title/tt0035556/
tt0035559	https://www.imdb.com/title/tt0035559/
tt0035560	https://www.imdb.com/title/tt0035560/
tt0035562	https://www.imdb.com/title/tt0035562/
tt0035563	https://www.imdb.com/title/tt0035563/
tt0035564	https://www.imdb.com/title/tt0035564/
tt0035566	https://www.imdb.com/title/tt0035566/
tt0035567	https://www.imdb.com/title/tt0035567/
tt0035569	https://www.imdb.com/title/tt0035569/
tt0035570	https://www.imdb.com/title/tt0035570/
tt0035572	https://www.imdb.com/title/tt0035572/
tt0035573	https://www.imdb.com/title/tt0035573/
tt0035574	https://www.imdb.com/title/tt0035574/
tt0035575	https://www.imdb.com/title/tt0035575/
tt0035576	https://www.imdb.com/title/tt0035576/
tt0035578	https://www.imdb.com/title/tt0035578/
tt0035579	https://www.imdb.com/title/tt0035579/
tt0035580	https://www.imdb.com/title/tt0035580/
tt0035581	https://www.imdb.com/title/tt0035581/
tt0035582	https://www.imdb.com/title/tt0035582/
tt0035583	https://www.imdb.com/title/tt0035583/
tt0035584	https://www.imdb.com/title/tt0035584/
tt0035585	https://www.imdb.com/title/tt0035585/
tt0035586	https://www.imdb.com/title/tt0035586/
tt0035587	https://www.imdb.com/title/tt0035587/
tt0035588	https://www.imdb.com/title/tt0035588/
tt0035591	https://www.imdb.com/title/tt0035591/
tt0035592	https://www.imdb.com/title/tt0035592/
tt0035593	https://www.imdb.com/title/tt0035593/
tt0035595	https://www.imdb.com/title/tt0035595/
tt0035597	https://www.imdb.com/title/tt0035597/
tt0035598	https://www.imdb.com/title/tt0035598/
tt0035639	https://www.imdb.com/title/tt0035639/
tt0035694	https://www.imdb.com/title/tt0035694/
tt0035746	https://www.imdb.com/title/tt0035746/
tt0035781	https://www.imdb.com/title/tt0035781/
tt0035827	https://www.imdb.com/title/tt0035827/
tt0035850	https://www.imdb.com/title/tt0035850/
tt0035857	https://www.imdb.com/title/tt0035857/
tt0036061	https://www.imdb.com/title/tt0036061/
tt0036093	https://www.imdb.com/title/tt0036093/
tt0036100	https://www.imdb.com/title/tt0036100/
tt0036164	https://www.imdb.com/title/tt0036164/
tt0036176	https://www.imdb.com/title/tt0036176/
tt0036203	https://www.imdb.com/title/tt0036203/
tt0036232	https://www.imdb.com/title/tt0036232/
tt0036237	https://www.imdb.com/title/tt0036237/
tt0036244	https://www.imdb.com/title/tt0036244/
tt0036250	https://www.imdb.com/title/tt0036250/
tt0036255	https://www.imdb.com/title/tt0036255/
tt0036292	https://www.imdb.com/title/tt0036292/
tt0036296	https://www.imdb.com/title/tt0036296/
tt0036309	https://www.imdb.com/title/tt0036309/
tt0036338	https://www.imdb.com/title/tt0036338/
tt0036386	https://www.imdb.com/title/tt0036386/
tt0036387	https://www.imdb.com/title/tt0036387/
tt0036403	https://www.imdb.com/title/tt0036403/
tt0036419	https://www.imdb.com/title/tt0036419/
tt0036903	https://www.imdb.com/title/tt0036903/
tt0041705	https://www.imdb.com/title/tt0041705/
tt0046886	https://www.imdb.com/title/tt0046886/
tt0062494	https://www.imdb.com/title/tt0062494/
tt0122278	https://www.imdb.com/title/tt0122278/
tt0122389	https://www.imdb.com/title/tt0122389/
tt0122761	https://www.imdb.com/title/tt0122761/
tt0123079	https://www.imdb.com/title/tt0123079/
tt0123161	https://www.imdb.com/title/tt0123161/
tt0123168	https://www.imdb.com/title/tt0123168/
tt0123272	https://www.imdb.com/title/tt0123272/
tt0124292	https://www.imdb.com/title/tt0124292/
tt0124742	https://www.imdb.com/title/tt0124742/
tt0125499	https://www.imdb.com/title/tt0125499/
tt0125524	https://www.imdb.com/title/tt0125524/
tt0125661	https://www.imdb.com/title/tt0125661/
tt0125941	https://www.imdb.com/title/tt0125941/
tt0126496	https://www.imdb.com/title/tt0126496/
tt0126635	https://www.imdb.com/title/tt0126635/
tt0127284	https://www.imdb.com/title/tt0127284/
tt0127958	https://www.imdb.com/title/tt0127958/
tt0128970	https://www.imdb.com/title/tt0128970/
tt0129001	https://www.imdb.com/title/tt0129001/
tt0129245	https://www.imdb.com/title/tt0129245/
tt0129284	https://www.imdb.com/title/tt0129284/
tt0129312	https://www.imdb.com/title/tt0129312/
tt0129327	https://www.imdb.com/title/tt0129327/
tt0129350	https://www.imdb.com/title/tt0129350/
tt0130048	https://www.imdb.com/title/tt0130048/
tt0130384	https://www.imdb.com/title/tt0130384/
tt0131004	https://www.imdb.com/title/tt0131004/
tt0132489	https://www.imdb.com/title/tt0132489/
tt0132648	https://www.imdb.com/title/tt0132648/
tt0132686	https://www.imdb.com/title/tt0132686/
tt0133125	https://www.imdb.com/title/tt0133125/
tt0133163	https://www.imdb.com/title/tt0133163/
tt0133254	https://www.imdb.com/title/tt0133254/
tt0135775	https://www.imdb.com/title/tt0135775/
tt0136209	https://www.imdb.com/title/tt0136209/
tt0136782	https://www.imdb.com/title/tt0136782/
tt0137898	https://www.imdb.com/title/tt0137898/
tt0138315	https://www.imdb.com/title/tt0138315/
tt0138481	https://www.imdb.com/title/tt0138481/
tt0138549	https://www.imdb.com/title/tt0138549/
tt0139234	https://www.imdb.com/title/tt0139234/
tt0141812	https://www.imdb.com/title/tt0141812/
tt0142148	https://www.imdb.com/title/tt0142148/
tt0144313	https://www.imdb.com/title/tt0144313/
tt0150447	https://www.imdb.com/title/tt0150447/
tt0150677	https://www.imdb.com/title/tt0150677/
tt0151200	https://www.imdb.com/title/tt0151200/
tt0152065	https://www.imdb.com/title/tt0152065/
tt0152508	https://www.imdb.com/title/tt0152508/
tt0153398	https://www.imdb.com/title/tt0153398/
tt0153484	https://www.imdb.com/title/tt0153484/
tt0154155	https://www.imdb.com/title/tt0154155/
tt0154226	https://www.imdb.com/title/tt0154226/
tt0154232	https://www.imdb.com/title/tt0154232/
tt0154473	https://www.imdb.com/title/tt0154473/
tt0154541	https://www.imdb.com/title/tt0154541/
tt0154733	https://www.imdb.com/title/tt0154733/
tt0154759	https://www.imdb.com/title/tt0154759/
tt0154767	https://www.imdb.com/title/tt0154767/
tt0154847	https://www.imdb.com/title/tt0154847/
tt0154876	https://www.imdb.com/title/tt0154876/
tt0155107	https://www.imdb.com/title/tt0155107/
tt0155411	https://www.imdb.com/title/tt0155411/
tt0155669	https://www.imdb.com/title/tt0155669/
tt0155774	https://www.imdb.com/title/tt0155774/
tt0155936	https://www.imdb.com/title/tt0155936/
tt0156112	https://www.imdb.com/title/tt0156112/
tt0156295	https://www.imdb.com/title/tt0156295/
tt0156360	https://www.imdb.com/title/tt0156360/
tt0156635	https://www.imdb.com/title/tt0156635/
tt0156782	https://www.imdb.com/title/tt0156782/
tt0157533	https://www.imdb.com/title/tt0157533/
tt0158066	https://www.imdb.com/title/tt0158066/
tt0158267	https://www.imdb.com/title/tt0158267/
tt0158447	https://www.imdb.com/title/tt0158447/
tt0158452	https://www.imdb.com/title/tt0158452/
tt0158468	https://www.imdb.com/title/tt0158468/
tt0158593	https://www.imdb.com/title/tt0158593/
tt0158932	https://www.imdb.com/title/tt0158932/
tt0159476	https://www.imdb.com/title/tt0159476/
tt0159486	https://www.imdb.com/title/tt0159486/
tt0159725	https://www.imdb.com/title/tt0159725/
tt0159776	https://www.imdb.com/title/tt0159776/
tt0159823	https://www.imdb.com/title/tt0159823/
tt0159827	https://www.imdb.com/title/tt0159827/
tt0159842	https://www.imdb.com/title/tt0159842/
tt0160646	https://www.imdb.com/title/tt0160646/
tt0160915	https://www.imdb.com/title/tt0160915/
tt0161377	https://www.imdb.com/title/tt0161377/
tt0161853	https://www.imdb.com/title/tt0161853/
tt0162020	https://www.imdb.com/title/tt0162020/
tt0162038	https://www.imdb.com/title/tt0162038/
tt0162372	https://www.imdb.com/title/tt0162372/
tt0162471	https://www.imdb.com/title/tt0162471/
tt0162519	https://www.imdb.com/title/tt0162519/
tt0162520	https://www.imdb.com/title/tt0162520/
tt0165349	https://www.imdb.com/title/tt0165349/
tt0165938	https://www.imdb.com/title/tt0165938/
tt0165969	https://www.imdb.com/title/tt0165969/
tt0166877	https://www.imdb.com/title/tt0166877/
tt0168010	https://www.imdb.com/title/tt0168010/
tt0169527	https://www.imdb.com/title/tt0169527/
tt0169909	https://www.imdb.com/title/tt0169909/
tt0169992	https://www.imdb.com/title/tt0169992/
tt0170084	https://www.imdb.com/title/tt0170084/
tt0170662	https://www.imdb.com/title/tt0170662/
tt0170668	https://www.imdb.com/title/tt0170668/
tt0174190	https://www.imdb.com/title/tt0174190/
tt0174357	https://www.imdb.com/title/tt0174357/
tt0174494	https://www.imdb.com/title/tt0174494/
tt0174657	https://www.imdb.com/title/tt0174657/
tt0175427	https://www.imdb.com/title/tt0175427/
tt0175989	https://www.imdb.com/title/tt0175989/
tt0176022	https://www.imdb.com/title/tt0176022/
tt0176291	https://www.imdb.com/title/tt0176291/
tt0177891	https://www.imdb.com/title/tt0177891/
tt0178236	https://www.imdb.com/title/tt0178236/
tt0178258	https://www.imdb.com/title/tt0178258/
tt0178302	https://www.imdb.com/title/tt0178302/
tt0178338	https://www.imdb.com/title/tt0178338/
tt0178405	https://www.imdb.com/title/tt0178405/
tt0178540	https://www.imdb.com/title/tt0178540/
tt0178701	https://www.imdb.com/title/tt0178701/
tt0178731	https://www.imdb.com/title/tt0178731/
tt0178732	https://www.imdb.com/title/tt0178732/
tt0178754	https://www.imdb.com/title/tt0178754/
tt0178846	https://www.imdb.com/title/tt0178846/
tt0178883	https://www.imdb.com/title/tt0178883/
tt0178918	https://www.imdb.com/title/tt0178918/
tt0178994	https://www.imdb.com/title/tt0178994/
tt0179084	https://www.imdb.com/title/tt0179084/
tt0179161	https://www.imdb.com/title/tt0179161/
tt0179629	https://www.imdb.com/title/tt0179629/
tt0179632	https://www.imdb.com/title/tt0179632/
tt0179664	https://www.imdb.com/title/tt0179664/
tt0179778	https://www.imdb.com/title/tt0179778/
tt0180090	https://www.imdb.com/title/tt0180090/
tt0180263	https://www.imdb.com/title/tt0180263/
tt0180280	https://www.imdb.com/title/tt0180280/
tt0180337	https://www.imdb.com/title/tt0180337/
tt0181335	https://www.imdb.com/title/tt0181335/
tt0181596	https://www.imdb.com/title/tt0181596/
tt0181727	https://www.imdb.com/title/tt0181727/
tt0181749	https://www.imdb.com/title/tt0181749/
tt0183036	https://www.imdb.com/title/tt0183036/
tt0184472	https://www.imdb.com/title/tt0184472/
tt0184681	https://www.imdb.com/title/tt0184681/
tt0184784	https://www.imdb.com/title/tt0184784/
tt0184789	https://www.imdb.com/title/tt0184789/
tt0184890	https://www.imdb.com/title/tt0184890/
tt0185016	https://www.imdb.com/title/tt0185016/
tt0185555	https://www.imdb.com/title/tt0185555/
tt0186214	https://www.imdb.com/title/tt0186214/
tt0186673	https://www.imdb.com/title/tt0186673/
tt0186929	https://www.imdb.com/title/tt0186929/
tt0187003	https://www.imdb.com/title/tt0187003/
tt0188963	https://www.imdb.com/title/tt0188963/
tt0189012	https://www.imdb.com/title/tt0189012/
tt0189045	https://www.imdb.com/title/tt0189045/
tt0189077	https://www.imdb.com/title/tt0189077/
tt0189787	https://www.imdb.com/title/tt0189787/
tt0190226	https://www.imdb.com/title/tt0190226/
tt0190245	https://www.imdb.com/title/tt0190245/
tt0191077	https://www.imdb.com/title/tt0191077/
tt0191303	https://www.imdb.com/title/tt0191303/
tt0191600	https://www.imdb.com/title/tt0191600/
tt0191811	https://www.imdb.com/title/tt0191811/
tt0191827	https://www.imdb.com/title/tt0191827/
tt0191838	https://www.imdb.com/title/tt0191838/
tt0192115	https://www.imdb.com/title/tt0192115/
tt0192443	https://www.imdb.com/title/tt0192443/
tt0192449	https://www.imdb.com/title/tt0192449/
tt0192954	https://www.imdb.com/title/tt0192954/
tt0192976	https://www.imdb.com/title/tt0192976/
tt0193092	https://www.imdb.com/title/tt0193092/
tt0193154	https://www.imdb.com/title/tt0193154/
tt0193200	https://www.imdb.com/title/tt0193200/
tt0193300	https://www.imdb.com/title/tt0193300/
tt0193807	https://www.imdb.com/title/tt0193807/
tt0194561	https://www.imdb.com/title/tt0194561/
tt0194782	https://www.imdb.com/title/tt0194782/
tt0194893	https://www.imdb.com/title/tt0194893/
tt0194927	https://www.imdb.com/title/tt0194927/
tt0195057	https://www.imdb.com/title/tt0195057/
tt0195077	https://www.imdb.com/title/tt0195077/
tt0195151	https://www.imdb.com/title/tt0195151/
tt0195297	https://www.imdb.com/title/tt0195297/
tt0195389	https://www.imdb.com/title/tt0195389/
tt0195586	https://www.imdb.com/title/tt0195586/
tt0195617	https://www.imdb.com/title/tt0195617/
tt0196021	https://www.imdb.com/title/tt0196021/
tt0197426	https://www.imdb.com/title/tt0197426/
tt0197462	https://www.imdb.com/title/tt0197462/
tt0197551	https://www.imdb.com/title/tt0197551/
tt0197651	https://www.imdb.com/title/tt0197651/
tt0197824	https://www.imdb.com/title/tt0197824/
tt0197887	https://www.imdb.com/title/tt0197887/
tt0197998	https://www.imdb.com/title/tt0197998/
tt0198298	https://www.imdb.com/title/tt0198298/
tt0198655	https://www.imdb.com/title/tt0198655/
tt0198918	https://www.imdb.com/title/tt0198918/
tt0199383	https://www.imdb.com/title/tt0199383/
tt0199407	https://www.imdb.com/title/tt0199407/
tt0199537	https://www.imdb.com/title/tt0199537/
tt0199611	https://www.imdb.com/title/tt0199611/
tt0199760	https://www.imdb.com/title/tt0199760/
tt0199765	https://www.imdb.com/title/tt0199765/
tt0200058	https://www.imdb.com/title/tt0200058/
tt0200136	https://www.imdb.com/title/tt0200136/
tt0200315	https://www.imdb.com/title/tt0200315/
tt0200317	https://www.imdb.com/title/tt0200317/
tt0201295	https://www.imdb.com/title/tt0201295/
tt0201615	https://www.imdb.com/title/tt0201615/
tt0201633	https://www.imdb.com/title/tt0201633/
tt0202060	https://www.imdb.com/title/tt0202060/
tt0202226	https://www.imdb.com/title/tt0202226/
tt0202579	https://www.imdb.com/title/tt0202579/
tt0203046	https://www.imdb.com/title/tt0203046/
tt0204385	https://www.imdb.com/title/tt0204385/
tt0204457	https://www.imdb.com/title/tt0204457/
tt0204492	https://www.imdb.com/title/tt0204492/
tt0205020	https://www.imdb.com/title/tt0205020/
tt0205109	https://www.imdb.com/title/tt0205109/
tt0205221	https://www.imdb.com/title/tt0205221/
tt0205365	https://www.imdb.com/title/tt0205365/
tt0205830	https://www.imdb.com/title/tt0205830/
tt0205992	https://www.imdb.com/title/tt0205992/
tt0206029	https://www.imdb.com/title/tt0206029/
tt0206450	https://www.imdb.com/title/tt0206450/
tt0207372	https://www.imdb.com/title/tt0207372/
tt0207442	https://www.imdb.com/title/tt0207442/
tt0209952	https://www.imdb.com/title/tt0209952/
tt0210476	https://www.imdb.com/title/tt0210476/
tt0213034	https://www.imdb.com/title/tt0213034/
tt0213145	https://www.imdb.com/title/tt0213145/
tt0213510	https://www.imdb.com/title/tt0213510/
tt0213526	https://www.imdb.com/title/tt0213526/
tt0213548	https://www.imdb.com/title/tt0213548/
tt0213612	https://www.imdb.com/title/tt0213612/
tt0213644	https://www.imdb.com/title/tt0213644/
tt0213839	https://www.imdb.com/title/tt0213839/
tt0213945	https://www.imdb.com/title/tt0213945/
tt0214096	https://www.imdb.com/title/tt0214096/
tt0214108	https://www.imdb.com/title/tt0214108/
tt0214217	https://www.imdb.com/title/tt0214217/
tt0214578	https://www.imdb.com/title/tt0214578/
tt0214579	https://www.imdb.com/title/tt0214579/
tt0215547	https://www.imdb.com/title/tt0215547/
tt0215889	https://www.imdb.com/title/tt0215889/
tt0215905	https://www.imdb.com/title/tt0215905/
tt0215974	https://www.imdb.com/title/tt0215974/
tt0216323	https://www.imdb.com/title/tt0216323/
tt0216934	https://www.imdb.com/title/tt0216934/
tt0218082	https://www.imdb.com/title/tt0218082/
tt0218494	https://www.imdb.com/title/tt0218494/
tt0218987	https://www.imdb.com/title/tt0218987/
tt0221001	https://www.imdb.com/title/tt0221001/
tt0222514	https://www.imdb.com/title/tt0222514/
tt0228829	https://www.imdb.com/title/tt0228829/
tt0229084	https://www.imdb.com/title/tt0229084/
tt0229824	https://www.imdb.com/title/tt0229824/
tt0230418	https://www.imdb.com/title/tt0230418/
tt0230936	https://www.imdb.com/title/tt0230936/
tt0230937	https://www.imdb.com/title/tt0230937/
tt0231125	https://www.imdb.com/title/tt0231125/
tt0231309	https://www.imdb.com/title/tt0231309/
tt0231440	https://www.imdb.com/title/tt0231440/
tt0231505	https://www.imdb.com/title/tt0231505/
tt0231539	https://www.imdb.com/title/tt0231539/
tt0231701	https://www.imdb.com/title/tt0231701/
tt0232091	https://www.imdb.com/title/tt0232091/
tt0232542	https://www.imdb.com/title/tt0232542/
tt0232762	https://www.imdb.com/title/tt0232762/
tt0233195	https://www.imdb.com/title/tt0233195/
tt0233406	https://www.imdb.com/title/tt0233406/
tt0233608	https://www.imdb.com/title/tt0233608/
tt0233609	https://www.imdb.com/title/tt0233609/
tt0233637	https://www.imdb.com/title/tt0233637/
tt0233776	https://www.imdb.com/title/tt0233776/
tt0233975	https://www.imdb.com/title/tt0233975/
tt0234167	https://www.imdb.com/title/tt0234167/
tt0234168	https://www.imdb.com/title/tt0234168/
tt0234925	https://www.imdb.com/title/tt0234925/
tt0234950	https://www.imdb.com/title/tt0234950/
tt0235007	https://www.imdb.com/title/tt0235007/
tt0235111	https://www.imdb.com/title/tt0235111/
tt0235116	https://www.imdb.com/title/tt0235116/
tt0235121	https://www.imdb.com/title/tt0235121/
tt0236265	https://www.imdb.com/title/tt0236265/
tt0236787	https://www.imdb.com/title/tt0236787/
tt0237012	https://www.imdb.com/title/tt0237012/
tt0237016	https://www.imdb.com/title/tt0237016/
tt0238755	https://www.imdb.com/title/tt0238755/
tt0239226	https://www.imdb.com/title/tt0239226/
tt0239237	https://www.imdb.com/title/tt0239237/
tt0239390	https://www.imdb.com/title/tt0239390/
tt0240481	https://www.imdb.com/title/tt0240481/
tt0240564	https://www.imdb.com/title/tt0240564/
tt0240622	https://www.imdb.com/title/tt0240622/
tt0241139	https://www.imdb.com/title/tt0241139/
tt0241594	https://www.imdb.com/title/tt0241594/
tt0241997	https://www.imdb.com/title/tt0241997/
tt0242019	https://www.imdb.com/title/tt0242019/
tt0243052	https://www.imdb.com/title/tt0243052/
tt0243450	https://www.imdb.com/title/tt0243450/
tt0243486	https://www.imdb.com/title/tt0243486/
tt0244418	https://www.imdb.com/title/tt0244418/
tt0244435	https://www.imdb.com/title/tt0244435/
tt0244869	https://www.imdb.com/title/tt0244869/
tt0245310	https://www.imdb.com/title/tt0245310/
tt0245455	https://www.imdb.com/title/tt0245455/
tt0245969	https://www.imdb.com/title/tt0245969/
tt0246259	https://www.imdb.com/title/tt0246259/
tt0247202	https://www.imdb.com/title/tt0247202/
tt0247493	https://www.imdb.com/title/tt0247493/
tt0247649	https://www.imdb.com/title/tt0247649/
tt0247974	https://www.imdb.com/title/tt0247974/
tt0247977	https://www.imdb.com/title/tt0247977/
tt0248387	https://www.imdb.com/title/tt0248387/
tt0250701	https://www.imdb.com/title/tt0250701/
tt0251098	https://www.imdb.com/title/tt0251098/
tt0252275	https://www.imdb.com/title/tt0252275/
tt0252401	https://www.imdb.com/title/tt0252401/
tt0253736	https://www.imdb.com/title/tt0253736/
tt0254161	https://www.imdb.com/title/tt0254161/
tt0254982	https://www.imdb.com/title/tt0254982/
tt0256207	https://www.imdb.com/title/tt0256207/
tt0258424	https://www.imdb.com/title/tt0258424/
tt0259051	https://www.imdb.com/title/tt0259051/
tt0259052	https://www.imdb.com/title/tt0259052/
tt0259059	https://www.imdb.com/title/tt0259059/
tt0259382	https://www.imdb.com/title/tt0259382/
tt0259427	https://www.imdb.com/title/tt0259427/
tt0259474	https://www.imdb.com/title/tt0259474/
tt0259491	https://www.imdb.com/title/tt0259491/
tt0263744	https://www.imdb.com/title/tt0263744/
tt0263766	https://www.imdb.com/title/tt0263766/
tt0264050	https://www.imdb.com/title/tt0264050/
tt0264339	https://www.imdb.com/title/tt0264339/
tt0264514	https://www.imdb.com/title/tt0264514/
tt0264554	https://www.imdb.com/title/tt0264554/
tt0264816	https://www.imdb.com/title/tt0264816/
tt0265419	https://www.imdb.com/title/tt0265419/
tt0265628	https://www.imdb.com/title/tt0265628/
tt0265704	https://www.imdb.com/title/tt0265704/
tt0265788	https://www.imdb.com/title/tt0265788/
tt0266503	https://www.imdb.com/title/tt0266503/
tt0266504	https://www.imdb.com/title/tt0266504/
tt0266506	https://www.imdb.com/title/tt0266506/
tt0266582	https://www.imdb.com/title/tt0266582/
tt0266718	https://www.imdb.com/title/tt0266718/
tt0267523	https://www.imdb.com/title/tt0267523/
tt0268406	https://www.imdb.com/title/tt0268406/
tt0270339	https://www.imdb.com/title/tt0270339/
tt0270740	https://www.imdb.com/title/tt0270740/
tt0274555	https://www.imdb.com/title/tt0274555/
tt0274990	https://www.imdb.com/title/tt0274990/
tt0274997	https://www.imdb.com/title/tt0274997/
tt0279415	https://www.imdb.com/title/tt0279415/
tt0279500	https://www.imdb.com/title/tt0279500/
tt0281552	https://www.imdb.com/title/tt0281552/
tt0281556	https://www.imdb.com/title/tt0281556/
tt0281560	https://www.imdb.com/title/tt0281560/
tt0281778	https://www.imdb.com/title/tt0281778/
tt0281801	https://www.imdb.com/title/tt0281801/
tt0281918	https://www.imdb.com/title/tt0281918/
tt0281925	https://www.imdb.com/title/tt0281925/
tt0281926	https://www.imdb.com/title/tt0281926/
tt0281955	https://www.imdb.com/title/tt0281955/
tt0281959	https://www.imdb.com/title/tt0281959/
tt0281960	https://www.imdb.com/title/tt0281960/
tt0281981	https://www.imdb.com/title/tt0281981/
tt0281988	https://www.imdb.com/title/tt0281988/
tt0281995	https://www.imdb.com/title/tt0281995/
tt0282018	https://www.imdb.com/title/tt0282018/
tt0282167	https://www.imdb.com/title/tt0282167/
tt0284472	https://www.imdb.com/title/tt0284472/
tt0288020	https://www.imdb.com/title/tt0288020/
tt0289170	https://www.imdb.com/title/tt0289170/
tt0290628	https://www.imdb.com/title/tt0290628/
tt0291435	https://www.imdb.com/title/tt0291435/
tt0292395	https://www.imdb.com/title/tt0292395/
tt0298404	https://www.imdb.com/title/tt0298404/
tt0298962	https://www.imdb.com/title/tt0298962/
tt0302761	https://www.imdb.com/title/tt0302761/
tt0302778	https://www.imdb.com/title/tt0302778/
tt0303939	https://www.imdb.com/title/tt0303939/
tt0304282	https://www.imdb.com/title/tt0304282/
tt0304297	https://www.imdb.com/title/tt0304297/
tt0304779	https://www.imdb.com/title/tt0304779/
tt0305636	https://www.imdb.com/title/tt0305636/
tt0305848	https://www.imdb.com/title/tt0305848/
tt0310148	https://www.imdb.com/title/tt0310148/
tt0316708	https://www.imdb.com/title/tt0316708/
tt0317897	https://www.imdb.com/title/tt0317897/
tt0320140	https://www.imdb.com/title/tt0320140/
tt0327973	https://www.imdb.com/title/tt0327973/
tt0331176	https://www.imdb.com/title/tt0331176/
tt0332156	https://www.imdb.com/title/tt0332156/
tt0332164	https://www.imdb.com/title/tt0332164/
tt0332174	https://www.imdb.com/title/tt0332174/
tt0332186	https://www.imdb.com/title/tt0332186/
tt0332305	https://www.imdb.com/title/tt0332305/
tt0332373	https://www.imdb.com/title/tt0332373/
tt0332415	https://www.imdb.com/title/tt0332415/
tt0334652	https://www.imdb.com/title/tt0334652/
tt0337500	https://www.imdb.com/title/tt0337500/
tt0344850	https://www.imdb.com/title/tt0344850/
tt0345459	https://www.imdb.com/title/tt0345459/
tt0346077	https://www.imdb.com/title/tt0346077/
tt0355491	https://www.imdb.com/title/tt0355491/
tt0355588	https://www.imdb.com/title/tt0355588/
tt0355732	https://www.imdb.com/title/tt0355732/
tt0355806	https://www.imdb.com/title/tt0355806/
tt0355807	https://www.imdb.com/title/tt0355807/
tt0358501	https://www.imdb.com/title/tt0358501/
tt0362162	https://www.imdb.com/title/tt0362162/
tt0366754	https://www.imdb.com/title/tt0366754/
tt0369767	https://www.imdb.com/title/tt0369767/
tt0370808	https://www.imdb.com/title/tt0370808/
tt0374061	https://www.imdb.com/title/tt0374061/
tt0374303	https://www.imdb.com/title/tt0374303/
tt0374595	https://www.imdb.com/title/tt0374595/
tt0375967	https://www.imdb.com/title/tt0375967/
tt0376881	https://www.imdb.com/title/tt0376881/
tt0377440	https://www.imdb.com/title/tt0377440/
tt0377502	https://www.imdb.com/title/tt0377502/
tt0378171	https://www.imdb.com/title/tt0378171/
tt0378186	https://www.imdb.com/title/tt0378186/
tt0378204	https://www.imdb.com/title/tt0378204/
tt0378313	https://www.imdb.com/title/tt0378313/
tt0378825	https://www.imdb.com/title/tt0378825/
tt0378979	https://www.imdb.com/title/tt0378979/
tt0382748	https://www.imdb.com/title/tt0382748/
tt0385587	https://www.imdb.com/title/tt0385587/
tt0385911	https://www.imdb.com/title/tt0385911/
tt0385972	https://www.imdb.com/title/tt0385972/
tt0386577	https://www.imdb.com/title/tt0386577/
tt0404752	https://www.imdb.com/title/tt0404752/
tt0405483	https://www.imdb.com/title/tt0405483/
tt0409260	https://www.imdb.com/title/tt0409260/
tt0414897	https://www.imdb.com/title/tt0414897/
tt0416170	https://www.imdb.com/title/tt0416170/
tt0417537	https://www.imdb.com/title/tt0417537/
tt0418281	https://www.imdb.com/title/tt0418281/
tt0418474	https://www.imdb.com/title/tt0418474/
tt0418701	https://www.imdb.com/title/tt0418701/
tt0420141	https://www.imdb.com/title/tt0420141/
tt0420283	https://www.imdb.com/title/tt0420283/
tt0423874	https://www.imdb.com/title/tt0423874/
tt0425667	https://www.imdb.com/title/tt0425667/
tt0427609	https://www.imdb.com/title/tt0427609/
tt0428829	https://www.imdb.com/title/tt0428829/
tt0434349	https://www.imdb.com/title/tt0434349/
tt0435388	https://www.imdb.com/title/tt0435388/
tt0437661	https://www.imdb.com/title/tt0437661/
tt0439841	https://www.imdb.com/title/tt0439841/
tt0452380	https://www.imdb.com/title/tt0452380/
tt0454195	https://www.imdb.com/title/tt0454195/
tt0467130	https://www.imdb.com/title/tt0467130/
tt0484005	https://www.imdb.com/title/tt0484005/
tt0489990	https://www.imdb.com/title/tt0489990/
tt0493601	https://www.imdb.com/title/tt0493601/
tt0495162	https://www.imdb.com/title/tt0495162/
tt0498689	https://www.imdb.com/title/tt0498689/
tt0764865	https://www.imdb.com/title/tt0764865/
tt0786958	https://www.imdb.com/title/tt0786958/
tt0924259	https://www.imdb.com/title/tt0924259/
tt0940739	https://www.imdb.com/title/tt0940739/
tt0943513	https://www.imdb.com/title/tt0943513/
tt0950619	https://www.imdb.com/title/tt0950619/
tt0954353	https://www.imdb.com/title/tt0954353/
tt1003137	https://www.imdb.com/title/tt1003137/
tt10137232	https://www.imdb.com/title/tt10137232/
tt10148824	https://www.imdb.com/title/tt10148824/
tt10149004	https://www.imdb.com/title/tt10149004/
tt10305828	https://www.imdb.com/title/tt10305828/
tt1057881	https://www.imdb.com/title/tt1057881/
tt1062229	https://www.imdb.com/title/tt1062229/
tt10981450	https://www.imdb.com/title/tt10981450/
tt11197358	https://www.imdb.com/title/tt11197358/
tt11400650	https://www.imdb.com/title/tt11400650/
tt11408720	https://www.imdb.com/title/tt11408720/
tt11585768	https://www.imdb.com/title/tt11585768/
tt1162131	https://www.imdb.com/title/tt1162131/
tt11636508	https://www.imdb.com/title/tt11636508/
tt1164578	https://www.imdb.com/title/tt1164578/
tt11698656	https://www.imdb.com/title/tt11698656/
tt11743434	https://www.imdb.com/title/tt11743434/
tt1179896	https://www.imdb.com/title/tt1179896/
tt1201634	https://www.imdb.com/title/tt1201634/
tt1221891	https://www.imdb.com/title/tt1221891/
tt1221971	https://www.imdb.com/title/tt1221971/
tt1223352	https://www.imdb.com/title/tt1223352/
tt1315369	https://www.imdb.com/title/tt1315369/
tt13745884	https://www.imdb.com/title/tt13745884/
tt13782434	https://www.imdb.com/title/tt13782434/
tt13783192	https://www.imdb.com/title/tt13783192/
tt1436461	https://www.imdb.com/title/tt1436461/
tt15535856	https://www.imdb.com/title/tt15535856/
tt1566612	https://www.imdb.com/title/tt1566612/
tt1583261	https://www.imdb.com/title/tt1583261/
tt1764557	https://www.imdb.com/title/tt1764557/
tt1870576	https://www.imdb.com/title/tt1870576/
tt1909315	https://www.imdb.com/title/tt1909315/
tt2056780	https://www.imdb.com/title/tt2056780/
tt2081256	https://www.imdb.com/title/tt2081256/
tt2081323	https://www.imdb.com/title/tt2081323/
tt2081409	https://www.imdb.com/title/tt2081409/
tt21331006	https://www.imdb.com/title/tt21331006/
tt2161373	https://www.imdb.com/title/tt2161373/
tt2182035	https://www.imdb.com/title/tt2182035/
tt2184251	https://www.imdb.com/title/tt2184251/
tt2186921	https://www.imdb.com/title/tt2186921/
tt2210981	https://www.imdb.com/title/tt2210981/
tt2211187	https://www.imdb.com/title/tt2211187/
tt2288165	https://www.imdb.com/title/tt2288165/
tt2457530	https://www.imdb.com/title/tt2457530/
tt2457532	https://www.imdb.com/title/tt2457532/
tt2678766	https://www.imdb.com/title/tt2678766/
tt27468391	https://www.imdb.com/title/tt27468391/
tt28130236	https://www.imdb.com/title/tt28130236/
tt28130242	https://www.imdb.com/title/tt28130242/
tt28142365	https://www.imdb.com/title/tt28142365/
tt28690793	https://www.imdb.com/title/tt28690793/
tt3028096	https://www.imdb.com/title/tt3028096/
tt33064216	https://www.imdb.com/title/tt33064216/
tt3556634	https://www.imdb.com/title/tt3556634/
tt3602910	https://www.imdb.com/title/tt3602910/
tt3603010	https://www.imdb.com/title/tt3603010/
tt3604638	https://www.imdb.com/title/tt3604638/
tt4487016	https://www.imdb.com/title/tt4487016/
tt4637586	https://www.imdb.com/title/tt4637586/
tt4658090	https://www.imdb.com/title/tt4658090/
tt5057732	https://www.imdb.com/title/tt5057732/
tt5059824	https://www.imdb.com/title/tt5059824/
tt5059916	https://www.imdb.com/title/tt5059916/
tt5124436	https://www.imdb.com/title/tt5124436/
tt5330222	https://www.imdb.com/title/tt5330222/
tt5747426	https://www.imdb.com/title/tt5747426/
tt6239144	https://www.imdb.com/title/tt6239144/
tt6331316	https://www.imdb.com/title/tt6331316/
tt6649862	https://www.imdb.com/title/tt6649862/
tt6691246	https://www.imdb.com/title/tt6691246/
tt7214124	https://www.imdb.com/title/tt7214124/
tt7543718	https://www.imdb.com/title/tt7543718/
tt8257438	https://www.imdb.com/title/tt8257438/
tt8710566	https://www.imdb.com/title/tt8710566/
tt8846668	https://www.imdb.com/title/tt8846668/
tt8872332	https://www.imdb.com/title/tt8872332/
tt8886452	https://www.imdb.com/title/tt8886452/
tt8894010	https://www.imdb.com/title/tt8894010/
tt8959064	https://www.imdb.com/title/tt8959064/
tt9301312	https://www.imdb.com/title/tt9301312/
tt9438606	https://www.imdb.com/title/tt9438606/
tt9450580	https://www.imdb.com/title/tt9450580/
tt9450708	https://www.imdb.com/title/tt9450708/
tt9450766	https://www.imdb.com/title/tt9450766/
tt9722992	https://www.imdb.com/title/tt9722992/
tt9844936	https://www.imdb.com/title/tt9844936/
