tconst	imdb_url
tt0029859	https://www.imdb.com/title/tt0029859/
tt0036121	https://www.imdb.com/title/tt0036121/
tt0036343	https://www.imdb.com/title/tt0036343/
tt0036482	https://www.imdb.com/title/tt0036482/
tt0036595	https://www.imdb.com/title/tt0036595/
tt0036598	https://www.imdb.com/title/tt0036598/
tt0037036	https://www.imdb.com/title/tt0037036/
tt0037089	https://www.imdb.com/title/tt0037089/
tt0037307	https://www.imdb.com/title/tt0037307/
tt0037413	https://www.imdb.com/title/tt0037413/
tt0037507	https://www.imdb.com/title/tt0037507/
tt0037624	https://www.imdb.com/title/tt0037624/
tt0037734	https://www.imdb.com/title/tt0037734/
tt0037815	https://www.imdb.com/title/tt0037815/
tt0037981	https://www.imdb.com/title/tt0037981/
tt0038279	https://www.imdb.com/title/tt0038279/
tt0038282	https://www.imdb.com/title/tt0038282/
tt0038287	https://www.imdb.com/title/tt0038287/
tt0038304	https://www.imdb.com/title/tt0038304/
tt0038329	https://www.imdb.com/title/tt0038329/
tt0038335	https://www.imdb.com/title/tt0038335/
tt0038392	https://www.imdb.com/title/tt0038392/
tt0038403	https://www.imdb.com/title/tt0038403/
tt0038408	https://www.imdb.com/title/tt0038408/
tt0038414	https://www.imdb.com/title/tt0038414/
tt0038424	https://www.imdb.com/title/tt0038424/
tt0038437	https://www.imdb.com/title/tt0038437/
tt0038464	https://www.imdb.com/title/tt0038464/
tt0038476	https://www.imdb.com/title/tt0038476/
tt0038488	https://www.imdb.com/title/tt0038488/
tt0038498	https://www.imdb.com/title/tt0038498/
tt0038500	https://www.imdb.com/title/tt0038500/
tt0038506	https://www.imdb.com/title/tt0038506/
tt0038508	https://www.imdb.com/title/tt0038508/
tt0038520	https://www.imdb.com/title/tt0038520/
tt0038523	https://www.imdb.com/title/tt0038523/
tt0038540	https://www.imdb.com/title/tt0038540/
tt0038572	https://www.imdb.com/title/tt0038572/
tt0038625	https://www.imdb.com/title/tt0038625/
tt0038626	https://www.imdb.com/title/tt0038626/
tt0038641	https://www.imdb.com/title/tt0038641/
tt0038730	https://www.imdb.com/title/tt0038730/
tt0038732	https://www.imdb.com/title/tt0038732/
tt0038739	https://www.imdb.com/title/tt0038739/
tt0038761	https://www.imdb.com/title/tt0038761/
tt0038784	https://www.imdb.com/title/tt0038784/
tt0038850	https://www.imdb.com/title/tt0038850/
tt0038858	https://www.imdb.com/title/tt0038858/
tt0038859	https://www.imdb.com/title/tt0038859/
tt0038868	https://www.imdb.com/title/tt0038868/
tt0038888	https://www.imdb.com/title/tt0038888/
tt0038923	https://www.imdb.com/title/tt0038923/
tt0038939	https://www.imdb.com/title/tt0038939/
tt0038942	https://www.imdb.com/title/tt0038942/
tt0038950	https://www.imdb.com/title/tt0038950/
tt0039022	https://www.imdb.com/title/tt0039022/
tt0039044	https://www.imdb.com/title/tt0039044/
tt0039047	https://www.imdb.com/title/tt0039047/
tt0039059	https://www.imdb.com/title/tt0039059/
tt0039079	https://www.imdb.com/title/tt0039079/
tt0039085	https://www.imdb.com/title/tt0039085/
tt0039087	https://www.imdb.com/title/tt0039087/
tt0039102	https://www.imdb.com/title/tt0039102/
tt0039126	https://www.imdb.com/title/tt0039126/
tt0039127	https://www.imdb.com/title/tt0039127/
tt0039128	https://www.imdb.com/title/tt0039128/
tt0039129	https://www.imdb.com/title/tt0039129/
tt0039130	https://www.imdb.com/title/tt0039130/
tt0039132	https://www.imdb.com/title/tt0039132/
tt0039133	https://www.imdb.com/title/tt0039133/
tt0039134	https://www.imdb.com/title/tt0039134/
tt0039137	https://www.imdb.com/title/tt0039137/
tt0039145	https://www.imdb.com/title/tt0039145/
tt0039146	https://www.imdb.com/title/tt0039146/
tt0039152	https://www.imdb.com/title/tt0039152/
tt0039153	https://www.imdb.com/title/tt0039153/
tt0039154	https://www.imdb.com/title/tt0039154/
tt0039155	https://www.imdb.com/title/tt0039155/
tt0039157	https://www.imdb.com/title/tt0039157/
tt0039159	https://www.imdb.com/title/tt0039159/
tt0039160	https://www.imdb.com/title/tt0039160/
tt0039167	https://www.imdb.com/title/tt0039167/
tt0039169	https://www.imdb.com/title/tt0039169/
tt0039170	https://www.imdb.com/title/tt0039170/
tt0039173	https://www.imdb.com/title/tt0039173/
tt0039174	https://www.imdb.com/title/tt0039174/
tt0039175	https://www.imdb.com/title/tt0039175/
tt0039176	https://www.imdb.com/title/tt0039176/
tt0039177	https://www.imdb.com/title/tt0039177/
tt0039178	https://www.imdb.com/title/tt0039178/
tt0039180	https://www.imdb.com/title/tt0039180/
tt0039181	https://www.imdb.com/title/tt0039181/
tt0039185	https://www.imdb.com/title/tt0039185/
tt0039187	https://www.imdb.com/title/tt0039187/
tt0039190	https://www.imdb.com/title/tt0039190/
tt0039191	https://www.imdb.com/title/tt0039191/
tt0039192	https://www.imdb.com/title/tt0039192/
tt0039193	https://www.imdb.com/title/tt0039193/
tt0039194	https://www.imdb.com/title/tt0039194/
tt0039196	https://www.imdb.com/title/tt0039196/
tt0039197	https://www.imdb.com/title/tt0039197/
tt0039198	https://www.imdb.com/title/tt0039198/
tt0039200	https://www.imdb.com/title/tt0039200/
tt0039201	https://www.imdb.com/title/tt0039201/
tt0039202	https://www.imdb.com/title/tt0039202/
tt0039203	https://www.imdb.com/title/tt0039203/
tt0039204	https://www.imdb.com/title/tt0039204/
tt0039205	https://www.imdb.com/title/tt0039205/
tt0039208	https://www.imdb.com/title/tt0039208/
tt0039210	https://www.imdb.com/title/tt0039210/
tt0039211	https://www.imdb.com/title/tt0039211/
tt0039212	https://www.imdb.com/title/tt0039212/
tt0039216	https://www.imdb.com/title/tt0039216/
tt0039217	https://www.imdb.com/title/tt0039217/
tt0039218	https://www.imdb.com/title/tt0039218/
tt0039222	https://www.imdb.com/title/tt0039222/
tt0039223	https://www.imdb.com/title/tt0039223/
tt0039224	https://www.imdb.com/title/tt0039224/
tt0039225	https://www.imdb.com/title/tt0039225/
tt0039226	https://www.imdb.com/title/tt0039226/
tt0039227	https://www.imdb.com/title/tt0039227/
tt0039228	https://www.imdb.com/title/tt0039228/
tt0039229	https://www.imdb.com/title/tt0039229/
tt0039230	https://www.imdb.com/title/tt0039230/
tt0039231	https://www.imdb.com/title/tt0039231/
tt0039232	https://www.imdb.com/title/tt0039232/
tt0039233	https://www.imdb.com/title/tt0039233/
tt0039236	https://www.imdb.com/title/tt0039236/
tt0039237	https://www.imdb.com/title/tt0039237/
tt0039238	https://www.imdb.com/title/tt0039238/
tt0039239	https://www.imdb.com/title/tt0039239/
tt0039240	https://www.imdb.com/title/tt0039240/
tt0039242	https://www.imdb.com/title/tt0039242/
tt0039243	https://www.imdb.com/title/tt0039243/
tt0039244	https://www.imdb.com/title/tt0039244/
tt0039245	https://www.imdb.com/title/tt0039245/
tt0039250	https://www.imdb.com/title/tt0039250/
tt0039254	https://www.imdb.com/title/tt0039254/
tt0039260	https://www.imdb.com/title/tt0039260/
tt0039261	https://www.imdb.com/title/tt0039261/
tt0039262	https://www.imdb.com/title/tt0039262/
tt0039264	https://www.imdb.com/title/tt0039264/
tt0039265	https://www.imdb.com/title/tt0039265/
tt0039266	https://www.imdb.com/title/tt0039266/
tt0039270	https://www.imdb.com/title/tt0039270/
tt0039271	https://www.imdb.com/title/tt0039271/
tt0039272	https://www.imdb.com/title/tt0039272/
tt0039277	https://www.imdb.com/title/tt0039277/
tt0039278	https://www.imdb.com/title/tt0039278/
tt0039279	https://www.imdb.com/title/tt0039279/
tt0039280	https://www.imdb.com/title/tt0039280/
tt0039281	https://www.imdb.com/title/tt0039281/
tt0039283	https://www.imdb.com/title/tt0039283/
tt0039284	https://www.imdb.com/title/tt0039284/
tt0039286	https://www.imdb.com/title/tt0039286/
tt0039288	https://www.imdb.com/title/tt0039288/
tt0039289	https://www.imdb.com/title/tt0039289/
tt0039290	https://www.imdb.com/title/tt0039290/
tt0039292	https://www.imdb.com/title/tt0039292/
tt0039293	https://www.imdb.com/title/tt0039293/
tt0039294	https://www.imdb.com/title/tt0039294/
tt0039295	https://www.imdb.com/title/tt0039295/
tt0039297	https://www.imdb.com/title/tt0039297/
tt0039298	https://www.imdb.com/title/tt0039298/
tt0039299	https://www.imdb.com/title/tt0039299/
tt0039300	https://www.imdb.com/title/tt0039300/
tt0039301	https://www.imdb.com/title/tt0039301/
tt0039302	https://www.imdb.com/title/tt0039302/
tt0039306	https://www.imdb.com/title/tt0039306/
tt0039307	https://www.imdb.com/title/tt0039307/
tt0039308	https://www.imdb.com/title/tt0039308/
tt0039309	https://www.imdb.com/title/tt0039309/
tt0039311	https://www.imdb.com/title/tt0039311/
tt0039312	https://www.imdb.com/title/tt0039312/
tt0039313	https://www.imdb.com/title/tt0039313/
tt0039314	https://www.imdb.com/title/tt0039314/
tt0039315	https://www.imdb.com/title/tt0039315/
tt0039316	https://www.imdb.com/title/tt0039316/
tt0039317	https://www.imdb.com/title/tt0039317/
tt0039318	https://www.imdb.com/title/tt0039318/
tt0039319	https://www.imdb.com/title/tt0039319/
tt0039320	https://www.imdb.com/title/tt0039320/
tt0039321	https://www.imdb.com/title/tt0039321/
tt0039322	https://www.imdb.com/title/tt0039322/
tt0039323	https://www.imdb.com/title/tt0039323/
tt0039324	https://www.imdb.com/title/tt0039324/
tt0039325	https://www.imdb.com/title/tt0039325/
tt0039327	https://www.imdb.com/title/tt0039327/
tt0039330	https://www.imdb.com/title/tt0039330/
tt0039332	https://www.imdb.com/title/tt0039332/
tt0039334	https://www.imdb.com/title/tt0039334/
tt0039335	https://www.imdb.com/title/tt0039335/
tt0039336	https://www.imdb.com/title/tt0039336/
tt0039337	https://www.imdb.com/title/tt0039337/
tt0039339	https://www.imdb.com/title/tt0039339/
tt0039340	https://www.imdb.com/title/tt0039340/
tt0039341	https://www.imdb.com/title/tt0039341/
tt0039342	https://www.imdb.com/title/tt0039342/
tt0039343	https://www.imdb.com/title/tt0039343/
tt0039346	https://www.imdb.com/title/tt0039346/
tt0039349	https://www.imdb.com/title/tt0039349/
tt0039351	https://www.imdb.com/title/tt0039351/
tt0039352	https://www.imdb.com/title/tt0039352/
tt0039354	https://www.imdb.com/title/tt0039354/
tt0039356	https://www.imdb.com/title/tt0039356/
tt0039357	https://www.imdb.com/title/tt0039357/
tt0039360	https://www.imdb.com/title/tt0039360/
tt0039361	https://www.imdb.com/title/tt0039361/
tt0039362	https://www.imdb.com/title/tt0039362/
tt0039364	https://www.imdb.com/title/tt0039364/
tt0039365	https://www.imdb.com/title/tt0039365/
tt0039366	https://www.imdb.com/title/tt0039366/
tt0039367	https://www.imdb.com/title/tt0039367/
tt0039368	https://www.imdb.com/title/tt0039368/
tt0039369	https://www.imdb.com/title/tt0039369/
tt0039370	https://www.imdb.com/title/tt0039370/
tt0039371	https://www.imdb.com/title/tt0039371/
tt0039377	https://www.imdb.com/title/tt0039377/
tt0039380	https://www.imdb.com/title/tt0039380/
tt0039381	https://www.imdb.com/title/tt0039381/
tt0039385	https://www.imdb.com/title/tt0039385/
tt0039386	https://www.imdb.com/title/tt0039386/
tt0039387	https://www.imdb.com/title/tt0039387/
tt0039388	https://www.imdb.com/title/tt0039388/
tt0039389	https://www.imdb.com/title/tt0039389/
tt0039390	https://www.imdb.com/title/tt0039390/
tt0039391	https://www.imdb.com/title/tt0039391/
tt0039392	https://www.imdb.com/title/tt0039392/
tt0039394	https://www.imdb.com/title/tt0039394/
tt0039396	https://www.imdb.com/title/tt0039396/
tt0039397	https://www.imdb.com/title/tt0039397/
tt0039398	https://www.imdb.com/title/tt0039398/
tt0039400	https://www.imdb.com/title/tt0039400/
tt0039401	https://www.imdb.com/title/tt0039401/
tt0039402	https://www.imdb.com/title/tt0039402/
tt0039403	https://www.imdb.com/title/tt0039403/
tt0039404	https://www.imdb.com/title/tt0039404/
tt0039405	https://www.imdb.com/title/tt0039405/
tt0039406	https://www.imdb.com/title/tt0039406/
tt0039407	https://www.imdb.com/title/tt0039407/
tt0039408	https://www.imdb.com/title/tt0039408/
tt0039410	https://www.imdb.com/title/tt0039410/
tt0039411	https://www.imdb.com/title/tt0039411/
tt0039412	https://www.imdb.com/title/tt0039412/
tt0039413	https://www.imdb.com/title/tt0039413/
tt0039415	https://www.imdb.com/title/tt0039415/
tt0039416	https://www.imdb.com/title/tt0039416/
tt0039418	https://www.imdb.com/title/tt0039418/
tt0039419	https://www.imdb.com/title/tt0039419/
tt0039420	https://www.imdb.com/title/tt0039420/
tt0039421	https://www.imdb.com/title/tt0039421/
tt0039423	https://www.imdb.com/title/tt0039423/
tt0039427	https://www.imdb.com/title/tt0039427/
tt0039428	https://www.imdb.com/title/tt0039428/
tt0039431	https://www.imdb.com/title/tt0039431/
tt0039434	https://www.imdb.com/title/tt0039434/
tt0039435	https://www.imdb.com/title/tt0039435/
tt0039437	https://www.imdb.com/title/tt0039437/
tt0039438	https://www.imdb.com/title/tt0039438/
tt0039439	https://www.imdb.com/title/tt0039439/
tt0039440	https://www.imdb.com/title/tt0039440/
tt0039441	https://www.imdb.com/title/tt0039441/
tt0039443	https://www.imdb.com/title/tt0039443/
tt0039447	https://www.imdb.com/title/tt0039447/
tt0039449	https://www.imdb.com/title/tt0039449/
tt0039451	https://www.imdb.com/title/tt0039451/
tt0039452	https://www.imdb.com/title/tt0039452/
tt0039453	https://www.imdb.com/title/tt0039453/
tt0039454	https://www.imdb.com/title/tt0039454/
tt0039456	https://www.imdb.com/title/tt0039456/
tt0039459	https://www.imdb.com/title/tt0039459/
tt0039460	https://www.imdb.com/title/tt0039460/
tt0039461	https://www.imdb.com/title/tt0039461/
tt0039462	https://www.imdb.com/title/tt0039462/
tt0039463	https://www.imdb.com/title/tt0039463/
tt0039464	https://www.imdb.com/title/tt0039464/
tt0039465	https://www.imdb.com/title/tt0039465/
tt0039467	https://www.imdb.com/title/tt0039467/
tt0039469	https://www.imdb.com/title/tt0039469/
tt0039470	https://www.imdb.com/title/tt0039470/
tt0039471	https://www.imdb.com/title/tt0039471/
tt0039472	https://www.imdb.com/title/tt0039472/
tt0039473	https://www.imdb.com/title/tt0039473/
tt0039477	https://www.imdb.com/title/tt0039477/
tt0039478	https://www.imdb.com/title/tt0039478/
tt0039479	https://www.imdb.com/title/tt0039479/
tt0039480	https://www.imdb.com/title/tt0039480/
tt0039481	https://www.imdb.com/title/tt0039481/
tt0039482	https://www.imdb.com/title/tt0039482/
tt0039483	https://www.imdb.com/title/tt0039483/
tt0039484	https://www.imdb.com/title/tt0039484/
tt0039485	https://www.imdb.com/title/tt0039485/
tt0039486	https://www.imdb.com/title/tt0039486/
tt0039490	https://www.imdb.com/title/tt0039490/
tt0039491	https://www.imdb.com/title/tt0039491/
tt0039492	https://www.imdb.com/title/tt0039492/
tt0039495	https://www.imdb.com/title/tt0039495/
tt0039496	https://www.imdb.com/title/tt0039496/
tt0039498	https://www.imdb.com/title/tt0039498/
tt0039499	https://www.imdb.com/title/tt0039499/
tt0039500	https://www.imdb.com/title/tt0039500/
tt0039501	https://www.imdb.com/title/tt0039501/
tt0039502	https://www.imdb.com/title/tt0039502/
tt0039503	https://www.imdb.com/title/tt0039503/
tt0039504	https://www.imdb.com/title/tt0039504/
tt0039505	https://www.imdb.com/title/tt0039505/
tt0039506	https://www.imdb.com/title/tt0039506/
tt0039507	https://www.imdb.com/title/tt0039507/
tt0039508	https://www.imdb.com/title/tt0039508/
tt0039509	https://www.imdb.com/title/tt0039509/
tt0039510	https://www.imdb.com/title/tt0039510/
tt0039511	https://www.imdb.com/title/tt0039511/
tt0039512	https://www.imdb.com/title/tt0039512/
tt0039513	https://www.imdb.com/title/tt0039513/
tt0039514	https://www.imdb.com/title/tt0039514/
tt0039515	https://www.imdb.com/title/tt0039515/
tt0039516	https://www.imdb.com/title/tt0039516/
tt0039519	https://www.imdb.com/title/tt0039519/
tt0039521	https://www.imdb.com/title/tt0039521/
tt0039522	https://www.imdb.com/title/tt0039522/
tt0039523	https://www.imdb.com/title/tt0039523/
tt0039526	https://www.imdb.com/title/tt0039526/
tt0039527	https://www.imdb.com/title/tt0039527/
tt0039528	https://www.imdb.com/title/tt0039528/
tt0039529	https://www.imdb.com/title/tt0039529/
tt0039530	https://www.imdb.com/title/tt0039530/
tt0039531	https://www.imdb.com/title/tt0039531/
tt0039532	https://www.imdb.com/title/tt0039532/
tt0039533	https://www.imdb.com/title/tt0039533/
tt0039534	https://www.imdb.com/title/tt0039534/
tt0039536	https://www.imdb.com/title/tt0039536/
tt0039537	https://www.imdb.com/title/tt0039537/
tt0039538	https://www.imdb.com/title/tt0039538/
tt0039540	https://www.imdb.com/title/tt0039540/
tt0039541	https://www.imdb.com/title/tt0039541/
tt0039542	https://www.imdb.com/title/tt0039542/
tt0039543	https://www.imdb.com/title/tt0039543/
tt0039544	https://www.imdb.com/title/tt0039544/
tt0039548	https://www.imdb.com/title/tt0039548/
tt0039551	https://www.imdb.com/title/tt0039551/
tt0039552	https://www.imdb.com/title/tt0039552/
tt0039553	https://www.imdb.com/title/tt0039553/
tt0039554	https://www.imdb.com/title/tt0039554/
tt0039555	https://www.imdb.com/title/tt0039555/
tt0039556	https://www.imdb.com/title/tt0039556/
tt0039557	https://www.imdb.com/title/tt0039557/
tt0039558	https://www.imdb.com/title/tt0039558/
tt0039559	https://www.imdb.com/title/tt0039559/
tt0039562	https://www.imdb.com/title/tt0039562/
tt0039563	https://www.imdb.com/title/tt0039563/
tt0039564	https://www.imdb.com/title/tt0039564/
tt0039566	https://www.imdb.com/title/tt0039566/
tt0039567	https://www.imdb.com/title/tt0039567/
tt0039568	https://www.imdb.com/title/tt0039568/
tt0039569	https://www.imdb.com/title/tt0039569/
tt0039570	https://www.imdb.com/title/tt0039570/
tt0039571	https://www.imdb.com/title/tt0039571/
tt0039573	https://www.imdb.com/title/tt0039573/
tt0039574	https://www.imdb.com/title/tt0039574/
tt0039577	https://www.imdb.com/title/tt0039577/
tt0039578	https://www.imdb.com/title/tt0039578/
tt0039579	https://www.imdb.com/title/tt0039579/
tt0039580	https://www.imdb.com/title/tt0039580/
tt0039581	https://www.imdb.com/title/tt0039581/
tt0039582	https://www.imdb.com/title/tt0039582/
tt0039583	https://www.imdb.com/title/tt0039583/
tt0039584	https://www.imdb.com/title/tt0039584/
tt0039585	https://www.imdb.com/title/tt0039585/
tt0039586	https://www.imdb.com/title/tt0039586/
tt0039587	https://www.imdb.com/title/tt0039587/
tt0039588	https://www.imdb.com/title/tt0039588/
tt0039589	https://www.imdb.com/title/tt0039589/
tt0039590	https://www.imdb.com/title/tt0039590/
tt0039591	https://www.imdb.com/title/tt0039591/
tt0039595	https://www.imdb.com/title/tt0039595/
tt0039597	https://www.imdb.com/title/tt0039597/
tt0039598	https://www.imdb.com/title/tt0039598/
tt0039599	https://www.imdb.com/title/tt0039599/
tt0039600	https://www.imdb.com/title/tt0039600/
tt0039601	https://www.imdb.com/title/tt0039601/
tt0039603	https://www.imdb.com/title/tt0039603/
tt0039607	https://www.imdb.com/title/tt0039607/
tt0039608	https://www.imdb.com/title/tt0039608/
tt0039609	https://www.imdb.com/title/tt0039609/
tt0039610	https://www.imdb.com/title/tt0039610/
tt0039611	https://www.imdb.com/title/tt0039611/
tt0039612	https://www.imdb.com/title/tt0039612/
tt0039614	https://www.imdb.com/title/tt0039614/
tt0039615	https://www.imdb.com/title/tt0039615/
tt0039616	https://www.imdb.com/title/tt0039616/
tt0039619	https://www.imdb.com/title/tt0039619/
tt0039621	https://www.imdb.com/title/tt0039621/
tt0039622	https://www.imdb.com/title/tt0039622/
tt0039625	https://www.imdb.com/title/tt0039625/
tt0039626	https://www.imdb.com/title/tt0039626/
tt0039627	https://www.imdb.com/title/tt0039627/
tt0039628	https://www.imdb.com/title/tt0039628/
tt0039630	https://www.imdb.com/title/tt0039630/
tt0039631	https://www.imdb.com/title/tt0039631/
tt0039632	https://www.imdb.com/title/tt0039632/
tt0039634	https://www.imdb.com/title/tt0039634/
tt0039636	https://www.imdb.com/title/tt0039636/
tt0039639	https://www.imdb.com/title/tt0039639/
tt0039644	https://www.imdb.com/title/tt0039644/
tt0039645	https://www.imdb.com/title/tt0039645/
tt0039647	https://www.imdb.com/title/tt0039647/
tt0039649	https://www.imdb.com/title/tt0039649/
tt0039650	https://www.imdb.com/title/tt0039650/
tt0039651	https://www.imdb.com/title/tt0039651/
tt0039652	https://www.imdb.com/title/tt0039652/
tt0039653	https://www.imdb.com/title/tt0039653/
tt0039654	https://www.imdb.com/title/tt0039654/
tt0039655	https://www.imdb.com/title/tt0039655/
tt0039656	https://www.imdb.com/title/tt0039656/
tt0039657	https://www.imdb.com/title/tt0039657/
tt0039659	https://www.imdb.com/title/tt0039659/
tt0039661	https://www.imdb.com/title/tt0039661/
tt0039662	https://www.imdb.com/title/tt0039662/
tt0039664	https://www.imdb.com/title/tt0039664/
tt0039666	https://www.imdb.com/title/tt0039666/
tt0039667	https://www.imdb.com/title/tt0039667/
tt0039670	https://www.imdb.com/title/tt0039670/
tt0039673	https://www.imdb.com/title/tt0039673/
tt0039674	https://www.imdb.com/title/tt0039674/
tt0039675	https://www.imdb.com/title/tt0039675/
tt0039676	https://www.imdb.com/title/tt0039676/
tt0039677	https://www.imdb.com/title/tt0039677/
tt0039678	https://www.imdb.com/title/tt0039678/
tt0039680	https://www.imdb.com/title/tt0039680/
tt0039682	https://www.imdb.com/title/tt0039682/
tt0039683	https://www.imdb.com/title/tt0039683/
tt0039684	https://www.imdb.com/title/tt0039684/
tt0039685	https://www.imdb.com/title/tt0039685/
tt0039686	https://www.imdb.com/title/tt0039686/
tt0039688	https://www.imdb.com/title/tt0039688/
tt0039689	https://www.imdb.com/title/tt0039689/
tt0039690	https://www.imdb.com/title/tt0039690/
tt0039693	https://www.imdb.com/title/tt0039693/
tt0039694	https://www.imdb.com/title/tt0039694/
tt0039696	https://www.imdb.com/title/tt0039696/
tt0039698	https://www.imdb.com/title/tt0039698/
tt0039699	https://www.imdb.com/title/tt0039699/
tt0039701	https://www.imdb.com/title/tt0039701/
tt0039702	https://www.imdb.com/title/tt0039702/
tt0039703	https://www.imdb.com/title/tt0039703/
tt0039704	https://www.imdb.com/title/tt0039704/
tt0039705	https://www.imdb.com/title/tt0039705/
tt0039706	https://www.imdb.com/title/tt0039706/
tt0039708	https://www.imdb.com/title/tt0039708/
tt0039709	https://www.imdb.com/title/tt0039709/
tt0039710	https://www.imdb.com/title/tt0039710/
tt0039716	https://www.imdb.com/title/tt0039716/
tt0039717	https://www.imdb.com/title/tt0039717/
tt0039725	https://www.imdb.com/title/tt0039725/
tt0039727	https://www.imdb.com/title/tt0039727/
tt0039728	https://www.imdb.com/title/tt0039728/
tt0039729	https://www.imdb.com/title/tt0039729/
tt0039730	https://www.imdb.com/title/tt0039730/
tt0039732	https://www.imdb.com/title/tt0039732/
tt0039733	https://www.imdb.com/title/tt0039733/
tt0039734	https://www.imdb.com/title/tt0039734/
tt0039735	https://www.imdb.com/title/tt0039735/
tt0039737	https://www.imdb.com/title/tt0039737/
tt0039739	https://www.imdb.com/title/tt0039739/
tt0039746	https://www.imdb.com/title/tt0039746/
tt0039748	https://www.imdb.com/title/tt0039748/
tt0039749	https://www.imdb.com/title/tt0039749/
tt0039750	https://www.imdb.com/title/tt0039750/
tt0039751	https://www.imdb.com/title/tt0039751/
tt0039752	https://www.imdb.com/title/tt0039752/
tt0039757	https://www.imdb.com/title/tt0039757/
tt0039758	https://www.imdb.com/title/tt0039758/
tt0039759	https://www.imdb.com/title/tt0039759/
tt0039760	https://www.imdb.com/title/tt0039760/
tt0039761	https://www.imdb.com/title/tt0039761/
tt0039763	https://www.imdb.com/title/tt0039763/
tt0039764	https://www.imdb.com/title/tt0039764/
tt0039768	https://www.imdb.com/title/tt0039768/
tt0039769	https://www.imdb.com/title/tt0039769/
tt0039770	https://www.imdb.com/title/tt0039770/
tt0039771	https://www.imdb.com/title/tt0039771/
tt0039772	https://www.imdb.com/title/tt0039772/
tt0039773	https://www.imdb.com/title/tt0039773/
tt0039774	https://www.imdb.com/title/tt0039774/
tt0039776	https://www.imdb.com/title/tt0039776/
tt0039777	https://www.imdb.com/title/tt0039777/
tt0039779	https://www.imdb.com/title/tt0039779/
tt0039780	https://www.imdb.com/title/tt0039780/
tt0039781	https://www.imdb.com/title/tt0039781/
tt0039783	https://www.imdb.com/title/tt0039783/
tt0039784	https://www.imdb.com/title/tt0039784/
tt0039786	https://www.imdb.com/title/tt0039786/
tt0039787	https://www.imdb.com/title/tt0039787/
tt0039789	https://www.imdb.com/title/tt0039789/
tt0039791	https://www.imdb.com/title/tt0039791/
tt0039795	https://www.imdb.com/title/tt0039795/
tt0039799	https://www.imdb.com/title/tt0039799/
tt0039803	https://www.imdb.com/title/tt0039803/
tt0039805	https://www.imdb.com/title/tt0039805/
tt0039806	https://www.imdb.com/title/tt0039806/
tt0039807	https://www.imdb.com/title/tt0039807/
tt0039808	https://www.imdb.com/title/tt0039808/
tt0039809	https://www.imdb.com/title/tt0039809/
tt0039810	https://www.imdb.com/title/tt0039810/
tt0039811	https://www.imdb.com/title/tt0039811/
tt0039812	https://www.imdb.com/title/tt0039812/
tt0039813	https://www.imdb.com/title/tt0039813/
tt0039815	https://www.imdb.com/title/tt0039815/
tt0039816	https://www.imdb.com/title/tt0039816/
tt0039817	https://www.imdb.com/title/tt0039817/
tt0039818	https://www.imdb.com/title/tt0039818/
tt0039819	https://www.imdb.com/title/tt0039819/
tt0039820	https://www.imdb.com/title/tt0039820/
tt0039821	https://www.imdb.com/title/tt0039821/
tt0039823	https://www.imdb.com/title/tt0039823/
tt0039824	https://www.imdb.com/title/tt0039824/
tt0039825	https://www.imdb.com/title/tt0039825/
tt0039826	https://www.imdb.com/title/tt0039826/
tt0039827	https://www.imdb.com/title/tt0039827/
tt0039829	https://www.imdb.com/title/tt0039829/
tt0039831	https://www.imdb.com/title/tt0039831/
tt0039832	https://www.imdb.com/title/tt0039832/
tt0039834	https://www.imdb.com/title/tt0039834/
tt0039836	https://www.imdb.com/title/tt0039836/
tt0039837	https://www.imdb.com/title/tt0039837/
tt0039840	https://www.imdb.com/title/tt0039840/
tt0039841	https://www.imdb.com/title/tt0039841/
tt0039842	https://www.imdb.com/title/tt0039842/
tt0039846	https://www.imdb.com/title/tt0039846/
tt0039847	https://www.imdb.com/title/tt0039847/
tt0039848	https://www.imdb.com/title/tt0039848/
tt0039849	https://www.imdb.com/title/tt0039849/
tt0039850	https://www.imdb.com/title/tt0039850/
tt0039852	https://www.imdb.com/title/tt0039852/
tt0039853	https://www.imdb.com/title/tt0039853/
tt0039855	https://www.imdb.com/title/tt0039855/
tt0039856	https://www.imdb.com/title/tt0039856/
tt0039857	https://www.imdb.com/title/tt0039857/
tt0039858	https://www.imdb.com/title/tt0039858/
tt0039859	https://www.imdb.com/title/tt0039859/
tt0039860	https://www.imdb.com/title/tt0039860/
tt0039861	https://www.imdb.com/title/tt0039861/
tt0039862	https://www.imdb.com/title/tt0039862/
tt0039864	https://www.imdb.com/title/tt0039864/
tt0039865	https://www.imdb.com/title/tt0039865/
tt0039866	https://www.imdb.com/title/tt0039866/
tt0039867	https://www.imdb.com/title/tt0039867/
tt0039868	https://www.imdb.com/title/tt0039868/
tt0039869	https://www.imdb.com/title/tt0039869/
tt0039871	https://www.imdb.com/title/tt0039871/
tt0039872	https://www.imdb.com/title/tt0039872/
tt0039873	https://www.imdb.com/title/tt0039873/
tt0039874	https://www.imdb.com/title/tt0039874/
tt0039875	https://www.imdb.com/title/tt0039875/
tt0039876	https://www.imdb.com/title/tt0039876/
tt0039879	https://www.imdb.com/title/tt0039879/
tt0039880	https://www.imdb.com/title/tt0039880/
tt0039881	https://www.imdb.com/title/tt0039881/
tt0039882	https://www.imdb.com/title/tt0039882/
tt0039883	https://www.imdb.com/title/tt0039883/
tt0039886	https://www.imdb.com/title/tt0039886/
tt0039887	https://www.imdb.com/title/tt0039887/
tt0039889	https://www.imdb.com/title/tt0039889/
tt0039892	https://www.imdb.com/title/tt0039892/
tt0039893	https://www.imdb.com/title/tt0039893/
tt0039894	https://www.imdb.com/title/tt0039894/
tt0039895	https://www.imdb.com/title/tt0039895/
tt0039896	https://www.imdb.com/title/tt0039896/
tt0039898	https://www.imdb.com/title/tt0039898/
tt0039899	https://www.imdb.com/title/tt0039899/
tt0039901	https://www.imdb.com/title/tt0039901/
tt0039902	https://www.imdb.com/title/tt0039902/
tt0039903	https://www.imdb.com/title/tt0039903/
tt0039905	https://www.imdb.com/title/tt0039905/
tt0039906	https://www.imdb.com/title/tt0039906/
tt0039908	https://www.imdb.com/title/tt0039908/
tt0039909	https://www.imdb.com/title/tt0039909/
tt0039910	https://www.imdb.com/title/tt0039910/
tt0039913	https://www.imdb.com/title/tt0039913/
tt0039914	https://www.imdb.com/title/tt0039914/
tt0039915	https://www.imdb.com/title/tt0039915/
tt0039917	https://www.imdb.com/title/tt0039917/
tt0039918	https://www.imdb.com/title/tt0039918/
tt0039920	https://www.imdb.com/title/tt0039920/
tt0039921	https://www.imdb.com/title/tt0039921/
tt0039922	https://www.imdb.com/title/tt0039922/
tt0039924	https://www.imdb.com/title/tt0039924/
tt0039926	https://www.imdb.com/title/tt0039926/
tt0039927	https://www.imdb.com/title/tt0039927/
tt0039929	https://www.imdb.com/title/tt0039929/
tt0039931	https://www.imdb.com/title/tt0039931/
tt0039932	https://www.imdb.com/title/tt0039932/
tt0039933	https://www.imdb.com/title/tt0039933/
tt0039934	https://www.imdb.com/title/tt0039934/
tt0039935	https://www.imdb.com/title/tt0039935/
tt0039936	https://www.imdb.com/title/tt0039936/
tt0039937	https://www.imdb.com/title/tt0039937/
tt0039938	https://www.imdb.com/title/tt0039938/
tt0039940	https://www.imdb.com/title/tt0039940/
tt0039941	https://www.imdb.com/title/tt0039941/
tt0039942	https://www.imdb.com/title/tt0039942/
tt0039947	https://www.imdb.com/title/tt0039947/
tt0039948	https://www.imdb.com/title/tt0039948/
tt0039949	https://www.imdb.com/title/tt0039949/
tt0039950	https://www.imdb.com/title/tt0039950/
tt0039951	https://www.imdb.com/title/tt0039951/
tt0039954	https://www.imdb.com/title/tt0039954/
tt0039957	https://www.imdb.com/title/tt0039957/
tt0039958	https://www.imdb.com/title/tt0039958/
tt0039959	https://www.imdb.com/title/tt0039959/
tt0039960	https://www.imdb.com/title/tt0039960/
tt0039966	https://www.imdb.com/title/tt0039966/
tt0039967	https://www.imdb.com/title/tt0039967/
tt0039969	https://www.imdb.com/title/tt0039969/
tt0039970	https://www.imdb.com/title/tt0039970/
tt0039971	https://www.imdb.com/title/tt0039971/
tt0039972	https://www.imdb.com/title/tt0039972/
tt0039973	https://www.imdb.com/title/tt0039973/
tt0039975	https://www.imdb.com/title/tt0039975/
tt0039976	https://www.imdb.com/title/tt0039976/
tt0039977	https://www.imdb.com/title/tt0039977/
tt0039978	https://www.imdb.com/title/tt0039978/
tt0039979	https://www.imdb.com/title/tt0039979/
tt0039980	https://www.imdb.com/title/tt0039980/
tt0039981	https://www.imdb.com/title/tt0039981/
tt0039982	https://www.imdb.com/title/tt0039982/
tt0039984	https://www.imdb.com/title/tt0039984/
tt0039985	https://www.imdb.com/title/tt0039985/
tt0039986	https://www.imdb.com/title/tt0039986/
tt0039989	https://www.imdb.com/title/tt0039989/
tt0039991	https://www.imdb.com/title/tt0039991/
tt0039993	https://www.imdb.com/title/tt0039993/
tt0039994	https://www.imdb.com/title/tt0039994/
tt0039995	https://www.imdb.com/title/tt0039995/
tt0039998	https://www.imdb.com/title/tt0039998/
tt0039999	https://www.imdb.com/title/tt0039999/
tt0040000	https://www.imdb.com/title/tt0040000/
tt0040001	https://www.imdb.com/title/tt0040001/
tt0040004	https://www.imdb.com/title/tt0040004/
tt0040006	https://www.imdb.com/title/tt0040006/
tt0040007	https://www.imdb.com/title/tt0040007/
tt0040008	https://www.imdb.com/title/tt0040008/
tt0040009	https://www.imdb.com/title/tt0040009/
tt0040010	https://www.imdb.com/title/tt0040010/
tt0040012	https://www.imdb.com/title/tt0040012/
tt0040013	https://www.imdb.com/title/tt0040013/
tt0040014	https://www.imdb.com/title/tt0040014/
tt0040015	https://www.imdb.com/title/tt0040015/
tt0040016	https://www.imdb.com/title/tt0040016/
tt0040017	https://www.imdb.com/title/tt0040017/
tt0040020	https://www.imdb.com/title/tt0040020/
tt0040089	https://www.imdb.com/title/tt0040089/
tt0040169	https://www.imdb.com/title/tt0040169/
tt0040191	https://www.imdb.com/title/tt0040191/
tt0040194	https://www.imdb.com/title/tt0040194/
tt0040267	https://www.imdb.com/title/tt0040267/
tt0040285	https://www.imdb.com/title/tt0040285/
tt0040314	https://www.imdb.com/title/tt0040314/
tt0040336	https://www.imdb.com/title/tt0040336/
tt0040443	https://www.imdb.com/title/tt0040443/
tt0040481	https://www.imdb.com/title/tt0040481/
tt0040518	https://www.imdb.com/title/tt0040518/
tt0040525	https://www.imdb.com/title/tt0040525/
tt0040563	https://www.imdb.com/title/tt0040563/
tt0040637	https://www.imdb.com/title/tt0040637/
tt0040638	https://www.imdb.com/title/tt0040638/
tt0040642	https://www.imdb.com/title/tt0040642/
tt0040683	https://www.imdb.com/title/tt0040683/
tt0040753	https://www.imdb.com/title/tt0040753/
tt0040766	https://www.imdb.com/title/tt0040766/
tt0040800	https://www.imdb.com/title/tt0040800/
tt0040937	https://www.imdb.com/title/tt0040937/
tt0040972	https://www.imdb.com/title/tt0040972/
tt0040988	https://www.imdb.com/title/tt0040988/
tt0041645	https://www.imdb.com/title/tt0041645/
tt0041875	https://www.imdb.com/title/tt0041875/
tt0041876	https://www.imdb.com/title/tt0041876/
tt0042180	https://www.imdb.com/title/tt0042180/
tt0042728	https://www.imdb.com/title/tt0042728/
tt0046221	https://www.imdb.com/title/tt0046221/
tt0046933	https://www.imdb.com/title/tt0046933/
tt0050604	https://www.imdb.com/title/tt0050604/
tt0051609	https://www.imdb.com/title/tt0051609/
tt0094402	https://www.imdb.com/title/tt0094402/
tt0121559	https://www.imdb.com/title/tt0121559/
tt0122100	https://www.imdb.com/title/tt0122100/
tt0123006	https://www.imdb.com/title/tt0123006/
tt0123266	https://www.imdb.com/title/tt0123266/
tt0124062	https://www.imdb.com/title/tt0124062/
tt0124876	https://www.imdb.com/title/tt0124876/
tt0125420	https://www.imdb.com/title/tt0125420/
tt0125483	https://www.imdb.com/title/tt0125483/
tt0127666	https://www.imdb.com/title/tt0127666/
tt0127681	https://www.imdb.com/title/tt0127681/
tt0129730	https://www.imdb.com/title/tt0129730/
tt0129811	https://www.imdb.com/title/tt0129811/
tt0129819	https://www.imdb.com/title/tt0129819/
tt0129820	https://www.imdb.com/title/tt0129820/
tt0129844	https://www.imdb.com/title/tt0129844/
tt0129845	https://www.imdb.com/title/tt0129845/
tt0129848	https://www.imdb.com/title/tt0129848/
tt0129849	https://www.imdb.com/title/tt0129849/
tt0129869	https://www.imdb.com/title/tt0129869/
tt0129876	https://www.imdb.com/title/tt0129876/
tt0129896	https://www.imdb.com/title/tt0129896/
tt0129906	https://www.imdb.com/title/tt0129906/
tt0129930	https://www.imdb.com/title/tt0129930/
tt0129974	https://www.imdb.com/title/tt0129974/
tt0130020	https://www.imdb.com/title/tt0130020/
tt0130043	https://www.imdb.com/title/tt0130043/
tt0130050	https://www.imdb.com/title/tt0130050/
tt0130051	https://www.imdb.com/title/tt0130051/
tt0130060	https://www.imdb.com/title/tt0130060/
tt0130102	https://www.imdb.com/title/tt0130102/
tt0130157	https://www.imdb.com/title/tt0130157/
tt0130237	https://www.imdb.com/title/tt0130237/
tt0130252	https://www.imdb.com/title/tt0130252/
tt0130259	https://www.imdb.com/title/tt0130259/
tt0130260	https://www.imdb.com/title/tt0130260/
tt0130261	https://www.imdb.com/title/tt0130261/
tt0130323	https://www.imdb.com/title/tt0130323/
tt0130346	https://www.imdb.com/title/tt0130346/
tt0130373	https://www.imdb.com/title/tt0130373/
tt0130374	https://www.imdb.com/title/tt0130374/
tt0131005	https://www.imdb.com/title/tt0131005/
tt0131989	https://www.imdb.com/title/tt0131989/
tt0133126	https://www.imdb.com/title/tt0133126/
tt0133151	https://www.imdb.com/title/tt0133151/
tt0133347	https://www.imdb.com/title/tt0133347/
tt0133846	https://www.imdb.com/title/tt0133846/
tt0133909	https://www.imdb.com/title/tt0133909/
tt0133928	https://www.imdb.com/title/tt0133928/
tt0134131	https://www.imdb.com/title/tt0134131/
tt0135169	https://www.imdb.com/title/tt0135169/
tt0135404	https://www.imdb.com/title/tt0135404/
tt0135473	https://www.imdb.com/title/tt0135473/
tt0135575	https://www.imdb.com/title/tt0135575/
tt0135595	https://www.imdb.com/title/tt0135595/
tt0135629	https://www.imdb.com/title/tt0135629/
tt0135829	https://www.imdb.com/title/tt0135829/
tt0136584	https://www.imdb.com/title/tt0136584/
tt0137888	https://www.imdb.com/title/tt0137888/
tt0137926	https://www.imdb.com/title/tt0137926/
tt0138014	https://www.imdb.com/title/tt0138014/
tt0138838	https://www.imdb.com/title/tt0138838/
tt0139530	https://www.imdb.com/title/tt0139530/
tt0139860	https://www.imdb.com/title/tt0139860/
tt0139940	https://www.imdb.com/title/tt0139940/
tt0140051	https://www.imdb.com/title/tt0140051/
tt0140286	https://www.imdb.com/title/tt0140286/
tt0140666	https://www.imdb.com/title/tt0140666/
tt0141508	https://www.imdb.com/title/tt0141508/
tt0141599	https://www.imdb.com/title/tt0141599/
tt0141960	https://www.imdb.com/title/tt0141960/
tt0142182	https://www.imdb.com/title/tt0142182/
tt0142708	https://www.imdb.com/title/tt0142708/
tt0142944	https://www.imdb.com/title/tt0142944/
tt0143216	https://www.imdb.com/title/tt0143216/
tt0143246	https://www.imdb.com/title/tt0143246/
tt0143291	https://www.imdb.com/title/tt0143291/
tt0143530	https://www.imdb.com/title/tt0143530/
tt0143686	https://www.imdb.com/title/tt0143686/
tt0143881	https://www.imdb.com/title/tt0143881/
tt0144035	https://www.imdb.com/title/tt0144035/
tt0147089	https://www.imdb.com/title/tt0147089/
tt0149564	https://www.imdb.com/title/tt0149564/
tt0149659	https://www.imdb.com/title/tt0149659/
tt0150037	https://www.imdb.com/title/tt0150037/
tt0151066	https://www.imdb.com/title/tt0151066/
tt0151098	https://www.imdb.com/title/tt0151098/
tt0151155	https://www.imdb.com/title/tt0151155/
tt0151156	https://www.imdb.com/title/tt0151156/
tt0151523	https://www.imdb.com/title/tt0151523/
tt0151586	https://www.imdb.com/title/tt0151586/
tt0152245	https://www.imdb.com/title/tt0152245/
tt0152727	https://www.imdb.com/title/tt0152727/
tt0153629	https://www.imdb.com/title/tt0153629/
tt0154139	https://www.imdb.com/title/tt0154139/
tt0154319	https://www.imdb.com/title/tt0154319/
tt0154837	https://www.imdb.com/title/tt0154837/
tt0155120	https://www.imdb.com/title/tt0155120/
tt0155521	https://www.imdb.com/title/tt0155521/
tt0155620	https://www.imdb.com/title/tt0155620/
tt0155864	https://www.imdb.com/title/tt0155864/
tt0156062	https://www.imdb.com/title/tt0156062/
tt0156065	https://www.imdb.com/title/tt0156065/
tt0156272	https://www.imdb.com/title/tt0156272/
tt0156390	https://www.imdb.com/title/tt0156390/
tt0156422	https://www.imdb.com/title/tt0156422/
tt0156570	https://www.imdb.com/title/tt0156570/
tt0156783	https://www.imdb.com/title/tt0156783/
tt0156830	https://www.imdb.com/title/tt0156830/
tt0156994	https://www.imdb.com/title/tt0156994/
tt0157987	https://www.imdb.com/title/tt0157987/
tt0158141	https://www.imdb.com/title/tt0158141/
tt0158173	https://www.imdb.com/title/tt0158173/
tt0158592	https://www.imdb.com/title/tt0158592/
tt0160117	https://www.imdb.com/title/tt0160117/
tt0160589	https://www.imdb.com/title/tt0160589/
tt0160673	https://www.imdb.com/title/tt0160673/
tt0160792	https://www.imdb.com/title/tt0160792/
tt0161215	https://www.imdb.com/title/tt0161215/
tt0163171	https://www.imdb.com/title/tt0163171/
tt0163244	https://www.imdb.com/title/tt0163244/
tt0163267	https://www.imdb.com/title/tt0163267/
tt0165354	https://www.imdb.com/title/tt0165354/
tt0167000	https://www.imdb.com/title/tt0167000/
tt0167088	https://www.imdb.com/title/tt0167088/
tt0168269	https://www.imdb.com/title/tt0168269/
tt0168587	https://www.imdb.com/title/tt0168587/
tt0168804	https://www.imdb.com/title/tt0168804/
tt0169361	https://www.imdb.com/title/tt0169361/
tt0169824	https://www.imdb.com/title/tt0169824/
tt0170061	https://www.imdb.com/title/tt0170061/
tt0170844	https://www.imdb.com/title/tt0170844/
tt0171119	https://www.imdb.com/title/tt0171119/
tt0172099	https://www.imdb.com/title/tt0172099/
tt0172306	https://www.imdb.com/title/tt0172306/
tt0172571	https://www.imdb.com/title/tt0172571/
tt0172948	https://www.imdb.com/title/tt0172948/
tt0173039	https://www.imdb.com/title/tt0173039/
tt0173378	https://www.imdb.com/title/tt0173378/
tt0173739	https://www.imdb.com/title/tt0173739/
tt0174168	https://www.imdb.com/title/tt0174168/
tt0174521	https://www.imdb.com/title/tt0174521/
tt0174964	https://www.imdb.com/title/tt0174964/
tt0175327	https://www.imdb.com/title/tt0175327/
tt0175601	https://www.imdb.com/title/tt0175601/
tt0175702	https://www.imdb.com/title/tt0175702/
tt0175933	https://www.imdb.com/title/tt0175933/
tt0176045	https://www.imdb.com/title/tt0176045/
tt0176264	https://www.imdb.com/title/tt0176264/
tt0176699	https://www.imdb.com/title/tt0176699/
tt0176787	https://www.imdb.com/title/tt0176787/
tt0176815	https://www.imdb.com/title/tt0176815/
tt0176871	https://www.imdb.com/title/tt0176871/
tt0177204	https://www.imdb.com/title/tt0177204/
tt0177274	https://www.imdb.com/title/tt0177274/
tt0177633	https://www.imdb.com/title/tt0177633/
tt0177841	https://www.imdb.com/title/tt0177841/
tt0177893	https://www.imdb.com/title/tt0177893/
tt0178282	https://www.imdb.com/title/tt0178282/
tt0178337	https://www.imdb.com/title/tt0178337/
tt0178758	https://www.imdb.com/title/tt0178758/
tt0178774	https://www.imdb.com/title/tt0178774/
tt0178787	https://www.imdb.com/title/tt0178787/
tt0178871	https://www.imdb.com/title/tt0178871/
tt0178956	https://www.imdb.com/title/tt0178956/
tt0179075	https://www.imdb.com/title/tt0179075/
tt0179249	https://www.imdb.com/title/tt0179249/
tt0179533	https://www.imdb.com/title/tt0179533/
tt0180108	https://www.imdb.com/title/tt0180108/
tt0180215	https://www.imdb.com/title/tt0180215/
tt0180389	https://www.imdb.com/title/tt0180389/
tt0180815	https://www.imdb.com/title/tt0180815/
tt0180820	https://www.imdb.com/title/tt0180820/
tt0181291	https://www.imdb.com/title/tt0181291/
tt0181416	https://www.imdb.com/title/tt0181416/
tt0181566	https://www.imdb.com/title/tt0181566/
tt0181815	https://www.imdb.com/title/tt0181815/
tt0181994	https://www.imdb.com/title/tt0181994/
tt0182297	https://www.imdb.com/title/tt0182297/
tt0182549	https://www.imdb.com/title/tt0182549/
tt0183163	https://www.imdb.com/title/tt0183163/
tt0184352	https://www.imdb.com/title/tt0184352/
tt0184582	https://www.imdb.com/title/tt0184582/
tt0184985	https://www.imdb.com/title/tt0184985/
tt0185252	https://www.imdb.com/title/tt0185252/
tt0185998	https://www.imdb.com/title/tt0185998/
tt0186401	https://www.imdb.com/title/tt0186401/
tt0186404	https://www.imdb.com/title/tt0186404/
tt0186831	https://www.imdb.com/title/tt0186831/
tt0186980	https://www.imdb.com/title/tt0186980/
tt0187154	https://www.imdb.com/title/tt0187154/
tt0187381	https://www.imdb.com/title/tt0187381/
tt0187619	https://www.imdb.com/title/tt0187619/
tt0188049	https://www.imdb.com/title/tt0188049/
tt0188252	https://www.imdb.com/title/tt0188252/
tt0189499	https://www.imdb.com/title/tt0189499/
tt0189942	https://www.imdb.com/title/tt0189942/
tt0190081	https://www.imdb.com/title/tt0190081/
tt0190409	https://www.imdb.com/title/tt0190409/
tt0190462	https://www.imdb.com/title/tt0190462/
tt0191034	https://www.imdb.com/title/tt0191034/
tt0191230	https://www.imdb.com/title/tt0191230/
tt0191616	https://www.imdb.com/title/tt0191616/
tt0191755	https://www.imdb.com/title/tt0191755/
tt0191757	https://www.imdb.com/title/tt0191757/
tt0191927	https://www.imdb.com/title/tt0191927/
tt0192179	https://www.imdb.com/title/tt0192179/
tt0192181	https://www.imdb.com/title/tt0192181/
tt0192270	https://www.imdb.com/title/tt0192270/
tt0192467	https://www.imdb.com/title/tt0192467/
tt0192495	https://www.imdb.com/title/tt0192495/
tt0192735	https://www.imdb.com/title/tt0192735/
tt0193180	https://www.imdb.com/title/tt0193180/
tt0193329	https://www.imdb.com/title/tt0193329/
tt0193565	https://www.imdb.com/title/tt0193565/
tt0193731	https://www.imdb.com/title/tt0193731/
tt0193754	https://www.imdb.com/title/tt0193754/
tt0193811	https://www.imdb.com/title/tt0193811/
tt0193827	https://www.imdb.com/title/tt0193827/
tt0193833	https://www.imdb.com/title/tt0193833/
tt0193897	https://www.imdb.com/title/tt0193897/
tt0194144	https://www.imdb.com/title/tt0194144/
tt0194183	https://www.imdb.com/title/tt0194183/
tt0194330	https://www.imdb.com/title/tt0194330/
tt0194483	https://www.imdb.com/title/tt0194483/
tt0194660	https://www.imdb.com/title/tt0194660/
tt0194672	https://www.imdb.com/title/tt0194672/
tt0194869	https://www.imdb.com/title/tt0194869/
tt0195205	https://www.imdb.com/title/tt0195205/
tt0195238	https://www.imdb.com/title/tt0195238/
tt0195243	https://www.imdb.com/title/tt0195243/
tt0195290	https://www.imdb.com/title/tt0195290/
tt0195578	https://www.imdb.com/title/tt0195578/
tt0196892	https://www.imdb.com/title/tt0196892/
tt0197287	https://www.imdb.com/title/tt0197287/
tt0197526	https://www.imdb.com/title/tt0197526/
tt0197771	https://www.imdb.com/title/tt0197771/
tt0197963	https://www.imdb.com/title/tt0197963/
tt0198008	https://www.imdb.com/title/tt0198008/
tt0198395	https://www.imdb.com/title/tt0198395/
tt0198763	https://www.imdb.com/title/tt0198763/
tt0198974	https://www.imdb.com/title/tt0198974/
tt0198975	https://www.imdb.com/title/tt0198975/
tt0199390	https://www.imdb.com/title/tt0199390/
tt0199447	https://www.imdb.com/title/tt0199447/
tt0199570	https://www.imdb.com/title/tt0199570/
tt0199735	https://www.imdb.com/title/tt0199735/
tt0199750	https://www.imdb.com/title/tt0199750/
tt0199751	https://www.imdb.com/title/tt0199751/
tt0199924	https://www.imdb.com/title/tt0199924/
tt0200006	https://www.imdb.com/title/tt0200006/
tt0200150	https://www.imdb.com/title/tt0200150/
tt0200185	https://www.imdb.com/title/tt0200185/
tt0200201	https://www.imdb.com/title/tt0200201/
tt0200523	https://www.imdb.com/title/tt0200523/
tt0201059	https://www.imdb.com/title/tt0201059/
tt0201411	https://www.imdb.com/title/tt0201411/
tt0201602	https://www.imdb.com/title/tt0201602/
tt0201786	https://www.imdb.com/title/tt0201786/
tt0201906	https://www.imdb.com/title/tt0201906/
tt0202029	https://www.imdb.com/title/tt0202029/
tt0202116	https://www.imdb.com/title/tt0202116/
tt0202398	https://www.imdb.com/title/tt0202398/
tt0202492	https://www.imdb.com/title/tt0202492/
tt0204183	https://www.imdb.com/title/tt0204183/
tt0204545	https://www.imdb.com/title/tt0204545/
tt0204962	https://www.imdb.com/title/tt0204962/
tt0205087	https://www.imdb.com/title/tt0205087/
tt0205122	https://www.imdb.com/title/tt0205122/
tt0205512	https://www.imdb.com/title/tt0205512/
tt0205585	https://www.imdb.com/title/tt0205585/
tt0205595	https://www.imdb.com/title/tt0205595/
tt0205818	https://www.imdb.com/title/tt0205818/
tt0205841	https://www.imdb.com/title/tt0205841/
tt0206025	https://www.imdb.com/title/tt0206025/
tt0206082	https://www.imdb.com/title/tt0206082/
tt0206160	https://www.imdb.com/title/tt0206160/
tt0206237	https://www.imdb.com/title/tt0206237/
tt0206343	https://www.imdb.com/title/tt0206343/
tt0206344	https://www.imdb.com/title/tt0206344/
tt0207355	https://www.imdb.com/title/tt0207355/
tt0207370	https://www.imdb.com/title/tt0207370/
tt0207464	https://www.imdb.com/title/tt0207464/
tt0207796	https://www.imdb.com/title/tt0207796/
tt0208078	https://www.imdb.com/title/tt0208078/
tt0209157	https://www.imdb.com/title/tt0209157/
tt0209381	https://www.imdb.com/title/tt0209381/
tt0209424	https://www.imdb.com/title/tt0209424/
tt0212770	https://www.imdb.com/title/tt0212770/
tt0213491	https://www.imdb.com/title/tt0213491/
tt0213679	https://www.imdb.com/title/tt0213679/
tt0213766	https://www.imdb.com/title/tt0213766/
tt0214070	https://www.imdb.com/title/tt0214070/
tt0214111	https://www.imdb.com/title/tt0214111/
tt0214259	https://www.imdb.com/title/tt0214259/
tt0214941	https://www.imdb.com/title/tt0214941/
tt0214943	https://www.imdb.com/title/tt0214943/
tt0215204	https://www.imdb.com/title/tt0215204/
tt0215464	https://www.imdb.com/title/tt0215464/
tt0215608	https://www.imdb.com/title/tt0215608/
tt0215899	https://www.imdb.com/title/tt0215899/
tt0215964	https://www.imdb.com/title/tt0215964/
tt0217478	https://www.imdb.com/title/tt0217478/
tt0217737	https://www.imdb.com/title/tt0217737/
tt0217781	https://www.imdb.com/title/tt0217781/
tt0218118	https://www.imdb.com/title/tt0218118/
tt0218149	https://www.imdb.com/title/tt0218149/
tt0218422	https://www.imdb.com/title/tt0218422/
tt0218524	https://www.imdb.com/title/tt0218524/
tt0218560	https://www.imdb.com/title/tt0218560/
tt0218740	https://www.imdb.com/title/tt0218740/
tt0219501	https://www.imdb.com/title/tt0219501/
tt0219937	https://www.imdb.com/title/tt0219937/
tt0220612	https://www.imdb.com/title/tt0220612/
tt0220632	https://www.imdb.com/title/tt0220632/
tt0221193	https://www.imdb.com/title/tt0221193/
tt0221217	https://www.imdb.com/title/tt0221217/
tt0222191	https://www.imdb.com/title/tt0222191/
tt0223904	https://www.imdb.com/title/tt0223904/
tt0226405	https://www.imdb.com/title/tt0226405/
tt0227006	https://www.imdb.com/title/tt0227006/
tt0227081	https://www.imdb.com/title/tt0227081/
tt0227528	https://www.imdb.com/title/tt0227528/
tt0230019	https://www.imdb.com/title/tt0230019/
tt0230298	https://www.imdb.com/title/tt0230298/
tt0230486	https://www.imdb.com/title/tt0230486/
tt0230700	https://www.imdb.com/title/tt0230700/
tt0230736	https://www.imdb.com/title/tt0230736/
tt0230769	https://www.imdb.com/title/tt0230769/
tt0230939	https://www.imdb.com/title/tt0230939/
tt0230986	https://www.imdb.com/title/tt0230986/
tt0231004	https://www.imdb.com/title/tt0231004/
tt0231118	https://www.imdb.com/title/tt0231118/
tt0231427	https://www.imdb.com/title/tt0231427/
tt0231522	https://www.imdb.com/title/tt0231522/
tt0231635	https://www.imdb.com/title/tt0231635/
tt0232161	https://www.imdb.com/title/tt0232161/
tt0232254	https://www.imdb.com/title/tt0232254/
tt0233669	https://www.imdb.com/title/tt0233669/
tt0233986	https://www.imdb.com/title/tt0233986/
tt0234050	https://www.imdb.com/title/tt0234050/
tt0234413	https://www.imdb.com/title/tt0234413/
tt0234649	https://www.imdb.com/title/tt0234649/
tt0235112	https://www.imdb.com/title/tt0235112/
tt0235602	https://www.imdb.com/title/tt0235602/
tt0236229	https://www.imdb.com/title/tt0236229/
tt0236842	https://www.imdb.com/title/tt0236842/
tt0236947	https://www.imdb.com/title/tt0236947/
tt0237233	https://www.imdb.com/title/tt0237233/
tt0238147	https://www.imdb.com/title/tt0238147/
tt0238157	https://www.imdb.com/title/tt0238157/
tt0239506	https://www.imdb.com/title/tt0239506/
tt0239660	https://www.imdb.com/title/tt0239660/
tt0239998	https://www.imdb.com/title/tt0239998/
tt0240017	https://www.imdb.com/title/tt0240017/
tt0240045	https://www.imdb.com/title/tt0240045/
tt0240135	https://www.imdb.com/title/tt0240135/
tt0240238	https://www.imdb.com/title/tt0240238/
tt0240750	https://www.imdb.com/title/tt0240750/
tt0241235	https://www.imdb.com/title/tt0241235/
tt0241464	https://www.imdb.com/title/tt0241464/
tt0241655	https://www.imdb.com/title/tt0241655/
tt0242448	https://www.imdb.com/title/tt0242448/
tt0242540	https://www.imdb.com/title/tt0242540/
tt0242551	https://www.imdb.com/title/tt0242551/
tt0242555	https://www.imdb.com/title/tt0242555/
tt0242562	https://www.imdb.com/title/tt0242562/
tt0242581	https://www.imdb.com/title/tt0242581/
tt0242921	https://www.imdb.com/title/tt0242921/
tt0243004	https://www.imdb.com/title/tt0243004/
tt0243195	https://www.imdb.com/title/tt0243195/
tt0243234	https://www.imdb.com/title/tt0243234/
tt0243405	https://www.imdb.com/title/tt0243405/
tt0243445	https://www.imdb.com/title/tt0243445/
tt0243762	https://www.imdb.com/title/tt0243762/
tt0243831	https://www.imdb.com/title/tt0243831/
tt0243890	https://www.imdb.com/title/tt0243890/
tt0243891	https://www.imdb.com/title/tt0243891/
tt0243958	https://www.imdb.com/title/tt0243958/
tt0244069	https://www.imdb.com/title/tt0244069/
tt0244081	https://www.imdb.com/title/tt0244081/
tt0244102	https://www.imdb.com/title/tt0244102/
tt0244103	https://www.imdb.com/title/tt0244103/
tt0244151	https://www.imdb.com/title/tt0244151/
tt0244152	https://www.imdb.com/title/tt0244152/
tt0244197	https://www.imdb.com/title/tt0244197/
tt0244210	https://www.imdb.com/title/tt0244210/
tt0244254	https://www.imdb.com/title/tt0244254/
tt0244259	https://www.imdb.com/title/tt0244259/
tt0244291	https://www.imdb.com/title/tt0244291/
tt0244317	https://www.imdb.com/title/tt0244317/
tt0244320	https://www.imdb.com/title/tt0244320/
tt0244768	https://www.imdb.com/title/tt0244768/
tt0246292	https://www.imdb.com/title/tt0246292/
tt0246331	https://www.imdb.com/title/tt0246331/
tt0246782	https://www.imdb.com/title/tt0246782/
tt0246845	https://www.imdb.com/title/tt0246845/
tt0247225	https://www.imdb.com/title/tt0247225/
tt0247273	https://www.imdb.com/title/tt0247273/
tt0247566	https://www.imdb.com/title/tt0247566/
tt0247829	https://www.imdb.com/title/tt0247829/
tt0247991	https://www.imdb.com/title/tt0247991/
tt0248145	https://www.imdb.com/title/tt0248145/
tt0248321	https://www.imdb.com/title/tt0248321/
tt0249341	https://www.imdb.com/title/tt0249341/
tt0249428	https://www.imdb.com/title/tt0249428/
tt0249432	https://www.imdb.com/title/tt0249432/
tt0249508	https://www.imdb.com/title/tt0249508/
tt0249675	https://www.imdb.com/title/tt0249675/
tt0249750	https://www.imdb.com/title/tt0249750/
tt0249789	https://www.imdb.com/title/tt0249789/
tt0251749	https://www.imdb.com/title/tt0251749/
tt0252184	https://www.imdb.com/title/tt0252184/
tt0252550	https://www.imdb.com/title/tt0252550/
tt0252806	https://www.imdb.com/title/tt0252806/
tt0254709	https://www.imdb.com/title/tt0254709/
tt0255199	https://www.imdb.com/title/tt0255199/
tt0255353	https://www.imdb.com/title/tt0255353/
tt0255457	https://www.imdb.com/title/tt0255457/
tt0256585	https://www.imdb.com/title/tt0256585/
tt0256881	https://www.imdb.com/title/tt0256881/
tt0258025	https://www.imdb.com/title/tt0258025/
tt0259175	https://www.imdb.com/title/tt0259175/
tt0259535	https://www.imdb.com/title/tt0259535/
tt0260744	https://www.imdb.com/title/tt0260744/
tt0260830	https://www.imdb.com/title/tt0260830/
tt0260940	https://www.imdb.com/title/tt0260940/
tt0261676	https://www.imdb.com/title/tt0261676/
tt0261785	https://www.imdb.com/title/tt0261785/
tt0262624	https://www.imdb.com/title/tt0262624/
tt0262662	https://www.imdb.com/title/tt0262662/
tt0263310	https://www.imdb.com/title/tt0263310/
tt0263688	https://www.imdb.com/title/tt0263688/
tt0264325	https://www.imdb.com/title/tt0264325/
tt0264812	https://www.imdb.com/title/tt0264812/
tt0264895	https://www.imdb.com/title/tt0264895/
tt0266077	https://www.imdb.com/title/tt0266077/
tt0266084	https://www.imdb.com/title/tt0266084/
tt0266601	https://www.imdb.com/title/tt0266601/
tt0267042	https://www.imdb.com/title/tt0267042/
tt0267403	https://www.imdb.com/title/tt0267403/
tt0267673	https://www.imdb.com/title/tt0267673/
tt0268572	https://www.imdb.com/title/tt0268572/
tt0268595	https://www.imdb.com/title/tt0268595/
tt0268638	https://www.imdb.com/title/tt0268638/
tt0269591	https://www.imdb.com/title/tt0269591/
tt0269759	https://www.imdb.com/title/tt0269759/
tt0269853	https://www.imdb.com/title/tt0269853/
tt0270468	https://www.imdb.com/title/tt0270468/
tt0270492	https://www.imdb.com/title/tt0270492/
tt0270504	https://www.imdb.com/title/tt0270504/
tt0270663	https://www.imdb.com/title/tt0270663/
tt0273826	https://www.imdb.com/title/tt0273826/
tt0274872	https://www.imdb.com/title/tt0274872/
tt0280985	https://www.imdb.com/title/tt0280985/
tt0283593	https://www.imdb.com/title/tt0283593/
tt0286622	https://www.imdb.com/title/tt0286622/
tt0287143	https://www.imdb.com/title/tt0287143/
tt0289677	https://www.imdb.com/title/tt0289677/
tt0289742	https://www.imdb.com/title/tt0289742/
tt0292491	https://www.imdb.com/title/tt0292491/
tt0296967	https://www.imdb.com/title/tt0296967/
tt0296970	https://www.imdb.com/title/tt0296970/
tt0296971	https://www.imdb.com/title/tt0296971/
tt0296975	https://www.imdb.com/title/tt0296975/
tt0296981	https://www.imdb.com/title/tt0296981/
tt0296982	https://www.imdb.com/title/tt0296982/
tt0296984	https://www.imdb.com/title/tt0296984/
tt0296988	https://www.imdb.com/title/tt0296988/
tt0296992	https://www.imdb.com/title/tt0296992/
tt0296996	https://www.imdb.com/title/tt0296996/
tt0297004	https://www.imdb.com/title/tt0297004/
tt0297006	https://www.imdb.com/title/tt0297006/
tt0297009	https://www.imdb.com/title/tt0297009/
tt0297016	https://www.imdb.com/title/tt0297016/
tt0297046	https://www.imdb.com/title/tt0297046/
tt0297072	https://www.imdb.com/title/tt0297072/
tt0297106	https://www.imdb.com/title/tt0297106/
tt0297139	https://www.imdb.com/title/tt0297139/
tt0297140	https://www.imdb.com/title/tt0297140/
tt0297142	https://www.imdb.com/title/tt0297142/
tt0297143	https://www.imdb.com/title/tt0297143/
tt0297145	https://www.imdb.com/title/tt0297145/
tt0297159	https://www.imdb.com/title/tt0297159/
tt0297160	https://www.imdb.com/title/tt0297160/
tt0297222	https://www.imdb.com/title/tt0297222/
tt0297223	https://www.imdb.com/title/tt0297223/
tt0297224	https://www.imdb.com/title/tt0297224/
tt0297225	https://www.imdb.com/title/tt0297225/
tt0297226	https://www.imdb.com/title/tt0297226/
tt0297229	https://www.imdb.com/title/tt0297229/
tt0297230	https://www.imdb.com/title/tt0297230/
tt0297243	https://www.imdb.com/title/tt0297243/
tt0297268	https://www.imdb.com/title/tt0297268/
tt0297274	https://www.imdb.com/title/tt0297274/
tt0297302	https://www.imdb.com/title/tt0297302/
tt0297313	https://www.imdb.com/title/tt0297313/
tt0297318	https://www.imdb.com/title/tt0297318/
tt0297348	https://www.imdb.com/title/tt0297348/
tt0297355	https://www.imdb.com/title/tt0297355/
tt0297372	https://www.imdb.com/title/tt0297372/
tt0297375	https://www.imdb.com/title/tt0297375/
tt0297418	https://www.imdb.com/title/tt0297418/
tt0297419	https://www.imdb.com/title/tt0297419/
tt0298283	https://www.imdb.com/title/tt0298283/
tt0298964	https://www.imdb.com/title/tt0298964/
tt0299961	https://www.imdb.com/title/tt0299961/
tt0300021	https://www.imdb.com/title/tt0300021/
tt0300093	https://www.imdb.com/title/tt0300093/
tt0300437	https://www.imdb.com/title/tt0300437/
tt0302762	https://www.imdb.com/title/tt0302762/
tt0302862	https://www.imdb.com/title/tt0302862/
tt0304410	https://www.imdb.com/title/tt0304410/
tt0305212	https://www.imdb.com/title/tt0305212/
tt0306244	https://www.imdb.com/title/tt0306244/
tt0306503	https://www.imdb.com/title/tt0306503/
tt0306554	https://www.imdb.com/title/tt0306554/
tt0306615	https://www.imdb.com/title/tt0306615/
tt0306890	https://www.imdb.com/title/tt0306890/
tt0307048	https://www.imdb.com/title/tt0307048/
tt0307055	https://www.imdb.com/title/tt0307055/
tt0307056	https://www.imdb.com/title/tt0307056/
tt0307446	https://www.imdb.com/title/tt0307446/
tt0309086	https://www.imdb.com/title/tt0309086/
tt0309098	https://www.imdb.com/title/tt0309098/
tt0310109	https://www.imdb.com/title/tt0310109/
tt0310385	https://www.imdb.com/title/tt0310385/
tt0310689	https://www.imdb.com/title/tt0310689/
tt0314843	https://www.imdb.com/title/tt0314843/
tt0318537	https://www.imdb.com/title/tt0318537/
tt0320457	https://www.imdb.com/title/tt0320457/
tt0330279	https://www.imdb.com/title/tt0330279/
tt0330491	https://www.imdb.com/title/tt0330491/
tt0330733	https://www.imdb.com/title/tt0330733/
tt0331910	https://www.imdb.com/title/tt0331910/
tt0332173	https://www.imdb.com/title/tt0332173/
tt0332417	https://www.imdb.com/title/tt0332417/
tt0333225	https://www.imdb.com/title/tt0333225/
tt0334017	https://www.imdb.com/title/tt0334017/
tt0334755	https://www.imdb.com/title/tt0334755/
tt0337172	https://www.imdb.com/title/tt0337172/
tt0337362	https://www.imdb.com/title/tt0337362/
tt0342973	https://www.imdb.com/title/tt0342973/
tt0345253	https://www.imdb.com/title/tt0345253/
tt0353417	https://www.imdb.com/title/tt0353417/
tt0354875	https://www.imdb.com/title/tt0354875/
tt0355595	https://www.imdb.com/title/tt0355595/
tt0355602	https://www.imdb.com/title/tt0355602/
tt0356200	https://www.imdb.com/title/tt0356200/
tt0361514	https://www.imdb.com/title/tt0361514/
tt0366229	https://www.imdb.com/title/tt0366229/
tt0369276	https://www.imdb.com/title/tt0369276/
tt0369650	https://www.imdb.com/title/tt0369650/
tt0372864	https://www.imdb.com/title/tt0372864/
tt0372959	https://www.imdb.com/title/tt0372959/
tt0373349	https://www.imdb.com/title/tt0373349/
tt0373792	https://www.imdb.com/title/tt0373792/
tt0373988	https://www.imdb.com/title/tt0373988/
tt0376617	https://www.imdb.com/title/tt0376617/
tt0376684	https://www.imdb.com/title/tt0376684/
tt0377500	https://www.imdb.com/title/tt0377500/
tt0377901	https://www.imdb.com/title/tt0377901/
tt0378237	https://www.imdb.com/title/tt0378237/
tt0378747	https://www.imdb.com/title/tt0378747/
tt0379300	https://www.imdb.com/title/tt0379300/
tt0379418	https://www.imdb.com/title/tt0379418/
tt0380397	https://www.imdb.com/title/tt0380397/
tt0380553	https://www.imdb.com/title/tt0380553/
tt0380657	https://www.imdb.com/title/tt0380657/
tt0381048	https://www.imdb.com/title/tt0381048/
tt0381052	https://www.imdb.com/title/tt0381052/
tt0381080	https://www.imdb.com/title/tt0381080/
tt0381139	https://www.imdb.com/title/tt0381139/
tt0381141	https://www.imdb.com/title/tt0381141/
tt0383398	https://www.imdb.com/title/tt0383398/
tt0384612	https://www.imdb.com/title/tt0384612/
tt0385067	https://www.imdb.com/title/tt0385067/
tt0386578	https://www.imdb.com/title/tt0386578/
tt0386628	https://www.imdb.com/title/tt0386628/
tt0387491	https://www.imdb.com/title/tt0387491/
tt0389136	https://www.imdb.com/title/tt0389136/
tt0389712	https://www.imdb.com/title/tt0389712/
tt0390656	https://www.imdb.com/title/tt0390656/
tt0391548	https://www.imdb.com/title/tt0391548/
tt0391560	https://www.imdb.com/title/tt0391560/
tt0396671	https://www.imdb.com/title/tt0396671/
tt0396908	https://www.imdb.com/title/tt0396908/
tt0398393	https://www.imdb.com/title/tt0398393/
tt0399321	https://www.imdb.com/title/tt0399321/
tt0410021	https://www.imdb.com/title/tt0410021/
tt0414296	https://www.imdb.com/title/tt0414296/
tt0424780	https://www.imdb.com/title/tt0424780/
tt0426934	https://www.imdb.com/title/tt0426934/
tt0432814	https://www.imdb.com/title/tt0432814/
tt0433603	https://www.imdb.com/title/tt0433603/
tt0439465	https://www.imdb.com/title/tt0439465/
tt0442323	https://www.imdb.com/title/tt0442323/
tt0442347	https://www.imdb.com/title/tt0442347/
tt0443065	https://www.imdb.com/title/tt0443065/
tt0444511	https://www.imdb.com/title/tt0444511/
tt0445639	https://www.imdb.com/title/tt0445639/
tt0448811	https://www.imdb.com/title/tt0448811/
tt0451827	https://www.imdb.com/title/tt0451827/
tt0454158	https://www.imdb.com/title/tt0454158/
tt0454175	https://www.imdb.com/title/tt0454175/
tt0454176	https://www.imdb.com/title/tt0454176/
tt0454194	https://www.imdb.com/title/tt0454194/
tt0454205	https://www.imdb.com/title/tt0454205/
tt0454276	https://www.imdb.com/title/tt0454276/
tt0454293	https://www.imdb.com/title/tt0454293/
tt0467982	https://www.imdb.com/title/tt0467982/
tt0469376	https://www.imdb.com/title/tt0469376/
tt0471087	https://www.imdb.com/title/tt0471087/
tt0471119	https://www.imdb.com/title/tt0471119/
tt0471189	https://www.imdb.com/title/tt0471189/
tt0471210	https://www.imdb.com/title/tt0471210/
tt0471222	https://www.imdb.com/title/tt0471222/
tt0471276	https://www.imdb.com/title/tt0471276/
tt0471293	https://www.imdb.com/title/tt0471293/
tt0475516	https://www.imdb.com/title/tt0475516/
tt0475713	https://www.imdb.com/title/tt0475713/
tt0477890	https://www.imdb.com/title/tt0477890/
tt0493235	https://www.imdb.com/title/tt0493235/
tt0496520	https://www.imdb.com/title/tt0496520/
tt0497275	https://www.imdb.com/title/tt0497275/
tt0764789	https://www.imdb.com/title/tt0764789/
tt0764800	https://www.imdb.com/title/tt0764800/
tt0764838	https://www.imdb.com/title/tt0764838/
tt0777851	https://www.imdb.com/title/tt0777851/
tt0777935	https://www.imdb.com/title/tt0777935/
tt0778024	https://www.imdb.com/title/tt0778024/
tt0787045	https://www.imdb.com/title/tt0787045/
tt0787081	https://www.imdb.com/title/tt0787081/
tt0787141	https://www.imdb.com/title/tt0787141/
tt0787151	https://www.imdb.com/title/tt0787151/
tt0787238	https://www.imdb.com/title/tt0787238/
tt0788051	https://www.imdb.com/title/tt0788051/
tt0788103	https://www.imdb.com/title/tt0788103/
tt0788149	https://www.imdb.com/title/tt0788149/
tt0791402	https://www.imdb.com/title/tt0791402/
tt0791422	https://www.imdb.com/title/tt0791422/
tt0791425	https://www.imdb.com/title/tt0791425/
tt0791428	https://www.imdb.com/title/tt0791428/
tt0791437	https://www.imdb.com/title/tt0791437/
tt0791475	https://www.imdb.com/title/tt0791475/
tt0791484	https://www.imdb.com/title/tt0791484/
tt0791524	https://www.imdb.com/title/tt0791524/
tt0791573	https://www.imdb.com/title/tt0791573/
tt0807256	https://www.imdb.com/title/tt0807256/
tt0807262	https://www.imdb.com/title/tt0807262/
tt0814172	https://www.imdb.com/title/tt0814172/
tt0856210	https://www.imdb.com/title/tt0856210/
tt0896820	https://www.imdb.com/title/tt0896820/
tt0900909	https://www.imdb.com/title/tt0900909/
tt0900935	https://www.imdb.com/title/tt0900935/
tt0902309	https://www.imdb.com/title/tt0902309/
tt0903918	https://www.imdb.com/title/tt0903918/
tt0922609	https://www.imdb.com/title/tt0922609/
tt0996990	https://www.imdb.com/title/tt0996990/
tt1003135	https://www.imdb.com/title/tt1003135/
tt10133182	https://www.imdb.com/title/tt10133182/
tt10428382	https://www.imdb.com/title/tt10428382/
tt10437032	https://www.imdb.com/title/tt10437032/
tt1071325	https://www.imdb.com/title/tt1071325/
tt10786416	https://www.imdb.com/title/tt10786416/
tt10921484	https://www.imdb.com/title/tt10921484/
tt11089494	https://www.imdb.com/title/tt11089494/
tt11176422	https://www.imdb.com/title/tt11176422/
tt11367936	https://www.imdb.com/title/tt11367936/
tt11465480	https://www.imdb.com/title/tt11465480/
tt11482410	https://www.imdb.com/title/tt11482410/
tt11585468	https://www.imdb.com/title/tt11585468/
tt1167420	https://www.imdb.com/title/tt1167420/
tt1167876	https://www.imdb.com/title/tt1167876/
tt11703686	https://www.imdb.com/title/tt11703686/
tt11743198	https://www.imdb.com/title/tt11743198/
tt11743420	https://www.imdb.com/title/tt11743420/
tt11754570	https://www.imdb.com/title/tt11754570/
tt1176207	https://www.imdb.com/title/tt1176207/
tt11834816	https://www.imdb.com/title/tt11834816/
tt11905634	https://www.imdb.com/title/tt11905634/
tt1201628	https://www.imdb.com/title/tt1201628/
tt1201629	https://www.imdb.com/title/tt1201629/
tt1201652	https://www.imdb.com/title/tt1201652/
tt12200208	https://www.imdb.com/title/tt12200208/
tt12217884	https://www.imdb.com/title/tt12217884/
tt12229670	https://www.imdb.com/title/tt12229670/
tt12572670	https://www.imdb.com/title/tt12572670/
tt12572678	https://www.imdb.com/title/tt12572678/
tt12606542	https://www.imdb.com/title/tt12606542/
tt12625500	https://www.imdb.com/title/tt12625500/
tt12637404	https://www.imdb.com/title/tt12637404/
tt12672148	https://www.imdb.com/title/tt12672148/
tt1282478	https://www.imdb.com/title/tt1282478/
tt12839436	https://www.imdb.com/title/tt12839436/
tt12839454	https://www.imdb.com/title/tt12839454/
tt1308976	https://www.imdb.com/title/tt1308976/
tt1315354	https://www.imdb.com/title/tt1315354/
tt13587608	https://www.imdb.com/title/tt13587608/
tt13863850	https://www.imdb.com/title/tt13863850/
tt13863900	https://www.imdb.com/title/tt13863900/
tt13863958	https://www.imdb.com/title/tt13863958/
tt13863992	https://www.imdb.com/title/tt13863992/
tt1399069	https://www.imdb.com/title/tt1399069/
tt1407931	https://www.imdb.com/title/tt1407931/
tt1441306	https://www.imdb.com/title/tt1441306/
tt1454624	https://www.imdb.com/title/tt1454624/
tt1527071	https://www.imdb.com/title/tt1527071/
tt1594530	https://www.imdb.com/title/tt1594530/
tt16266694	https://www.imdb.com/title/tt16266694/
tt16376322	https://www.imdb.com/title/tt16376322/
tt16739676	https://www.imdb.com/title/tt16739676/
tt1679545	https://www.imdb.com/title/tt1679545/
tt16894512	https://www.imdb.com/title/tt16894512/
tt1728656	https://www.imdb.com/title/tt1728656/
tt1830913	https://www.imdb.com/title/tt1830913/
tt1851089	https://www.imdb.com/title/tt1851089/
tt1851092	https://www.imdb.com/title/tt1851092/
tt1887944	https://www.imdb.com/title/tt1887944/
tt19010598	https://www.imdb.com/title/tt19010598/
tt2023692	https://www.imdb.com/title/tt2023692/
tt2097946	https://www.imdb.com/title/tt2097946/
tt2097951	https://www.imdb.com/title/tt2097951/
tt2122274	https://www.imdb.com/title/tt2122274/
tt2122469	https://www.imdb.com/title/tt2122469/
tt2184253	https://www.imdb.com/title/tt2184253/
tt21864432	https://www.imdb.com/title/tt21864432/
tt2210649	https://www.imdb.com/title/tt2210649/
tt2273066	https://www.imdb.com/title/tt2273066/
tt2275593	https://www.imdb.com/title/tt2275593/
tt23134386	https://www.imdb.com/title/tt23134386/
tt23134496	https://www.imdb.com/title/tt23134496/
tt2339744	https://www.imdb.com/title/tt2339744/
tt2358546	https://www.imdb.com/title/tt2358546/
tt2529946	https://www.imdb.com/title/tt2529946/
tt2530658	https://www.imdb.com/title/tt2530658/
tt2546256	https://www.imdb.com/title/tt2546256/
tt26345725	https://www.imdb.com/title/tt26345725/
tt26351089	https://www.imdb.com/title/tt26351089/
tt26351404	https://www.imdb.com/title/tt26351404/
tt26363347	https://www.imdb.com/title/tt26363347/
tt26374630	https://www.imdb.com/title/tt26374630/
tt26386796	https://www.imdb.com/title/tt26386796/
tt26398458	https://www.imdb.com/title/tt26398458/
tt26406441	https://www.imdb.com/title/tt26406441/
tt26420508	https://www.imdb.com/title/tt26420508/
tt26593774	https://www.imdb.com/title/tt26593774/
tt2709756	https://www.imdb.com/title/tt2709756/
tt27177653	https://www.imdb.com/title/tt27177653/
tt27469793	https://www.imdb.com/title/tt27469793/
tt27469794	https://www.imdb.com/title/tt27469794/
tt27492557	https://www.imdb.com/title/tt27492557/
tt28102055	https://www.imdb.com/title/tt28102055/
tt3063492	https://www.imdb.com/title/tt3063492/
tt3063494	https://www.imdb.com/title/tt3063494/
tt3063498	https://www.imdb.com/title/tt3063498/
tt3125908	https://www.imdb.com/title/tt3125908/
tt31345463	https://www.imdb.com/title/tt31345463/
tt3147470	https://www.imdb.com/title/tt3147470/
tt31522294	https://www.imdb.com/title/tt31522294/
tt3425314	https://www.imdb.com/title/tt3425314/
tt3437754	https://www.imdb.com/title/tt3437754/
tt3504842	https://www.imdb.com/title/tt3504842/
tt3504922	https://www.imdb.com/title/tt3504922/
tt3505022	https://www.imdb.com/title/tt3505022/
tt3524546	https://www.imdb.com/title/tt3524546/
tt35317630	https://www.imdb.com/title/tt35317630/
tt3600842	https://www.imdb.com/title/tt3600842/
tt3701230	https://www.imdb.com/title/tt3701230/
tt3702804	https://www.imdb.com/title/tt3702804/
tt3705386	https://www.imdb.com/title/tt3705386/
tt3705404	https://www.imdb.com/title/tt3705404/
tt3705490	https://www.imdb.com/title/tt3705490/
tt3705514	https://www.imdb.com/title/tt3705514/
tt3709696	https://www.imdb.com/title/tt3709696/
tt3714074	https://www.imdb.com/title/tt3714074/
tt3714456	https://www.imdb.com/title/tt3714456/
tt3716206	https://www.imdb.com/title/tt3716206/
tt3716258	https://www.imdb.com/title/tt3716258/
tt4554504	https://www.imdb.com/title/tt4554504/
tt4659924	https://www.imdb.com/title/tt4659924/
tt4729670	https://www.imdb.com/title/tt4729670/
tt4799718	https://www.imdb.com/title/tt4799718/
tt4799746	https://www.imdb.com/title/tt4799746/
tt5155476	https://www.imdb.com/title/tt5155476/
tt5672132	https://www.imdb.com/title/tt5672132/
tt5854194	https://www.imdb.com/title/tt5854194/
tt5855500	https://www.imdb.com/title/tt5855500/
tt5991462	https://www.imdb.com/title/tt5991462/
tt5991538	https://www.imdb.com/title/tt5991538/
tt5991896	https://www.imdb.com/title/tt5991896/
tt5999392	https://www.imdb.com/title/tt5999392/
tt6005966	https://www.imdb.com/title/tt6005966/
tt6005982	https://www.imdb.com/title/tt6005982/
tt6006138	https://www.imdb.com/title/tt6006138/
tt6006394	https://www.imdb.com/title/tt6006394/
tt6020030	https://www.imdb.com/title/tt6020030/
tt6047378	https://www.imdb.com/title/tt6047378/
tt6224378	https://www.imdb.com/title/tt6224378/
tt6227682	https://www.imdb.com/title/tt6227682/
tt6238230	https://www.imdb.com/title/tt6238230/
tt6240054	https://www.imdb.com/title/tt6240054/
tt6242098	https://www.imdb.com/title/tt6242098/
tt6330178	https://www.imdb.com/title/tt6330178/
tt6586114	https://www.imdb.com/title/tt6586114/
tt6669428	https://www.imdb.com/title/tt6669428/
tt6689250	https://www.imdb.com/title/tt6689250/
tt6693636	https://www.imdb.com/title/tt6693636/
tt6854526	https://www.imdb.com/title/tt6854526/
tt6966274	https://www.imdb.com/title/tt6966274/
tt7027262	https://www.imdb.com/title/tt7027262/
tt7027532	https://www.imdb.com/title/tt7027532/
tt7033736	https://www.imdb.com/title/tt7033736/
tt7109828	https://www.imdb.com/title/tt7109828/
tt7551080	https://www.imdb.com/title/tt7551080/
tt7918526	https://www.imdb.com/title/tt7918526/
tt7928392	https://www.imdb.com/title/tt7928392/
tt7961708	https://www.imdb.com/title/tt7961708/
tt8253846	https://www.imdb.com/title/tt8253846/
tt8290496	https://www.imdb.com/title/tt8290496/
tt8338650	https://www.imdb.com/title/tt8338650/
tt8609776	https://www.imdb.com/title/tt8609776/
tt8856878	https://www.imdb.com/title/tt8856878/
tt8884616	https://www.imdb.com/title/tt8884616/
tt8896394	https://www.imdb.com/title/tt8896394/
tt8914590	https://www.imdb.com/title/tt8914590/
tt9008136	https://www.imdb.com/title/tt9008136/
tt9008138	https://www.imdb.com/title/tt9008138/
tt9008142	https://www.imdb.com/title/tt9008142/
tt9008146	https://www.imdb.com/title/tt9008146/
tt9060632	https://www.imdb.com/title/tt9060632/
tt9222092	https://www.imdb.com/title/tt9222092/
tt9296734	https://www.imdb.com/title/tt9296734/
tt9476812	https://www.imdb.com/title/tt9476812/
tt9476838	https://www.imdb.com/title/tt9476838/
tt9476844	https://www.imdb.com/title/tt9476844/
tt9698710	https://www.imdb.com/title/tt9698710/
tt9832954	https://www.imdb.com/title/tt9832954/
tt9856618	https://www.imdb.com/title/tt9856618/
tt9868724	https://www.imdb.com/title/tt9868724/
