tconst	imdb_url
tt0011080	https://www.imdb.com/title/tt0011080/
tt0011294	https://www.imdb.com/title/tt0011294/
tt0012382	https://www.imdb.com/title/tt0012382/
tt0013388	https://www.imdb.com/title/tt0013388/
tt0013543	https://www.imdb.com/title/tt0013543/
tt0013684	https://www.imdb.com/title/tt0013684/
tt0013828	https://www.imdb.com/title/tt0013828/
tt0013851	https://www.imdb.com/title/tt0013851/
tt0013868	https://www.imdb.com/title/tt0013868/
tt0013995	https://www.imdb.com/title/tt0013995/
tt0014009	https://www.imdb.com/title/tt0014009/
tt0014109	https://www.imdb.com/title/tt0014109/
tt0014129	https://www.imdb.com/title/tt0014129/
tt0014145	https://www.imdb.com/title/tt0014145/
tt0014153	https://www.imdb.com/title/tt0014153/
tt0014240	https://www.imdb.com/title/tt0014240/
tt0014289	https://www.imdb.com/title/tt0014289/
tt0014302	https://www.imdb.com/title/tt0014302/
tt0014308	https://www.imdb.com/title/tt0014308/
tt0014338	https://www.imdb.com/title/tt0014338/
tt0014473	https://www.imdb.com/title/tt0014473/
tt0014504	https://www.imdb.com/title/tt0014504/
tt0014524	https://www.imdb.com/title/tt0014524/
tt0014586	https://www.imdb.com/title/tt0014586/
tt0014632	https://www.imdb.com/title/tt0014632/
tt0014635	https://www.imdb.com/title/tt0014635/
tt0014639	https://www.imdb.com/title/tt0014639/
tt0014640	https://www.imdb.com/title/tt0014640/
tt0014641	https://www.imdb.com/title/tt0014641/
tt0014642	https://www.imdb.com/title/tt0014642/
tt0014643	https://www.imdb.com/title/tt0014643/
tt0014644	https://www.imdb.com/title/tt0014644/
tt0014645	https://www.imdb.com/title/tt0014645/
tt0014646	https://www.imdb.com/title/tt0014646/
tt0014647	https://www.imdb.com/title/tt0014647/
tt0014648	https://www.imdb.com/title/tt0014648/
tt0014649	https://www.imdb.com/title/tt0014649/
tt0014650	https://www.imdb.com/title/tt0014650/
tt0014651	https://www.imdb.com/title/tt0014651/
tt0014652	https://www.imdb.com/title/tt0014652/
tt0014653	https://www.imdb.com/title/tt0014653/
tt0014655	https://www.imdb.com/title/tt0014655/
tt0014666	https://www.imdb.com/title/tt0014666/
tt0014670	https://www.imdb.com/title/tt0014670/
tt0014671	https://www.imdb.com/title/tt0014671/
tt0014672	https://www.imdb.com/title/tt0014672/
tt0014673	https://www.imdb.com/title/tt0014673/
tt0014675	https://www.imdb.com/title/tt0014675/
tt0014676	https://www.imdb.com/title/tt0014676/
tt0014677	https://www.imdb.com/title/tt0014677/
tt0014678	https://www.imdb.com/title/tt0014678/
tt0014679	https://www.imdb.com/title/tt0014679/
tt0014680	https://www.imdb.com/title/tt0014680/
tt0014681	https://www.imdb.com/title/tt0014681/
tt0014682	https://www.imdb.com/title/tt0014682/
tt0014684	https://www.imdb.com/title/tt0014684/
tt0014685	https://www.imdb.com/title/tt0014685/
tt0014686	https://www.imdb.com/title/tt0014686/
tt0014688	https://www.imdb.com/title/tt0014688/
tt0014689	https://www.imdb.com/title/tt0014689/
tt0014690	https://www.imdb.com/title/tt0014690/
tt0014691	https://www.imdb.com/title/tt0014691/
tt0014692	https://www.imdb.com/title/tt0014692/
tt0014693	https://www.imdb.com/title/tt0014693/
tt0014695	https://www.imdb.com/title/tt0014695/
tt0014696	https://www.imdb.com/title/tt0014696/
tt0014697	https://www.imdb.com/title/tt0014697/
tt0014698	https://www.imdb.com/title/tt0014698/
tt0014699	https://www.imdb.com/title/tt0014699/
tt0014700	https://www.imdb.com/title/tt0014700/
tt0014701	https://www.imdb.com/title/tt0014701/
tt0014702	https://www.imdb.com/title/tt0014702/
tt0014703	https://www.imdb.com/title/tt0014703/
tt0014704	https://www.imdb.com/title/tt0014704/
tt0014706	https://www.imdb.com/title/tt0014706/
tt0014707	https://www.imdb.com/title/tt0014707/
tt0014708	https://www.imdb.com/title/tt0014708/
tt0014709	https://www.imdb.com/title/tt0014709/
tt0014710	https://www.imdb.com/title/tt0014710/
tt0014711	https://www.imdb.com/title/tt0014711/
tt0014713	https://www.imdb.com/title/tt0014713/
tt0014714	https://www.imdb.com/title/tt0014714/
tt0014715	https://www.imdb.com/title/tt0014715/
tt0014716	https://www.imdb.com/title/tt0014716/
tt0014717	https://www.imdb.com/title/tt0014717/
tt0014718	https://www.imdb.com/title/tt0014718/
tt0014719	https://www.imdb.com/title/tt0014719/
tt0014720	https://www.imdb.com/title/tt0014720/
tt0014722	https://www.imdb.com/title/tt0014722/
tt0014723	https://www.imdb.com/title/tt0014723/
tt0014724	https://www.imdb.com/title/tt0014724/
tt0014725	https://www.imdb.com/title/tt0014725/
tt0014728	https://www.imdb.com/title/tt0014728/
tt0014729	https://www.imdb.com/title/tt0014729/
tt0014730	https://www.imdb.com/title/tt0014730/
tt0014731	https://www.imdb.com/title/tt0014731/
tt0014732	https://www.imdb.com/title/tt0014732/
tt0014733	https://www.imdb.com/title/tt0014733/
tt0014734	https://www.imdb.com/title/tt0014734/
tt0014735	https://www.imdb.com/title/tt0014735/
tt0014736	https://www.imdb.com/title/tt0014736/
tt0014737	https://www.imdb.com/title/tt0014737/
tt0014738	https://www.imdb.com/title/tt0014738/
tt0014739	https://www.imdb.com/title/tt0014739/
tt0014740	https://www.imdb.com/title/tt0014740/
tt0014742	https://www.imdb.com/title/tt0014742/
tt0014744	https://www.imdb.com/title/tt0014744/
tt0014745	https://www.imdb.com/title/tt0014745/
tt0014746	https://www.imdb.com/title/tt0014746/
tt0014747	https://www.imdb.com/title/tt0014747/
tt0014750	https://www.imdb.com/title/tt0014750/
tt0014752	https://www.imdb.com/title/tt0014752/
tt0014753	https://www.imdb.com/title/tt0014753/
tt0014754	https://www.imdb.com/title/tt0014754/
tt0014755	https://www.imdb.com/title/tt0014755/
tt0014756	https://www.imdb.com/title/tt0014756/
tt0014757	https://www.imdb.com/title/tt0014757/
tt0014759	https://www.imdb.com/title/tt0014759/
tt0014760	https://www.imdb.com/title/tt0014760/
tt0014761	https://www.imdb.com/title/tt0014761/
tt0014762	https://www.imdb.com/title/tt0014762/
tt0014766	https://www.imdb.com/title/tt0014766/
tt0014767	https://www.imdb.com/title/tt0014767/
tt0014769	https://www.imdb.com/title/tt0014769/
tt0014771	https://www.imdb.com/title/tt0014771/
tt0014772	https://www.imdb.com/title/tt0014772/
tt0014774	https://www.imdb.com/title/tt0014774/
tt0014775	https://www.imdb.com/title/tt0014775/
tt0014776	https://www.imdb.com/title/tt0014776/
tt0014777	https://www.imdb.com/title/tt0014777/
tt0014778	https://www.imdb.com/title/tt0014778/
tt0014779	https://www.imdb.com/title/tt0014779/
tt0014781	https://www.imdb.com/title/tt0014781/
tt0014782	https://www.imdb.com/title/tt0014782/
tt0014783	https://www.imdb.com/title/tt0014783/
tt0014784	https://www.imdb.com/title/tt0014784/
tt0014796	https://www.imdb.com/title/tt0014796/
tt0014797	https://www.imdb.com/title/tt0014797/
tt0014798	https://www.imdb.com/title/tt0014798/
tt0014799	https://www.imdb.com/title/tt0014799/
tt0014800	https://www.imdb.com/title/tt0014800/
tt0014801	https://www.imdb.com/title/tt0014801/
tt0014802	https://www.imdb.com/title/tt0014802/
tt0014803	https://www.imdb.com/title/tt0014803/
tt0014804	https://www.imdb.com/title/tt0014804/
tt0014805	https://www.imdb.com/title/tt0014805/
tt0014806	https://www.imdb.com/title/tt0014806/
tt0014808	https://www.imdb.com/title/tt0014808/
tt0014809	https://www.imdb.com/title/tt0014809/
tt0014810	https://www.imdb.com/title/tt0014810/
tt0014812	https://www.imdb.com/title/tt0014812/
tt0014813	https://www.imdb.com/title/tt0014813/
tt0014814	https://www.imdb.com/title/tt0014814/
tt0014815	https://www.imdb.com/title/tt0014815/
tt0014816	https://www.imdb.com/title/tt0014816/
tt0014817	https://www.imdb.com/title/tt0014817/
tt0014818	https://www.imdb.com/title/tt0014818/
tt0014819	https://www.imdb.com/title/tt0014819/
tt0014820	https://www.imdb.com/title/tt0014820/
tt0014821	https://www.imdb.com/title/tt0014821/
tt0014822	https://www.imdb.com/title/tt0014822/
tt0014823	https://www.imdb.com/title/tt0014823/
tt0014824	https://www.imdb.com/title/tt0014824/
tt0014825	https://www.imdb.com/title/tt0014825/
tt0014826	https://www.imdb.com/title/tt0014826/
tt0014827	https://www.imdb.com/title/tt0014827/
tt0014828	https://www.imdb.com/title/tt0014828/
tt0014829	https://www.imdb.com/title/tt0014829/
tt0014830	https://www.imdb.com/title/tt0014830/
tt0014831	https://www.imdb.com/title/tt0014831/
tt0014832	https://www.imdb.com/title/tt0014832/
tt0014833	https://www.imdb.com/title/tt0014833/
tt0014834	https://www.imdb.com/title/tt0014834/
tt0014835	https://www.imdb.com/title/tt0014835/
tt0014836	https://www.imdb.com/title/tt0014836/
tt0014837	https://www.imdb.com/title/tt0014837/
tt0014838	https://www.imdb.com/title/tt0014838/
tt0014839	https://www.imdb.com/title/tt0014839/
tt0014840	https://www.imdb.com/title/tt0014840/
tt0014841	https://www.imdb.com/title/tt0014841/
tt0014842	https://www.imdb.com/title/tt0014842/
tt0014843	https://www.imdb.com/title/tt0014843/
tt0014844	https://www.imdb.com/title/tt0014844/
tt0014845	https://www.imdb.com/title/tt0014845/
tt0014847	https://www.imdb.com/title/tt0014847/
tt0014848	https://www.imdb.com/title/tt0014848/
tt0014849	https://www.imdb.com/title/tt0014849/
tt0014850	https://www.imdb.com/title/tt0014850/
tt0014851	https://www.imdb.com/title/tt0014851/
tt0014853	https://www.imdb.com/title/tt0014853/
tt0014854	https://www.imdb.com/title/tt0014854/
tt0014855	https://www.imdb.com/title/tt0014855/
tt0014857	https://www.imdb.com/title/tt0014857/
tt0014858	https://www.imdb.com/title/tt0014858/
tt0014859	https://www.imdb.com/title/tt0014859/
tt0014860	https://www.imdb.com/title/tt0014860/
tt0014862	https://www.imdb.com/title/tt0014862/
tt0014863	https://www.imdb.com/title/tt0014863/
tt0014864	https://www.imdb.com/title/tt0014864/
tt0014866	https://www.imdb.com/title/tt0014866/
tt0014867	https://www.imdb.com/title/tt0014867/
tt0014868	https://www.imdb.com/title/tt0014868/
tt0014869	https://www.imdb.com/title/tt0014869/
tt0014870	https://www.imdb.com/title/tt0014870/
tt0014871	https://www.imdb.com/title/tt0014871/
tt0014873	https://www.imdb.com/title/tt0014873/
tt0014874	https://www.imdb.com/title/tt0014874/
tt0014875	https://www.imdb.com/title/tt0014875/
tt0014876	https://www.imdb.com/title/tt0014876/
tt0014877	https://www.imdb.com/title/tt0014877/
tt0014878	https://www.imdb.com/title/tt0014878/
tt0014879	https://www.imdb.com/title/tt0014879/
tt0014880	https://www.imdb.com/title/tt0014880/
tt0014881	https://www.imdb.com/title/tt0014881/
tt0014884	https://www.imdb.com/title/tt0014884/
tt0014887	https://www.imdb.com/title/tt0014887/
tt0014888	https://www.imdb.com/title/tt0014888/
tt0014889	https://www.imdb.com/title/tt0014889/
tt0014890	https://www.imdb.com/title/tt0014890/
tt0014891	https://www.imdb.com/title/tt0014891/
tt0014892	https://www.imdb.com/title/tt0014892/
tt0014893	https://www.imdb.com/title/tt0014893/
tt0014894	https://www.imdb.com/title/tt0014894/
tt0014895	https://www.imdb.com/title/tt0014895/
tt0014896	https://www.imdb.com/title/tt0014896/
tt0014897	https://www.imdb.com/title/tt0014897/
tt0014899	https://www.imdb.com/title/tt0014899/
tt0014900	https://www.imdb.com/title/tt0014900/
tt0014901	https://www.imdb.com/title/tt0014901/
tt0014902	https://www.imdb.com/title/tt0014902/
tt0014905	https://www.imdb.com/title/tt0014905/
tt0014906	https://www.imdb.com/title/tt0014906/
tt0014907	https://www.imdb.com/title/tt0014907/
tt0014908	https://www.imdb.com/title/tt0014908/
tt0014909	https://www.imdb.com/title/tt0014909/
tt0014910	https://www.imdb.com/title/tt0014910/
tt0014912	https://www.imdb.com/title/tt0014912/
tt0014913	https://www.imdb.com/title/tt0014913/
tt0014915	https://www.imdb.com/title/tt0014915/
tt0014916	https://www.imdb.com/title/tt0014916/
tt0014917	https://www.imdb.com/title/tt0014917/
tt0014918	https://www.imdb.com/title/tt0014918/
tt0014919	https://www.imdb.com/title/tt0014919/
tt0014920	https://www.imdb.com/title/tt0014920/
tt0014921	https://www.imdb.com/title/tt0014921/
tt0014922	https://www.imdb.com/title/tt0014922/
tt0014923	https://www.imdb.com/title/tt0014923/
tt0014924	https://www.imdb.com/title/tt0014924/
tt0014925	https://www.imdb.com/title/tt0014925/
tt0014927	https://www.imdb.com/title/tt0014927/
tt0014929	https://www.imdb.com/title/tt0014929/
tt0014930	https://www.imdb.com/title/tt0014930/
tt0014931	https://www.imdb.com/title/tt0014931/
tt0014932	https://www.imdb.com/title/tt0014932/
tt0014934	https://www.imdb.com/title/tt0014934/
tt0014935	https://www.imdb.com/title/tt0014935/
tt0014936	https://www.imdb.com/title/tt0014936/
tt0014937	https://www.imdb.com/title/tt0014937/
tt0014938	https://www.imdb.com/title/tt0014938/
tt0014939	https://www.imdb.com/title/tt0014939/
tt0014940	https://www.imdb.com/title/tt0014940/
tt0014941	https://www.imdb.com/title/tt0014941/
tt0014942	https://www.imdb.com/title/tt0014942/
tt0014943	https://www.imdb.com/title/tt0014943/
tt0014945	https://www.imdb.com/title/tt0014945/
tt0014946	https://www.imdb.com/title/tt0014946/
tt0014947	https://www.imdb.com/title/tt0014947/
tt0014949	https://www.imdb.com/title/tt0014949/
tt0014950	https://www.imdb.com/title/tt0014950/
tt0014952	https://www.imdb.com/title/tt0014952/
tt0014953	https://www.imdb.com/title/tt0014953/
tt0014955	https://www.imdb.com/title/tt0014955/
tt0014956	https://www.imdb.com/title/tt0014956/
tt0014957	https://www.imdb.com/title/tt0014957/
tt0014958	https://www.imdb.com/title/tt0014958/
tt0014959	https://www.imdb.com/title/tt0014959/
tt0014960	https://www.imdb.com/title/tt0014960/
tt0014961	https://www.imdb.com/title/tt0014961/
tt0014963	https://www.imdb.com/title/tt0014963/
tt0014964	https://www.imdb.com/title/tt0014964/
tt0014965	https://www.imdb.com/title/tt0014965/
tt0014966	https://www.imdb.com/title/tt0014966/
tt0014968	https://www.imdb.com/title/tt0014968/
tt0014969	https://www.imdb.com/title/tt0014969/
tt0014970	https://www.imdb.com/title/tt0014970/
tt0014972	https://www.imdb.com/title/tt0014972/
tt0014973	https://www.imdb.com/title/tt0014973/
tt0014974	https://www.imdb.com/title/tt0014974/
tt0014975	https://www.imdb.com/title/tt0014975/
tt0014976	https://www.imdb.com/title/tt0014976/
tt0014977	https://www.imdb.com/title/tt0014977/
tt0014978	https://www.imdb.com/title/tt0014978/
tt0014979	https://www.imdb.com/title/tt0014979/
tt0014980	https://www.imdb.com/title/tt0014980/
tt0014981	https://www.imdb.com/title/tt0014981/
tt0014982	https://www.imdb.com/title/tt0014982/
tt0014983	https://www.imdb.com/title/tt0014983/
tt0014984	https://www.imdb.com/title/tt0014984/
tt0014987	https://www.imdb.com/title/tt0014987/
tt0014988	https://www.imdb.com/title/tt0014988/
tt0014989	https://www.imdb.com/title/tt0014989/
tt0014990	https://www.imdb.com/title/tt0014990/
tt0014991	https://www.imdb.com/title/tt0014991/
tt0014993	https://www.imdb.com/title/tt0014993/
tt0014994	https://www.imdb.com/title/tt0014994/
tt0014996	https://www.imdb.com/title/tt0014996/
tt0014998	https://www.imdb.com/title/tt0014998/
tt0015000	https://www.imdb.com/title/tt0015000/
tt0015001	https://www.imdb.com/title/tt0015001/
tt0015002	https://www.imdb.com/title/tt0015002/
tt0015003	https://www.imdb.com/title/tt0015003/
tt0015004	https://www.imdb.com/title/tt0015004/
tt0015005	https://www.imdb.com/title/tt0015005/
tt0015006	https://www.imdb.com/title/tt0015006/
tt0015007	https://www.imdb.com/title/tt0015007/
tt0015008	https://www.imdb.com/title/tt0015008/
tt0015010	https://www.imdb.com/title/tt0015010/
tt0015011	https://www.imdb.com/title/tt0015011/
tt0015012	https://www.imdb.com/title/tt0015012/
tt0015013	https://www.imdb.com/title/tt0015013/
tt0015014	https://www.imdb.com/title/tt0015014/
tt0015015	https://www.imdb.com/title/tt0015015/
tt0015016	https://www.imdb.com/title/tt0015016/
tt0015017	https://www.imdb.com/title/tt0015017/
tt0015018	https://www.imdb.com/title/tt0015018/
tt0015019	https://www.imdb.com/title/tt0015019/
tt0015020	https://www.imdb.com/title/tt0015020/
tt0015022	https://www.imdb.com/title/tt0015022/
tt0015024	https://www.imdb.com/title/tt0015024/
tt0015025	https://www.imdb.com/title/tt0015025/
tt0015026	https://www.imdb.com/title/tt0015026/
tt0015027	https://www.imdb.com/title/tt0015027/
tt0015029	https://www.imdb.com/title/tt0015029/
tt0015030	https://www.imdb.com/title/tt0015030/
tt0015031	https://www.imdb.com/title/tt0015031/
tt0015032	https://www.imdb.com/title/tt0015032/
tt0015033	https://www.imdb.com/title/tt0015033/
tt0015034	https://www.imdb.com/title/tt0015034/
tt0015035	https://www.imdb.com/title/tt0015035/
tt0015036	https://www.imdb.com/title/tt0015036/
tt0015038	https://www.imdb.com/title/tt0015038/
tt0015039	https://www.imdb.com/title/tt0015039/
tt0015040	https://www.imdb.com/title/tt0015040/
tt0015041	https://www.imdb.com/title/tt0015041/
tt0015042	https://www.imdb.com/title/tt0015042/
tt0015043	https://www.imdb.com/title/tt0015043/
tt0015045	https://www.imdb.com/title/tt0015045/
tt0015046	https://www.imdb.com/title/tt0015046/
tt0015047	https://www.imdb.com/title/tt0015047/
tt0015048	https://www.imdb.com/title/tt0015048/
tt0015049	https://www.imdb.com/title/tt0015049/
tt0015050	https://www.imdb.com/title/tt0015050/
tt0015051	https://www.imdb.com/title/tt0015051/
tt0015052	https://www.imdb.com/title/tt0015052/
tt0015053	https://www.imdb.com/title/tt0015053/
tt0015055	https://www.imdb.com/title/tt0015055/
tt0015056	https://www.imdb.com/title/tt0015056/
tt0015057	https://www.imdb.com/title/tt0015057/
tt0015059	https://www.imdb.com/title/tt0015059/
tt0015060	https://www.imdb.com/title/tt0015060/
tt0015061	https://www.imdb.com/title/tt0015061/
tt0015062	https://www.imdb.com/title/tt0015062/
tt0015064	https://www.imdb.com/title/tt0015064/
tt0015065	https://www.imdb.com/title/tt0015065/
tt0015066	https://www.imdb.com/title/tt0015066/
tt0015067	https://www.imdb.com/title/tt0015067/
tt0015068	https://www.imdb.com/title/tt0015068/
tt0015069	https://www.imdb.com/title/tt0015069/
tt0015070	https://www.imdb.com/title/tt0015070/
tt0015071	https://www.imdb.com/title/tt0015071/
tt0015072	https://www.imdb.com/title/tt0015072/
tt0015073	https://www.imdb.com/title/tt0015073/
tt0015074	https://www.imdb.com/title/tt0015074/
tt0015075	https://www.imdb.com/title/tt0015075/
tt0015077	https://www.imdb.com/title/tt0015077/
tt0015078	https://www.imdb.com/title/tt0015078/
tt0015079	https://www.imdb.com/title/tt0015079/
tt0015080	https://www.imdb.com/title/tt0015080/
tt0015081	https://www.imdb.com/title/tt0015081/
tt0015082	https://www.imdb.com/title/tt0015082/
tt0015083	https://www.imdb.com/title/tt0015083/
tt0015084	https://www.imdb.com/title/tt0015084/
tt0015085	https://www.imdb.com/title/tt0015085/
tt0015086	https://www.imdb.com/title/tt0015086/
tt0015087	https://www.imdb.com/title/tt0015087/
tt0015088	https://www.imdb.com/title/tt0015088/
tt0015089	https://www.imdb.com/title/tt0015089/
tt0015090	https://www.imdb.com/title/tt0015090/
tt0015091	https://www.imdb.com/title/tt0015091/
tt0015092	https://www.imdb.com/title/tt0015092/
tt0015093	https://www.imdb.com/title/tt0015093/
tt0015094	https://www.imdb.com/title/tt0015094/
tt0015095	https://www.imdb.com/title/tt0015095/
tt0015097	https://www.imdb.com/title/tt0015097/
tt0015098	https://www.imdb.com/title/tt0015098/
tt0015099	https://www.imdb.com/title/tt0015099/
tt0015100	https://www.imdb.com/title/tt0015100/
tt0015101	https://www.imdb.com/title/tt0015101/
tt0015102	https://www.imdb.com/title/tt0015102/
tt0015103	https://www.imdb.com/title/tt0015103/
tt0015104	https://www.imdb.com/title/tt0015104/
tt0015105	https://www.imdb.com/title/tt0015105/
tt0015107	https://www.imdb.com/title/tt0015107/
tt0015109	https://www.imdb.com/title/tt0015109/
tt0015110	https://www.imdb.com/title/tt0015110/
tt0015111	https://www.imdb.com/title/tt0015111/
tt0015112	https://www.imdb.com/title/tt0015112/
tt0015114	https://www.imdb.com/title/tt0015114/
tt0015115	https://www.imdb.com/title/tt0015115/
tt0015116	https://www.imdb.com/title/tt0015116/
tt0015117	https://www.imdb.com/title/tt0015117/
tt0015118	https://www.imdb.com/title/tt0015118/
tt0015119	https://www.imdb.com/title/tt0015119/
tt0015120	https://www.imdb.com/title/tt0015120/
tt0015121	https://www.imdb.com/title/tt0015121/
tt0015122	https://www.imdb.com/title/tt0015122/
tt0015123	https://www.imdb.com/title/tt0015123/
tt0015124	https://www.imdb.com/title/tt0015124/
tt0015127	https://www.imdb.com/title/tt0015127/
tt0015129	https://www.imdb.com/title/tt0015129/
tt0015130	https://www.imdb.com/title/tt0015130/
tt0015131	https://www.imdb.com/title/tt0015131/
tt0015132	https://www.imdb.com/title/tt0015132/
tt0015133	https://www.imdb.com/title/tt0015133/
tt0015134	https://www.imdb.com/title/tt0015134/
tt0015135	https://www.imdb.com/title/tt0015135/
tt0015136	https://www.imdb.com/title/tt0015136/
tt0015137	https://www.imdb.com/title/tt0015137/
tt0015138	https://www.imdb.com/title/tt0015138/
tt0015139	https://www.imdb.com/title/tt0015139/
tt0015140	https://www.imdb.com/title/tt0015140/
tt0015141	https://www.imdb.com/title/tt0015141/
tt0015142	https://www.imdb.com/title/tt0015142/
tt0015143	https://www.imdb.com/title/tt0015143/
tt0015144	https://www.imdb.com/title/tt0015144/
tt0015145	https://www.imdb.com/title/tt0015145/
tt0015148	https://www.imdb.com/title/tt0015148/
tt0015149	https://www.imdb.com/title/tt0015149/
tt0015153	https://www.imdb.com/title/tt0015153/
tt0015154	https://www.imdb.com/title/tt0015154/
tt0015155	https://www.imdb.com/title/tt0015155/
tt0015156	https://www.imdb.com/title/tt0015156/
tt0015157	https://www.imdb.com/title/tt0015157/
tt0015163	https://www.imdb.com/title/tt0015163/
tt0015165	https://www.imdb.com/title/tt0015165/
tt0015166	https://www.imdb.com/title/tt0015166/
tt0015167	https://www.imdb.com/title/tt0015167/
tt0015169	https://www.imdb.com/title/tt0015169/
tt0015170	https://www.imdb.com/title/tt0015170/
tt0015171	https://www.imdb.com/title/tt0015171/
tt0015173	https://www.imdb.com/title/tt0015173/
tt0015174	https://www.imdb.com/title/tt0015174/
tt0015175	https://www.imdb.com/title/tt0015175/
tt0015176	https://www.imdb.com/title/tt0015176/
tt0015177	https://www.imdb.com/title/tt0015177/
tt0015178	https://www.imdb.com/title/tt0015178/
tt0015180	https://www.imdb.com/title/tt0015180/
tt0015181	https://www.imdb.com/title/tt0015181/
tt0015183	https://www.imdb.com/title/tt0015183/
tt0015184	https://www.imdb.com/title/tt0015184/
tt0015185	https://www.imdb.com/title/tt0015185/
tt0015186	https://www.imdb.com/title/tt0015186/
tt0015187	https://www.imdb.com/title/tt0015187/
tt0015188	https://www.imdb.com/title/tt0015188/
tt0015189	https://www.imdb.com/title/tt0015189/
tt0015190	https://www.imdb.com/title/tt0015190/
tt0015191	https://www.imdb.com/title/tt0015191/
tt0015192	https://www.imdb.com/title/tt0015192/
tt0015193	https://www.imdb.com/title/tt0015193/
tt0015195	https://www.imdb.com/title/tt0015195/
tt0015196	https://www.imdb.com/title/tt0015196/
tt0015197	https://www.imdb.com/title/tt0015197/
tt0015199	https://www.imdb.com/title/tt0015199/
tt0015200	https://www.imdb.com/title/tt0015200/
tt0015202	https://www.imdb.com/title/tt0015202/
tt0015203	https://www.imdb.com/title/tt0015203/
tt0015205	https://www.imdb.com/title/tt0015205/
tt0015206	https://www.imdb.com/title/tt0015206/
tt0015207	https://www.imdb.com/title/tt0015207/
tt0015208	https://www.imdb.com/title/tt0015208/
tt0015209	https://www.imdb.com/title/tt0015209/
tt0015210	https://www.imdb.com/title/tt0015210/
tt0015211	https://www.imdb.com/title/tt0015211/
tt0015213	https://www.imdb.com/title/tt0015213/
tt0015215	https://www.imdb.com/title/tt0015215/
tt0015216	https://www.imdb.com/title/tt0015216/
tt0015217	https://www.imdb.com/title/tt0015217/
tt0015218	https://www.imdb.com/title/tt0015218/
tt0015220	https://www.imdb.com/title/tt0015220/
tt0015221	https://www.imdb.com/title/tt0015221/
tt0015223	https://www.imdb.com/title/tt0015223/
tt0015224	https://www.imdb.com/title/tt0015224/
tt0015226	https://www.imdb.com/title/tt0015226/
tt0015227	https://www.imdb.com/title/tt0015227/
tt0015229	https://www.imdb.com/title/tt0015229/
tt0015231	https://www.imdb.com/title/tt0015231/
tt0015232	https://www.imdb.com/title/tt0015232/
tt0015233	https://www.imdb.com/title/tt0015233/
tt0015234	https://www.imdb.com/title/tt0015234/
tt0015235	https://www.imdb.com/title/tt0015235/
tt0015237	https://www.imdb.com/title/tt0015237/
tt0015238	https://www.imdb.com/title/tt0015238/
tt0015239	https://www.imdb.com/title/tt0015239/
tt0015241	https://www.imdb.com/title/tt0015241/
tt0015243	https://www.imdb.com/title/tt0015243/
tt0015244	https://www.imdb.com/title/tt0015244/
tt0015246	https://www.imdb.com/title/tt0015246/
tt0015247	https://www.imdb.com/title/tt0015247/
tt0015248	https://www.imdb.com/title/tt0015248/
tt0015249	https://www.imdb.com/title/tt0015249/
tt0015250	https://www.imdb.com/title/tt0015250/
tt0015252	https://www.imdb.com/title/tt0015252/
tt0015253	https://www.imdb.com/title/tt0015253/
tt0015254	https://www.imdb.com/title/tt0015254/
tt0015255	https://www.imdb.com/title/tt0015255/
tt0015256	https://www.imdb.com/title/tt0015256/
tt0015257	https://www.imdb.com/title/tt0015257/
tt0015259	https://www.imdb.com/title/tt0015259/
tt0015260	https://www.imdb.com/title/tt0015260/
tt0015261	https://www.imdb.com/title/tt0015261/
tt0015263	https://www.imdb.com/title/tt0015263/
tt0015264	https://www.imdb.com/title/tt0015264/
tt0015265	https://www.imdb.com/title/tt0015265/
tt0015266	https://www.imdb.com/title/tt0015266/
tt0015267	https://www.imdb.com/title/tt0015267/
tt0015268	https://www.imdb.com/title/tt0015268/
tt0015270	https://www.imdb.com/title/tt0015270/
tt0015271	https://www.imdb.com/title/tt0015271/
tt0015272	https://www.imdb.com/title/tt0015272/
tt0015274	https://www.imdb.com/title/tt0015274/
tt0015275	https://www.imdb.com/title/tt0015275/
tt0015276	https://www.imdb.com/title/tt0015276/
tt0015277	https://www.imdb.com/title/tt0015277/
tt0015278	https://www.imdb.com/title/tt0015278/
tt0015279	https://www.imdb.com/title/tt0015279/
tt0015280	https://www.imdb.com/title/tt0015280/
tt0015281	https://www.imdb.com/title/tt0015281/
tt0015282	https://www.imdb.com/title/tt0015282/
tt0015283	https://www.imdb.com/title/tt0015283/
tt0015284	https://www.imdb.com/title/tt0015284/
tt0015285	https://www.imdb.com/title/tt0015285/
tt0015286	https://www.imdb.com/title/tt0015286/
tt0015287	https://www.imdb.com/title/tt0015287/
tt0015289	https://www.imdb.com/title/tt0015289/
tt0015290	https://www.imdb.com/title/tt0015290/
tt0015291	https://www.imdb.com/title/tt0015291/
tt0015292	https://www.imdb.com/title/tt0015292/
tt0015293	https://www.imdb.com/title/tt0015293/
tt0015295	https://www.imdb.com/title/tt0015295/
tt0015296	https://www.imdb.com/title/tt0015296/
tt0015297	https://www.imdb.com/title/tt0015297/
tt0015299	https://www.imdb.com/title/tt0015299/
tt0015301	https://www.imdb.com/title/tt0015301/
tt0015302	https://www.imdb.com/title/tt0015302/
tt0015303	https://www.imdb.com/title/tt0015303/
tt0015305	https://www.imdb.com/title/tt0015305/
tt0015307	https://www.imdb.com/title/tt0015307/
tt0015308	https://www.imdb.com/title/tt0015308/
tt0015309	https://www.imdb.com/title/tt0015309/
tt0015310	https://www.imdb.com/title/tt0015310/
tt0015311	https://www.imdb.com/title/tt0015311/
tt0015312	https://www.imdb.com/title/tt0015312/
tt0015313	https://www.imdb.com/title/tt0015313/
tt0015314	https://www.imdb.com/title/tt0015314/
tt0015315	https://www.imdb.com/title/tt0015315/
tt0015316	https://www.imdb.com/title/tt0015316/
tt0015317	https://www.imdb.com/title/tt0015317/
tt0015318	https://www.imdb.com/title/tt0015318/
tt0015319	https://www.imdb.com/title/tt0015319/
tt0015320	https://www.imdb.com/title/tt0015320/
tt0015321	https://www.imdb.com/title/tt0015321/
tt0015324	https://www.imdb.com/title/tt0015324/
tt0015325	https://www.imdb.com/title/tt0015325/
tt0015326	https://www.imdb.com/title/tt0015326/
tt0015327	https://www.imdb.com/title/tt0015327/
tt0015328	https://www.imdb.com/title/tt0015328/
tt0015330	https://www.imdb.com/title/tt0015330/
tt0015331	https://www.imdb.com/title/tt0015331/
tt0015332	https://www.imdb.com/title/tt0015332/
tt0015333	https://www.imdb.com/title/tt0015333/
tt0015334	https://www.imdb.com/title/tt0015334/
tt0015335	https://www.imdb.com/title/tt0015335/
tt0015336	https://www.imdb.com/title/tt0015336/
tt0015337	https://www.imdb.com/title/tt0015337/
tt0015338	https://www.imdb.com/title/tt0015338/
tt0015339	https://www.imdb.com/title/tt0015339/
tt0015340	https://www.imdb.com/title/tt0015340/
tt0015344	https://www.imdb.com/title/tt0015344/
tt0015346	https://www.imdb.com/title/tt0015346/
tt0015347	https://www.imdb.com/title/tt0015347/
tt0015348	https://www.imdb.com/title/tt0015348/
tt0015349	https://www.imdb.com/title/tt0015349/
tt0015351	https://www.imdb.com/title/tt0015351/
tt0015353	https://www.imdb.com/title/tt0015353/
tt0015355	https://www.imdb.com/title/tt0015355/
tt0015356	https://www.imdb.com/title/tt0015356/
tt0015357	https://www.imdb.com/title/tt0015357/
tt0015358	https://www.imdb.com/title/tt0015358/
tt0015359	https://www.imdb.com/title/tt0015359/
tt0015360	https://www.imdb.com/title/tt0015360/
tt0015362	https://www.imdb.com/title/tt0015362/
tt0015363	https://www.imdb.com/title/tt0015363/
tt0015364	https://www.imdb.com/title/tt0015364/
tt0015366	https://www.imdb.com/title/tt0015366/
tt0015367	https://www.imdb.com/title/tt0015367/
tt0015369	https://www.imdb.com/title/tt0015369/
tt0015370	https://www.imdb.com/title/tt0015370/
tt0015371	https://www.imdb.com/title/tt0015371/
tt0015372	https://www.imdb.com/title/tt0015372/
tt0015373	https://www.imdb.com/title/tt0015373/
tt0015374	https://www.imdb.com/title/tt0015374/
tt0015375	https://www.imdb.com/title/tt0015375/
tt0015379	https://www.imdb.com/title/tt0015379/
tt0015380	https://www.imdb.com/title/tt0015380/
tt0015381	https://www.imdb.com/title/tt0015381/
tt0015382	https://www.imdb.com/title/tt0015382/
tt0015383	https://www.imdb.com/title/tt0015383/
tt0015385	https://www.imdb.com/title/tt0015385/
tt0015386	https://www.imdb.com/title/tt0015386/
tt0015389	https://www.imdb.com/title/tt0015389/
tt0015391	https://www.imdb.com/title/tt0015391/
tt0015392	https://www.imdb.com/title/tt0015392/
tt0015393	https://www.imdb.com/title/tt0015393/
tt0015394	https://www.imdb.com/title/tt0015394/
tt0015396	https://www.imdb.com/title/tt0015396/
tt0015397	https://www.imdb.com/title/tt0015397/
tt0015398	https://www.imdb.com/title/tt0015398/
tt0015400	https://www.imdb.com/title/tt0015400/
tt0015402	https://www.imdb.com/title/tt0015402/
tt0015403	https://www.imdb.com/title/tt0015403/
tt0015404	https://www.imdb.com/title/tt0015404/
tt0015405	https://www.imdb.com/title/tt0015405/
tt0015406	https://www.imdb.com/title/tt0015406/
tt0015408	https://www.imdb.com/title/tt0015408/
tt0015409	https://www.imdb.com/title/tt0015409/
tt0015410	https://www.imdb.com/title/tt0015410/
tt0015412	https://www.imdb.com/title/tt0015412/
tt0015413	https://www.imdb.com/title/tt0015413/
tt0015415	https://www.imdb.com/title/tt0015415/
tt0015416	https://www.imdb.com/title/tt0015416/
tt0015417	https://www.imdb.com/title/tt0015417/
tt0015419	https://www.imdb.com/title/tt0015419/
tt0015421	https://www.imdb.com/title/tt0015421/
tt0015422	https://www.imdb.com/title/tt0015422/
tt0015423	https://www.imdb.com/title/tt0015423/
tt0015424	https://www.imdb.com/title/tt0015424/
tt0015425	https://www.imdb.com/title/tt0015425/
tt0015426	https://www.imdb.com/title/tt0015426/
tt0015427	https://www.imdb.com/title/tt0015427/
tt0015428	https://www.imdb.com/title/tt0015428/
tt0015429	https://www.imdb.com/title/tt0015429/
tt0015430	https://www.imdb.com/title/tt0015430/
tt0015433	https://www.imdb.com/title/tt0015433/
tt0015434	https://www.imdb.com/title/tt0015434/
tt0015435	https://www.imdb.com/title/tt0015435/
tt0015436	https://www.imdb.com/title/tt0015436/
tt0015437	https://www.imdb.com/title/tt0015437/
tt0015438	https://www.imdb.com/title/tt0015438/
tt0015439	https://www.imdb.com/title/tt0015439/
tt0015440	https://www.imdb.com/title/tt0015440/
tt0015441	https://www.imdb.com/title/tt0015441/
tt0015442	https://www.imdb.com/title/tt0015442/
tt0015443	https://www.imdb.com/title/tt0015443/
tt0015445	https://www.imdb.com/title/tt0015445/
tt0015446	https://www.imdb.com/title/tt0015446/
tt0015447	https://www.imdb.com/title/tt0015447/
tt0015448	https://www.imdb.com/title/tt0015448/
tt0015449	https://www.imdb.com/title/tt0015449/
tt0015450	https://www.imdb.com/title/tt0015450/
tt0015451	https://www.imdb.com/title/tt0015451/
tt0015453	https://www.imdb.com/title/tt0015453/
tt0015454	https://www.imdb.com/title/tt0015454/
tt0015455	https://www.imdb.com/title/tt0015455/
tt0015457	https://www.imdb.com/title/tt0015457/
tt0015458	https://www.imdb.com/title/tt0015458/
tt0015459	https://www.imdb.com/title/tt0015459/
tt0015460	https://www.imdb.com/title/tt0015460/
tt0015461	https://www.imdb.com/title/tt0015461/
tt0015462	https://www.imdb.com/title/tt0015462/
tt0015463	https://www.imdb.com/title/tt0015463/
tt0015464	https://www.imdb.com/title/tt0015464/
tt0015465	https://www.imdb.com/title/tt0015465/
tt0015467	https://www.imdb.com/title/tt0015467/
tt0015468	https://www.imdb.com/title/tt0015468/
tt0015470	https://www.imdb.com/title/tt0015470/
tt0015471	https://www.imdb.com/title/tt0015471/
tt0015472	https://www.imdb.com/title/tt0015472/
tt0015474	https://www.imdb.com/title/tt0015474/
tt0015475	https://www.imdb.com/title/tt0015475/
tt0015476	https://www.imdb.com/title/tt0015476/
tt0015479	https://www.imdb.com/title/tt0015479/
tt0015480	https://www.imdb.com/title/tt0015480/
tt0015481	https://www.imdb.com/title/tt0015481/
tt0015482	https://www.imdb.com/title/tt0015482/
tt0015483	https://www.imdb.com/title/tt0015483/
tt0015486	https://www.imdb.com/title/tt0015486/
tt0015487	https://www.imdb.com/title/tt0015487/
tt0015488	https://www.imdb.com/title/tt0015488/
tt0015490	https://www.imdb.com/title/tt0015490/
tt0015491	https://www.imdb.com/title/tt0015491/
tt0015492	https://www.imdb.com/title/tt0015492/
tt0015493	https://www.imdb.com/title/tt0015493/
tt0015494	https://www.imdb.com/title/tt0015494/
tt0015495	https://www.imdb.com/title/tt0015495/
tt0015496	https://www.imdb.com/title/tt0015496/
tt0015497	https://www.imdb.com/title/tt0015497/
tt0015498	https://www.imdb.com/title/tt0015498/
tt0015499	https://www.imdb.com/title/tt0015499/
tt0015500	https://www.imdb.com/title/tt0015500/
tt0015501	https://www.imdb.com/title/tt0015501/
tt0015503	https://www.imdb.com/title/tt0015503/
tt0015505	https://www.imdb.com/title/tt0015505/
tt0015506	https://www.imdb.com/title/tt0015506/
tt0015507	https://www.imdb.com/title/tt0015507/
tt0015509	https://www.imdb.com/title/tt0015509/
tt0015510	https://www.imdb.com/title/tt0015510/
tt0015511	https://www.imdb.com/title/tt0015511/
tt0015512	https://www.imdb.com/title/tt0015512/
tt0015513	https://www.imdb.com/title/tt0015513/
tt0015514	https://www.imdb.com/title/tt0015514/
tt0015515	https://www.imdb.com/title/tt0015515/
tt0015516	https://www.imdb.com/title/tt0015516/
tt0015517	https://www.imdb.com/title/tt0015517/
tt0015518	https://www.imdb.com/title/tt0015518/
tt0015519	https://www.imdb.com/title/tt0015519/
tt0015521	https://www.imdb.com/title/tt0015521/
tt0015523	https://www.imdb.com/title/tt0015523/
tt0015525	https://www.imdb.com/title/tt0015525/
tt0015526	https://www.imdb.com/title/tt0015526/
tt0015527	https://www.imdb.com/title/tt0015527/
tt0015528	https://www.imdb.com/title/tt0015528/
tt0015567	https://www.imdb.com/title/tt0015567/
tt0015603	https://www.imdb.com/title/tt0015603/
tt0015606	https://www.imdb.com/title/tt0015606/
tt0015638	https://www.imdb.com/title/tt0015638/
tt0015733	https://www.imdb.com/title/tt0015733/
tt0015755	https://www.imdb.com/title/tt0015755/
tt0015831	https://www.imdb.com/title/tt0015831/
tt0015881	https://www.imdb.com/title/tt0015881/
tt0015942	https://www.imdb.com/title/tt0015942/
tt0015952	https://www.imdb.com/title/tt0015952/
tt0016076	https://www.imdb.com/title/tt0016076/
tt0016253	https://www.imdb.com/title/tt0016253/
tt0016274	https://www.imdb.com/title/tt0016274/
tt0016300	https://www.imdb.com/title/tt0016300/
tt0016352	https://www.imdb.com/title/tt0016352/
tt0016353	https://www.imdb.com/title/tt0016353/
tt0016392	https://www.imdb.com/title/tt0016392/
tt0016437	https://www.imdb.com/title/tt0016437/
tt0016458	https://www.imdb.com/title/tt0016458/
tt0016530	https://www.imdb.com/title/tt0016530/
tt0016564	https://www.imdb.com/title/tt0016564/
tt0016687	https://www.imdb.com/title/tt0016687/
tt0020089	https://www.imdb.com/title/tt0020089/
tt0123039	https://www.imdb.com/title/tt0123039/
tt0123152	https://www.imdb.com/title/tt0123152/
tt0123178	https://www.imdb.com/title/tt0123178/
tt0123902	https://www.imdb.com/title/tt0123902/
tt0123906	https://www.imdb.com/title/tt0123906/
tt0123907	https://www.imdb.com/title/tt0123907/
tt0124752	https://www.imdb.com/title/tt0124752/
tt0125466	https://www.imdb.com/title/tt0125466/
tt0125470	https://www.imdb.com/title/tt0125470/
tt0126364	https://www.imdb.com/title/tt0126364/
tt0126990	https://www.imdb.com/title/tt0126990/
tt0127641	https://www.imdb.com/title/tt0127641/
tt0127642	https://www.imdb.com/title/tt0127642/
tt0127654	https://www.imdb.com/title/tt0127654/
tt0127686	https://www.imdb.com/title/tt0127686/
tt0127761	https://www.imdb.com/title/tt0127761/
tt0127976	https://www.imdb.com/title/tt0127976/
tt0128090	https://www.imdb.com/title/tt0128090/
tt0128228	https://www.imdb.com/title/tt0128228/
tt0128941	https://www.imdb.com/title/tt0128941/
tt0129052	https://www.imdb.com/title/tt0129052/
tt0129100	https://www.imdb.com/title/tt0129100/
tt0129231	https://www.imdb.com/title/tt0129231/
tt0129266	https://www.imdb.com/title/tt0129266/
tt0129330	https://www.imdb.com/title/tt0129330/
tt0129391	https://www.imdb.com/title/tt0129391/
tt0130038	https://www.imdb.com/title/tt0130038/
tt0130095	https://www.imdb.com/title/tt0130095/
tt0130278	https://www.imdb.com/title/tt0130278/
tt0130313	https://www.imdb.com/title/tt0130313/
tt0131377	https://www.imdb.com/title/tt0131377/
tt0131381	https://www.imdb.com/title/tt0131381/
tt0131639	https://www.imdb.com/title/tt0131639/
tt0131944	https://www.imdb.com/title/tt0131944/
tt0132205	https://www.imdb.com/title/tt0132205/
tt0132497	https://www.imdb.com/title/tt0132497/
tt0132511	https://www.imdb.com/title/tt0132511/
tt0132958	https://www.imdb.com/title/tt0132958/
tt0133789	https://www.imdb.com/title/tt0133789/
tt0133848	https://www.imdb.com/title/tt0133848/
tt0135455	https://www.imdb.com/title/tt0135455/
tt0135459	https://www.imdb.com/title/tt0135459/
tt0135464	https://www.imdb.com/title/tt0135464/
tt0135466	https://www.imdb.com/title/tt0135466/
tt0135521	https://www.imdb.com/title/tt0135521/
tt0135763	https://www.imdb.com/title/tt0135763/
tt0136240	https://www.imdb.com/title/tt0136240/
tt0138425	https://www.imdb.com/title/tt0138425/
tt0138477	https://www.imdb.com/title/tt0138477/
tt0138507	https://www.imdb.com/title/tt0138507/
tt0138554	https://www.imdb.com/title/tt0138554/
tt0138843	https://www.imdb.com/title/tt0138843/
tt0139621	https://www.imdb.com/title/tt0139621/
tt0139821	https://www.imdb.com/title/tt0139821/
tt0142697	https://www.imdb.com/title/tt0142697/
tt0142702	https://www.imdb.com/title/tt0142702/
tt0143115	https://www.imdb.com/title/tt0143115/
tt0145197	https://www.imdb.com/title/tt0145197/
tt0147156	https://www.imdb.com/title/tt0147156/
tt0148593	https://www.imdb.com/title/tt0148593/
tt0150735	https://www.imdb.com/title/tt0150735/
tt0154047	https://www.imdb.com/title/tt0154047/
tt0154121	https://www.imdb.com/title/tt0154121/
tt0154295	https://www.imdb.com/title/tt0154295/
tt0154377	https://www.imdb.com/title/tt0154377/
tt0154881	https://www.imdb.com/title/tt0154881/
tt0154882	https://www.imdb.com/title/tt0154882/
tt0154937	https://www.imdb.com/title/tt0154937/
tt0155047	https://www.imdb.com/title/tt0155047/
tt0155084	https://www.imdb.com/title/tt0155084/
tt0155337	https://www.imdb.com/title/tt0155337/
tt0156563	https://www.imdb.com/title/tt0156563/
tt0156955	https://www.imdb.com/title/tt0156955/
tt0158157	https://www.imdb.com/title/tt0158157/
tt0159682	https://www.imdb.com/title/tt0159682/
tt0159719	https://www.imdb.com/title/tt0159719/
tt0159809	https://www.imdb.com/title/tt0159809/
tt0160102	https://www.imdb.com/title/tt0160102/
tt0160990	https://www.imdb.com/title/tt0160990/
tt0161082	https://www.imdb.com/title/tt0161082/
tt0161383	https://www.imdb.com/title/tt0161383/
tt0165659	https://www.imdb.com/title/tt0165659/
tt0165823	https://www.imdb.com/title/tt0165823/
tt0165955	https://www.imdb.com/title/tt0165955/
tt0166824	https://www.imdb.com/title/tt0166824/
tt0167022	https://www.imdb.com/title/tt0167022/
tt0168654	https://www.imdb.com/title/tt0168654/
tt0169301	https://www.imdb.com/title/tt0169301/
tt0170678	https://www.imdb.com/title/tt0170678/
tt0172969	https://www.imdb.com/title/tt0172969/
tt0173346	https://www.imdb.com/title/tt0173346/
tt0173347	https://www.imdb.com/title/tt0173347/
tt0173632	https://www.imdb.com/title/tt0173632/
tt0173639	https://www.imdb.com/title/tt0173639/
tt0174278	https://www.imdb.com/title/tt0174278/
tt0174285	https://www.imdb.com/title/tt0174285/
tt0174286	https://www.imdb.com/title/tt0174286/
tt0174290	https://www.imdb.com/title/tt0174290/
tt0174294	https://www.imdb.com/title/tt0174294/
tt0174295	https://www.imdb.com/title/tt0174295/
tt0174713	https://www.imdb.com/title/tt0174713/
tt0174733	https://www.imdb.com/title/tt0174733/
tt0174929	https://www.imdb.com/title/tt0174929/
tt0174933	https://www.imdb.com/title/tt0174933/
tt0175042	https://www.imdb.com/title/tt0175042/
tt0175266	https://www.imdb.com/title/tt0175266/
tt0175915	https://www.imdb.com/title/tt0175915/
tt0176279	https://www.imdb.com/title/tt0176279/
tt0176620	https://www.imdb.com/title/tt0176620/
tt0177105	https://www.imdb.com/title/tt0177105/
tt0177243	https://www.imdb.com/title/tt0177243/
tt0177351	https://www.imdb.com/title/tt0177351/
tt0177378	https://www.imdb.com/title/tt0177378/
tt0177383	https://www.imdb.com/title/tt0177383/
tt0177384	https://www.imdb.com/title/tt0177384/
tt0177391	https://www.imdb.com/title/tt0177391/
tt0177957	https://www.imdb.com/title/tt0177957/
tt0178072	https://www.imdb.com/title/tt0178072/
tt0178954	https://www.imdb.com/title/tt0178954/
tt0179514	https://www.imdb.com/title/tt0179514/
tt0179515	https://www.imdb.com/title/tt0179515/
tt0179520	https://www.imdb.com/title/tt0179520/
tt0179522	https://www.imdb.com/title/tt0179522/
tt0179534	https://www.imdb.com/title/tt0179534/
tt0180636	https://www.imdb.com/title/tt0180636/
tt0180739	https://www.imdb.com/title/tt0180739/
tt0181884	https://www.imdb.com/title/tt0181884/
tt0182012	https://www.imdb.com/title/tt0182012/
tt0182082	https://www.imdb.com/title/tt0182082/
tt0182240	https://www.imdb.com/title/tt0182240/
tt0182287	https://www.imdb.com/title/tt0182287/
tt0183117	https://www.imdb.com/title/tt0183117/
tt0184708	https://www.imdb.com/title/tt0184708/
tt0186169	https://www.imdb.com/title/tt0186169/
tt0186259	https://www.imdb.com/title/tt0186259/
tt0187135	https://www.imdb.com/title/tt0187135/
tt0187293	https://www.imdb.com/title/tt0187293/
tt0187310	https://www.imdb.com/title/tt0187310/
tt0187312	https://www.imdb.com/title/tt0187312/
tt0187369	https://www.imdb.com/title/tt0187369/
tt0187600	https://www.imdb.com/title/tt0187600/
tt0188423	https://www.imdb.com/title/tt0188423/
tt0188669	https://www.imdb.com/title/tt0188669/
tt0188901	https://www.imdb.com/title/tt0188901/
tt0188974	https://www.imdb.com/title/tt0188974/
tt0190432	https://www.imdb.com/title/tt0190432/
tt0190555	https://www.imdb.com/title/tt0190555/
tt0191083	https://www.imdb.com/title/tt0191083/
tt0191141	https://www.imdb.com/title/tt0191141/
tt0191246	https://www.imdb.com/title/tt0191246/
tt0191349	https://www.imdb.com/title/tt0191349/
tt0191641	https://www.imdb.com/title/tt0191641/
tt0192047	https://www.imdb.com/title/tt0192047/
tt0192059	https://www.imdb.com/title/tt0192059/
tt0192086	https://www.imdb.com/title/tt0192086/
tt0192275	https://www.imdb.com/title/tt0192275/
tt0192446	https://www.imdb.com/title/tt0192446/
tt0192500	https://www.imdb.com/title/tt0192500/
tt0192553	https://www.imdb.com/title/tt0192553/
tt0193824	https://www.imdb.com/title/tt0193824/
tt0193900	https://www.imdb.com/title/tt0193900/
tt0193983	https://www.imdb.com/title/tt0193983/
tt0194458	https://www.imdb.com/title/tt0194458/
tt0194522	https://www.imdb.com/title/tt0194522/
tt0194902	https://www.imdb.com/title/tt0194902/
tt0195172	https://www.imdb.com/title/tt0195172/
tt0195348	https://www.imdb.com/title/tt0195348/
tt0197662	https://www.imdb.com/title/tt0197662/
tt0197695	https://www.imdb.com/title/tt0197695/
tt0197779	https://www.imdb.com/title/tt0197779/
tt0197819	https://www.imdb.com/title/tt0197819/
tt0198303	https://www.imdb.com/title/tt0198303/
tt0198374	https://www.imdb.com/title/tt0198374/
tt0198449	https://www.imdb.com/title/tt0198449/
tt0198461	https://www.imdb.com/title/tt0198461/
tt0198760	https://www.imdb.com/title/tt0198760/
tt0198776	https://www.imdb.com/title/tt0198776/
tt0198790	https://www.imdb.com/title/tt0198790/
tt0198868	https://www.imdb.com/title/tt0198868/
tt0198926	https://www.imdb.com/title/tt0198926/
tt0198982	https://www.imdb.com/title/tt0198982/
tt0199495	https://www.imdb.com/title/tt0199495/
tt0200033	https://www.imdb.com/title/tt0200033/
tt0200239	https://www.imdb.com/title/tt0200239/
tt0200269	https://www.imdb.com/title/tt0200269/
tt0201044	https://www.imdb.com/title/tt0201044/
tt0201045	https://www.imdb.com/title/tt0201045/
tt0201498	https://www.imdb.com/title/tt0201498/
tt0201528	https://www.imdb.com/title/tt0201528/
tt0201614	https://www.imdb.com/title/tt0201614/
tt0201815	https://www.imdb.com/title/tt0201815/
tt0201912	https://www.imdb.com/title/tt0201912/
tt0202044	https://www.imdb.com/title/tt0202044/
tt0204321	https://www.imdb.com/title/tt0204321/
tt0204638	https://www.imdb.com/title/tt0204638/
tt0205153	https://www.imdb.com/title/tt0205153/
tt0205311	https://www.imdb.com/title/tt0205311/
tt0205755	https://www.imdb.com/title/tt0205755/
tt0206464	https://www.imdb.com/title/tt0206464/
tt0207318	https://www.imdb.com/title/tt0207318/
tt0207636	https://www.imdb.com/title/tt0207636/
tt0208007	https://www.imdb.com/title/tt0208007/
tt0208109	https://www.imdb.com/title/tt0208109/
tt0208571	https://www.imdb.com/title/tt0208571/
tt0210345	https://www.imdb.com/title/tt0210345/
tt0213563	https://www.imdb.com/title/tt0213563/
tt0214050	https://www.imdb.com/title/tt0214050/
tt0214089	https://www.imdb.com/title/tt0214089/
tt0214143	https://www.imdb.com/title/tt0214143/
tt0214224	https://www.imdb.com/title/tt0214224/
tt0214231	https://www.imdb.com/title/tt0214231/
tt0214282	https://www.imdb.com/title/tt0214282/
tt0214573	https://www.imdb.com/title/tt0214573/
tt0214721	https://www.imdb.com/title/tt0214721/
tt0214946	https://www.imdb.com/title/tt0214946/
tt0214970	https://www.imdb.com/title/tt0214970/
tt0215021	https://www.imdb.com/title/tt0215021/
tt0215022	https://www.imdb.com/title/tt0215022/
tt0215241	https://www.imdb.com/title/tt0215241/
tt0216389	https://www.imdb.com/title/tt0216389/
tt0217615	https://www.imdb.com/title/tt0217615/
tt0218700	https://www.imdb.com/title/tt0218700/
tt0219548	https://www.imdb.com/title/tt0219548/
tt0219671	https://www.imdb.com/title/tt0219671/
tt0219850	https://www.imdb.com/title/tt0219850/
tt0220959	https://www.imdb.com/title/tt0220959/
tt0225902	https://www.imdb.com/title/tt0225902/
tt0225940	https://www.imdb.com/title/tt0225940/
tt0226643	https://www.imdb.com/title/tt0226643/
tt0229232	https://www.imdb.com/title/tt0229232/
tt0230344	https://www.imdb.com/title/tt0230344/
tt0230794	https://www.imdb.com/title/tt0230794/
tt0230816	https://www.imdb.com/title/tt0230816/
tt0231794	https://www.imdb.com/title/tt0231794/
tt0232468	https://www.imdb.com/title/tt0232468/
tt0232519	https://www.imdb.com/title/tt0232519/
tt0232931	https://www.imdb.com/title/tt0232931/
tt0234299	https://www.imdb.com/title/tt0234299/
tt0234432	https://www.imdb.com/title/tt0234432/
tt0238864	https://www.imdb.com/title/tt0238864/
tt0239087	https://www.imdb.com/title/tt0239087/
tt0239532	https://www.imdb.com/title/tt0239532/
tt0239591	https://www.imdb.com/title/tt0239591/
tt0239615	https://www.imdb.com/title/tt0239615/
tt0239862	https://www.imdb.com/title/tt0239862/
tt0239942	https://www.imdb.com/title/tt0239942/
tt0239954	https://www.imdb.com/title/tt0239954/
tt0240168	https://www.imdb.com/title/tt0240168/
tt0240642	https://www.imdb.com/title/tt0240642/
tt0241192	https://www.imdb.com/title/tt0241192/
tt0241332	https://www.imdb.com/title/tt0241332/
tt0241403	https://www.imdb.com/title/tt0241403/
tt0241532	https://www.imdb.com/title/tt0241532/
tt0241538	https://www.imdb.com/title/tt0241538/
tt0241693	https://www.imdb.com/title/tt0241693/
tt0241739	https://www.imdb.com/title/tt0241739/
tt0241814	https://www.imdb.com/title/tt0241814/
tt0242106	https://www.imdb.com/title/tt0242106/
tt0242113	https://www.imdb.com/title/tt0242113/
tt0242175	https://www.imdb.com/title/tt0242175/
tt0243850	https://www.imdb.com/title/tt0243850/
tt0246043	https://www.imdb.com/title/tt0246043/
tt0249140	https://www.imdb.com/title/tt0249140/
tt0249196	https://www.imdb.com/title/tt0249196/
tt0249476	https://www.imdb.com/title/tt0249476/
tt0249536	https://www.imdb.com/title/tt0249536/
tt0249641	https://www.imdb.com/title/tt0249641/
tt0249937	https://www.imdb.com/title/tt0249937/
tt0250722	https://www.imdb.com/title/tt0250722/
tt0250800	https://www.imdb.com/title/tt0250800/
tt0251170	https://www.imdb.com/title/tt0251170/
tt0251362	https://www.imdb.com/title/tt0251362/
tt0251601	https://www.imdb.com/title/tt0251601/
tt0252212	https://www.imdb.com/title/tt0252212/
tt0252371	https://www.imdb.com/title/tt0252371/
tt0253423	https://www.imdb.com/title/tt0253423/
tt0253685	https://www.imdb.com/title/tt0253685/
tt0253789	https://www.imdb.com/title/tt0253789/
tt0253915	https://www.imdb.com/title/tt0253915/
tt0253993	https://www.imdb.com/title/tt0253993/
tt0254212	https://www.imdb.com/title/tt0254212/
tt0254288	https://www.imdb.com/title/tt0254288/
tt0254556	https://www.imdb.com/title/tt0254556/
tt0254841	https://www.imdb.com/title/tt0254841/
tt0255288	https://www.imdb.com/title/tt0255288/
tt0255497	https://www.imdb.com/title/tt0255497/
tt0255562	https://www.imdb.com/title/tt0255562/
tt0256062	https://www.imdb.com/title/tt0256062/
tt0256859	https://www.imdb.com/title/tt0256859/
tt0257193	https://www.imdb.com/title/tt0257193/
tt0258269	https://www.imdb.com/title/tt0258269/
tt0258433	https://www.imdb.com/title/tt0258433/
tt0258513	https://www.imdb.com/title/tt0258513/
tt0258517	https://www.imdb.com/title/tt0258517/
tt0258524	https://www.imdb.com/title/tt0258524/
tt0258570	https://www.imdb.com/title/tt0258570/
tt0258628	https://www.imdb.com/title/tt0258628/
tt0258696	https://www.imdb.com/title/tt0258696/
tt0259264	https://www.imdb.com/title/tt0259264/
tt0259548	https://www.imdb.com/title/tt0259548/
tt0259963	https://www.imdb.com/title/tt0259963/
tt0261717	https://www.imdb.com/title/tt0261717/
tt0261719	https://www.imdb.com/title/tt0261719/
tt0261736	https://www.imdb.com/title/tt0261736/
tt0262099	https://www.imdb.com/title/tt0262099/
tt0263166	https://www.imdb.com/title/tt0263166/
tt0264375	https://www.imdb.com/title/tt0264375/
tt0264444	https://www.imdb.com/title/tt0264444/
tt0265701	https://www.imdb.com/title/tt0265701/
tt0265737	https://www.imdb.com/title/tt0265737/
tt0268010	https://www.imdb.com/title/tt0268010/
tt0268238	https://www.imdb.com/title/tt0268238/
tt0268275	https://www.imdb.com/title/tt0268275/
tt0268289	https://www.imdb.com/title/tt0268289/
tt0268503	https://www.imdb.com/title/tt0268503/
tt0272033	https://www.imdb.com/title/tt0272033/
tt0273109	https://www.imdb.com/title/tt0273109/
tt0276771	https://www.imdb.com/title/tt0276771/
tt0277023	https://www.imdb.com/title/tt0277023/
tt0281319	https://www.imdb.com/title/tt0281319/
tt0287953	https://www.imdb.com/title/tt0287953/
tt0298360	https://www.imdb.com/title/tt0298360/
tt0299001	https://www.imdb.com/title/tt0299001/
tt0299113	https://www.imdb.com/title/tt0299113/
tt0299158	https://www.imdb.com/title/tt0299158/
tt0303909	https://www.imdb.com/title/tt0303909/
tt0304715	https://www.imdb.com/title/tt0304715/
tt0308084	https://www.imdb.com/title/tt0308084/
tt0308189	https://www.imdb.com/title/tt0308189/
tt0308588	https://www.imdb.com/title/tt0308588/
tt0312483	https://www.imdb.com/title/tt0312483/
tt0313832	https://www.imdb.com/title/tt0313832/
tt0314095	https://www.imdb.com/title/tt0314095/
tt0315621	https://www.imdb.com/title/tt0315621/
tt0315810	https://www.imdb.com/title/tt0315810/
tt0315811	https://www.imdb.com/title/tt0315811/
tt0317125	https://www.imdb.com/title/tt0317125/
tt0319097	https://www.imdb.com/title/tt0319097/
tt0321707	https://www.imdb.com/title/tt0321707/
tt0321771	https://www.imdb.com/title/tt0321771/
tt0321774	https://www.imdb.com/title/tt0321774/
tt0322168	https://www.imdb.com/title/tt0322168/
tt0322557	https://www.imdb.com/title/tt0322557/
tt0323439	https://www.imdb.com/title/tt0323439/
tt0323540	https://www.imdb.com/title/tt0323540/
tt0325305	https://www.imdb.com/title/tt0325305/
tt0325383	https://www.imdb.com/title/tt0325383/
tt0325387	https://www.imdb.com/title/tt0325387/
tt0325397	https://www.imdb.com/title/tt0325397/
tt0325401	https://www.imdb.com/title/tt0325401/
tt0325445	https://www.imdb.com/title/tt0325445/
tt0326841	https://www.imdb.com/title/tt0326841/
tt0326957	https://www.imdb.com/title/tt0326957/
tt0327857	https://www.imdb.com/title/tt0327857/
tt0327865	https://www.imdb.com/title/tt0327865/
tt0327902	https://www.imdb.com/title/tt0327902/
tt0330144	https://www.imdb.com/title/tt0330144/
tt0330237	https://www.imdb.com/title/tt0330237/
tt0330546	https://www.imdb.com/title/tt0330546/
tt0330547	https://www.imdb.com/title/tt0330547/
tt0330549	https://www.imdb.com/title/tt0330549/
tt0330608	https://www.imdb.com/title/tt0330608/
tt0330623	https://www.imdb.com/title/tt0330623/
tt0330877	https://www.imdb.com/title/tt0330877/
tt0331008	https://www.imdb.com/title/tt0331008/
tt0331722	https://www.imdb.com/title/tt0331722/
tt0332362	https://www.imdb.com/title/tt0332362/
tt0333639	https://www.imdb.com/title/tt0333639/
tt0334819	https://www.imdb.com/title/tt0334819/
tt0336377	https://www.imdb.com/title/tt0336377/
tt0337096	https://www.imdb.com/title/tt0337096/
tt0338235	https://www.imdb.com/title/tt0338235/
tt0338240	https://www.imdb.com/title/tt0338240/
tt0338291	https://www.imdb.com/title/tt0338291/
tt0338293	https://www.imdb.com/title/tt0338293/
tt0338312	https://www.imdb.com/title/tt0338312/
tt0338352	https://www.imdb.com/title/tt0338352/
tt0338515	https://www.imdb.com/title/tt0338515/
tt0338742	https://www.imdb.com/title/tt0338742/
tt0339281	https://www.imdb.com/title/tt0339281/
tt0339585	https://www.imdb.com/title/tt0339585/
tt0340996	https://www.imdb.com/title/tt0340996/
tt0342013	https://www.imdb.com/title/tt0342013/
tt0342226	https://www.imdb.com/title/tt0342226/
tt0342229	https://www.imdb.com/title/tt0342229/
tt0343012	https://www.imdb.com/title/tt0343012/
tt0343065	https://www.imdb.com/title/tt0343065/
tt0343607	https://www.imdb.com/title/tt0343607/
tt0344229	https://www.imdb.com/title/tt0344229/
tt0345280	https://www.imdb.com/title/tt0345280/
tt0345302	https://www.imdb.com/title/tt0345302/
tt0345548	https://www.imdb.com/title/tt0345548/
tt0345742	https://www.imdb.com/title/tt0345742/
tt0346840	https://www.imdb.com/title/tt0346840/
tt0348283	https://www.imdb.com/title/tt0348283/
tt0349593	https://www.imdb.com/title/tt0349593/
tt0350474	https://www.imdb.com/title/tt0350474/
tt0351250	https://www.imdb.com/title/tt0351250/
tt0351545	https://www.imdb.com/title/tt0351545/
tt0353454	https://www.imdb.com/title/tt0353454/
tt0355334	https://www.imdb.com/title/tt0355334/
tt0356556	https://www.imdb.com/title/tt0356556/
tt0356599	https://www.imdb.com/title/tt0356599/
tt0356675	https://www.imdb.com/title/tt0356675/
tt0356703	https://www.imdb.com/title/tt0356703/
tt0356709	https://www.imdb.com/title/tt0356709/
tt0357660	https://www.imdb.com/title/tt0357660/
tt0360713	https://www.imdb.com/title/tt0360713/
tt0374305	https://www.imdb.com/title/tt0374305/
tt0383265	https://www.imdb.com/title/tt0383265/
tt0385820	https://www.imdb.com/title/tt0385820/
tt0385821	https://www.imdb.com/title/tt0385821/
tt0386135	https://www.imdb.com/title/tt0386135/
tt0387335	https://www.imdb.com/title/tt0387335/
tt0387337	https://www.imdb.com/title/tt0387337/
tt0389065	https://www.imdb.com/title/tt0389065/
tt0390858	https://www.imdb.com/title/tt0390858/
tt0390880	https://www.imdb.com/title/tt0390880/
tt0390882	https://www.imdb.com/title/tt0390882/
tt0390908	https://www.imdb.com/title/tt0390908/
tt0391049	https://www.imdb.com/title/tt0391049/
tt0392056	https://www.imdb.com/title/tt0392056/
tt0392169	https://www.imdb.com/title/tt0392169/
tt0392185	https://www.imdb.com/title/tt0392185/
tt0392287	https://www.imdb.com/title/tt0392287/
tt0392298	https://www.imdb.com/title/tt0392298/
tt0392483	https://www.imdb.com/title/tt0392483/
tt0392490	https://www.imdb.com/title/tt0392490/
tt0392589	https://www.imdb.com/title/tt0392589/
tt0392635	https://www.imdb.com/title/tt0392635/
tt0392667	https://www.imdb.com/title/tt0392667/
tt0392683	https://www.imdb.com/title/tt0392683/
tt0393406	https://www.imdb.com/title/tt0393406/
tt0393665	https://www.imdb.com/title/tt0393665/
tt0393675	https://www.imdb.com/title/tt0393675/
tt0393719	https://www.imdb.com/title/tt0393719/
tt0393834	https://www.imdb.com/title/tt0393834/
tt0393848	https://www.imdb.com/title/tt0393848/
tt0393903	https://www.imdb.com/title/tt0393903/
tt0393934	https://www.imdb.com/title/tt0393934/
tt0393958	https://www.imdb.com/title/tt0393958/
tt0396660	https://www.imdb.com/title/tt0396660/
tt0396682	https://www.imdb.com/title/tt0396682/
tt0396753	https://www.imdb.com/title/tt0396753/
tt0396759	https://www.imdb.com/title/tt0396759/
tt0397968	https://www.imdb.com/title/tt0397968/
tt0398007	https://www.imdb.com/title/tt0398007/
tt0398071	https://www.imdb.com/title/tt0398071/
tt0398104	https://www.imdb.com/title/tt0398104/
tt0398109	https://www.imdb.com/title/tt0398109/
tt0398299	https://www.imdb.com/title/tt0398299/
tt0398301	https://www.imdb.com/title/tt0398301/
tt0398327	https://www.imdb.com/title/tt0398327/
tt0399594	https://www.imdb.com/title/tt0399594/
tt0403209	https://www.imdb.com/title/tt0403209/
tt0403213	https://www.imdb.com/title/tt0403213/
tt0403247	https://www.imdb.com/title/tt0403247/
tt0403249	https://www.imdb.com/title/tt0403249/
tt0403344	https://www.imdb.com/title/tt0403344/
tt0403346	https://www.imdb.com/title/tt0403346/
tt0403352	https://www.imdb.com/title/tt0403352/
tt0403383	https://www.imdb.com/title/tt0403383/
tt0405097	https://www.imdb.com/title/tt0405097/
tt0418201	https://www.imdb.com/title/tt0418201/
tt0418909	https://www.imdb.com/title/tt0418909/
tt0428834	https://www.imdb.com/title/tt0428834/
tt0432032	https://www.imdb.com/title/tt0432032/
tt0437799	https://www.imdb.com/title/tt0437799/
tt0438090	https://www.imdb.com/title/tt0438090/
tt0438603	https://www.imdb.com/title/tt0438603/
tt0444665	https://www.imdb.com/title/tt0444665/
tt0444834	https://www.imdb.com/title/tt0444834/
tt0456877	https://www.imdb.com/title/tt0456877/
tt0458689	https://www.imdb.com/title/tt0458689/
tt0461427	https://www.imdb.com/title/tt0461427/
tt0461543	https://www.imdb.com/title/tt0461543/
tt0461544	https://www.imdb.com/title/tt0461544/
tt0462512	https://www.imdb.com/title/tt0462512/
tt0462685	https://www.imdb.com/title/tt0462685/
tt0462946	https://www.imdb.com/title/tt0462946/
tt0465176	https://www.imdb.com/title/tt0465176/
tt0466995	https://www.imdb.com/title/tt0466995/
tt0468387	https://www.imdb.com/title/tt0468387/
tt0474702	https://www.imdb.com/title/tt0474702/
tt0475808	https://www.imdb.com/title/tt0475808/
tt0476905	https://www.imdb.com/title/tt0476905/
tt0482794	https://www.imdb.com/title/tt0482794/
tt0484097	https://www.imdb.com/title/tt0484097/
tt0484100	https://www.imdb.com/title/tt0484100/
tt0484132	https://www.imdb.com/title/tt0484132/
tt0484148	https://www.imdb.com/title/tt0484148/
tt0484199	https://www.imdb.com/title/tt0484199/
tt0484204	https://www.imdb.com/title/tt0484204/
tt0484205	https://www.imdb.com/title/tt0484205/
tt0485508	https://www.imdb.com/title/tt0485508/
tt0485536	https://www.imdb.com/title/tt0485536/
tt0485812	https://www.imdb.com/title/tt0485812/
tt0485814	https://www.imdb.com/title/tt0485814/
tt0486846	https://www.imdb.com/title/tt0486846/
tt0486849	https://www.imdb.com/title/tt0486849/
tt0486850	https://www.imdb.com/title/tt0486850/
tt0486873	https://www.imdb.com/title/tt0486873/
tt0487450	https://www.imdb.com/title/tt0487450/
tt0487459	https://www.imdb.com/title/tt0487459/
tt0487463	https://www.imdb.com/title/tt0487463/
tt0487465	https://www.imdb.com/title/tt0487465/
tt0487755	https://www.imdb.com/title/tt0487755/
tt0488421	https://www.imdb.com/title/tt0488421/
tt0488422	https://www.imdb.com/title/tt0488422/
tt0488423	https://www.imdb.com/title/tt0488423/
tt0488591	https://www.imdb.com/title/tt0488591/
tt0488640	https://www.imdb.com/title/tt0488640/
tt0488648	https://www.imdb.com/title/tt0488648/
tt0488650	https://www.imdb.com/title/tt0488650/
tt0488653	https://www.imdb.com/title/tt0488653/
tt0488667	https://www.imdb.com/title/tt0488667/
tt0489349	https://www.imdb.com/title/tt0489349/
tt0489748	https://www.imdb.com/title/tt0489748/
tt0489783	https://www.imdb.com/title/tt0489783/
tt0490007	https://www.imdb.com/title/tt0490007/
tt0490122	https://www.imdb.com/title/tt0490122/
tt0490509	https://www.imdb.com/title/tt0490509/
tt0490523	https://www.imdb.com/title/tt0490523/
tt0495128	https://www.imdb.com/title/tt0495128/
tt0498204	https://www.imdb.com/title/tt0498204/
tt0793599	https://www.imdb.com/title/tt0793599/
tt0798821	https://www.imdb.com/title/tt0798821/
tt0798823	https://www.imdb.com/title/tt0798823/
tt0799767	https://www.imdb.com/title/tt0799767/
tt0846986	https://www.imdb.com/title/tt0846986/
tt0847004	https://www.imdb.com/title/tt0847004/
tt0847010	https://www.imdb.com/title/tt0847010/
tt0851537	https://www.imdb.com/title/tt0851537/
tt0855826	https://www.imdb.com/title/tt0855826/
tt0860471	https://www.imdb.com/title/tt0860471/
tt0862742	https://www.imdb.com/title/tt0862742/
tt0862816	https://www.imdb.com/title/tt0862816/
tt0862822	https://www.imdb.com/title/tt0862822/
tt0864348	https://www.imdb.com/title/tt0864348/
tt0867417	https://www.imdb.com/title/tt0867417/
tt0881262	https://www.imdb.com/title/tt0881262/
tt0881269	https://www.imdb.com/title/tt0881269/
tt0881289	https://www.imdb.com/title/tt0881289/
tt0881296	https://www.imdb.com/title/tt0881296/
tt0881322	https://www.imdb.com/title/tt0881322/
tt0881323	https://www.imdb.com/title/tt0881323/
tt0881324	https://www.imdb.com/title/tt0881324/
tt0881349	https://www.imdb.com/title/tt0881349/
tt0884085	https://www.imdb.com/title/tt0884085/
tt0898305	https://www.imdb.com/title/tt0898305/
tt0904057	https://www.imdb.com/title/tt0904057/
tt0907773	https://www.imdb.com/title/tt0907773/
tt0923839	https://www.imdb.com/title/tt0923839/
tt0924236	https://www.imdb.com/title/tt0924236/
tt0928073	https://www.imdb.com/title/tt0928073/
tt0928075	https://www.imdb.com/title/tt0928075/
tt0928080	https://www.imdb.com/title/tt0928080/
tt0932942	https://www.imdb.com/title/tt0932942/
tt0932966	https://www.imdb.com/title/tt0932966/
tt0933032	https://www.imdb.com/title/tt0933032/
tt0933095	https://www.imdb.com/title/tt0933095/
tt0933123	https://www.imdb.com/title/tt0933123/
tt0933211	https://www.imdb.com/title/tt0933211/
tt0940785	https://www.imdb.com/title/tt0940785/
tt0943274	https://www.imdb.com/title/tt0943274/
tt0948563	https://www.imdb.com/title/tt0948563/
tt0949578	https://www.imdb.com/title/tt0949578/
tt0953496	https://www.imdb.com/title/tt0953496/
tt0953900	https://www.imdb.com/title/tt0953900/
tt0955244	https://www.imdb.com/title/tt0955244/
tt0996424	https://www.imdb.com/title/tt0996424/
tt1015235	https://www.imdb.com/title/tt1015235/
tt1015356	https://www.imdb.com/title/tt1015356/
tt10192596	https://www.imdb.com/title/tt10192596/
tt10230500	https://www.imdb.com/title/tt10230500/
tt1024841	https://www.imdb.com/title/tt1024841/
tt1027200	https://www.imdb.com/title/tt1027200/
tt1027733	https://www.imdb.com/title/tt1027733/
tt1032906	https://www.imdb.com/title/tt1032906/
tt1038992	https://www.imdb.com/title/tt1038992/
tt1041764	https://www.imdb.com/title/tt1041764/
tt1041775	https://www.imdb.com/title/tt1041775/
tt1045047	https://www.imdb.com/title/tt1045047/
tt1045108	https://www.imdb.com/title/tt1045108/
tt1045186	https://www.imdb.com/title/tt1045186/
tt1045200	https://www.imdb.com/title/tt1045200/
tt1047681	https://www.imdb.com/title/tt1047681/
tt1051799	https://www.imdb.com/title/tt1051799/
tt1054017	https://www.imdb.com/title/tt1054017/
tt1058713	https://www.imdb.com/title/tt1058713/
tt1063048	https://www.imdb.com/title/tt1063048/
tt1063678	https://www.imdb.com/title/tt1063678/
tt10669462	https://www.imdb.com/title/tt10669462/
tt1070802	https://www.imdb.com/title/tt1070802/
tt1070861	https://www.imdb.com/title/tt1070861/
tt1071905	https://www.imdb.com/title/tt1071905/
tt1072700	https://www.imdb.com/title/tt1072700/
tt1082130	https://www.imdb.com/title/tt1082130/
tt1082809	https://www.imdb.com/title/tt1082809/
tt1082814	https://www.imdb.com/title/tt1082814/
tt1082825	https://www.imdb.com/title/tt1082825/
tt1082830	https://www.imdb.com/title/tt1082830/
tt1082855	https://www.imdb.com/title/tt1082855/
tt1082856	https://www.imdb.com/title/tt1082856/
tt1082859	https://www.imdb.com/title/tt1082859/
tt1085355	https://www.imdb.com/title/tt1085355/
tt1085358	https://www.imdb.com/title/tt1085358/
tt1085461	https://www.imdb.com/title/tt1085461/
tt1085462	https://www.imdb.com/title/tt1085462/
tt1085463	https://www.imdb.com/title/tt1085463/
tt1085464	https://www.imdb.com/title/tt1085464/
tt1085472	https://www.imdb.com/title/tt1085472/
tt1085474	https://www.imdb.com/title/tt1085474/
tt1085836	https://www.imdb.com/title/tt1085836/
tt1086843	https://www.imdb.com/title/tt1086843/
tt1086867	https://www.imdb.com/title/tt1086867/
tt1086868	https://www.imdb.com/title/tt1086868/
tt1087617	https://www.imdb.com/title/tt1087617/
tt1087618	https://www.imdb.com/title/tt1087618/
tt1087619	https://www.imdb.com/title/tt1087619/
tt1087620	https://www.imdb.com/title/tt1087620/
tt1089605	https://www.imdb.com/title/tt1089605/
tt1089672	https://www.imdb.com/title/tt1089672/
tt1090258	https://www.imdb.com/title/tt1090258/
tt1093826	https://www.imdb.com/title/tt1093826/
tt1093827	https://www.imdb.com/title/tt1093827/
tt1093828	https://www.imdb.com/title/tt1093828/
tt1093854	https://www.imdb.com/title/tt1093854/
tt1093872	https://www.imdb.com/title/tt1093872/
tt1094287	https://www.imdb.com/title/tt1094287/
tt1094288	https://www.imdb.com/title/tt1094288/
tt1094290	https://www.imdb.com/title/tt1094290/
tt1094641	https://www.imdb.com/title/tt1094641/
tt1094642	https://www.imdb.com/title/tt1094642/
tt1094644	https://www.imdb.com/title/tt1094644/
tt1094645	https://www.imdb.com/title/tt1094645/
tt1094657	https://www.imdb.com/title/tt1094657/
tt1094658	https://www.imdb.com/title/tt1094658/
tt1099973	https://www.imdb.com/title/tt1099973/
tt1100006	https://www.imdb.com/title/tt1100006/
tt1100019	https://www.imdb.com/title/tt1100019/
tt1102233	https://www.imdb.com/title/tt1102233/
tt1102237	https://www.imdb.com/title/tt1102237/
tt1102248	https://www.imdb.com/title/tt1102248/
tt1102253	https://www.imdb.com/title/tt1102253/
tt1102255	https://www.imdb.com/title/tt1102255/
tt1102326	https://www.imdb.com/title/tt1102326/
tt1102342	https://www.imdb.com/title/tt1102342/
tt1102347	https://www.imdb.com/title/tt1102347/
tt1102360	https://www.imdb.com/title/tt1102360/
tt1102361	https://www.imdb.com/title/tt1102361/
tt1104786	https://www.imdb.com/title/tt1104786/
tt1104795	https://www.imdb.com/title/tt1104795/
tt1104796	https://www.imdb.com/title/tt1104796/
tt1105359	https://www.imdb.com/title/tt1105359/
tt1105378	https://www.imdb.com/title/tt1105378/
tt11251420	https://www.imdb.com/title/tt11251420/
tt11439660	https://www.imdb.com/title/tt11439660/
tt1152723	https://www.imdb.com/title/tt1152723/
tt1158894	https://www.imdb.com/title/tt1158894/
tt1160504	https://www.imdb.com/title/tt1160504/
tt1160920	https://www.imdb.com/title/tt1160920/
tt1160926	https://www.imdb.com/title/tt1160926/
tt1160938	https://www.imdb.com/title/tt1160938/
tt1160952	https://www.imdb.com/title/tt1160952/
tt1163247	https://www.imdb.com/title/tt1163247/
tt1163264	https://www.imdb.com/title/tt1163264/
tt11637916	https://www.imdb.com/title/tt11637916/
tt11639570	https://www.imdb.com/title/tt11639570/
tt1168706	https://www.imdb.com/title/tt1168706/
tt1168717	https://www.imdb.com/title/tt1168717/
tt1171731	https://www.imdb.com/title/tt1171731/
tt1173474	https://www.imdb.com/title/tt1173474/
tt1173705	https://www.imdb.com/title/tt1173705/
tt1173706	https://www.imdb.com/title/tt1173706/
tt1180830	https://www.imdb.com/title/tt1180830/
tt1180831	https://www.imdb.com/title/tt1180831/
tt1183720	https://www.imdb.com/title/tt1183720/
tt11902640	https://www.imdb.com/title/tt11902640/
tt1190898	https://www.imdb.com/title/tt1190898/
tt1192020	https://www.imdb.com/title/tt1192020/
tt11942680	https://www.imdb.com/title/tt11942680/
tt1199730	https://www.imdb.com/title/tt1199730/
tt1201643	https://www.imdb.com/title/tt1201643/
tt1204374	https://www.imdb.com/title/tt1204374/
tt1204375	https://www.imdb.com/title/tt1204375/
tt1204376	https://www.imdb.com/title/tt1204376/
tt1204877	https://www.imdb.com/title/tt1204877/
tt1204886	https://www.imdb.com/title/tt1204886/
tt1207065	https://www.imdb.com/title/tt1207065/
tt1207722	https://www.imdb.com/title/tt1207722/
tt12081274	https://www.imdb.com/title/tt12081274/
tt12110316	https://www.imdb.com/title/tt12110316/
tt1213057	https://www.imdb.com/title/tt1213057/
tt1213707	https://www.imdb.com/title/tt1213707/
tt1217040	https://www.imdb.com/title/tt1217040/
tt1220647	https://www.imdb.com/title/tt1220647/
tt1234563	https://www.imdb.com/title/tt1234563/
tt1247801	https://www.imdb.com/title/tt1247801/
tt1267283	https://www.imdb.com/title/tt1267283/
tt1286873	https://www.imdb.com/title/tt1286873/
tt1315376	https://www.imdb.com/title/tt1315376/
tt1343876	https://www.imdb.com/title/tt1343876/
tt1345851	https://www.imdb.com/title/tt1345851/
tt13938796	https://www.imdb.com/title/tt13938796/
tt13941002	https://www.imdb.com/title/tt13941002/
tt1407280	https://www.imdb.com/title/tt1407280/
tt1412326	https://www.imdb.com/title/tt1412326/
tt1422016	https://www.imdb.com/title/tt1422016/
tt1452522	https://www.imdb.com/title/tt1452522/
tt1456845	https://www.imdb.com/title/tt1456845/
tt1456850	https://www.imdb.com/title/tt1456850/
tt1456851	https://www.imdb.com/title/tt1456851/
tt1480733	https://www.imdb.com/title/tt1480733/
tt1510733	https://www.imdb.com/title/tt1510733/
tt1512174	https://www.imdb.com/title/tt1512174/
tt1515779	https://www.imdb.com/title/tt1515779/
tt1519355	https://www.imdb.com/title/tt1519355/
tt1525858	https://www.imdb.com/title/tt1525858/
tt1527177	https://www.imdb.com/title/tt1527177/
tt1532522	https://www.imdb.com/title/tt1532522/
tt1547883	https://www.imdb.com/title/tt1547883/
tt1570679	https://www.imdb.com/title/tt1570679/
tt1573798	https://www.imdb.com/title/tt1573798/
tt1576408	https://www.imdb.com/title/tt1576408/
tt1584094	https://www.imdb.com/title/tt1584094/
tt1590990	https://www.imdb.com/title/tt1590990/
tt1598514	https://www.imdb.com/title/tt1598514/
tt1603349	https://www.imdb.com/title/tt1603349/
tt1611093	https://www.imdb.com/title/tt1611093/
tt1620436	https://www.imdb.com/title/tt1620436/
tt1620495	https://www.imdb.com/title/tt1620495/
tt1620500	https://www.imdb.com/title/tt1620500/
tt1620503	https://www.imdb.com/title/tt1620503/
tt1620505	https://www.imdb.com/title/tt1620505/
tt1620536	https://www.imdb.com/title/tt1620536/
tt1620556	https://www.imdb.com/title/tt1620556/
tt1620558	https://www.imdb.com/title/tt1620558/
tt1620560	https://www.imdb.com/title/tt1620560/
tt1620564	https://www.imdb.com/title/tt1620564/
tt1620567	https://www.imdb.com/title/tt1620567/
tt1620568	https://www.imdb.com/title/tt1620568/
tt1620582	https://www.imdb.com/title/tt1620582/
tt1620600	https://www.imdb.com/title/tt1620600/
tt1620601	https://www.imdb.com/title/tt1620601/
tt1620611	https://www.imdb.com/title/tt1620611/
tt1620625	https://www.imdb.com/title/tt1620625/
tt1620639	https://www.imdb.com/title/tt1620639/
tt1620642	https://www.imdb.com/title/tt1620642/
tt1620646	https://www.imdb.com/title/tt1620646/
tt1620647	https://www.imdb.com/title/tt1620647/
tt16225654	https://www.imdb.com/title/tt16225654/
tt1623311	https://www.imdb.com/title/tt1623311/
tt1623669	https://www.imdb.com/title/tt1623669/
tt1630039	https://www.imdb.com/title/tt1630039/
tt1665964	https://www.imdb.com/title/tt1665964/
tt1665979	https://www.imdb.com/title/tt1665979/
tt1669569	https://www.imdb.com/title/tt1669569/
tt1669575	https://www.imdb.com/title/tt1669575/
tt1669577	https://www.imdb.com/title/tt1669577/
tt1669578	https://www.imdb.com/title/tt1669578/
tt1669607	https://www.imdb.com/title/tt1669607/
tt1669620	https://www.imdb.com/title/tt1669620/
tt1669641	https://www.imdb.com/title/tt1669641/
tt1676942	https://www.imdb.com/title/tt1676942/
tt1676996	https://www.imdb.com/title/tt1676996/
tt1677025	https://www.imdb.com/title/tt1677025/
tt1679558	https://www.imdb.com/title/tt1679558/
tt1679560	https://www.imdb.com/title/tt1679560/
tt1679561	https://www.imdb.com/title/tt1679561/
tt1679640	https://www.imdb.com/title/tt1679640/
tt1679684	https://www.imdb.com/title/tt1679684/
tt1679687	https://www.imdb.com/title/tt1679687/
tt1679689	https://www.imdb.com/title/tt1679689/
tt1710438	https://www.imdb.com/title/tt1710438/
tt1719057	https://www.imdb.com/title/tt1719057/
tt1764657	https://www.imdb.com/title/tt1764657/
tt1795585	https://www.imdb.com/title/tt1795585/
tt1833826	https://www.imdb.com/title/tt1833826/
tt1849798	https://www.imdb.com/title/tt1849798/
tt19384780	https://www.imdb.com/title/tt19384780/
tt19391628	https://www.imdb.com/title/tt19391628/
tt19411272	https://www.imdb.com/title/tt19411272/
tt19452236	https://www.imdb.com/title/tt19452236/
tt19455304	https://www.imdb.com/title/tt19455304/
tt19496514	https://www.imdb.com/title/tt19496514/
tt19496788	https://www.imdb.com/title/tt19496788/
tt19513136	https://www.imdb.com/title/tt19513136/
tt19631702	https://www.imdb.com/title/tt19631702/
tt19667318	https://www.imdb.com/title/tt19667318/
tt19712972	https://www.imdb.com/title/tt19712972/
tt19713308	https://www.imdb.com/title/tt19713308/
tt19713732	https://www.imdb.com/title/tt19713732/
tt19719086	https://www.imdb.com/title/tt19719086/
tt20213218	https://www.imdb.com/title/tt20213218/
tt2076245	https://www.imdb.com/title/tt2076245/
tt2081180	https://www.imdb.com/title/tt2081180/
tt21292662	https://www.imdb.com/title/tt21292662/
tt21292708	https://www.imdb.com/title/tt21292708/
tt21371418	https://www.imdb.com/title/tt21371418/
tt21386250	https://www.imdb.com/title/tt21386250/
tt21653870	https://www.imdb.com/title/tt21653870/
tt21654030	https://www.imdb.com/title/tt21654030/
tt21654100	https://www.imdb.com/title/tt21654100/
tt21863062	https://www.imdb.com/title/tt21863062/
tt21863130	https://www.imdb.com/title/tt21863130/
tt21864136	https://www.imdb.com/title/tt21864136/
tt21874088	https://www.imdb.com/title/tt21874088/
tt21882450	https://www.imdb.com/title/tt21882450/
tt21928976	https://www.imdb.com/title/tt21928976/
tt2275979	https://www.imdb.com/title/tt2275979/
tt23221200	https://www.imdb.com/title/tt23221200/
tt23334302	https://www.imdb.com/title/tt23334302/
tt23360788	https://www.imdb.com/title/tt23360788/
tt23405960	https://www.imdb.com/title/tt23405960/
tt2355553	https://www.imdb.com/title/tt2355553/
tt23555904	https://www.imdb.com/title/tt23555904/
tt2355625	https://www.imdb.com/title/tt2355625/
tt2355627	https://www.imdb.com/title/tt2355627/
tt2355629	https://www.imdb.com/title/tt2355629/
tt23557030	https://www.imdb.com/title/tt23557030/
tt2357109	https://www.imdb.com/title/tt2357109/
tt25374540	https://www.imdb.com/title/tt25374540/
tt2763756	https://www.imdb.com/title/tt2763756/
tt3024644	https://www.imdb.com/title/tt3024644/
tt3164206	https://www.imdb.com/title/tt3164206/
tt3247994	https://www.imdb.com/title/tt3247994/
tt34558602	https://www.imdb.com/title/tt34558602/
tt34560625	https://www.imdb.com/title/tt34560625/
tt3495260	https://www.imdb.com/title/tt3495260/
tt3586860	https://www.imdb.com/title/tt3586860/
tt3756908	https://www.imdb.com/title/tt3756908/
tt3756956	https://www.imdb.com/title/tt3756956/
tt3757000	https://www.imdb.com/title/tt3757000/
tt3759496	https://www.imdb.com/title/tt3759496/
tt3759520	https://www.imdb.com/title/tt3759520/
tt3759528	https://www.imdb.com/title/tt3759528/
tt3801690	https://www.imdb.com/title/tt3801690/
tt3832434	https://www.imdb.com/title/tt3832434/
tt3832472	https://www.imdb.com/title/tt3832472/
tt3832734	https://www.imdb.com/title/tt3832734/
tt3848776	https://www.imdb.com/title/tt3848776/
tt3848800	https://www.imdb.com/title/tt3848800/
tt3849078	https://www.imdb.com/title/tt3849078/
tt3849176	https://www.imdb.com/title/tt3849176/
tt3891282	https://www.imdb.com/title/tt3891282/
tt4577850	https://www.imdb.com/title/tt4577850/
tt4600408	https://www.imdb.com/title/tt4600408/
tt4621058	https://www.imdb.com/title/tt4621058/
tt4644926	https://www.imdb.com/title/tt4644926/
tt4671036	https://www.imdb.com/title/tt4671036/
tt4695352	https://www.imdb.com/title/tt4695352/
tt4696066	https://www.imdb.com/title/tt4696066/
tt4725982	https://www.imdb.com/title/tt4725982/
tt4725996	https://www.imdb.com/title/tt4725996/
tt4726016	https://www.imdb.com/title/tt4726016/
tt4726038	https://www.imdb.com/title/tt4726038/
tt4726258	https://www.imdb.com/title/tt4726258/
tt4726264	https://www.imdb.com/title/tt4726264/
tt4726276	https://www.imdb.com/title/tt4726276/
tt4726416	https://www.imdb.com/title/tt4726416/
tt4729062	https://www.imdb.com/title/tt4729062/
tt4729102	https://www.imdb.com/title/tt4729102/
tt4735926	https://www.imdb.com/title/tt4735926/
tt4735932	https://www.imdb.com/title/tt4735932/
tt4735942	https://www.imdb.com/title/tt4735942/
tt4735960	https://www.imdb.com/title/tt4735960/
tt4735976	https://www.imdb.com/title/tt4735976/
tt4741558	https://www.imdb.com/title/tt4741558/
tt4741664	https://www.imdb.com/title/tt4741664/
tt4741712	https://www.imdb.com/title/tt4741712/
tt4741842	https://www.imdb.com/title/tt4741842/
tt4741852	https://www.imdb.com/title/tt4741852/
tt4746486	https://www.imdb.com/title/tt4746486/
tt4746490	https://www.imdb.com/title/tt4746490/
tt4746518	https://www.imdb.com/title/tt4746518/
tt4746596	https://www.imdb.com/title/tt4746596/
tt4746606	https://www.imdb.com/title/tt4746606/
tt4746700	https://www.imdb.com/title/tt4746700/
tt4746738	https://www.imdb.com/title/tt4746738/
tt4757584	https://www.imdb.com/title/tt4757584/
tt4757616	https://www.imdb.com/title/tt4757616/
tt4757624	https://www.imdb.com/title/tt4757624/
tt4757634	https://www.imdb.com/title/tt4757634/
tt4757642	https://www.imdb.com/title/tt4757642/
tt4757650	https://www.imdb.com/title/tt4757650/
tt4758266	https://www.imdb.com/title/tt4758266/
tt4758282	https://www.imdb.com/title/tt4758282/
tt4758348	https://www.imdb.com/title/tt4758348/
tt4758442	https://www.imdb.com/title/tt4758442/
tt4758452	https://www.imdb.com/title/tt4758452/
tt4760834	https://www.imdb.com/title/tt4760834/
tt4760890	https://www.imdb.com/title/tt4760890/
tt4760920	https://www.imdb.com/title/tt4760920/
tt4761256	https://www.imdb.com/title/tt4761256/
tt4761266	https://www.imdb.com/title/tt4761266/
tt4761422	https://www.imdb.com/title/tt4761422/
tt4761482	https://www.imdb.com/title/tt4761482/
tt4766460	https://www.imdb.com/title/tt4766460/
tt4766470	https://www.imdb.com/title/tt4766470/
tt4766482	https://www.imdb.com/title/tt4766482/
tt4766510	https://www.imdb.com/title/tt4766510/
tt4766540	https://www.imdb.com/title/tt4766540/
tt4768990	https://www.imdb.com/title/tt4768990/
tt4773216	https://www.imdb.com/title/tt4773216/
tt4773236	https://www.imdb.com/title/tt4773236/
tt4773248	https://www.imdb.com/title/tt4773248/
tt4773268	https://www.imdb.com/title/tt4773268/
tt4773322	https://www.imdb.com/title/tt4773322/
tt4773348	https://www.imdb.com/title/tt4773348/
tt4778380	https://www.imdb.com/title/tt4778380/
tt4778402	https://www.imdb.com/title/tt4778402/
tt4778458	https://www.imdb.com/title/tt4778458/
tt4780154	https://www.imdb.com/title/tt4780154/
tt4780168	https://www.imdb.com/title/tt4780168/
tt4780220	https://www.imdb.com/title/tt4780220/
tt4780226	https://www.imdb.com/title/tt4780226/
tt4796906	https://www.imdb.com/title/tt4796906/
tt4797038	https://www.imdb.com/title/tt4797038/
tt4797098	https://www.imdb.com/title/tt4797098/
tt4797180	https://www.imdb.com/title/tt4797180/
tt4797220	https://www.imdb.com/title/tt4797220/
tt4797278	https://www.imdb.com/title/tt4797278/
tt4805844	https://www.imdb.com/title/tt4805844/
tt4805882	https://www.imdb.com/title/tt4805882/
tt4805904	https://www.imdb.com/title/tt4805904/
tt4806128	https://www.imdb.com/title/tt4806128/
tt4806168	https://www.imdb.com/title/tt4806168/
tt4806188	https://www.imdb.com/title/tt4806188/
tt4806226	https://www.imdb.com/title/tt4806226/
tt4814972	https://www.imdb.com/title/tt4814972/
tt4814986	https://www.imdb.com/title/tt4814986/
tt4815016	https://www.imdb.com/title/tt4815016/
tt4819018	https://www.imdb.com/title/tt4819018/
tt4819056	https://www.imdb.com/title/tt4819056/
tt4819388	https://www.imdb.com/title/tt4819388/
tt4819408	https://www.imdb.com/title/tt4819408/
tt4819434	https://www.imdb.com/title/tt4819434/
tt4819440	https://www.imdb.com/title/tt4819440/
tt4819478	https://www.imdb.com/title/tt4819478/
tt4842398	https://www.imdb.com/title/tt4842398/
tt4842416	https://www.imdb.com/title/tt4842416/
tt4842430	https://www.imdb.com/title/tt4842430/
tt4842604	https://www.imdb.com/title/tt4842604/
tt4842616	https://www.imdb.com/title/tt4842616/
tt4842626	https://www.imdb.com/title/tt4842626/
tt4842638	https://www.imdb.com/title/tt4842638/
tt4842642	https://www.imdb.com/title/tt4842642/
tt4843054	https://www.imdb.com/title/tt4843054/
tt4843084	https://www.imdb.com/title/tt4843084/
tt4844772	https://www.imdb.com/title/tt4844772/
tt4844786	https://www.imdb.com/title/tt4844786/
tt4844816	https://www.imdb.com/title/tt4844816/
tt4844864	https://www.imdb.com/title/tt4844864/
tt4844898	https://www.imdb.com/title/tt4844898/
tt4844900	https://www.imdb.com/title/tt4844900/
tt4844910	https://www.imdb.com/title/tt4844910/
tt4844948	https://www.imdb.com/title/tt4844948/
tt4844962	https://www.imdb.com/title/tt4844962/
tt4844966	https://www.imdb.com/title/tt4844966/
tt4845126	https://www.imdb.com/title/tt4845126/
tt4845258	https://www.imdb.com/title/tt4845258/
tt4845354	https://www.imdb.com/title/tt4845354/
tt4845372	https://www.imdb.com/title/tt4845372/
tt4849110	https://www.imdb.com/title/tt4849110/
tt4849150	https://www.imdb.com/title/tt4849150/
tt4849164	https://www.imdb.com/title/tt4849164/
tt4849198	https://www.imdb.com/title/tt4849198/
tt4849204	https://www.imdb.com/title/tt4849204/
tt4849212	https://www.imdb.com/title/tt4849212/
tt4849264	https://www.imdb.com/title/tt4849264/
tt4849312	https://www.imdb.com/title/tt4849312/
tt4849588	https://www.imdb.com/title/tt4849588/
tt4849622	https://www.imdb.com/title/tt4849622/
tt4851490	https://www.imdb.com/title/tt4851490/
tt4851504	https://www.imdb.com/title/tt4851504/
tt4851554	https://www.imdb.com/title/tt4851554/
tt4859654	https://www.imdb.com/title/tt4859654/
tt4860064	https://www.imdb.com/title/tt4860064/
tt4860166	https://www.imdb.com/title/tt4860166/
tt4860452	https://www.imdb.com/title/tt4860452/
tt4863142	https://www.imdb.com/title/tt4863142/
tt4863210	https://www.imdb.com/title/tt4863210/
tt4865616	https://www.imdb.com/title/tt4865616/
tt4865728	https://www.imdb.com/title/tt4865728/
tt4865734	https://www.imdb.com/title/tt4865734/
tt4865766	https://www.imdb.com/title/tt4865766/
tt4868828	https://www.imdb.com/title/tt4868828/
tt4868848	https://www.imdb.com/title/tt4868848/
tt4868854	https://www.imdb.com/title/tt4868854/
tt4868864	https://www.imdb.com/title/tt4868864/
tt4868872	https://www.imdb.com/title/tt4868872/
tt4868878	https://www.imdb.com/title/tt4868878/
tt4868900	https://www.imdb.com/title/tt4868900/
tt4868904	https://www.imdb.com/title/tt4868904/
tt4868962	https://www.imdb.com/title/tt4868962/
tt4868992	https://www.imdb.com/title/tt4868992/
tt4876884	https://www.imdb.com/title/tt4876884/
tt4876890	https://www.imdb.com/title/tt4876890/
tt4876900	https://www.imdb.com/title/tt4876900/
tt4880434	https://www.imdb.com/title/tt4880434/
tt4880516	https://www.imdb.com/title/tt4880516/
tt4880674	https://www.imdb.com/title/tt4880674/
tt4880686	https://www.imdb.com/title/tt4880686/
tt4880854	https://www.imdb.com/title/tt4880854/
tt4886174	https://www.imdb.com/title/tt4886174/
tt4886184	https://www.imdb.com/title/tt4886184/
tt4887360	https://www.imdb.com/title/tt4887360/
tt4887362	https://www.imdb.com/title/tt4887362/
tt4887386	https://www.imdb.com/title/tt4887386/
tt4887404	https://www.imdb.com/title/tt4887404/
tt4887420	https://www.imdb.com/title/tt4887420/
tt4887446	https://www.imdb.com/title/tt4887446/
tt4887582	https://www.imdb.com/title/tt4887582/
tt4887614	https://www.imdb.com/title/tt4887614/
tt4887634	https://www.imdb.com/title/tt4887634/
tt4901384	https://www.imdb.com/title/tt4901384/
tt4901412	https://www.imdb.com/title/tt4901412/
tt4901456	https://www.imdb.com/title/tt4901456/
tt4901506	https://www.imdb.com/title/tt4901506/
tt4901624	https://www.imdb.com/title/tt4901624/
tt4901636	https://www.imdb.com/title/tt4901636/
tt4901680	https://www.imdb.com/title/tt4901680/
tt4907612	https://www.imdb.com/title/tt4907612/
tt4909604	https://www.imdb.com/title/tt4909604/
tt4909648	https://www.imdb.com/title/tt4909648/
tt4909652	https://www.imdb.com/title/tt4909652/
tt4909746	https://www.imdb.com/title/tt4909746/
tt4909942	https://www.imdb.com/title/tt4909942/
tt4910148	https://www.imdb.com/title/tt4910148/
tt4910162	https://www.imdb.com/title/tt4910162/
tt4910192	https://www.imdb.com/title/tt4910192/
tt4910270	https://www.imdb.com/title/tt4910270/
tt4910316	https://www.imdb.com/title/tt4910316/
tt4910342	https://www.imdb.com/title/tt4910342/
tt4910440	https://www.imdb.com/title/tt4910440/
tt4910464	https://www.imdb.com/title/tt4910464/
tt4920170	https://www.imdb.com/title/tt4920170/
tt4920196	https://www.imdb.com/title/tt4920196/
tt4920206	https://www.imdb.com/title/tt4920206/
tt4920208	https://www.imdb.com/title/tt4920208/
tt4920338	https://www.imdb.com/title/tt4920338/
tt4920954	https://www.imdb.com/title/tt4920954/
tt4954478	https://www.imdb.com/title/tt4954478/
tt4954502	https://www.imdb.com/title/tt4954502/
tt4954508	https://www.imdb.com/title/tt4954508/
tt4954584	https://www.imdb.com/title/tt4954584/
tt4954676	https://www.imdb.com/title/tt4954676/
tt4954694	https://www.imdb.com/title/tt4954694/
tt4954706	https://www.imdb.com/title/tt4954706/
tt4954724	https://www.imdb.com/title/tt4954724/
tt4954746	https://www.imdb.com/title/tt4954746/
tt4954902	https://www.imdb.com/title/tt4954902/
tt4957108	https://www.imdb.com/title/tt4957108/
tt4957120	https://www.imdb.com/title/tt4957120/
tt4957146	https://www.imdb.com/title/tt4957146/
tt4957158	https://www.imdb.com/title/tt4957158/
tt4968886	https://www.imdb.com/title/tt4968886/
tt4969064	https://www.imdb.com/title/tt4969064/
tt4969140	https://www.imdb.com/title/tt4969140/
tt4969346	https://www.imdb.com/title/tt4969346/
tt4969360	https://www.imdb.com/title/tt4969360/
tt4969384	https://www.imdb.com/title/tt4969384/
tt4969398	https://www.imdb.com/title/tt4969398/
tt4969412	https://www.imdb.com/title/tt4969412/
tt4969424	https://www.imdb.com/title/tt4969424/
tt4969446	https://www.imdb.com/title/tt4969446/
tt4969516	https://www.imdb.com/title/tt4969516/
tt4969548	https://www.imdb.com/title/tt4969548/
tt4971414	https://www.imdb.com/title/tt4971414/
tt4974148	https://www.imdb.com/title/tt4974148/
tt4974174	https://www.imdb.com/title/tt4974174/
tt4974194	https://www.imdb.com/title/tt4974194/
tt4974204	https://www.imdb.com/title/tt4974204/
tt4974320	https://www.imdb.com/title/tt4974320/
tt4974358	https://www.imdb.com/title/tt4974358/
tt4974454	https://www.imdb.com/title/tt4974454/
tt4974564	https://www.imdb.com/title/tt4974564/
tt4974588	https://www.imdb.com/title/tt4974588/
tt4974606	https://www.imdb.com/title/tt4974606/
tt4976912	https://www.imdb.com/title/tt4976912/
tt4976944	https://www.imdb.com/title/tt4976944/
tt4976998	https://www.imdb.com/title/tt4976998/
tt4977032	https://www.imdb.com/title/tt4977032/
tt4977048	https://www.imdb.com/title/tt4977048/
tt4979620	https://www.imdb.com/title/tt4979620/
tt4980256	https://www.imdb.com/title/tt4980256/
tt4980262	https://www.imdb.com/title/tt4980262/
tt4980388	https://www.imdb.com/title/tt4980388/
tt4980422	https://www.imdb.com/title/tt4980422/
tt4981834	https://www.imdb.com/title/tt4981834/
tt4981860	https://www.imdb.com/title/tt4981860/
tt4981864	https://www.imdb.com/title/tt4981864/
tt4981900	https://www.imdb.com/title/tt4981900/
tt4984630	https://www.imdb.com/title/tt4984630/
tt4984648	https://www.imdb.com/title/tt4984648/
tt4984664	https://www.imdb.com/title/tt4984664/
tt4984684	https://www.imdb.com/title/tt4984684/
tt4984698	https://www.imdb.com/title/tt4984698/
tt4984704	https://www.imdb.com/title/tt4984704/
tt4984722	https://www.imdb.com/title/tt4984722/
tt4984782	https://www.imdb.com/title/tt4984782/
tt4984792	https://www.imdb.com/title/tt4984792/
tt4984884	https://www.imdb.com/title/tt4984884/
tt4984902	https://www.imdb.com/title/tt4984902/
tt4985010	https://www.imdb.com/title/tt4985010/
tt4985106	https://www.imdb.com/title/tt4985106/
tt4987492	https://www.imdb.com/title/tt4987492/
tt4987534	https://www.imdb.com/title/tt4987534/
tt4987566	https://www.imdb.com/title/tt4987566/
tt4987568	https://www.imdb.com/title/tt4987568/
tt4987984	https://www.imdb.com/title/tt4987984/
tt4989910	https://www.imdb.com/title/tt4989910/
tt4990314	https://www.imdb.com/title/tt4990314/
tt4990344	https://www.imdb.com/title/tt4990344/
tt4990352	https://www.imdb.com/title/tt4990352/
tt4996912	https://www.imdb.com/title/tt4996912/
tt4997028	https://www.imdb.com/title/tt4997028/
tt5000104	https://www.imdb.com/title/tt5000104/
tt5043556	https://www.imdb.com/title/tt5043556/
tt5043612	https://www.imdb.com/title/tt5043612/
tt5045652	https://www.imdb.com/title/tt5045652/
tt5045668	https://www.imdb.com/title/tt5045668/
tt5045700	https://www.imdb.com/title/tt5045700/
tt5045714	https://www.imdb.com/title/tt5045714/
tt5045750	https://www.imdb.com/title/tt5045750/
tt5048332	https://www.imdb.com/title/tt5048332/
tt5048344	https://www.imdb.com/title/tt5048344/
tt5048370	https://www.imdb.com/title/tt5048370/
tt5048390	https://www.imdb.com/title/tt5048390/
tt5048402	https://www.imdb.com/title/tt5048402/
tt5048410	https://www.imdb.com/title/tt5048410/
tt5048430	https://www.imdb.com/title/tt5048430/
tt5048444	https://www.imdb.com/title/tt5048444/
tt5048610	https://www.imdb.com/title/tt5048610/
tt5048640	https://www.imdb.com/title/tt5048640/
tt5048650	https://www.imdb.com/title/tt5048650/
tt5048660	https://www.imdb.com/title/tt5048660/
tt5048680	https://www.imdb.com/title/tt5048680/
tt5048886	https://www.imdb.com/title/tt5048886/
tt5048894	https://www.imdb.com/title/tt5048894/
tt5048904	https://www.imdb.com/title/tt5048904/
tt5048914	https://www.imdb.com/title/tt5048914/
tt5048956	https://www.imdb.com/title/tt5048956/
tt5050650	https://www.imdb.com/title/tt5050650/
tt5050668	https://www.imdb.com/title/tt5050668/
tt5050750	https://www.imdb.com/title/tt5050750/
tt5050768	https://www.imdb.com/title/tt5050768/
tt5050778	https://www.imdb.com/title/tt5050778/
tt5050806	https://www.imdb.com/title/tt5050806/
tt5050812	https://www.imdb.com/title/tt5050812/
tt5050830	https://www.imdb.com/title/tt5050830/
tt5050852	https://www.imdb.com/title/tt5050852/
tt5053040	https://www.imdb.com/title/tt5053040/
tt5053050	https://www.imdb.com/title/tt5053050/
tt5053158	https://www.imdb.com/title/tt5053158/
tt5053182	https://www.imdb.com/title/tt5053182/
tt5053242	https://www.imdb.com/title/tt5053242/
tt5053256	https://www.imdb.com/title/tt5053256/
tt5053278	https://www.imdb.com/title/tt5053278/
tt5053290	https://www.imdb.com/title/tt5053290/
tt5053326	https://www.imdb.com/title/tt5053326/
tt5053420	https://www.imdb.com/title/tt5053420/
tt5053452	https://www.imdb.com/title/tt5053452/
tt5053460	https://www.imdb.com/title/tt5053460/
tt5057362	https://www.imdb.com/title/tt5057362/
tt5057376	https://www.imdb.com/title/tt5057376/
tt5057390	https://www.imdb.com/title/tt5057390/
tt5057398	https://www.imdb.com/title/tt5057398/
tt5057402	https://www.imdb.com/title/tt5057402/
tt5057408	https://www.imdb.com/title/tt5057408/
tt5057430	https://www.imdb.com/title/tt5057430/
tt5058050	https://www.imdb.com/title/tt5058050/
tt5058064	https://www.imdb.com/title/tt5058064/
tt5059742	https://www.imdb.com/title/tt5059742/
tt5059814	https://www.imdb.com/title/tt5059814/
tt5966158	https://www.imdb.com/title/tt5966158/
tt6024786	https://www.imdb.com/title/tt6024786/
tt6279654	https://www.imdb.com/title/tt6279654/
tt6279686	https://www.imdb.com/title/tt6279686/
tt6279708	https://www.imdb.com/title/tt6279708/
tt6544130	https://www.imdb.com/title/tt6544130/
tt7934138	https://www.imdb.com/title/tt7934138/
tt8269294	https://www.imdb.com/title/tt8269294/
tt8478536	https://www.imdb.com/title/tt8478536/
tt8479752	https://www.imdb.com/title/tt8479752/
tt8562572	https://www.imdb.com/title/tt8562572/
tt9006398	https://www.imdb.com/title/tt9006398/
tt9006400	https://www.imdb.com/title/tt9006400/
tt9006402	https://www.imdb.com/title/tt9006402/
tt9774568	https://www.imdb.com/title/tt9774568/
tt9774762	https://www.imdb.com/title/tt9774762/
