tconst	imdb_url
tt0000502	https://www.imdb.com/title/tt0000502/
tt0272597	https://www.imdb.com/title/tt0272597/
tt0272643	https://www.imdb.com/title/tt0272643/
tt0272654	https://www.imdb.com/title/tt0272654/
tt0272657	https://www.imdb.com/title/tt0272657/
tt0272667	https://www.imdb.com/title/tt0272667/
tt0272707	https://www.imdb.com/title/tt0272707/
tt0272808	https://www.imdb.com/title/tt0272808/
tt0272898	https://www.imdb.com/title/tt0272898/
tt0279067	https://www.imdb.com/title/tt0279067/
tt0284043	https://www.imdb.com/title/tt0284043/
tt0295963	https://www.imdb.com/title/tt0295963/
tt0388231	https://www.imdb.com/title/tt0388231/
tt11365068	https://www.imdb.com/title/tt11365068/
tt1325665	https://www.imdb.com/title/tt1325665/
tt14006802	https://www.imdb.com/title/tt14006802/
tt2375424	https://www.imdb.com/title/tt2375424/
