tconst	imdb_url
tt0021617	https://www.imdb.com/title/tt0021617/
tt0036991	https://www.imdb.com/title/tt0036991/
tt0037745	https://www.imdb.com/title/tt0037745/
tt0037809	https://www.imdb.com/title/tt0037809/
tt0038218	https://www.imdb.com/title/tt0038218/
tt0038405	https://www.imdb.com/title/tt0038405/
tt0038475	https://www.imdb.com/title/tt0038475/
tt0039241	https://www.imdb.com/title/tt0039241/
tt0040018	https://www.imdb.com/title/tt0040018/
tt0040138	https://www.imdb.com/title/tt0040138/
tt0040234	https://www.imdb.com/title/tt0040234/
tt0040266	https://www.imdb.com/title/tt0040266/
tt0040284	https://www.imdb.com/title/tt0040284/
tt0040300	https://www.imdb.com/title/tt0040300/
tt0040306	https://www.imdb.com/title/tt0040306/
tt0040326	https://www.imdb.com/title/tt0040326/
tt0040405	https://www.imdb.com/title/tt0040405/
tt0040412	https://www.imdb.com/title/tt0040412/
tt0040453	https://www.imdb.com/title/tt0040453/
tt0040775	https://www.imdb.com/title/tt0040775/
tt0040791	https://www.imdb.com/title/tt0040791/
tt0040818	https://www.imdb.com/title/tt0040818/
tt0040846	https://www.imdb.com/title/tt0040846/
tt0040899	https://www.imdb.com/title/tt0040899/
tt0041080	https://www.imdb.com/title/tt0041080/
tt0041092	https://www.imdb.com/title/tt0041092/
tt0041097	https://www.imdb.com/title/tt0041097/
tt0041106	https://www.imdb.com/title/tt0041106/
tt0041110	https://www.imdb.com/title/tt0041110/
tt0041117	https://www.imdb.com/title/tt0041117/
tt0041119	https://www.imdb.com/title/tt0041119/
tt0041134	https://www.imdb.com/title/tt0041134/
tt0041136	https://www.imdb.com/title/tt0041136/
tt0041141	https://www.imdb.com/title/tt0041141/
tt0041151	https://www.imdb.com/title/tt0041151/
tt0041159	https://www.imdb.com/title/tt0041159/
tt0041170	https://www.imdb.com/title/tt0041170/
tt0041181	https://www.imdb.com/title/tt0041181/
tt0041200	https://www.imdb.com/title/tt0041200/
tt0041225	https://www.imdb.com/title/tt0041225/
tt0041226	https://www.imdb.com/title/tt0041226/
tt0041227	https://www.imdb.com/title/tt0041227/
tt0041230	https://www.imdb.com/title/tt0041230/
tt0041234	https://www.imdb.com/title/tt0041234/
tt0041249	https://www.imdb.com/title/tt0041249/
tt0041250	https://www.imdb.com/title/tt0041250/
tt0041270	https://www.imdb.com/title/tt0041270/
tt0041271	https://www.imdb.com/title/tt0041271/
tt0041288	https://www.imdb.com/title/tt0041288/
tt0041302	https://www.imdb.com/title/tt0041302/
tt0041303	https://www.imdb.com/title/tt0041303/
tt0041307	https://www.imdb.com/title/tt0041307/
tt0041309	https://www.imdb.com/title/tt0041309/
tt0041320	https://www.imdb.com/title/tt0041320/
tt0041321	https://www.imdb.com/title/tt0041321/
tt0041345	https://www.imdb.com/title/tt0041345/
tt0041354	https://www.imdb.com/title/tt0041354/
tt0041364	https://www.imdb.com/title/tt0041364/
tt0041367	https://www.imdb.com/title/tt0041367/
tt0041385	https://www.imdb.com/title/tt0041385/
tt0041387	https://www.imdb.com/title/tt0041387/
tt0041397	https://www.imdb.com/title/tt0041397/
tt0041409	https://www.imdb.com/title/tt0041409/
tt0041437	https://www.imdb.com/title/tt0041437/
tt0041463	https://www.imdb.com/title/tt0041463/
tt0041467	https://www.imdb.com/title/tt0041467/
tt0041470	https://www.imdb.com/title/tt0041470/
tt0041479	https://www.imdb.com/title/tt0041479/
tt0041538	https://www.imdb.com/title/tt0041538/
tt0041544	https://www.imdb.com/title/tt0041544/
tt0041562	https://www.imdb.com/title/tt0041562/
tt0041591	https://www.imdb.com/title/tt0041591/
tt0041608	https://www.imdb.com/title/tt0041608/
tt0041627	https://www.imdb.com/title/tt0041627/
tt0041639	https://www.imdb.com/title/tt0041639/
tt0041640	https://www.imdb.com/title/tt0041640/
tt0041649	https://www.imdb.com/title/tt0041649/
tt0041666	https://www.imdb.com/title/tt0041666/
tt0041668	https://www.imdb.com/title/tt0041668/
tt0041674	https://www.imdb.com/title/tt0041674/
tt0041686	https://www.imdb.com/title/tt0041686/
tt0041693	https://www.imdb.com/title/tt0041693/
tt0041694	https://www.imdb.com/title/tt0041694/
tt0041696	https://www.imdb.com/title/tt0041696/
tt0041702	https://www.imdb.com/title/tt0041702/
tt0041703	https://www.imdb.com/title/tt0041703/
tt0041719	https://www.imdb.com/title/tt0041719/
tt0041720	https://www.imdb.com/title/tt0041720/
tt0041727	https://www.imdb.com/title/tt0041727/
tt0041734	https://www.imdb.com/title/tt0041734/
tt0041742	https://www.imdb.com/title/tt0041742/
tt0041750	https://www.imdb.com/title/tt0041750/
tt0041762	https://www.imdb.com/title/tt0041762/
tt0041764	https://www.imdb.com/title/tt0041764/
tt0041773	https://www.imdb.com/title/tt0041773/
tt0041774	https://www.imdb.com/title/tt0041774/
tt0041777	https://www.imdb.com/title/tt0041777/
tt0041784	https://www.imdb.com/title/tt0041784/
tt0041799	https://www.imdb.com/title/tt0041799/
tt0041803	https://www.imdb.com/title/tt0041803/
tt0041804	https://www.imdb.com/title/tt0041804/
tt0041816	https://www.imdb.com/title/tt0041816/
tt0041830	https://www.imdb.com/title/tt0041830/
tt0041843	https://www.imdb.com/title/tt0041843/
tt0041849	https://www.imdb.com/title/tt0041849/
tt0041850	https://www.imdb.com/title/tt0041850/
tt0041904	https://www.imdb.com/title/tt0041904/
tt0041909	https://www.imdb.com/title/tt0041909/
tt0041925	https://www.imdb.com/title/tt0041925/
tt0041931	https://www.imdb.com/title/tt0041931/
tt0041950	https://www.imdb.com/title/tt0041950/
tt0041971	https://www.imdb.com/title/tt0041971/
tt0041985	https://www.imdb.com/title/tt0041985/
tt0041993	https://www.imdb.com/title/tt0041993/
tt0041997	https://www.imdb.com/title/tt0041997/
tt0042001	https://www.imdb.com/title/tt0042001/
tt0042003	https://www.imdb.com/title/tt0042003/
tt0042005	https://www.imdb.com/title/tt0042005/
tt0042010	https://www.imdb.com/title/tt0042010/
tt0042013	https://www.imdb.com/title/tt0042013/
tt0042026	https://www.imdb.com/title/tt0042026/
tt0042027	https://www.imdb.com/title/tt0042027/
tt0042030	https://www.imdb.com/title/tt0042030/
tt0042039	https://www.imdb.com/title/tt0042039/
tt0042052	https://www.imdb.com/title/tt0042052/
tt0042058	https://www.imdb.com/title/tt0042058/
tt0042175	https://www.imdb.com/title/tt0042175/
tt0042176	https://www.imdb.com/title/tt0042176/
tt0042179	https://www.imdb.com/title/tt0042179/
tt0042181	https://www.imdb.com/title/tt0042181/
tt0042182	https://www.imdb.com/title/tt0042182/
tt0042184	https://www.imdb.com/title/tt0042184/
tt0042185	https://www.imdb.com/title/tt0042185/
tt0042187	https://www.imdb.com/title/tt0042187/
tt0042188	https://www.imdb.com/title/tt0042188/
tt0042190	https://www.imdb.com/title/tt0042190/
tt0042192	https://www.imdb.com/title/tt0042192/
tt0042193	https://www.imdb.com/title/tt0042193/
tt0042194	https://www.imdb.com/title/tt0042194/
tt0042195	https://www.imdb.com/title/tt0042195/
tt0042197	https://www.imdb.com/title/tt0042197/
tt0042198	https://www.imdb.com/title/tt0042198/
tt0042199	https://www.imdb.com/title/tt0042199/
tt0042200	https://www.imdb.com/title/tt0042200/
tt0042201	https://www.imdb.com/title/tt0042201/
tt0042203	https://www.imdb.com/title/tt0042203/
tt0042206	https://www.imdb.com/title/tt0042206/
tt0042207	https://www.imdb.com/title/tt0042207/
tt0042208	https://www.imdb.com/title/tt0042208/
tt0042209	https://www.imdb.com/title/tt0042209/
tt0042211	https://www.imdb.com/title/tt0042211/
tt0042212	https://www.imdb.com/title/tt0042212/
tt0042213	https://www.imdb.com/title/tt0042213/
tt0042214	https://www.imdb.com/title/tt0042214/
tt0042216	https://www.imdb.com/title/tt0042216/
tt0042217	https://www.imdb.com/title/tt0042217/
tt0042218	https://www.imdb.com/title/tt0042218/
tt0042219	https://www.imdb.com/title/tt0042219/
tt0042220	https://www.imdb.com/title/tt0042220/
tt0042223	https://www.imdb.com/title/tt0042223/
tt0042224	https://www.imdb.com/title/tt0042224/
tt0042225	https://www.imdb.com/title/tt0042225/
tt0042226	https://www.imdb.com/title/tt0042226/
tt0042229	https://www.imdb.com/title/tt0042229/
tt0042230	https://www.imdb.com/title/tt0042230/
tt0042231	https://www.imdb.com/title/tt0042231/
tt0042232	https://www.imdb.com/title/tt0042232/
tt0042233	https://www.imdb.com/title/tt0042233/
tt0042234	https://www.imdb.com/title/tt0042234/
tt0042235	https://www.imdb.com/title/tt0042235/
tt0042237	https://www.imdb.com/title/tt0042237/
tt0042239	https://www.imdb.com/title/tt0042239/
tt0042240	https://www.imdb.com/title/tt0042240/
tt0042242	https://www.imdb.com/title/tt0042242/
tt0042243	https://www.imdb.com/title/tt0042243/
tt0042244	https://www.imdb.com/title/tt0042244/
tt0042247	https://www.imdb.com/title/tt0042247/
tt0042249	https://www.imdb.com/title/tt0042249/
tt0042250	https://www.imdb.com/title/tt0042250/
tt0042251	https://www.imdb.com/title/tt0042251/
tt0042252	https://www.imdb.com/title/tt0042252/
tt0042253	https://www.imdb.com/title/tt0042253/
tt0042255	https://www.imdb.com/title/tt0042255/
tt0042256	https://www.imdb.com/title/tt0042256/
tt0042258	https://www.imdb.com/title/tt0042258/
tt0042260	https://www.imdb.com/title/tt0042260/
tt0042262	https://www.imdb.com/title/tt0042262/
tt0042263	https://www.imdb.com/title/tt0042263/
tt0042264	https://www.imdb.com/title/tt0042264/
tt0042265	https://www.imdb.com/title/tt0042265/
tt0042266	https://www.imdb.com/title/tt0042266/
tt0042267	https://www.imdb.com/title/tt0042267/
tt0042268	https://www.imdb.com/title/tt0042268/
tt0042271	https://www.imdb.com/title/tt0042271/
tt0042272	https://www.imdb.com/title/tt0042272/
tt0042273	https://www.imdb.com/title/tt0042273/
tt0042274	https://www.imdb.com/title/tt0042274/
tt0042275	https://www.imdb.com/title/tt0042275/
tt0042276	https://www.imdb.com/title/tt0042276/
tt0042277	https://www.imdb.com/title/tt0042277/
tt0042278	https://www.imdb.com/title/tt0042278/
tt0042279	https://www.imdb.com/title/tt0042279/
tt0042281	https://www.imdb.com/title/tt0042281/
tt0042282	https://www.imdb.com/title/tt0042282/
tt0042283	https://www.imdb.com/title/tt0042283/
tt0042284	https://www.imdb.com/title/tt0042284/
tt0042285	https://www.imdb.com/title/tt0042285/
tt0042286	https://www.imdb.com/title/tt0042286/
tt0042287	https://www.imdb.com/title/tt0042287/
tt0042289	https://www.imdb.com/title/tt0042289/
tt0042292	https://www.imdb.com/title/tt0042292/
tt0042293	https://www.imdb.com/title/tt0042293/
tt0042294	https://www.imdb.com/title/tt0042294/
tt0042295	https://www.imdb.com/title/tt0042295/
tt0042296	https://www.imdb.com/title/tt0042296/
tt0042298	https://www.imdb.com/title/tt0042298/
tt0042299	https://www.imdb.com/title/tt0042299/
tt0042300	https://www.imdb.com/title/tt0042300/
tt0042301	https://www.imdb.com/title/tt0042301/
tt0042311	https://www.imdb.com/title/tt0042311/
tt0042312	https://www.imdb.com/title/tt0042312/
tt0042313	https://www.imdb.com/title/tt0042313/
tt0042314	https://www.imdb.com/title/tt0042314/
tt0042315	https://www.imdb.com/title/tt0042315/
tt0042318	https://www.imdb.com/title/tt0042318/
tt0042319	https://www.imdb.com/title/tt0042319/
tt0042320	https://www.imdb.com/title/tt0042320/
tt0042323	https://www.imdb.com/title/tt0042323/
tt0042324	https://www.imdb.com/title/tt0042324/
tt0042325	https://www.imdb.com/title/tt0042325/
tt0042326	https://www.imdb.com/title/tt0042326/
tt0042327	https://www.imdb.com/title/tt0042327/
tt0042328	https://www.imdb.com/title/tt0042328/
tt0042332	https://www.imdb.com/title/tt0042332/
tt0042333	https://www.imdb.com/title/tt0042333/
tt0042334	https://www.imdb.com/title/tt0042334/
tt0042335	https://www.imdb.com/title/tt0042335/
tt0042337	https://www.imdb.com/title/tt0042337/
tt0042338	https://www.imdb.com/title/tt0042338/
tt0042339	https://www.imdb.com/title/tt0042339/
tt0042342	https://www.imdb.com/title/tt0042342/
tt0042343	https://www.imdb.com/title/tt0042343/
tt0042344	https://www.imdb.com/title/tt0042344/
tt0042345	https://www.imdb.com/title/tt0042345/
tt0042348	https://www.imdb.com/title/tt0042348/
tt0042349	https://www.imdb.com/title/tt0042349/
tt0042352	https://www.imdb.com/title/tt0042352/
tt0042355	https://www.imdb.com/title/tt0042355/
tt0042356	https://www.imdb.com/title/tt0042356/
tt0042357	https://www.imdb.com/title/tt0042357/
tt0042359	https://www.imdb.com/title/tt0042359/
tt0042361	https://www.imdb.com/title/tt0042361/
tt0042362	https://www.imdb.com/title/tt0042362/
tt0042366	https://www.imdb.com/title/tt0042366/
tt0042367	https://www.imdb.com/title/tt0042367/
tt0042368	https://www.imdb.com/title/tt0042368/
tt0042370	https://www.imdb.com/title/tt0042370/
tt0042371	https://www.imdb.com/title/tt0042371/
tt0042372	https://www.imdb.com/title/tt0042372/
tt0042373	https://www.imdb.com/title/tt0042373/
tt0042374	https://www.imdb.com/title/tt0042374/
tt0042375	https://www.imdb.com/title/tt0042375/
tt0042376	https://www.imdb.com/title/tt0042376/
tt0042377	https://www.imdb.com/title/tt0042377/
tt0042378	https://www.imdb.com/title/tt0042378/
tt0042379	https://www.imdb.com/title/tt0042379/
tt0042380	https://www.imdb.com/title/tt0042380/
tt0042381	https://www.imdb.com/title/tt0042381/
tt0042382	https://www.imdb.com/title/tt0042382/
tt0042383	https://www.imdb.com/title/tt0042383/
tt0042385	https://www.imdb.com/title/tt0042385/
tt0042387	https://www.imdb.com/title/tt0042387/
tt0042389	https://www.imdb.com/title/tt0042389/
tt0042390	https://www.imdb.com/title/tt0042390/
tt0042392	https://www.imdb.com/title/tt0042392/
tt0042393	https://www.imdb.com/title/tt0042393/
tt0042394	https://www.imdb.com/title/tt0042394/
tt0042395	https://www.imdb.com/title/tt0042395/
tt0042396	https://www.imdb.com/title/tt0042396/
tt0042397	https://www.imdb.com/title/tt0042397/
tt0042399	https://www.imdb.com/title/tt0042399/
tt0042401	https://www.imdb.com/title/tt0042401/
tt0042402	https://www.imdb.com/title/tt0042402/
tt0042406	https://www.imdb.com/title/tt0042406/
tt0042409	https://www.imdb.com/title/tt0042409/
tt0042410	https://www.imdb.com/title/tt0042410/
tt0042412	https://www.imdb.com/title/tt0042412/
tt0042415	https://www.imdb.com/title/tt0042415/
tt0042416	https://www.imdb.com/title/tt0042416/
tt0042417	https://www.imdb.com/title/tt0042417/
tt0042420	https://www.imdb.com/title/tt0042420/
tt0042424	https://www.imdb.com/title/tt0042424/
tt0042425	https://www.imdb.com/title/tt0042425/
tt0042426	https://www.imdb.com/title/tt0042426/
tt0042427	https://www.imdb.com/title/tt0042427/
tt0042428	https://www.imdb.com/title/tt0042428/
tt0042433	https://www.imdb.com/title/tt0042433/
tt0042436	https://www.imdb.com/title/tt0042436/
tt0042437	https://www.imdb.com/title/tt0042437/
tt0042438	https://www.imdb.com/title/tt0042438/
tt0042439	https://www.imdb.com/title/tt0042439/
tt0042440	https://www.imdb.com/title/tt0042440/
tt0042441	https://www.imdb.com/title/tt0042441/
tt0042442	https://www.imdb.com/title/tt0042442/
tt0042444	https://www.imdb.com/title/tt0042444/
tt0042445	https://www.imdb.com/title/tt0042445/
tt0042447	https://www.imdb.com/title/tt0042447/
tt0042448	https://www.imdb.com/title/tt0042448/
tt0042449	https://www.imdb.com/title/tt0042449/
tt0042450	https://www.imdb.com/title/tt0042450/
tt0042451	https://www.imdb.com/title/tt0042451/
tt0042452	https://www.imdb.com/title/tt0042452/
tt0042453	https://www.imdb.com/title/tt0042453/
tt0042455	https://www.imdb.com/title/tt0042455/
tt0042456	https://www.imdb.com/title/tt0042456/
tt0042459	https://www.imdb.com/title/tt0042459/
tt0042461	https://www.imdb.com/title/tt0042461/
tt0042463	https://www.imdb.com/title/tt0042463/
tt0042464	https://www.imdb.com/title/tt0042464/
tt0042466	https://www.imdb.com/title/tt0042466/
tt0042467	https://www.imdb.com/title/tt0042467/
tt0042468	https://www.imdb.com/title/tt0042468/
tt0042469	https://www.imdb.com/title/tt0042469/
tt0042472	https://www.imdb.com/title/tt0042472/
tt0042473	https://www.imdb.com/title/tt0042473/
tt0042474	https://www.imdb.com/title/tt0042474/
tt0042477	https://www.imdb.com/title/tt0042477/
tt0042480	https://www.imdb.com/title/tt0042480/
tt0042481	https://www.imdb.com/title/tt0042481/
tt0042482	https://www.imdb.com/title/tt0042482/
tt0042483	https://www.imdb.com/title/tt0042483/
tt0042484	https://www.imdb.com/title/tt0042484/
tt0042485	https://www.imdb.com/title/tt0042485/
tt0042487	https://www.imdb.com/title/tt0042487/
tt0042488	https://www.imdb.com/title/tt0042488/
tt0042490	https://www.imdb.com/title/tt0042490/
tt0042492	https://www.imdb.com/title/tt0042492/
tt0042493	https://www.imdb.com/title/tt0042493/
tt0042494	https://www.imdb.com/title/tt0042494/
tt0042495	https://www.imdb.com/title/tt0042495/
tt0042496	https://www.imdb.com/title/tt0042496/
tt0042500	https://www.imdb.com/title/tt0042500/
tt0042501	https://www.imdb.com/title/tt0042501/
tt0042504	https://www.imdb.com/title/tt0042504/
tt0042505	https://www.imdb.com/title/tt0042505/
tt0042506	https://www.imdb.com/title/tt0042506/
tt0042507	https://www.imdb.com/title/tt0042507/
tt0042509	https://www.imdb.com/title/tt0042509/
tt0042510	https://www.imdb.com/title/tt0042510/
tt0042511	https://www.imdb.com/title/tt0042511/
tt0042513	https://www.imdb.com/title/tt0042513/
tt0042514	https://www.imdb.com/title/tt0042514/
tt0042517	https://www.imdb.com/title/tt0042517/
tt0042519	https://www.imdb.com/title/tt0042519/
tt0042521	https://www.imdb.com/title/tt0042521/
tt0042522	https://www.imdb.com/title/tt0042522/
tt0042523	https://www.imdb.com/title/tt0042523/
tt0042524	https://www.imdb.com/title/tt0042524/
tt0042527	https://www.imdb.com/title/tt0042527/
tt0042529	https://www.imdb.com/title/tt0042529/
tt0042530	https://www.imdb.com/title/tt0042530/
tt0042531	https://www.imdb.com/title/tt0042531/
tt0042532	https://www.imdb.com/title/tt0042532/
tt0042533	https://www.imdb.com/title/tt0042533/
tt0042534	https://www.imdb.com/title/tt0042534/
tt0042535	https://www.imdb.com/title/tt0042535/
tt0042536	https://www.imdb.com/title/tt0042536/
tt0042541	https://www.imdb.com/title/tt0042541/
tt0042542	https://www.imdb.com/title/tt0042542/
tt0042543	https://www.imdb.com/title/tt0042543/
tt0042544	https://www.imdb.com/title/tt0042544/
tt0042545	https://www.imdb.com/title/tt0042545/
tt0042546	https://www.imdb.com/title/tt0042546/
tt0042548	https://www.imdb.com/title/tt0042548/
tt0042550	https://www.imdb.com/title/tt0042550/
tt0042551	https://www.imdb.com/title/tt0042551/
tt0042552	https://www.imdb.com/title/tt0042552/
tt0042553	https://www.imdb.com/title/tt0042553/
tt0042556	https://www.imdb.com/title/tt0042556/
tt0042559	https://www.imdb.com/title/tt0042559/
tt0042560	https://www.imdb.com/title/tt0042560/
tt0042561	https://www.imdb.com/title/tt0042561/
tt0042562	https://www.imdb.com/title/tt0042562/
tt0042563	https://www.imdb.com/title/tt0042563/
tt0042564	https://www.imdb.com/title/tt0042564/
tt0042565	https://www.imdb.com/title/tt0042565/
tt0042568	https://www.imdb.com/title/tt0042568/
tt0042570	https://www.imdb.com/title/tt0042570/
tt0042574	https://www.imdb.com/title/tt0042574/
tt0042576	https://www.imdb.com/title/tt0042576/
tt0042577	https://www.imdb.com/title/tt0042577/
tt0042578	https://www.imdb.com/title/tt0042578/
tt0042579	https://www.imdb.com/title/tt0042579/
tt0042581	https://www.imdb.com/title/tt0042581/
tt0042582	https://www.imdb.com/title/tt0042582/
tt0042585	https://www.imdb.com/title/tt0042585/
tt0042586	https://www.imdb.com/title/tt0042586/
tt0042587	https://www.imdb.com/title/tt0042587/
tt0042588	https://www.imdb.com/title/tt0042588/
tt0042589	https://www.imdb.com/title/tt0042589/
tt0042591	https://www.imdb.com/title/tt0042591/
tt0042593	https://www.imdb.com/title/tt0042593/
tt0042594	https://www.imdb.com/title/tt0042594/
tt0042595	https://www.imdb.com/title/tt0042595/
tt0042596	https://www.imdb.com/title/tt0042596/
tt0042597	https://www.imdb.com/title/tt0042597/
tt0042599	https://www.imdb.com/title/tt0042599/
tt0042600	https://www.imdb.com/title/tt0042600/
tt0042602	https://www.imdb.com/title/tt0042602/
tt0042604	https://www.imdb.com/title/tt0042604/
tt0042608	https://www.imdb.com/title/tt0042608/
tt0042609	https://www.imdb.com/title/tt0042609/
tt0042610	https://www.imdb.com/title/tt0042610/
tt0042614	https://www.imdb.com/title/tt0042614/
tt0042615	https://www.imdb.com/title/tt0042615/
tt0042616	https://www.imdb.com/title/tt0042616/
tt0042617	https://www.imdb.com/title/tt0042617/
tt0042618	https://www.imdb.com/title/tt0042618/
tt0042622	https://www.imdb.com/title/tt0042622/
tt0042623	https://www.imdb.com/title/tt0042623/
tt0042624	https://www.imdb.com/title/tt0042624/
tt0042625	https://www.imdb.com/title/tt0042625/
tt0042627	https://www.imdb.com/title/tt0042627/
tt0042628	https://www.imdb.com/title/tt0042628/
tt0042629	https://www.imdb.com/title/tt0042629/
tt0042630	https://www.imdb.com/title/tt0042630/
tt0042631	https://www.imdb.com/title/tt0042631/
tt0042632	https://www.imdb.com/title/tt0042632/
tt0042633	https://www.imdb.com/title/tt0042633/
tt0042634	https://www.imdb.com/title/tt0042634/
tt0042636	https://www.imdb.com/title/tt0042636/
tt0042637	https://www.imdb.com/title/tt0042637/
tt0042638	https://www.imdb.com/title/tt0042638/
tt0042639	https://www.imdb.com/title/tt0042639/
tt0042640	https://www.imdb.com/title/tt0042640/
tt0042641	https://www.imdb.com/title/tt0042641/
tt0042642	https://www.imdb.com/title/tt0042642/
tt0042643	https://www.imdb.com/title/tt0042643/
tt0042644	https://www.imdb.com/title/tt0042644/
tt0042645	https://www.imdb.com/title/tt0042645/
tt0042646	https://www.imdb.com/title/tt0042646/
tt0042647	https://www.imdb.com/title/tt0042647/
tt0042648	https://www.imdb.com/title/tt0042648/
tt0042650	https://www.imdb.com/title/tt0042650/
tt0042651	https://www.imdb.com/title/tt0042651/
tt0042654	https://www.imdb.com/title/tt0042654/
tt0042655	https://www.imdb.com/title/tt0042655/
tt0042656	https://www.imdb.com/title/tt0042656/
tt0042657	https://www.imdb.com/title/tt0042657/
tt0042658	https://www.imdb.com/title/tt0042658/
tt0042659	https://www.imdb.com/title/tt0042659/
tt0042661	https://www.imdb.com/title/tt0042661/
tt0042662	https://www.imdb.com/title/tt0042662/
tt0042663	https://www.imdb.com/title/tt0042663/
tt0042664	https://www.imdb.com/title/tt0042664/
tt0042665	https://www.imdb.com/title/tt0042665/
tt0042666	https://www.imdb.com/title/tt0042666/
tt0042668	https://www.imdb.com/title/tt0042668/
tt0042669	https://www.imdb.com/title/tt0042669/
tt0042673	https://www.imdb.com/title/tt0042673/
tt0042674	https://www.imdb.com/title/tt0042674/
tt0042676	https://www.imdb.com/title/tt0042676/
tt0042677	https://www.imdb.com/title/tt0042677/
tt0042678	https://www.imdb.com/title/tt0042678/
tt0042679	https://www.imdb.com/title/tt0042679/
tt0042683	https://www.imdb.com/title/tt0042683/
tt0042684	https://www.imdb.com/title/tt0042684/
tt0042685	https://www.imdb.com/title/tt0042685/
tt0042686	https://www.imdb.com/title/tt0042686/
tt0042687	https://www.imdb.com/title/tt0042687/
tt0042688	https://www.imdb.com/title/tt0042688/
tt0042692	https://www.imdb.com/title/tt0042692/
tt0042693	https://www.imdb.com/title/tt0042693/
tt0042694	https://www.imdb.com/title/tt0042694/
tt0042695	https://www.imdb.com/title/tt0042695/
tt0042696	https://www.imdb.com/title/tt0042696/
tt0042697	https://www.imdb.com/title/tt0042697/
tt0042698	https://www.imdb.com/title/tt0042698/
tt0042699	https://www.imdb.com/title/tt0042699/
tt0042700	https://www.imdb.com/title/tt0042700/
tt0042702	https://www.imdb.com/title/tt0042702/
tt0042703	https://www.imdb.com/title/tt0042703/
tt0042705	https://www.imdb.com/title/tt0042705/
tt0042707	https://www.imdb.com/title/tt0042707/
tt0042708	https://www.imdb.com/title/tt0042708/
tt0042709	https://www.imdb.com/title/tt0042709/
tt0042711	https://www.imdb.com/title/tt0042711/
tt0042712	https://www.imdb.com/title/tt0042712/
tt0042713	https://www.imdb.com/title/tt0042713/
tt0042714	https://www.imdb.com/title/tt0042714/
tt0042716	https://www.imdb.com/title/tt0042716/
tt0042719	https://www.imdb.com/title/tt0042719/
tt0042720	https://www.imdb.com/title/tt0042720/
tt0042723	https://www.imdb.com/title/tt0042723/
tt0042725	https://www.imdb.com/title/tt0042725/
tt0042726	https://www.imdb.com/title/tt0042726/
tt0042727	https://www.imdb.com/title/tt0042727/
tt0042729	https://www.imdb.com/title/tt0042729/
tt0042730	https://www.imdb.com/title/tt0042730/
tt0042731	https://www.imdb.com/title/tt0042731/
tt0042732	https://www.imdb.com/title/tt0042732/
tt0042733	https://www.imdb.com/title/tt0042733/
tt0042734	https://www.imdb.com/title/tt0042734/
tt0042735	https://www.imdb.com/title/tt0042735/
tt0042736	https://www.imdb.com/title/tt0042736/
tt0042739	https://www.imdb.com/title/tt0042739/
tt0042741	https://www.imdb.com/title/tt0042741/
tt0042742	https://www.imdb.com/title/tt0042742/
tt0042743	https://www.imdb.com/title/tt0042743/
tt0042744	https://www.imdb.com/title/tt0042744/
tt0042746	https://www.imdb.com/title/tt0042746/
tt0042748	https://www.imdb.com/title/tt0042748/
tt0042749	https://www.imdb.com/title/tt0042749/
tt0042751	https://www.imdb.com/title/tt0042751/
tt0042752	https://www.imdb.com/title/tt0042752/
tt0042753	https://www.imdb.com/title/tt0042753/
tt0042755	https://www.imdb.com/title/tt0042755/
tt0042757	https://www.imdb.com/title/tt0042757/
tt0042759	https://www.imdb.com/title/tt0042759/
tt0042761	https://www.imdb.com/title/tt0042761/
tt0042762	https://www.imdb.com/title/tt0042762/
tt0042763	https://www.imdb.com/title/tt0042763/
tt0042765	https://www.imdb.com/title/tt0042765/
tt0042767	https://www.imdb.com/title/tt0042767/
tt0042769	https://www.imdb.com/title/tt0042769/
tt0042771	https://www.imdb.com/title/tt0042771/
tt0042772	https://www.imdb.com/title/tt0042772/
tt0042773	https://www.imdb.com/title/tt0042773/
tt0042774	https://www.imdb.com/title/tt0042774/
tt0042775	https://www.imdb.com/title/tt0042775/
tt0042776	https://www.imdb.com/title/tt0042776/
tt0042777	https://www.imdb.com/title/tt0042777/
tt0042778	https://www.imdb.com/title/tt0042778/
tt0042779	https://www.imdb.com/title/tt0042779/
tt0042780	https://www.imdb.com/title/tt0042780/
tt0042782	https://www.imdb.com/title/tt0042782/
tt0042783	https://www.imdb.com/title/tt0042783/
tt0042784	https://www.imdb.com/title/tt0042784/
tt0042786	https://www.imdb.com/title/tt0042786/
tt0042787	https://www.imdb.com/title/tt0042787/
tt0042788	https://www.imdb.com/title/tt0042788/
tt0042789	https://www.imdb.com/title/tt0042789/
tt0042790	https://www.imdb.com/title/tt0042790/
tt0042791	https://www.imdb.com/title/tt0042791/
tt0042792	https://www.imdb.com/title/tt0042792/
tt0042793	https://www.imdb.com/title/tt0042793/
tt0042794	https://www.imdb.com/title/tt0042794/
tt0042795	https://www.imdb.com/title/tt0042795/
tt0042797	https://www.imdb.com/title/tt0042797/
tt0042798	https://www.imdb.com/title/tt0042798/
tt0042799	https://www.imdb.com/title/tt0042799/
tt0042800	https://www.imdb.com/title/tt0042800/
tt0042801	https://www.imdb.com/title/tt0042801/
tt0042802	https://www.imdb.com/title/tt0042802/
tt0042804	https://www.imdb.com/title/tt0042804/
tt0042805	https://www.imdb.com/title/tt0042805/
tt0042806	https://www.imdb.com/title/tt0042806/
tt0042807	https://www.imdb.com/title/tt0042807/
tt0042808	https://www.imdb.com/title/tt0042808/
tt0042809	https://www.imdb.com/title/tt0042809/
tt0042810	https://www.imdb.com/title/tt0042810/
tt0042811	https://www.imdb.com/title/tt0042811/
tt0042812	https://www.imdb.com/title/tt0042812/
tt0042813	https://www.imdb.com/title/tt0042813/
tt0042814	https://www.imdb.com/title/tt0042814/
tt0042817	https://www.imdb.com/title/tt0042817/
tt0042818	https://www.imdb.com/title/tt0042818/
tt0042819	https://www.imdb.com/title/tt0042819/
tt0042821	https://www.imdb.com/title/tt0042821/
tt0042822	https://www.imdb.com/title/tt0042822/
tt0042823	https://www.imdb.com/title/tt0042823/
tt0042824	https://www.imdb.com/title/tt0042824/
tt0042825	https://www.imdb.com/title/tt0042825/
tt0042826	https://www.imdb.com/title/tt0042826/
tt0042827	https://www.imdb.com/title/tt0042827/
tt0042829	https://www.imdb.com/title/tt0042829/
tt0042830	https://www.imdb.com/title/tt0042830/
tt0042831	https://www.imdb.com/title/tt0042831/
tt0042832	https://www.imdb.com/title/tt0042832/
tt0042833	https://www.imdb.com/title/tt0042833/
tt0042835	https://www.imdb.com/title/tt0042835/
tt0042837	https://www.imdb.com/title/tt0042837/
tt0042840	https://www.imdb.com/title/tt0042840/
tt0042841	https://www.imdb.com/title/tt0042841/
tt0042844	https://www.imdb.com/title/tt0042844/
tt0042845	https://www.imdb.com/title/tt0042845/
tt0042846	https://www.imdb.com/title/tt0042846/
tt0042847	https://www.imdb.com/title/tt0042847/
tt0042848	https://www.imdb.com/title/tt0042848/
tt0042853	https://www.imdb.com/title/tt0042853/
tt0042855	https://www.imdb.com/title/tt0042855/
tt0042856	https://www.imdb.com/title/tt0042856/
tt0042857	https://www.imdb.com/title/tt0042857/
tt0042858	https://www.imdb.com/title/tt0042858/
tt0042859	https://www.imdb.com/title/tt0042859/
tt0042862	https://www.imdb.com/title/tt0042862/
tt0042865	https://www.imdb.com/title/tt0042865/
tt0042867	https://www.imdb.com/title/tt0042867/
tt0042868	https://www.imdb.com/title/tt0042868/
tt0042869	https://www.imdb.com/title/tt0042869/
tt0042874	https://www.imdb.com/title/tt0042874/
tt0042875	https://www.imdb.com/title/tt0042875/
tt0042876	https://www.imdb.com/title/tt0042876/
tt0042877	https://www.imdb.com/title/tt0042877/
tt0042879	https://www.imdb.com/title/tt0042879/
tt0042880	https://www.imdb.com/title/tt0042880/
tt0042882	https://www.imdb.com/title/tt0042882/
tt0042883	https://www.imdb.com/title/tt0042883/
tt0042884	https://www.imdb.com/title/tt0042884/
tt0042885	https://www.imdb.com/title/tt0042885/
tt0042886	https://www.imdb.com/title/tt0042886/
tt0042887	https://www.imdb.com/title/tt0042887/
tt0042888	https://www.imdb.com/title/tt0042888/
tt0042891	https://www.imdb.com/title/tt0042891/
tt0042892	https://www.imdb.com/title/tt0042892/
tt0042893	https://www.imdb.com/title/tt0042893/
tt0042894	https://www.imdb.com/title/tt0042894/
tt0042895	https://www.imdb.com/title/tt0042895/
tt0042896	https://www.imdb.com/title/tt0042896/
tt0042897	https://www.imdb.com/title/tt0042897/
tt0042899	https://www.imdb.com/title/tt0042899/
tt0042901	https://www.imdb.com/title/tt0042901/
tt0042902	https://www.imdb.com/title/tt0042902/
tt0042905	https://www.imdb.com/title/tt0042905/
tt0042906	https://www.imdb.com/title/tt0042906/
tt0042907	https://www.imdb.com/title/tt0042907/
tt0042908	https://www.imdb.com/title/tt0042908/
tt0042911	https://www.imdb.com/title/tt0042911/
tt0042912	https://www.imdb.com/title/tt0042912/
tt0042914	https://www.imdb.com/title/tt0042914/
tt0042915	https://www.imdb.com/title/tt0042915/
tt0042917	https://www.imdb.com/title/tt0042917/
tt0042918	https://www.imdb.com/title/tt0042918/
tt0042919	https://www.imdb.com/title/tt0042919/
tt0042920	https://www.imdb.com/title/tt0042920/
tt0042924	https://www.imdb.com/title/tt0042924/
tt0042925	https://www.imdb.com/title/tt0042925/
tt0042927	https://www.imdb.com/title/tt0042927/
tt0042929	https://www.imdb.com/title/tt0042929/
tt0042932	https://www.imdb.com/title/tt0042932/
tt0042934	https://www.imdb.com/title/tt0042934/
tt0042935	https://www.imdb.com/title/tt0042935/
tt0042936	https://www.imdb.com/title/tt0042936/
tt0042937	https://www.imdb.com/title/tt0042937/
tt0042938	https://www.imdb.com/title/tt0042938/
tt0042939	https://www.imdb.com/title/tt0042939/
tt0042941	https://www.imdb.com/title/tt0042941/
tt0042942	https://www.imdb.com/title/tt0042942/
tt0042943	https://www.imdb.com/title/tt0042943/
tt0042944	https://www.imdb.com/title/tt0042944/
tt0042945	https://www.imdb.com/title/tt0042945/
tt0042946	https://www.imdb.com/title/tt0042946/
tt0042947	https://www.imdb.com/title/tt0042947/
tt0042949	https://www.imdb.com/title/tt0042949/
tt0042950	https://www.imdb.com/title/tt0042950/
tt0042951	https://www.imdb.com/title/tt0042951/
tt0042952	https://www.imdb.com/title/tt0042952/
tt0042953	https://www.imdb.com/title/tt0042953/
tt0042955	https://www.imdb.com/title/tt0042955/
tt0042956	https://www.imdb.com/title/tt0042956/
tt0042957	https://www.imdb.com/title/tt0042957/
tt0042958	https://www.imdb.com/title/tt0042958/
tt0042959	https://www.imdb.com/title/tt0042959/
tt0042961	https://www.imdb.com/title/tt0042961/
tt0042963	https://www.imdb.com/title/tt0042963/
tt0042964	https://www.imdb.com/title/tt0042964/
tt0042966	https://www.imdb.com/title/tt0042966/
tt0042967	https://www.imdb.com/title/tt0042967/
tt0042968	https://www.imdb.com/title/tt0042968/
tt0042969	https://www.imdb.com/title/tt0042969/
tt0042970	https://www.imdb.com/title/tt0042970/
tt0042972	https://www.imdb.com/title/tt0042972/
tt0042973	https://www.imdb.com/title/tt0042973/
tt0042974	https://www.imdb.com/title/tt0042974/
tt0042976	https://www.imdb.com/title/tt0042976/
tt0042977	https://www.imdb.com/title/tt0042977/
tt0042979	https://www.imdb.com/title/tt0042979/
tt0042980	https://www.imdb.com/title/tt0042980/
tt0042982	https://www.imdb.com/title/tt0042982/
tt0042983	https://www.imdb.com/title/tt0042983/
tt0042984	https://www.imdb.com/title/tt0042984/
tt0042985	https://www.imdb.com/title/tt0042985/
tt0042986	https://www.imdb.com/title/tt0042986/
tt0042987	https://www.imdb.com/title/tt0042987/
tt0042989	https://www.imdb.com/title/tt0042989/
tt0042991	https://www.imdb.com/title/tt0042991/
tt0042992	https://www.imdb.com/title/tt0042992/
tt0042993	https://www.imdb.com/title/tt0042993/
tt0042994	https://www.imdb.com/title/tt0042994/
tt0042995	https://www.imdb.com/title/tt0042995/
tt0042998	https://www.imdb.com/title/tt0042998/
tt0042999	https://www.imdb.com/title/tt0042999/
tt0043000	https://www.imdb.com/title/tt0043000/
tt0043001	https://www.imdb.com/title/tt0043001/
tt0043003	https://www.imdb.com/title/tt0043003/
tt0043005	https://www.imdb.com/title/tt0043005/
tt0043006	https://www.imdb.com/title/tt0043006/
tt0043007	https://www.imdb.com/title/tt0043007/
tt0043009	https://www.imdb.com/title/tt0043009/
tt0043012	https://www.imdb.com/title/tt0043012/
tt0043013	https://www.imdb.com/title/tt0043013/
tt0043014	https://www.imdb.com/title/tt0043014/
tt0043015	https://www.imdb.com/title/tt0043015/
tt0043016	https://www.imdb.com/title/tt0043016/
tt0043017	https://www.imdb.com/title/tt0043017/
tt0043019	https://www.imdb.com/title/tt0043019/
tt0043021	https://www.imdb.com/title/tt0043021/
tt0043022	https://www.imdb.com/title/tt0043022/
tt0043023	https://www.imdb.com/title/tt0043023/
tt0043024	https://www.imdb.com/title/tt0043024/
tt0043025	https://www.imdb.com/title/tt0043025/
tt0043026	https://www.imdb.com/title/tt0043026/
tt0043027	https://www.imdb.com/title/tt0043027/
tt0043028	https://www.imdb.com/title/tt0043028/
tt0043029	https://www.imdb.com/title/tt0043029/
tt0043030	https://www.imdb.com/title/tt0043030/
tt0043031	https://www.imdb.com/title/tt0043031/
tt0043032	https://www.imdb.com/title/tt0043032/
tt0043033	https://www.imdb.com/title/tt0043033/
tt0043035	https://www.imdb.com/title/tt0043035/
tt0043036	https://www.imdb.com/title/tt0043036/
tt0043038	https://www.imdb.com/title/tt0043038/
tt0043039	https://www.imdb.com/title/tt0043039/
tt0043040	https://www.imdb.com/title/tt0043040/
tt0043041	https://www.imdb.com/title/tt0043041/
tt0043043	https://www.imdb.com/title/tt0043043/
tt0043044	https://www.imdb.com/title/tt0043044/
tt0043045	https://www.imdb.com/title/tt0043045/
tt0043046	https://www.imdb.com/title/tt0043046/
tt0043047	https://www.imdb.com/title/tt0043047/
tt0043048	https://www.imdb.com/title/tt0043048/
tt0043049	https://www.imdb.com/title/tt0043049/
tt0043050	https://www.imdb.com/title/tt0043050/
tt0043052	https://www.imdb.com/title/tt0043052/
tt0043053	https://www.imdb.com/title/tt0043053/
tt0043055	https://www.imdb.com/title/tt0043055/
tt0043057	https://www.imdb.com/title/tt0043057/
tt0043058	https://www.imdb.com/title/tt0043058/
tt0043059	https://www.imdb.com/title/tt0043059/
tt0043060	https://www.imdb.com/title/tt0043060/
tt0043061	https://www.imdb.com/title/tt0043061/
tt0043062	https://www.imdb.com/title/tt0043062/
tt0043064	https://www.imdb.com/title/tt0043064/
tt0043065	https://www.imdb.com/title/tt0043065/
tt0043067	https://www.imdb.com/title/tt0043067/
tt0043068	https://www.imdb.com/title/tt0043068/
tt0043069	https://www.imdb.com/title/tt0043069/
tt0043071	https://www.imdb.com/title/tt0043071/
tt0043072	https://www.imdb.com/title/tt0043072/
tt0043074	https://www.imdb.com/title/tt0043074/
tt0043075	https://www.imdb.com/title/tt0043075/
tt0043076	https://www.imdb.com/title/tt0043076/
tt0043077	https://www.imdb.com/title/tt0043077/
tt0043078	https://www.imdb.com/title/tt0043078/
tt0043079	https://www.imdb.com/title/tt0043079/
tt0043081	https://www.imdb.com/title/tt0043081/
tt0043083	https://www.imdb.com/title/tt0043083/
tt0043085	https://www.imdb.com/title/tt0043085/
tt0043087	https://www.imdb.com/title/tt0043087/
tt0043088	https://www.imdb.com/title/tt0043088/
tt0043089	https://www.imdb.com/title/tt0043089/
tt0043090	https://www.imdb.com/title/tt0043090/
tt0043091	https://www.imdb.com/title/tt0043091/
tt0043093	https://www.imdb.com/title/tt0043093/
tt0043094	https://www.imdb.com/title/tt0043094/
tt0043097	https://www.imdb.com/title/tt0043097/
tt0043098	https://www.imdb.com/title/tt0043098/
tt0043100	https://www.imdb.com/title/tt0043100/
tt0043101	https://www.imdb.com/title/tt0043101/
tt0043104	https://www.imdb.com/title/tt0043104/
tt0043105	https://www.imdb.com/title/tt0043105/
tt0043106	https://www.imdb.com/title/tt0043106/
tt0043108	https://www.imdb.com/title/tt0043108/
tt0043109	https://www.imdb.com/title/tt0043109/
tt0043110	https://www.imdb.com/title/tt0043110/
tt0043111	https://www.imdb.com/title/tt0043111/
tt0043113	https://www.imdb.com/title/tt0043113/
tt0043116	https://www.imdb.com/title/tt0043116/
tt0043117	https://www.imdb.com/title/tt0043117/
tt0043118	https://www.imdb.com/title/tt0043118/
tt0043119	https://www.imdb.com/title/tt0043119/
tt0043120	https://www.imdb.com/title/tt0043120/
tt0043121	https://www.imdb.com/title/tt0043121/
tt0043122	https://www.imdb.com/title/tt0043122/
tt0043123	https://www.imdb.com/title/tt0043123/
tt0043124	https://www.imdb.com/title/tt0043124/
tt0043125	https://www.imdb.com/title/tt0043125/
tt0043126	https://www.imdb.com/title/tt0043126/
tt0043127	https://www.imdb.com/title/tt0043127/
tt0043129	https://www.imdb.com/title/tt0043129/
tt0043130	https://www.imdb.com/title/tt0043130/
tt0043131	https://www.imdb.com/title/tt0043131/
tt0043132	https://www.imdb.com/title/tt0043132/
tt0043134	https://www.imdb.com/title/tt0043134/
tt0043137	https://www.imdb.com/title/tt0043137/
tt0043138	https://www.imdb.com/title/tt0043138/
tt0043139	https://www.imdb.com/title/tt0043139/
tt0043140	https://www.imdb.com/title/tt0043140/
tt0043141	https://www.imdb.com/title/tt0043141/
tt0043142	https://www.imdb.com/title/tt0043142/
tt0043143	https://www.imdb.com/title/tt0043143/
tt0043144	https://www.imdb.com/title/tt0043144/
tt0043147	https://www.imdb.com/title/tt0043147/
tt0043149	https://www.imdb.com/title/tt0043149/
tt0043150	https://www.imdb.com/title/tt0043150/
tt0043151	https://www.imdb.com/title/tt0043151/
tt0043153	https://www.imdb.com/title/tt0043153/
tt0043154	https://www.imdb.com/title/tt0043154/
tt0043155	https://www.imdb.com/title/tt0043155/
tt0043156	https://www.imdb.com/title/tt0043156/
tt0043157	https://www.imdb.com/title/tt0043157/
tt0043160	https://www.imdb.com/title/tt0043160/
tt0043161	https://www.imdb.com/title/tt0043161/
tt0043162	https://www.imdb.com/title/tt0043162/
tt0043163	https://www.imdb.com/title/tt0043163/
tt0043166	https://www.imdb.com/title/tt0043166/
tt0043167	https://www.imdb.com/title/tt0043167/
tt0043292	https://www.imdb.com/title/tt0043292/
tt0043302	https://www.imdb.com/title/tt0043302/
tt0043333	https://www.imdb.com/title/tt0043333/
tt0043473	https://www.imdb.com/title/tt0043473/
tt0043546	https://www.imdb.com/title/tt0043546/
tt0043571	https://www.imdb.com/title/tt0043571/
tt0043594	https://www.imdb.com/title/tt0043594/
tt0043647	https://www.imdb.com/title/tt0043647/
tt0043698	https://www.imdb.com/title/tt0043698/
tt0043700	https://www.imdb.com/title/tt0043700/
tt0043711	https://www.imdb.com/title/tt0043711/
tt0043772	https://www.imdb.com/title/tt0043772/
tt0043815	https://www.imdb.com/title/tt0043815/
tt0043819	https://www.imdb.com/title/tt0043819/
tt0043860	https://www.imdb.com/title/tt0043860/
tt0043871	https://www.imdb.com/title/tt0043871/
tt0043876	https://www.imdb.com/title/tt0043876/
tt0043930	https://www.imdb.com/title/tt0043930/
tt0043944	https://www.imdb.com/title/tt0043944/
tt0043963	https://www.imdb.com/title/tt0043963/
tt0043985	https://www.imdb.com/title/tt0043985/
tt0044013	https://www.imdb.com/title/tt0044013/
tt0044075	https://www.imdb.com/title/tt0044075/
tt0044088	https://www.imdb.com/title/tt0044088/
tt0044097	https://www.imdb.com/title/tt0044097/
tt0044575	https://www.imdb.com/title/tt0044575/
tt0044978	https://www.imdb.com/title/tt0044978/
tt0046160	https://www.imdb.com/title/tt0046160/
tt0046406	https://www.imdb.com/title/tt0046406/
tt0046447	https://www.imdb.com/title/tt0046447/
tt0052021	https://www.imdb.com/title/tt0052021/
tt0052615	https://www.imdb.com/title/tt0052615/
tt0052763	https://www.imdb.com/title/tt0052763/
tt0121426	https://www.imdb.com/title/tt0121426/
tt0121723	https://www.imdb.com/title/tt0121723/
tt0121920	https://www.imdb.com/title/tt0121920/
tt0122081	https://www.imdb.com/title/tt0122081/
tt0122465	https://www.imdb.com/title/tt0122465/
tt0123016	https://www.imdb.com/title/tt0123016/
tt0123066	https://www.imdb.com/title/tt0123066/
tt0123252	https://www.imdb.com/title/tt0123252/
tt0123372	https://www.imdb.com/title/tt0123372/
tt0124201	https://www.imdb.com/title/tt0124201/
tt0124793	https://www.imdb.com/title/tt0124793/
tt0125502	https://www.imdb.com/title/tt0125502/
tt0125891	https://www.imdb.com/title/tt0125891/
tt0126355	https://www.imdb.com/title/tt0126355/
tt0126685	https://www.imdb.com/title/tt0126685/
tt0127017	https://www.imdb.com/title/tt0127017/
tt0127031	https://www.imdb.com/title/tt0127031/
tt0127060	https://www.imdb.com/title/tt0127060/
tt0127163	https://www.imdb.com/title/tt0127163/
tt0128243	https://www.imdb.com/title/tt0128243/
tt0128962	https://www.imdb.com/title/tt0128962/
tt0129118	https://www.imdb.com/title/tt0129118/
tt0130738	https://www.imdb.com/title/tt0130738/
tt0131602	https://www.imdb.com/title/tt0131602/
tt0131707	https://www.imdb.com/title/tt0131707/
tt0131712	https://www.imdb.com/title/tt0131712/
tt0131721	https://www.imdb.com/title/tt0131721/
tt0131777	https://www.imdb.com/title/tt0131777/
tt0131793	https://www.imdb.com/title/tt0131793/
tt0131794	https://www.imdb.com/title/tt0131794/
tt0131806	https://www.imdb.com/title/tt0131806/
tt0131847	https://www.imdb.com/title/tt0131847/
tt0131936	https://www.imdb.com/title/tt0131936/
tt0131965	https://www.imdb.com/title/tt0131965/
tt0131984	https://www.imdb.com/title/tt0131984/
tt0131996	https://www.imdb.com/title/tt0131996/
tt0132004	https://www.imdb.com/title/tt0132004/
tt0132007	https://www.imdb.com/title/tt0132007/
tt0132013	https://www.imdb.com/title/tt0132013/
tt0132030	https://www.imdb.com/title/tt0132030/
tt0132043	https://www.imdb.com/title/tt0132043/
tt0132044	https://www.imdb.com/title/tt0132044/
tt0132150	https://www.imdb.com/title/tt0132150/
tt0132173	https://www.imdb.com/title/tt0132173/
tt0132185	https://www.imdb.com/title/tt0132185/
tt0132249	https://www.imdb.com/title/tt0132249/
tt0132280	https://www.imdb.com/title/tt0132280/
tt0132281	https://www.imdb.com/title/tt0132281/
tt0132303	https://www.imdb.com/title/tt0132303/
tt0132313	https://www.imdb.com/title/tt0132313/
tt0132314	https://www.imdb.com/title/tt0132314/
tt0132327	https://www.imdb.com/title/tt0132327/
tt0132331	https://www.imdb.com/title/tt0132331/
tt0132335	https://www.imdb.com/title/tt0132335/
tt0132336	https://www.imdb.com/title/tt0132336/
tt0132338	https://www.imdb.com/title/tt0132338/
tt0132369	https://www.imdb.com/title/tt0132369/
tt0132439	https://www.imdb.com/title/tt0132439/
tt0132455	https://www.imdb.com/title/tt0132455/
tt0132470	https://www.imdb.com/title/tt0132470/
tt0132472	https://www.imdb.com/title/tt0132472/
tt0132475	https://www.imdb.com/title/tt0132475/
tt0132529	https://www.imdb.com/title/tt0132529/
tt0132545	https://www.imdb.com/title/tt0132545/
tt0132552	https://www.imdb.com/title/tt0132552/
tt0132576	https://www.imdb.com/title/tt0132576/
tt0132586	https://www.imdb.com/title/tt0132586/
tt0132602	https://www.imdb.com/title/tt0132602/
tt0132605	https://www.imdb.com/title/tt0132605/
tt0133044	https://www.imdb.com/title/tt0133044/
tt0133081	https://www.imdb.com/title/tt0133081/
tt0133172	https://www.imdb.com/title/tt0133172/
tt0133392	https://www.imdb.com/title/tt0133392/
tt0134020	https://www.imdb.com/title/tt0134020/
tt0134284	https://www.imdb.com/title/tt0134284/
tt0134701	https://www.imdb.com/title/tt0134701/
tt0134803	https://www.imdb.com/title/tt0134803/
tt0134850	https://www.imdb.com/title/tt0134850/
tt0134851	https://www.imdb.com/title/tt0134851/
tt0135434	https://www.imdb.com/title/tt0135434/
tt0135559	https://www.imdb.com/title/tt0135559/
tt0136186	https://www.imdb.com/title/tt0136186/
tt0136285	https://www.imdb.com/title/tt0136285/
tt0136459	https://www.imdb.com/title/tt0136459/
tt0136500	https://www.imdb.com/title/tt0136500/
tt0136823	https://www.imdb.com/title/tt0136823/
tt0137031	https://www.imdb.com/title/tt0137031/
tt0137836	https://www.imdb.com/title/tt0137836/
tt0137948	https://www.imdb.com/title/tt0137948/
tt0138148	https://www.imdb.com/title/tt0138148/
tt0138731	https://www.imdb.com/title/tt0138731/
tt0138857	https://www.imdb.com/title/tt0138857/
tt0139062	https://www.imdb.com/title/tt0139062/
tt0139306	https://www.imdb.com/title/tt0139306/
tt0139445	https://www.imdb.com/title/tt0139445/
tt0139558	https://www.imdb.com/title/tt0139558/
tt0139611	https://www.imdb.com/title/tt0139611/
tt0139823	https://www.imdb.com/title/tt0139823/
tt0140070	https://www.imdb.com/title/tt0140070/
tt0140362	https://www.imdb.com/title/tt0140362/
tt0140679	https://www.imdb.com/title/tt0140679/
tt0141441	https://www.imdb.com/title/tt0141441/
tt0141807	https://www.imdb.com/title/tt0141807/
tt0142782	https://www.imdb.com/title/tt0142782/
tt0142802	https://www.imdb.com/title/tt0142802/
tt0142970	https://www.imdb.com/title/tt0142970/
tt0143097	https://www.imdb.com/title/tt0143097/
tt0143144	https://www.imdb.com/title/tt0143144/
tt0143178	https://www.imdb.com/title/tt0143178/
tt0143775	https://www.imdb.com/title/tt0143775/
tt0143782	https://www.imdb.com/title/tt0143782/
tt0143894	https://www.imdb.com/title/tt0143894/
tt0143976	https://www.imdb.com/title/tt0143976/
tt0144697	https://www.imdb.com/title/tt0144697/
tt0144995	https://www.imdb.com/title/tt0144995/
tt0145853	https://www.imdb.com/title/tt0145853/
tt0145888	https://www.imdb.com/title/tt0145888/
tt0146006	https://www.imdb.com/title/tt0146006/
tt0146784	https://www.imdb.com/title/tt0146784/
tt0147250	https://www.imdb.com/title/tt0147250/
tt0147666	https://www.imdb.com/title/tt0147666/
tt0149665	https://www.imdb.com/title/tt0149665/
tt0149678	https://www.imdb.com/title/tt0149678/
tt0149741	https://www.imdb.com/title/tt0149741/
tt0149783	https://www.imdb.com/title/tt0149783/
tt0151283	https://www.imdb.com/title/tt0151283/
tt0151287	https://www.imdb.com/title/tt0151287/
tt0151423	https://www.imdb.com/title/tt0151423/
tt0151548	https://www.imdb.com/title/tt0151548/
tt0153129	https://www.imdb.com/title/tt0153129/
tt0153323	https://www.imdb.com/title/tt0153323/
tt0153625	https://www.imdb.com/title/tt0153625/
tt0154372	https://www.imdb.com/title/tt0154372/
tt0154862	https://www.imdb.com/title/tt0154862/
tt0155109	https://www.imdb.com/title/tt0155109/
tt0155167	https://www.imdb.com/title/tt0155167/
tt0155173	https://www.imdb.com/title/tt0155173/
tt0155217	https://www.imdb.com/title/tt0155217/
tt0155226	https://www.imdb.com/title/tt0155226/
tt0155515	https://www.imdb.com/title/tt0155515/
tt0155534	https://www.imdb.com/title/tt0155534/
tt0155550	https://www.imdb.com/title/tt0155550/
tt0155626	https://www.imdb.com/title/tt0155626/
tt0155631	https://www.imdb.com/title/tt0155631/
tt0155654	https://www.imdb.com/title/tt0155654/
tt0155779	https://www.imdb.com/title/tt0155779/
tt0155816	https://www.imdb.com/title/tt0155816/
tt0156415	https://www.imdb.com/title/tt0156415/
tt0156482	https://www.imdb.com/title/tt0156482/
tt0156633	https://www.imdb.com/title/tt0156633/
tt0156795	https://www.imdb.com/title/tt0156795/
tt0156912	https://www.imdb.com/title/tt0156912/
tt0156988	https://www.imdb.com/title/tt0156988/
tt0157060	https://www.imdb.com/title/tt0157060/
tt0157150	https://www.imdb.com/title/tt0157150/
tt0157600	https://www.imdb.com/title/tt0157600/
tt0157627	https://www.imdb.com/title/tt0157627/
tt0157685	https://www.imdb.com/title/tt0157685/
tt0157689	https://www.imdb.com/title/tt0157689/
tt0157763	https://www.imdb.com/title/tt0157763/
tt0157764	https://www.imdb.com/title/tt0157764/
tt0157791	https://www.imdb.com/title/tt0157791/
tt0157831	https://www.imdb.com/title/tt0157831/
tt0157950	https://www.imdb.com/title/tt0157950/
tt0158245	https://www.imdb.com/title/tt0158245/
tt0158479	https://www.imdb.com/title/tt0158479/
tt0158482	https://www.imdb.com/title/tt0158482/
tt0158797	https://www.imdb.com/title/tt0158797/
tt0158815	https://www.imdb.com/title/tt0158815/
tt0158968	https://www.imdb.com/title/tt0158968/
tt0159028	https://www.imdb.com/title/tt0159028/
tt0159324	https://www.imdb.com/title/tt0159324/
tt0159588	https://www.imdb.com/title/tt0159588/
tt0159632	https://www.imdb.com/title/tt0159632/
tt0159647	https://www.imdb.com/title/tt0159647/
tt0159666	https://www.imdb.com/title/tt0159666/
tt0160336	https://www.imdb.com/title/tt0160336/
tt0160920	https://www.imdb.com/title/tt0160920/
tt0160962	https://www.imdb.com/title/tt0160962/
tt0161045	https://www.imdb.com/title/tt0161045/
tt0161416	https://www.imdb.com/title/tt0161416/
tt0164454	https://www.imdb.com/title/tt0164454/
tt0166742	https://www.imdb.com/title/tt0166742/
tt0167779	https://www.imdb.com/title/tt0167779/
tt0168712	https://www.imdb.com/title/tt0168712/
tt0169118	https://www.imdb.com/title/tt0169118/
tt0169729	https://www.imdb.com/title/tt0169729/
tt0169888	https://www.imdb.com/title/tt0169888/
tt0169889	https://www.imdb.com/title/tt0169889/
tt0170125	https://www.imdb.com/title/tt0170125/
tt0170245	https://www.imdb.com/title/tt0170245/
tt0170488	https://www.imdb.com/title/tt0170488/
tt0170768	https://www.imdb.com/title/tt0170768/
tt0171306	https://www.imdb.com/title/tt0171306/
tt0171534	https://www.imdb.com/title/tt0171534/
tt0171565	https://www.imdb.com/title/tt0171565/
tt0171579	https://www.imdb.com/title/tt0171579/
tt0172481	https://www.imdb.com/title/tt0172481/
tt0172782	https://www.imdb.com/title/tt0172782/
tt0172845	https://www.imdb.com/title/tt0172845/
tt0174033	https://www.imdb.com/title/tt0174033/
tt0174080	https://www.imdb.com/title/tt0174080/
tt0175062	https://www.imdb.com/title/tt0175062/
tt0175148	https://www.imdb.com/title/tt0175148/
tt0175577	https://www.imdb.com/title/tt0175577/
tt0175603	https://www.imdb.com/title/tt0175603/
tt0175848	https://www.imdb.com/title/tt0175848/
tt0175999	https://www.imdb.com/title/tt0175999/
tt0176021	https://www.imdb.com/title/tt0176021/
tt0176035	https://www.imdb.com/title/tt0176035/
tt0176640	https://www.imdb.com/title/tt0176640/
tt0176642	https://www.imdb.com/title/tt0176642/
tt0176712	https://www.imdb.com/title/tt0176712/
tt0176800	https://www.imdb.com/title/tt0176800/
tt0177209	https://www.imdb.com/title/tt0177209/
tt0177218	https://www.imdb.com/title/tt0177218/
tt0177258	https://www.imdb.com/title/tt0177258/
tt0177482	https://www.imdb.com/title/tt0177482/
tt0177491	https://www.imdb.com/title/tt0177491/
tt0177766	https://www.imdb.com/title/tt0177766/
tt0177812	https://www.imdb.com/title/tt0177812/
tt0177817	https://www.imdb.com/title/tt0177817/
tt0177825	https://www.imdb.com/title/tt0177825/
tt0178005	https://www.imdb.com/title/tt0178005/
tt0178343	https://www.imdb.com/title/tt0178343/
tt0178348	https://www.imdb.com/title/tt0178348/
tt0178358	https://www.imdb.com/title/tt0178358/
tt0178372	https://www.imdb.com/title/tt0178372/
tt0178412	https://www.imdb.com/title/tt0178412/
tt0178462	https://www.imdb.com/title/tt0178462/
tt0178572	https://www.imdb.com/title/tt0178572/
tt0178757	https://www.imdb.com/title/tt0178757/
tt0178870	https://www.imdb.com/title/tt0178870/
tt0178884	https://www.imdb.com/title/tt0178884/
tt0178890	https://www.imdb.com/title/tt0178890/
tt0178959	https://www.imdb.com/title/tt0178959/
tt0179408	https://www.imdb.com/title/tt0179408/
tt0179658	https://www.imdb.com/title/tt0179658/
tt0179737	https://www.imdb.com/title/tt0179737/
tt0179810	https://www.imdb.com/title/tt0179810/
tt0179973	https://www.imdb.com/title/tt0179973/
tt0180160	https://www.imdb.com/title/tt0180160/
tt0180165	https://www.imdb.com/title/tt0180165/
tt0180323	https://www.imdb.com/title/tt0180323/
tt0180324	https://www.imdb.com/title/tt0180324/
tt0180584	https://www.imdb.com/title/tt0180584/
tt0180627	https://www.imdb.com/title/tt0180627/
tt0180771	https://www.imdb.com/title/tt0180771/
tt0180852	https://www.imdb.com/title/tt0180852/
tt0181699	https://www.imdb.com/title/tt0181699/
tt0182046	https://www.imdb.com/title/tt0182046/
tt0182267	https://www.imdb.com/title/tt0182267/
tt0182346	https://www.imdb.com/title/tt0182346/
tt0182685	https://www.imdb.com/title/tt0182685/
tt0183151	https://www.imdb.com/title/tt0183151/
tt0183398	https://www.imdb.com/title/tt0183398/
tt0183609	https://www.imdb.com/title/tt0183609/
tt0183684	https://www.imdb.com/title/tt0183684/
tt0184322	https://www.imdb.com/title/tt0184322/
tt0184393	https://www.imdb.com/title/tt0184393/
tt0185214	https://www.imdb.com/title/tt0185214/
tt0186054	https://www.imdb.com/title/tt0186054/
tt0186139	https://www.imdb.com/title/tt0186139/
tt0186141	https://www.imdb.com/title/tt0186141/
tt0186142	https://www.imdb.com/title/tt0186142/
tt0186828	https://www.imdb.com/title/tt0186828/
tt0186842	https://www.imdb.com/title/tt0186842/
tt0187017	https://www.imdb.com/title/tt0187017/
tt0187460	https://www.imdb.com/title/tt0187460/
tt0187518	https://www.imdb.com/title/tt0187518/
tt0187685	https://www.imdb.com/title/tt0187685/
tt0187836	https://www.imdb.com/title/tt0187836/
tt0187865	https://www.imdb.com/title/tt0187865/
tt0187876	https://www.imdb.com/title/tt0187876/
tt0187914	https://www.imdb.com/title/tt0187914/
tt0187924	https://www.imdb.com/title/tt0187924/
tt0187978	https://www.imdb.com/title/tt0187978/
tt0188973	https://www.imdb.com/title/tt0188973/
tt0189163	https://www.imdb.com/title/tt0189163/
tt0189234	https://www.imdb.com/title/tt0189234/
tt0189591	https://www.imdb.com/title/tt0189591/
tt0191027	https://www.imdb.com/title/tt0191027/
tt0191064	https://www.imdb.com/title/tt0191064/
tt0191120	https://www.imdb.com/title/tt0191120/
tt0191202	https://www.imdb.com/title/tt0191202/
tt0191599	https://www.imdb.com/title/tt0191599/
tt0191952	https://www.imdb.com/title/tt0191952/
tt0192106	https://www.imdb.com/title/tt0192106/
tt0192124	https://www.imdb.com/title/tt0192124/
tt0192183	https://www.imdb.com/title/tt0192183/
tt0192351	https://www.imdb.com/title/tt0192351/
tt0192493	https://www.imdb.com/title/tt0192493/
tt0192523	https://www.imdb.com/title/tt0192523/
tt0192555	https://www.imdb.com/title/tt0192555/
tt0192675	https://www.imdb.com/title/tt0192675/
tt0192689	https://www.imdb.com/title/tt0192689/
tt0192964	https://www.imdb.com/title/tt0192964/
tt0193143	https://www.imdb.com/title/tt0193143/
tt0193231	https://www.imdb.com/title/tt0193231/
tt0193290	https://www.imdb.com/title/tt0193290/
tt0193566	https://www.imdb.com/title/tt0193566/
tt0193633	https://www.imdb.com/title/tt0193633/
tt0193700	https://www.imdb.com/title/tt0193700/
tt0193709	https://www.imdb.com/title/tt0193709/
tt0193713	https://www.imdb.com/title/tt0193713/
tt0193717	https://www.imdb.com/title/tt0193717/
tt0193965	https://www.imdb.com/title/tt0193965/
tt0194023	https://www.imdb.com/title/tt0194023/
tt0194190	https://www.imdb.com/title/tt0194190/
tt0194200	https://www.imdb.com/title/tt0194200/
tt0194583	https://www.imdb.com/title/tt0194583/
tt0194584	https://www.imdb.com/title/tt0194584/
tt0194732	https://www.imdb.com/title/tt0194732/
tt0194818	https://www.imdb.com/title/tt0194818/
tt0194903	https://www.imdb.com/title/tt0194903/
tt0195055	https://www.imdb.com/title/tt0195055/
tt0195071	https://www.imdb.com/title/tt0195071/
tt0196308	https://www.imdb.com/title/tt0196308/
tt0196527	https://www.imdb.com/title/tt0196527/
tt0197255	https://www.imdb.com/title/tt0197255/
tt0197331	https://www.imdb.com/title/tt0197331/
tt0197600	https://www.imdb.com/title/tt0197600/
tt0197612	https://www.imdb.com/title/tt0197612/
tt0197622	https://www.imdb.com/title/tt0197622/
tt0197652	https://www.imdb.com/title/tt0197652/
tt0197735	https://www.imdb.com/title/tt0197735/
tt0197758	https://www.imdb.com/title/tt0197758/
tt0197834	https://www.imdb.com/title/tt0197834/
tt0197995	https://www.imdb.com/title/tt0197995/
tt0198332	https://www.imdb.com/title/tt0198332/
tt0198419	https://www.imdb.com/title/tt0198419/
tt0198575	https://www.imdb.com/title/tt0198575/
tt0198849	https://www.imdb.com/title/tt0198849/
tt0198894	https://www.imdb.com/title/tt0198894/
tt0198898	https://www.imdb.com/title/tt0198898/
tt0199018	https://www.imdb.com/title/tt0199018/
tt0199332	https://www.imdb.com/title/tt0199332/
tt0199397	https://www.imdb.com/title/tt0199397/
tt0199430	https://www.imdb.com/title/tt0199430/
tt0199436	https://www.imdb.com/title/tt0199436/
tt0199500	https://www.imdb.com/title/tt0199500/
tt0199740	https://www.imdb.com/title/tt0199740/
tt0200086	https://www.imdb.com/title/tt0200086/
tt0200127	https://www.imdb.com/title/tt0200127/
tt0200154	https://www.imdb.com/title/tt0200154/
tt0200437	https://www.imdb.com/title/tt0200437/
tt0200443	https://www.imdb.com/title/tt0200443/
tt0200467	https://www.imdb.com/title/tt0200467/
tt0200812	https://www.imdb.com/title/tt0200812/
tt0201348	https://www.imdb.com/title/tt0201348/
tt0201548	https://www.imdb.com/title/tt0201548/
tt0201886	https://www.imdb.com/title/tt0201886/
tt0202040	https://www.imdb.com/title/tt0202040/
tt0202058	https://www.imdb.com/title/tt0202058/
tt0202083	https://www.imdb.com/title/tt0202083/
tt0202633	https://www.imdb.com/title/tt0202633/
tt0203135	https://www.imdb.com/title/tt0203135/
tt0204469	https://www.imdb.com/title/tt0204469/
tt0204678	https://www.imdb.com/title/tt0204678/
tt0204966	https://www.imdb.com/title/tt0204966/
tt0204967	https://www.imdb.com/title/tt0204967/
tt0205017	https://www.imdb.com/title/tt0205017/
tt0205587	https://www.imdb.com/title/tt0205587/
tt0205591	https://www.imdb.com/title/tt0205591/
tt0205804	https://www.imdb.com/title/tt0205804/
tt0205816	https://www.imdb.com/title/tt0205816/
tt0205844	https://www.imdb.com/title/tt0205844/
tt0205852	https://www.imdb.com/title/tt0205852/
tt0205881	https://www.imdb.com/title/tt0205881/
tt0205911	https://www.imdb.com/title/tt0205911/
tt0205922	https://www.imdb.com/title/tt0205922/
tt0205993	https://www.imdb.com/title/tt0205993/
tt0206006	https://www.imdb.com/title/tt0206006/
tt0206028	https://www.imdb.com/title/tt0206028/
tt0206044	https://www.imdb.com/title/tt0206044/
tt0206057	https://www.imdb.com/title/tt0206057/
tt0206092	https://www.imdb.com/title/tt0206092/
tt0206171	https://www.imdb.com/title/tt0206171/
tt0206293	https://www.imdb.com/title/tt0206293/
tt0206402	https://www.imdb.com/title/tt0206402/
tt0206424	https://www.imdb.com/title/tt0206424/
tt0206447	https://www.imdb.com/title/tt0206447/
tt0206458	https://www.imdb.com/title/tt0206458/
tt0207000	https://www.imdb.com/title/tt0207000/
tt0208719	https://www.imdb.com/title/tt0208719/
tt0208917	https://www.imdb.com/title/tt0208917/
tt0208970	https://www.imdb.com/title/tt0208970/
tt0209931	https://www.imdb.com/title/tt0209931/
tt0210040	https://www.imdb.com/title/tt0210040/
tt0210933	https://www.imdb.com/title/tt0210933/
tt0211912	https://www.imdb.com/title/tt0211912/
tt0211922	https://www.imdb.com/title/tt0211922/
tt0211943	https://www.imdb.com/title/tt0211943/
tt0211945	https://www.imdb.com/title/tt0211945/
tt0212106	https://www.imdb.com/title/tt0212106/
tt0212175	https://www.imdb.com/title/tt0212175/
tt0212180	https://www.imdb.com/title/tt0212180/
tt0212231	https://www.imdb.com/title/tt0212231/
tt0212263	https://www.imdb.com/title/tt0212263/
tt0212288	https://www.imdb.com/title/tt0212288/
tt0212296	https://www.imdb.com/title/tt0212296/
tt0212506	https://www.imdb.com/title/tt0212506/
tt0212594	https://www.imdb.com/title/tt0212594/
tt0212634	https://www.imdb.com/title/tt0212634/
tt0212801	https://www.imdb.com/title/tt0212801/
tt0213081	https://www.imdb.com/title/tt0213081/
tt0213137	https://www.imdb.com/title/tt0213137/
tt0213435	https://www.imdb.com/title/tt0213435/
tt0213480	https://www.imdb.com/title/tt0213480/
tt0213705	https://www.imdb.com/title/tt0213705/
tt0213737	https://www.imdb.com/title/tt0213737/
tt0213772	https://www.imdb.com/title/tt0213772/
tt0214043	https://www.imdb.com/title/tt0214043/
tt0214110	https://www.imdb.com/title/tt0214110/
tt0214249	https://www.imdb.com/title/tt0214249/
tt0214273	https://www.imdb.com/title/tt0214273/
tt0214404	https://www.imdb.com/title/tt0214404/
tt0214607	https://www.imdb.com/title/tt0214607/
tt0214625	https://www.imdb.com/title/tt0214625/
tt0214818	https://www.imdb.com/title/tt0214818/
tt0214919	https://www.imdb.com/title/tt0214919/
tt0215224	https://www.imdb.com/title/tt0215224/
tt0215306	https://www.imdb.com/title/tt0215306/
tt0215334	https://www.imdb.com/title/tt0215334/
tt0215488	https://www.imdb.com/title/tt0215488/
tt0215800	https://www.imdb.com/title/tt0215800/
tt0215922	https://www.imdb.com/title/tt0215922/
tt0215923	https://www.imdb.com/title/tt0215923/
tt0216848	https://www.imdb.com/title/tt0216848/
tt0218339	https://www.imdb.com/title/tt0218339/
tt0219635	https://www.imdb.com/title/tt0219635/
tt0220640	https://www.imdb.com/title/tt0220640/
tt0220972	https://www.imdb.com/title/tt0220972/
tt0221226	https://www.imdb.com/title/tt0221226/
tt0221625	https://www.imdb.com/title/tt0221625/
tt0221992	https://www.imdb.com/title/tt0221992/
tt0223083	https://www.imdb.com/title/tt0223083/
tt0223224	https://www.imdb.com/title/tt0223224/
tt0224351	https://www.imdb.com/title/tt0224351/
tt0224742	https://www.imdb.com/title/tt0224742/
tt0225397	https://www.imdb.com/title/tt0225397/
tt0225708	https://www.imdb.com/title/tt0225708/
tt0227428	https://www.imdb.com/title/tt0227428/
tt0228484	https://www.imdb.com/title/tt0228484/
tt0229652	https://www.imdb.com/title/tt0229652/
tt0230040	https://www.imdb.com/title/tt0230040/
tt0230274	https://www.imdb.com/title/tt0230274/
tt0230503	https://www.imdb.com/title/tt0230503/
tt0230735	https://www.imdb.com/title/tt0230735/
tt0230738	https://www.imdb.com/title/tt0230738/
tt0230889	https://www.imdb.com/title/tt0230889/
tt0231354	https://www.imdb.com/title/tt0231354/
tt0231463	https://www.imdb.com/title/tt0231463/
tt0231860	https://www.imdb.com/title/tt0231860/
tt0232077	https://www.imdb.com/title/tt0232077/
tt0232669	https://www.imdb.com/title/tt0232669/
tt0232894	https://www.imdb.com/title/tt0232894/
tt0233711	https://www.imdb.com/title/tt0233711/
tt0233763	https://www.imdb.com/title/tt0233763/
tt0233777	https://www.imdb.com/title/tt0233777/
tt0234028	https://www.imdb.com/title/tt0234028/
tt0235774	https://www.imdb.com/title/tt0235774/
tt0236355	https://www.imdb.com/title/tt0236355/
tt0236583	https://www.imdb.com/title/tt0236583/
tt0236713	https://www.imdb.com/title/tt0236713/
tt0236778	https://www.imdb.com/title/tt0236778/
tt0236864	https://www.imdb.com/title/tt0236864/
tt0237162	https://www.imdb.com/title/tt0237162/
tt0237807	https://www.imdb.com/title/tt0237807/
tt0238052	https://www.imdb.com/title/tt0238052/
tt0238347	https://www.imdb.com/title/tt0238347/
tt0238349	https://www.imdb.com/title/tt0238349/
tt0238392	https://www.imdb.com/title/tt0238392/
tt0238737	https://www.imdb.com/title/tt0238737/
tt0239628	https://www.imdb.com/title/tt0239628/
tt0240631	https://www.imdb.com/title/tt0240631/
tt0240857	https://www.imdb.com/title/tt0240857/
tt0242122	https://www.imdb.com/title/tt0242122/
tt0242265	https://www.imdb.com/title/tt0242265/
tt0242431	https://www.imdb.com/title/tt0242431/
tt0242573	https://www.imdb.com/title/tt0242573/
tt0242703	https://www.imdb.com/title/tt0242703/
tt0242784	https://www.imdb.com/title/tt0242784/
tt0243120	https://www.imdb.com/title/tt0243120/
tt0243354	https://www.imdb.com/title/tt0243354/
tt0243555	https://www.imdb.com/title/tt0243555/
tt0244027	https://www.imdb.com/title/tt0244027/
tt0244082	https://www.imdb.com/title/tt0244082/
tt0244182	https://www.imdb.com/title/tt0244182/
tt0244211	https://www.imdb.com/title/tt0244211/
tt0244374	https://www.imdb.com/title/tt0244374/
tt0244499	https://www.imdb.com/title/tt0244499/
tt0244774	https://www.imdb.com/title/tt0244774/
tt0244775	https://www.imdb.com/title/tt0244775/
tt0244940	https://www.imdb.com/title/tt0244940/
tt0245919	https://www.imdb.com/title/tt0245919/
tt0246034	https://www.imdb.com/title/tt0246034/
tt0246084	https://www.imdb.com/title/tt0246084/
tt0246605	https://www.imdb.com/title/tt0246605/
tt0246888	https://www.imdb.com/title/tt0246888/
tt0247560	https://www.imdb.com/title/tt0247560/
tt0247581	https://www.imdb.com/title/tt0247581/
tt0247670	https://www.imdb.com/title/tt0247670/
tt0247799	https://www.imdb.com/title/tt0247799/
tt0247873	https://www.imdb.com/title/tt0247873/
tt0247884	https://www.imdb.com/title/tt0247884/
tt0248294	https://www.imdb.com/title/tt0248294/
tt0248710	https://www.imdb.com/title/tt0248710/
tt0248844	https://www.imdb.com/title/tt0248844/
tt0249549	https://www.imdb.com/title/tt0249549/
tt0250444	https://www.imdb.com/title/tt0250444/
tt0250669	https://www.imdb.com/title/tt0250669/
tt0250676	https://www.imdb.com/title/tt0250676/
tt0250795	https://www.imdb.com/title/tt0250795/
tt0251011	https://www.imdb.com/title/tt0251011/
tt0251016	https://www.imdb.com/title/tt0251016/
tt0251187	https://www.imdb.com/title/tt0251187/
tt0251280	https://www.imdb.com/title/tt0251280/
tt0251287	https://www.imdb.com/title/tt0251287/
tt0251351	https://www.imdb.com/title/tt0251351/
tt0251383	https://www.imdb.com/title/tt0251383/
tt0251414	https://www.imdb.com/title/tt0251414/
tt0251962	https://www.imdb.com/title/tt0251962/
tt0251996	https://www.imdb.com/title/tt0251996/
tt0252522	https://www.imdb.com/title/tt0252522/
tt0252699	https://www.imdb.com/title/tt0252699/
tt0252742	https://www.imdb.com/title/tt0252742/
tt0252861	https://www.imdb.com/title/tt0252861/
tt0252869	https://www.imdb.com/title/tt0252869/
tt0253346	https://www.imdb.com/title/tt0253346/
tt0253445	https://www.imdb.com/title/tt0253445/
tt0253608	https://www.imdb.com/title/tt0253608/
tt0253610	https://www.imdb.com/title/tt0253610/
tt0253676	https://www.imdb.com/title/tt0253676/
tt0253682	https://www.imdb.com/title/tt0253682/
tt0254085	https://www.imdb.com/title/tt0254085/
tt0254200	https://www.imdb.com/title/tt0254200/
tt0254243	https://www.imdb.com/title/tt0254243/
tt0254579	https://www.imdb.com/title/tt0254579/
tt0254772	https://www.imdb.com/title/tt0254772/
tt0254827	https://www.imdb.com/title/tt0254827/
tt0254965	https://www.imdb.com/title/tt0254965/
tt0255567	https://www.imdb.com/title/tt0255567/
tt0255776	https://www.imdb.com/title/tt0255776/
tt0255910	https://www.imdb.com/title/tt0255910/
tt0255915	https://www.imdb.com/title/tt0255915/
tt0256038	https://www.imdb.com/title/tt0256038/
tt0256042	https://www.imdb.com/title/tt0256042/
tt0256050	https://www.imdb.com/title/tt0256050/
tt0256058	https://www.imdb.com/title/tt0256058/
tt0256061	https://www.imdb.com/title/tt0256061/
tt0256164	https://www.imdb.com/title/tt0256164/
tt0256172	https://www.imdb.com/title/tt0256172/
tt0256186	https://www.imdb.com/title/tt0256186/
tt0256211	https://www.imdb.com/title/tt0256211/
tt0256230	https://www.imdb.com/title/tt0256230/
tt0256257	https://www.imdb.com/title/tt0256257/
tt0256376	https://www.imdb.com/title/tt0256376/
tt0256439	https://www.imdb.com/title/tt0256439/
tt0256465	https://www.imdb.com/title/tt0256465/
tt0256485	https://www.imdb.com/title/tt0256485/
tt0256514	https://www.imdb.com/title/tt0256514/
tt0256529	https://www.imdb.com/title/tt0256529/
tt0256530	https://www.imdb.com/title/tt0256530/
tt0259430	https://www.imdb.com/title/tt0259430/
tt0259555	https://www.imdb.com/title/tt0259555/
tt0259556	https://www.imdb.com/title/tt0259556/
tt0259700	https://www.imdb.com/title/tt0259700/
tt0259881	https://www.imdb.com/title/tt0259881/
tt0259917	https://www.imdb.com/title/tt0259917/
tt0260015	https://www.imdb.com/title/tt0260015/
tt0260685	https://www.imdb.com/title/tt0260685/
tt0261382	https://www.imdb.com/title/tt0261382/
tt0261398	https://www.imdb.com/title/tt0261398/
tt0261705	https://www.imdb.com/title/tt0261705/
tt0261807	https://www.imdb.com/title/tt0261807/
tt0261864	https://www.imdb.com/title/tt0261864/
tt0261871	https://www.imdb.com/title/tt0261871/
tt0262225	https://www.imdb.com/title/tt0262225/
tt0262227	https://www.imdb.com/title/tt0262227/
tt0262248	https://www.imdb.com/title/tt0262248/
tt0262337	https://www.imdb.com/title/tt0262337/
tt0262363	https://www.imdb.com/title/tt0262363/
tt0262382	https://www.imdb.com/title/tt0262382/
tt0262388	https://www.imdb.com/title/tt0262388/
tt0262596	https://www.imdb.com/title/tt0262596/
tt0262597	https://www.imdb.com/title/tt0262597/
tt0262678	https://www.imdb.com/title/tt0262678/
tt0262705	https://www.imdb.com/title/tt0262705/
tt0262756	https://www.imdb.com/title/tt0262756/
tt0262766	https://www.imdb.com/title/tt0262766/
tt0262805	https://www.imdb.com/title/tt0262805/
tt0262865	https://www.imdb.com/title/tt0262865/
tt0264746	https://www.imdb.com/title/tt0264746/
tt0264786	https://www.imdb.com/title/tt0264786/
tt0267266	https://www.imdb.com/title/tt0267266/
tt0267527	https://www.imdb.com/title/tt0267527/
tt0267620	https://www.imdb.com/title/tt0267620/
tt0267755	https://www.imdb.com/title/tt0267755/
tt0267821	https://www.imdb.com/title/tt0267821/
tt0267900	https://www.imdb.com/title/tt0267900/
tt0267988	https://www.imdb.com/title/tt0267988/
tt0268614	https://www.imdb.com/title/tt0268614/
tt0268937	https://www.imdb.com/title/tt0268937/
tt0268949	https://www.imdb.com/title/tt0268949/
tt0269108	https://www.imdb.com/title/tt0269108/
tt0269240	https://www.imdb.com/title/tt0269240/
tt0269300	https://www.imdb.com/title/tt0269300/
tt0269826	https://www.imdb.com/title/tt0269826/
tt0270048	https://www.imdb.com/title/tt0270048/
tt0270050	https://www.imdb.com/title/tt0270050/
tt0270107	https://www.imdb.com/title/tt0270107/
tt0270225	https://www.imdb.com/title/tt0270225/
tt0270284	https://www.imdb.com/title/tt0270284/
tt0270350	https://www.imdb.com/title/tt0270350/
tt0270541	https://www.imdb.com/title/tt0270541/
tt0270544	https://www.imdb.com/title/tt0270544/
tt0270579	https://www.imdb.com/title/tt0270579/
tt0271190	https://www.imdb.com/title/tt0271190/
tt0273261	https://www.imdb.com/title/tt0273261/
tt0273694	https://www.imdb.com/title/tt0273694/
tt0274937	https://www.imdb.com/title/tt0274937/
tt0275179	https://www.imdb.com/title/tt0275179/
tt0276574	https://www.imdb.com/title/tt0276574/
tt0278278	https://www.imdb.com/title/tt0278278/
tt0278998	https://www.imdb.com/title/tt0278998/
tt0279312	https://www.imdb.com/title/tt0279312/
tt0279426	https://www.imdb.com/title/tt0279426/
tt0279497	https://www.imdb.com/title/tt0279497/
tt0282616	https://www.imdb.com/title/tt0282616/
tt0282802	https://www.imdb.com/title/tt0282802/
tt0285057	https://www.imdb.com/title/tt0285057/
tt0287288	https://www.imdb.com/title/tt0287288/
tt0291939	https://www.imdb.com/title/tt0291939/
tt0294274	https://www.imdb.com/title/tt0294274/
tt0295243	https://www.imdb.com/title/tt0295243/
tt0295341	https://www.imdb.com/title/tt0295341/
tt0297203	https://www.imdb.com/title/tt0297203/
tt0300338	https://www.imdb.com/title/tt0300338/
tt0303767	https://www.imdb.com/title/tt0303767/
tt0305196	https://www.imdb.com/title/tt0305196/
tt0305717	https://www.imdb.com/title/tt0305717/
tt0305837	https://www.imdb.com/title/tt0305837/
tt0306057	https://www.imdb.com/title/tt0306057/
tt0307936	https://www.imdb.com/title/tt0307936/
tt0307943	https://www.imdb.com/title/tt0307943/
tt0307958	https://www.imdb.com/title/tt0307958/
tt0307963	https://www.imdb.com/title/tt0307963/
tt0307972	https://www.imdb.com/title/tt0307972/
tt0307980	https://www.imdb.com/title/tt0307980/
tt0308009	https://www.imdb.com/title/tt0308009/
tt0308035	https://www.imdb.com/title/tt0308035/
tt0308161	https://www.imdb.com/title/tt0308161/
tt0308253	https://www.imdb.com/title/tt0308253/
tt0308309	https://www.imdb.com/title/tt0308309/
tt0308348	https://www.imdb.com/title/tt0308348/
tt0308398	https://www.imdb.com/title/tt0308398/
tt0308430	https://www.imdb.com/title/tt0308430/
tt0308482	https://www.imdb.com/title/tt0308482/
tt0308528	https://www.imdb.com/title/tt0308528/
tt0308531	https://www.imdb.com/title/tt0308531/
tt0308536	https://www.imdb.com/title/tt0308536/
tt0308542	https://www.imdb.com/title/tt0308542/
tt0308564	https://www.imdb.com/title/tt0308564/
tt0308580	https://www.imdb.com/title/tt0308580/
tt0308828	https://www.imdb.com/title/tt0308828/
tt0308832	https://www.imdb.com/title/tt0308832/
tt0308879	https://www.imdb.com/title/tt0308879/
tt0308890	https://www.imdb.com/title/tt0308890/
tt0308939	https://www.imdb.com/title/tt0308939/
tt0308964	https://www.imdb.com/title/tt0308964/
tt0309099	https://www.imdb.com/title/tt0309099/
tt0309108	https://www.imdb.com/title/tt0309108/
tt0309298	https://www.imdb.com/title/tt0309298/
tt0310028	https://www.imdb.com/title/tt0310028/
tt0310134	https://www.imdb.com/title/tt0310134/
tt0310599	https://www.imdb.com/title/tt0310599/
tt0310600	https://www.imdb.com/title/tt0310600/
tt0310604	https://www.imdb.com/title/tt0310604/
tt0310632	https://www.imdb.com/title/tt0310632/
tt0310637	https://www.imdb.com/title/tt0310637/
tt0310694	https://www.imdb.com/title/tt0310694/
tt0311012	https://www.imdb.com/title/tt0311012/
tt0311240	https://www.imdb.com/title/tt0311240/
tt0311346	https://www.imdb.com/title/tt0311346/
tt0311392	https://www.imdb.com/title/tt0311392/
tt0311400	https://www.imdb.com/title/tt0311400/
tt0311491	https://www.imdb.com/title/tt0311491/
tt0311549	https://www.imdb.com/title/tt0311549/
tt0311689	https://www.imdb.com/title/tt0311689/
tt0312049	https://www.imdb.com/title/tt0312049/
tt0312392	https://www.imdb.com/title/tt0312392/
tt0312486	https://www.imdb.com/title/tt0312486/
tt0314035	https://www.imdb.com/title/tt0314035/
tt0314153	https://www.imdb.com/title/tt0314153/
tt0314255	https://www.imdb.com/title/tt0314255/
tt0314456	https://www.imdb.com/title/tt0314456/
tt0314462	https://www.imdb.com/title/tt0314462/
tt0314488	https://www.imdb.com/title/tt0314488/
tt0314673	https://www.imdb.com/title/tt0314673/
tt0314712	https://www.imdb.com/title/tt0314712/
tt0314751	https://www.imdb.com/title/tt0314751/
tt0314868	https://www.imdb.com/title/tt0314868/
tt0314878	https://www.imdb.com/title/tt0314878/
tt0314935	https://www.imdb.com/title/tt0314935/
tt0314960	https://www.imdb.com/title/tt0314960/
tt0314962	https://www.imdb.com/title/tt0314962/
tt0314963	https://www.imdb.com/title/tt0314963/
tt0314964	https://www.imdb.com/title/tt0314964/
tt0314969	https://www.imdb.com/title/tt0314969/
tt0315614	https://www.imdb.com/title/tt0315614/
tt0316252	https://www.imdb.com/title/tt0316252/
tt0316455	https://www.imdb.com/title/tt0316455/
tt0317057	https://www.imdb.com/title/tt0317057/
tt0319509	https://www.imdb.com/title/tt0319509/
tt0320319	https://www.imdb.com/title/tt0320319/
tt0320719	https://www.imdb.com/title/tt0320719/
tt0322726	https://www.imdb.com/title/tt0322726/
tt0323263	https://www.imdb.com/title/tt0323263/
tt0324146	https://www.imdb.com/title/tt0324146/
tt0325568	https://www.imdb.com/title/tt0325568/
tt0326304	https://www.imdb.com/title/tt0326304/
tt0326615	https://www.imdb.com/title/tt0326615/
tt0327611	https://www.imdb.com/title/tt0327611/
tt0329460	https://www.imdb.com/title/tt0329460/
tt0331186	https://www.imdb.com/title/tt0331186/
tt0333485	https://www.imdb.com/title/tt0333485/
tt0335307	https://www.imdb.com/title/tt0335307/
tt0335583	https://www.imdb.com/title/tt0335583/
tt0336393	https://www.imdb.com/title/tt0336393/
tt0338990	https://www.imdb.com/title/tt0338990/
tt0342276	https://www.imdb.com/title/tt0342276/
tt0342451	https://www.imdb.com/title/tt0342451/
tt0342985	https://www.imdb.com/title/tt0342985/
tt0344601	https://www.imdb.com/title/tt0344601/
tt0345226	https://www.imdb.com/title/tt0345226/
tt0345955	https://www.imdb.com/title/tt0345955/
tt0347318	https://www.imdb.com/title/tt0347318/
tt0349402	https://www.imdb.com/title/tt0349402/
tt0349403	https://www.imdb.com/title/tt0349403/
tt0349440	https://www.imdb.com/title/tt0349440/
tt0349656	https://www.imdb.com/title/tt0349656/
tt0354996	https://www.imdb.com/title/tt0354996/
tt0356386	https://www.imdb.com/title/tt0356386/
tt0364640	https://www.imdb.com/title/tt0364640/
tt0365054	https://www.imdb.com/title/tt0365054/
tt0366936	https://www.imdb.com/title/tt0366936/
tt0369842	https://www.imdb.com/title/tt0369842/
tt0371749	https://www.imdb.com/title/tt0371749/
tt0372790	https://www.imdb.com/title/tt0372790/
tt0372955	https://www.imdb.com/title/tt0372955/
tt0373412	https://www.imdb.com/title/tt0373412/
tt0377637	https://www.imdb.com/title/tt0377637/
tt0378348	https://www.imdb.com/title/tt0378348/
tt0378402	https://www.imdb.com/title/tt0378402/
tt0378614	https://www.imdb.com/title/tt0378614/
tt0378617	https://www.imdb.com/title/tt0378617/
tt0378639	https://www.imdb.com/title/tt0378639/
tt0378641	https://www.imdb.com/title/tt0378641/
tt0378644	https://www.imdb.com/title/tt0378644/
tt0379263	https://www.imdb.com/title/tt0379263/
tt0379500	https://www.imdb.com/title/tt0379500/
tt0379501	https://www.imdb.com/title/tt0379501/
tt0385549	https://www.imdb.com/title/tt0385549/
tt0385673	https://www.imdb.com/title/tt0385673/
tt0385812	https://www.imdb.com/title/tt0385812/
tt0386326	https://www.imdb.com/title/tt0386326/
tt0386542	https://www.imdb.com/title/tt0386542/
tt0387051	https://www.imdb.com/title/tt0387051/
tt0388041	https://www.imdb.com/title/tt0388041/
tt0396634	https://www.imdb.com/title/tt0396634/
tt0396719	https://www.imdb.com/title/tt0396719/
tt0396777	https://www.imdb.com/title/tt0396777/
tt0396813	https://www.imdb.com/title/tt0396813/
tt0400698	https://www.imdb.com/title/tt0400698/
tt0401633	https://www.imdb.com/title/tt0401633/
tt0401762	https://www.imdb.com/title/tt0401762/
tt0406215	https://www.imdb.com/title/tt0406215/
tt0406556	https://www.imdb.com/title/tt0406556/
tt0414082	https://www.imdb.com/title/tt0414082/
tt0424802	https://www.imdb.com/title/tt0424802/
tt0424917	https://www.imdb.com/title/tt0424917/
tt0428231	https://www.imdb.com/title/tt0428231/
tt0429185	https://www.imdb.com/title/tt0429185/
tt0430467	https://www.imdb.com/title/tt0430467/
tt0437218	https://www.imdb.com/title/tt0437218/
tt0437456	https://www.imdb.com/title/tt0437456/
tt0440371	https://www.imdb.com/title/tt0440371/
tt0440850	https://www.imdb.com/title/tt0440850/
tt0442294	https://www.imdb.com/title/tt0442294/
tt0442359	https://www.imdb.com/title/tt0442359/
tt0442478	https://www.imdb.com/title/tt0442478/
tt0449384	https://www.imdb.com/title/tt0449384/
tt0454085	https://www.imdb.com/title/tt0454085/
tt0454189	https://www.imdb.com/title/tt0454189/
tt0458731	https://www.imdb.com/title/tt0458731/
tt0460615	https://www.imdb.com/title/tt0460615/
tt0461755	https://www.imdb.com/title/tt0461755/
tt0461768	https://www.imdb.com/title/tt0461768/
tt0466964	https://www.imdb.com/title/tt0466964/
tt0467131	https://www.imdb.com/title/tt0467131/
tt0468107	https://www.imdb.com/title/tt0468107/
tt0470112	https://www.imdb.com/title/tt0470112/
tt0470805	https://www.imdb.com/title/tt0470805/
tt0473270	https://www.imdb.com/title/tt0473270/
tt0480995	https://www.imdb.com/title/tt0480995/
tt0483805	https://www.imdb.com/title/tt0483805/
tt0485195	https://www.imdb.com/title/tt0485195/
tt0488208	https://www.imdb.com/title/tt0488208/
tt0497385	https://www.imdb.com/title/tt0497385/
tt0497451	https://www.imdb.com/title/tt0497451/
tt0759581	https://www.imdb.com/title/tt0759581/
tt0764677	https://www.imdb.com/title/tt0764677/
tt0764695	https://www.imdb.com/title/tt0764695/
tt0764725	https://www.imdb.com/title/tt0764725/
tt0764749	https://www.imdb.com/title/tt0764749/
tt0764804	https://www.imdb.com/title/tt0764804/
tt0764892	https://www.imdb.com/title/tt0764892/
tt0777743	https://www.imdb.com/title/tt0777743/
tt0777805	https://www.imdb.com/title/tt0777805/
tt0777836	https://www.imdb.com/title/tt0777836/
tt0777902	https://www.imdb.com/title/tt0777902/
tt0777930	https://www.imdb.com/title/tt0777930/
tt0778114	https://www.imdb.com/title/tt0778114/
tt0786982	https://www.imdb.com/title/tt0786982/
tt0787022	https://www.imdb.com/title/tt0787022/
tt0787039	https://www.imdb.com/title/tt0787039/
tt0787058	https://www.imdb.com/title/tt0787058/
tt0787100	https://www.imdb.com/title/tt0787100/
tt0787134	https://www.imdb.com/title/tt0787134/
tt0787213	https://www.imdb.com/title/tt0787213/
tt0787241	https://www.imdb.com/title/tt0787241/
tt0788099	https://www.imdb.com/title/tt0788099/
tt0788183	https://www.imdb.com/title/tt0788183/
tt0791407	https://www.imdb.com/title/tt0791407/
tt0791433	https://www.imdb.com/title/tt0791433/
tt0791504	https://www.imdb.com/title/tt0791504/
tt0791511	https://www.imdb.com/title/tt0791511/
tt0791521	https://www.imdb.com/title/tt0791521/
tt0791536	https://www.imdb.com/title/tt0791536/
tt0791574	https://www.imdb.com/title/tt0791574/
tt0791587	https://www.imdb.com/title/tt0791587/
tt0809347	https://www.imdb.com/title/tt0809347/
tt0809457	https://www.imdb.com/title/tt0809457/
tt0814318	https://www.imdb.com/title/tt0814318/
tt0843537	https://www.imdb.com/title/tt0843537/
tt0843592	https://www.imdb.com/title/tt0843592/
tt0848380	https://www.imdb.com/title/tt0848380/
tt0885408	https://www.imdb.com/title/tt0885408/
tt0900902	https://www.imdb.com/title/tt0900902/
tt0900920	https://www.imdb.com/title/tt0900920/
tt0900945	https://www.imdb.com/title/tt0900945/
tt0900992	https://www.imdb.com/title/tt0900992/
tt0901007	https://www.imdb.com/title/tt0901007/
tt0903770	https://www.imdb.com/title/tt0903770/
tt0903822	https://www.imdb.com/title/tt0903822/
tt0923606	https://www.imdb.com/title/tt0923606/
tt0924138	https://www.imdb.com/title/tt0924138/
tt0961139	https://www.imdb.com/title/tt0961139/
tt10400612	https://www.imdb.com/title/tt10400612/
tt1071348	https://www.imdb.com/title/tt1071348/
tt1085848	https://www.imdb.com/title/tt1085848/
tt1090240	https://www.imdb.com/title/tt1090240/
tt10912038	https://www.imdb.com/title/tt10912038/
tt1093850	https://www.imdb.com/title/tt1093850/
tt1101664	https://www.imdb.com/title/tt1101664/
tt11081734	https://www.imdb.com/title/tt11081734/
tt11091624	https://www.imdb.com/title/tt11091624/
tt11170780	https://www.imdb.com/title/tt11170780/
tt11196084	https://www.imdb.com/title/tt11196084/
tt11287216	https://www.imdb.com/title/tt11287216/
tt11408954	https://www.imdb.com/title/tt11408954/
tt11447166	https://www.imdb.com/title/tt11447166/
tt11455014	https://www.imdb.com/title/tt11455014/
tt11518138	https://www.imdb.com/title/tt11518138/
tt1161798	https://www.imdb.com/title/tt1161798/
tt11657184	https://www.imdb.com/title/tt11657184/
tt1167682	https://www.imdb.com/title/tt1167682/
tt11713898	https://www.imdb.com/title/tt11713898/
tt1190900	https://www.imdb.com/title/tt1190900/
tt12001682	https://www.imdb.com/title/tt12001682/
tt1201647	https://www.imdb.com/title/tt1201647/
tt1201662	https://www.imdb.com/title/tt1201662/
tt12188786	https://www.imdb.com/title/tt12188786/
tt12200610	https://www.imdb.com/title/tt12200610/
tt12211752	https://www.imdb.com/title/tt12211752/
tt12300576	https://www.imdb.com/title/tt12300576/
tt12404176	https://www.imdb.com/title/tt12404176/
tt1240949	https://www.imdb.com/title/tt1240949/
tt12507972	https://www.imdb.com/title/tt12507972/
tt12572710	https://www.imdb.com/title/tt12572710/
tt12672130	https://www.imdb.com/title/tt12672130/
tt12672194	https://www.imdb.com/title/tt12672194/
tt12731066	https://www.imdb.com/title/tt12731066/
tt12804900	https://www.imdb.com/title/tt12804900/
tt1290536	https://www.imdb.com/title/tt1290536/
tt12947534	https://www.imdb.com/title/tt12947534/
tt12999372	https://www.imdb.com/title/tt12999372/
tt1323585	https://www.imdb.com/title/tt1323585/
tt13364394	https://www.imdb.com/title/tt13364394/
tt13503666	https://www.imdb.com/title/tt13503666/
tt13587644	https://www.imdb.com/title/tt13587644/
tt13891746	https://www.imdb.com/title/tt13891746/
tt13892052	https://www.imdb.com/title/tt13892052/
tt13905350	https://www.imdb.com/title/tt13905350/
tt13905426	https://www.imdb.com/title/tt13905426/
tt13905508	https://www.imdb.com/title/tt13905508/
tt13909010	https://www.imdb.com/title/tt13909010/
tt13919316	https://www.imdb.com/title/tt13919316/
tt13919346	https://www.imdb.com/title/tt13919346/
tt13919596	https://www.imdb.com/title/tt13919596/
tt13919612	https://www.imdb.com/title/tt13919612/
tt13921966	https://www.imdb.com/title/tt13921966/
tt13925216	https://www.imdb.com/title/tt13925216/
tt13925264	https://www.imdb.com/title/tt13925264/
tt13925372	https://www.imdb.com/title/tt13925372/
tt13925482	https://www.imdb.com/title/tt13925482/
tt13928136	https://www.imdb.com/title/tt13928136/
tt13931408	https://www.imdb.com/title/tt13931408/
tt13937542	https://www.imdb.com/title/tt13937542/
tt1394309	https://www.imdb.com/title/tt1394309/
tt1407154	https://www.imdb.com/title/tt1407154/
tt1414535	https://www.imdb.com/title/tt1414535/
tt14254548	https://www.imdb.com/title/tt14254548/
tt1431321	https://www.imdb.com/title/tt1431321/
tt14343110	https://www.imdb.com/title/tt14343110/
tt14476026	https://www.imdb.com/title/tt14476026/
tt14550332	https://www.imdb.com/title/tt14550332/
tt1459962	https://www.imdb.com/title/tt1459962/
tt1464283	https://www.imdb.com/title/tt1464283/
tt1464746	https://www.imdb.com/title/tt1464746/
tt1464799	https://www.imdb.com/title/tt1464799/
tt1466991	https://www.imdb.com/title/tt1466991/
tt1468864	https://www.imdb.com/title/tt1468864/
tt14733488	https://www.imdb.com/title/tt14733488/
tt1501649	https://www.imdb.com/title/tt1501649/
tt15026488	https://www.imdb.com/title/tt15026488/
tt15075326	https://www.imdb.com/title/tt15075326/
tt15087066	https://www.imdb.com/title/tt15087066/
tt1543244	https://www.imdb.com/title/tt1543244/
tt1630056	https://www.imdb.com/title/tt1630056/
tt1637711	https://www.imdb.com/title/tt1637711/
tt16431594	https://www.imdb.com/title/tt16431594/
tt17038460	https://www.imdb.com/title/tt17038460/
tt17039364	https://www.imdb.com/title/tt17039364/
tt1705931	https://www.imdb.com/title/tt1705931/
tt1710570	https://www.imdb.com/title/tt1710570/
tt1720296	https://www.imdb.com/title/tt1720296/
tt1731225	https://www.imdb.com/title/tt1731225/
tt1738320	https://www.imdb.com/title/tt1738320/
tt17505682	https://www.imdb.com/title/tt17505682/
tt17505800	https://www.imdb.com/title/tt17505800/
tt17506186	https://www.imdb.com/title/tt17506186/
tt17506256	https://www.imdb.com/title/tt17506256/
tt17506534	https://www.imdb.com/title/tt17506534/
tt17506894	https://www.imdb.com/title/tt17506894/
tt17506932	https://www.imdb.com/title/tt17506932/
tt17511298	https://www.imdb.com/title/tt17511298/
tt17511342	https://www.imdb.com/title/tt17511342/
tt17512144	https://www.imdb.com/title/tt17512144/
tt17512182	https://www.imdb.com/title/tt17512182/
tt17512238	https://www.imdb.com/title/tt17512238/
tt17512398	https://www.imdb.com/title/tt17512398/
tt17512692	https://www.imdb.com/title/tt17512692/
tt17513266	https://www.imdb.com/title/tt17513266/
tt17513342	https://www.imdb.com/title/tt17513342/
tt17513368	https://www.imdb.com/title/tt17513368/
tt17513476	https://www.imdb.com/title/tt17513476/
tt17513520	https://www.imdb.com/title/tt17513520/
tt17517016	https://www.imdb.com/title/tt17517016/
tt17517826	https://www.imdb.com/title/tt17517826/
tt17518068	https://www.imdb.com/title/tt17518068/
tt17519164	https://www.imdb.com/title/tt17519164/
tt17519192	https://www.imdb.com/title/tt17519192/
tt17519232	https://www.imdb.com/title/tt17519232/
tt17519246	https://www.imdb.com/title/tt17519246/
tt17519334	https://www.imdb.com/title/tt17519334/
tt17519438	https://www.imdb.com/title/tt17519438/
tt17519866	https://www.imdb.com/title/tt17519866/
tt17519952	https://www.imdb.com/title/tt17519952/
tt17520018	https://www.imdb.com/title/tt17520018/
tt17520038	https://www.imdb.com/title/tt17520038/
tt17520046	https://www.imdb.com/title/tt17520046/
tt17520092	https://www.imdb.com/title/tt17520092/
tt17520222	https://www.imdb.com/title/tt17520222/
tt17520340	https://www.imdb.com/title/tt17520340/
tt17527658	https://www.imdb.com/title/tt17527658/
tt17527666	https://www.imdb.com/title/tt17527666/
tt17527680	https://www.imdb.com/title/tt17527680/
tt17527700	https://www.imdb.com/title/tt17527700/
tt17527710	https://www.imdb.com/title/tt17527710/
tt17527750	https://www.imdb.com/title/tt17527750/
tt17527756	https://www.imdb.com/title/tt17527756/
tt17527772	https://www.imdb.com/title/tt17527772/
tt17527810	https://www.imdb.com/title/tt17527810/
tt17527854	https://www.imdb.com/title/tt17527854/
tt17527916	https://www.imdb.com/title/tt17527916/
tt17544892	https://www.imdb.com/title/tt17544892/
tt17545050	https://www.imdb.com/title/tt17545050/
tt17545058	https://www.imdb.com/title/tt17545058/
tt17545072	https://www.imdb.com/title/tt17545072/
tt17545082	https://www.imdb.com/title/tt17545082/
tt17545104	https://www.imdb.com/title/tt17545104/
tt17545128	https://www.imdb.com/title/tt17545128/
tt17545158	https://www.imdb.com/title/tt17545158/
tt17545180	https://www.imdb.com/title/tt17545180/
tt17545188	https://www.imdb.com/title/tt17545188/
tt1762360	https://www.imdb.com/title/tt1762360/
tt17634152	https://www.imdb.com/title/tt17634152/
tt17634170	https://www.imdb.com/title/tt17634170/
tt17634200	https://www.imdb.com/title/tt17634200/
tt17634216	https://www.imdb.com/title/tt17634216/
tt17634236	https://www.imdb.com/title/tt17634236/
tt17634266	https://www.imdb.com/title/tt17634266/
tt17634272	https://www.imdb.com/title/tt17634272/
tt17634294	https://www.imdb.com/title/tt17634294/
tt17663084	https://www.imdb.com/title/tt17663084/
tt17663496	https://www.imdb.com/title/tt17663496/
tt17677380	https://www.imdb.com/title/tt17677380/
tt17677432	https://www.imdb.com/title/tt17677432/
tt17677476	https://www.imdb.com/title/tt17677476/
tt17677710	https://www.imdb.com/title/tt17677710/
tt17677732	https://www.imdb.com/title/tt17677732/
tt17678618	https://www.imdb.com/title/tt17678618/
tt17678632	https://www.imdb.com/title/tt17678632/
tt17678658	https://www.imdb.com/title/tt17678658/
tt17678674	https://www.imdb.com/title/tt17678674/
tt17678696	https://www.imdb.com/title/tt17678696/
tt17678734	https://www.imdb.com/title/tt17678734/
tt17719584	https://www.imdb.com/title/tt17719584/
tt17719766	https://www.imdb.com/title/tt17719766/
tt17720314	https://www.imdb.com/title/tt17720314/
tt17720380	https://www.imdb.com/title/tt17720380/
tt17720762	https://www.imdb.com/title/tt17720762/
tt17720800	https://www.imdb.com/title/tt17720800/
tt17722740	https://www.imdb.com/title/tt17722740/
tt17725274	https://www.imdb.com/title/tt17725274/
tt17735260	https://www.imdb.com/title/tt17735260/
tt1826779	https://www.imdb.com/title/tt1826779/
tt1851021	https://www.imdb.com/title/tt1851021/
tt1861465	https://www.imdb.com/title/tt1861465/
tt1910491	https://www.imdb.com/title/tt1910491/
tt1921035	https://www.imdb.com/title/tt1921035/
tt1922713	https://www.imdb.com/title/tt1922713/
tt1934337	https://www.imdb.com/title/tt1934337/
tt1941604	https://www.imdb.com/title/tt1941604/
tt1989344	https://www.imdb.com/title/tt1989344/
tt2023624	https://www.imdb.com/title/tt2023624/
tt2039327	https://www.imdb.com/title/tt2039327/
tt2075388	https://www.imdb.com/title/tt2075388/
tt2075389	https://www.imdb.com/title/tt2075389/
tt2075390	https://www.imdb.com/title/tt2075390/
tt2078596	https://www.imdb.com/title/tt2078596/
tt2084065	https://www.imdb.com/title/tt2084065/
tt2094030	https://www.imdb.com/title/tt2094030/
tt2110421	https://www.imdb.com/title/tt2110421/
tt21361818	https://www.imdb.com/title/tt21361818/
tt2175537	https://www.imdb.com/title/tt2175537/
tt2176043	https://www.imdb.com/title/tt2176043/
tt2210845	https://www.imdb.com/title/tt2210845/
tt2316753	https://www.imdb.com/title/tt2316753/
tt2323493	https://www.imdb.com/title/tt2323493/
tt2396312	https://www.imdb.com/title/tt2396312/
tt2396322	https://www.imdb.com/title/tt2396322/
tt2530446	https://www.imdb.com/title/tt2530446/
tt2532478	https://www.imdb.com/title/tt2532478/
tt27042528	https://www.imdb.com/title/tt27042528/
tt28545260	https://www.imdb.com/title/tt28545260/
tt2912504	https://www.imdb.com/title/tt2912504/
tt2967596	https://www.imdb.com/title/tt2967596/
tt2967598	https://www.imdb.com/title/tt2967598/
tt2967600	https://www.imdb.com/title/tt2967600/
tt2967604	https://www.imdb.com/title/tt2967604/
tt2967606	https://www.imdb.com/title/tt2967606/
tt2977490	https://www.imdb.com/title/tt2977490/
tt2977788	https://www.imdb.com/title/tt2977788/
tt3057610	https://www.imdb.com/title/tt3057610/
tt30788622	https://www.imdb.com/title/tt30788622/
tt31106118	https://www.imdb.com/title/tt31106118/
tt31121292	https://www.imdb.com/title/tt31121292/
tt31328812	https://www.imdb.com/title/tt31328812/
tt3138488	https://www.imdb.com/title/tt3138488/
tt31631755	https://www.imdb.com/title/tt31631755/
tt32545119	https://www.imdb.com/title/tt32545119/
tt3303066	https://www.imdb.com/title/tt3303066/
tt33082322	https://www.imdb.com/title/tt33082322/
tt33983929	https://www.imdb.com/title/tt33983929/
tt3506454	https://www.imdb.com/title/tt3506454/
tt3725342	https://www.imdb.com/title/tt3725342/
tt3725358	https://www.imdb.com/title/tt3725358/
tt3744942	https://www.imdb.com/title/tt3744942/
tt4240702	https://www.imdb.com/title/tt4240702/
tt4482516	https://www.imdb.com/title/tt4482516/
tt4509852	https://www.imdb.com/title/tt4509852/
tt4811538	https://www.imdb.com/title/tt4811538/
tt5048896	https://www.imdb.com/title/tt5048896/
tt5057870	https://www.imdb.com/title/tt5057870/
tt5152736	https://www.imdb.com/title/tt5152736/
tt5152778	https://www.imdb.com/title/tt5152778/
tt5246630	https://www.imdb.com/title/tt5246630/
tt5508084	https://www.imdb.com/title/tt5508084/
tt5641236	https://www.imdb.com/title/tt5641236/
tt5643442	https://www.imdb.com/title/tt5643442/
tt5643458	https://www.imdb.com/title/tt5643458/
tt5643496	https://www.imdb.com/title/tt5643496/
tt5656186	https://www.imdb.com/title/tt5656186/
tt5656254	https://www.imdb.com/title/tt5656254/
tt5658562	https://www.imdb.com/title/tt5658562/
tt5660682	https://www.imdb.com/title/tt5660682/
tt5660692	https://www.imdb.com/title/tt5660692/
tt5661006	https://www.imdb.com/title/tt5661006/
tt5821710	https://www.imdb.com/title/tt5821710/
tt6128850	https://www.imdb.com/title/tt6128850/
tt6128856	https://www.imdb.com/title/tt6128856/
tt6129044	https://www.imdb.com/title/tt6129044/
tt6129046	https://www.imdb.com/title/tt6129046/
tt6129068	https://www.imdb.com/title/tt6129068/
tt6134844	https://www.imdb.com/title/tt6134844/
tt6258812	https://www.imdb.com/title/tt6258812/
tt6328598	https://www.imdb.com/title/tt6328598/
tt6377682	https://www.imdb.com/title/tt6377682/
tt6535672	https://www.imdb.com/title/tt6535672/
tt6721720	https://www.imdb.com/title/tt6721720/
tt6900972	https://www.imdb.com/title/tt6900972/
tt6908470	https://www.imdb.com/title/tt6908470/
tt6939490	https://www.imdb.com/title/tt6939490/
tt6939500	https://www.imdb.com/title/tt6939500/
tt6982730	https://www.imdb.com/title/tt6982730/
tt7104994	https://www.imdb.com/title/tt7104994/
tt8058888	https://www.imdb.com/title/tt8058888/
tt8530928	https://www.imdb.com/title/tt8530928/
tt8690834	https://www.imdb.com/title/tt8690834/
tt8731086	https://www.imdb.com/title/tt8731086/
tt8903312	https://www.imdb.com/title/tt8903312/
tt8932048	https://www.imdb.com/title/tt8932048/
tt8936314	https://www.imdb.com/title/tt8936314/
tt8941150	https://www.imdb.com/title/tt8941150/
tt8942114	https://www.imdb.com/title/tt8942114/
tt8942306	https://www.imdb.com/title/tt8942306/
tt8944932	https://www.imdb.com/title/tt8944932/
tt8945542	https://www.imdb.com/title/tt8945542/
tt8945564	https://www.imdb.com/title/tt8945564/
tt8954560	https://www.imdb.com/title/tt8954560/
tt9065978	https://www.imdb.com/title/tt9065978/
tt9090084	https://www.imdb.com/title/tt9090084/
tt9090186	https://www.imdb.com/title/tt9090186/
tt9091224	https://www.imdb.com/title/tt9091224/
tt9279508	https://www.imdb.com/title/tt9279508/
tt9385870	https://www.imdb.com/title/tt9385870/
tt9397286	https://www.imdb.com/title/tt9397286/
tt9477176	https://www.imdb.com/title/tt9477176/
tt9477202	https://www.imdb.com/title/tt9477202/
tt9477336	https://www.imdb.com/title/tt9477336/
tt9477376	https://www.imdb.com/title/tt9477376/
tt9477392	https://www.imdb.com/title/tt9477392/
tt9477412	https://www.imdb.com/title/tt9477412/
tt9728836	https://www.imdb.com/title/tt9728836/
tt9834418	https://www.imdb.com/title/tt9834418/
tt9856288	https://www.imdb.com/title/tt9856288/
