tconst	imdb_url
tt0001711	https://www.imdb.com/title/tt0001711/
tt0002152	https://www.imdb.com/title/tt0002152/
tt0003637	https://www.imdb.com/title/tt0003637/
tt0003651	https://www.imdb.com/title/tt0003651/
tt0003669	https://www.imdb.com/title/tt0003669/
tt0003685	https://www.imdb.com/title/tt0003685/
tt0003735	https://www.imdb.com/title/tt0003735/
tt0003822	https://www.imdb.com/title/tt0003822/
tt0003889	https://www.imdb.com/title/tt0003889/
tt0003951	https://www.imdb.com/title/tt0003951/
tt0004134	https://www.imdb.com/title/tt0004134/
tt0004199	https://www.imdb.com/title/tt0004199/
tt0004366	https://www.imdb.com/title/tt0004366/
tt0004570	https://www.imdb.com/title/tt0004570/
tt0004712	https://www.imdb.com/title/tt0004712/
tt0004848	https://www.imdb.com/title/tt0004848/
tt0004851	https://www.imdb.com/title/tt0004851/
tt0004852	https://www.imdb.com/title/tt0004852/
tt0004853	https://www.imdb.com/title/tt0004853/
tt0004854	https://www.imdb.com/title/tt0004854/
tt0004859	https://www.imdb.com/title/tt0004859/
tt0004860	https://www.imdb.com/title/tt0004860/
tt0004861	https://www.imdb.com/title/tt0004861/
tt0004865	https://www.imdb.com/title/tt0004865/
tt0004866	https://www.imdb.com/title/tt0004866/
tt0004868	https://www.imdb.com/title/tt0004868/
tt0004869	https://www.imdb.com/title/tt0004869/
tt0004872	https://www.imdb.com/title/tt0004872/
tt0004873	https://www.imdb.com/title/tt0004873/
tt0004874	https://www.imdb.com/title/tt0004874/
tt0004883	https://www.imdb.com/title/tt0004883/
tt0004884	https://www.imdb.com/title/tt0004884/
tt0004885	https://www.imdb.com/title/tt0004885/
tt0004890	https://www.imdb.com/title/tt0004890/
tt0004891	https://www.imdb.com/title/tt0004891/
tt0004892	https://www.imdb.com/title/tt0004892/
tt0004897	https://www.imdb.com/title/tt0004897/
tt0004901	https://www.imdb.com/title/tt0004901/
tt0004902	https://www.imdb.com/title/tt0004902/
tt0004905	https://www.imdb.com/title/tt0004905/
tt0004906	https://www.imdb.com/title/tt0004906/
tt0004907	https://www.imdb.com/title/tt0004907/
tt0004909	https://www.imdb.com/title/tt0004909/
tt0004911	https://www.imdb.com/title/tt0004911/
tt0004915	https://www.imdb.com/title/tt0004915/
tt0004917	https://www.imdb.com/title/tt0004917/
tt0004919	https://www.imdb.com/title/tt0004919/
tt0004921	https://www.imdb.com/title/tt0004921/
tt0004925	https://www.imdb.com/title/tt0004925/
tt0004926	https://www.imdb.com/title/tt0004926/
tt0004928	https://www.imdb.com/title/tt0004928/
tt0004933	https://www.imdb.com/title/tt0004933/
tt0004937	https://www.imdb.com/title/tt0004937/
tt0004938	https://www.imdb.com/title/tt0004938/
tt0004939	https://www.imdb.com/title/tt0004939/
tt0004942	https://www.imdb.com/title/tt0004942/
tt0004943	https://www.imdb.com/title/tt0004943/
tt0004945	https://www.imdb.com/title/tt0004945/
tt0004947	https://www.imdb.com/title/tt0004947/
tt0004950	https://www.imdb.com/title/tt0004950/
tt0004954	https://www.imdb.com/title/tt0004954/
tt0004956	https://www.imdb.com/title/tt0004956/
tt0004957	https://www.imdb.com/title/tt0004957/
tt0004960	https://www.imdb.com/title/tt0004960/
tt0004961	https://www.imdb.com/title/tt0004961/
tt0004962	https://www.imdb.com/title/tt0004962/
tt0004963	https://www.imdb.com/title/tt0004963/
tt0004965	https://www.imdb.com/title/tt0004965/
tt0004967	https://www.imdb.com/title/tt0004967/
tt0004972	https://www.imdb.com/title/tt0004972/
tt0004973	https://www.imdb.com/title/tt0004973/
tt0004974	https://www.imdb.com/title/tt0004974/
tt0004975	https://www.imdb.com/title/tt0004975/
tt0004976	https://www.imdb.com/title/tt0004976/
tt0004977	https://www.imdb.com/title/tt0004977/
tt0004978	https://www.imdb.com/title/tt0004978/
tt0004979	https://www.imdb.com/title/tt0004979/
tt0004980	https://www.imdb.com/title/tt0004980/
tt0004981	https://www.imdb.com/title/tt0004981/
tt0004982	https://www.imdb.com/title/tt0004982/
tt0004983	https://www.imdb.com/title/tt0004983/
tt0004988	https://www.imdb.com/title/tt0004988/
tt0004990	https://www.imdb.com/title/tt0004990/
tt0004992	https://www.imdb.com/title/tt0004992/
tt0004993	https://www.imdb.com/title/tt0004993/
tt0005001	https://www.imdb.com/title/tt0005001/
tt0005002	https://www.imdb.com/title/tt0005002/
tt0005003	https://www.imdb.com/title/tt0005003/
tt0005005	https://www.imdb.com/title/tt0005005/
tt0005006	https://www.imdb.com/title/tt0005006/
tt0005032	https://www.imdb.com/title/tt0005032/
tt0005034	https://www.imdb.com/title/tt0005034/
tt0005035	https://www.imdb.com/title/tt0005035/
tt0005036	https://www.imdb.com/title/tt0005036/
tt0005039	https://www.imdb.com/title/tt0005039/
tt0005041	https://www.imdb.com/title/tt0005041/
tt0005042	https://www.imdb.com/title/tt0005042/
tt0005043	https://www.imdb.com/title/tt0005043/
tt0005045	https://www.imdb.com/title/tt0005045/
tt0005048	https://www.imdb.com/title/tt0005048/
tt0005049	https://www.imdb.com/title/tt0005049/
tt0005054	https://www.imdb.com/title/tt0005054/
tt0005055	https://www.imdb.com/title/tt0005055/
tt0005056	https://www.imdb.com/title/tt0005056/
tt0005058	https://www.imdb.com/title/tt0005058/
tt0005059	https://www.imdb.com/title/tt0005059/
tt0005060	https://www.imdb.com/title/tt0005060/
tt0005061	https://www.imdb.com/title/tt0005061/
tt0005062	https://www.imdb.com/title/tt0005062/
tt0005063	https://www.imdb.com/title/tt0005063/
tt0005066	https://www.imdb.com/title/tt0005066/
tt0005070	https://www.imdb.com/title/tt0005070/
tt0005071	https://www.imdb.com/title/tt0005071/
tt0005073	https://www.imdb.com/title/tt0005073/
tt0005075	https://www.imdb.com/title/tt0005075/
tt0005078	https://www.imdb.com/title/tt0005078/
tt0005081	https://www.imdb.com/title/tt0005081/
tt0005082	https://www.imdb.com/title/tt0005082/
tt0005084	https://www.imdb.com/title/tt0005084/
tt0005085	https://www.imdb.com/title/tt0005085/
tt0005087	https://www.imdb.com/title/tt0005087/
tt0005089	https://www.imdb.com/title/tt0005089/
tt0005090	https://www.imdb.com/title/tt0005090/
tt0005092	https://www.imdb.com/title/tt0005092/
tt0005095	https://www.imdb.com/title/tt0005095/
tt0005099	https://www.imdb.com/title/tt0005099/
tt0005100	https://www.imdb.com/title/tt0005100/
tt0005101	https://www.imdb.com/title/tt0005101/
tt0005102	https://www.imdb.com/title/tt0005102/
tt0005103	https://www.imdb.com/title/tt0005103/
tt0005104	https://www.imdb.com/title/tt0005104/
tt0005105	https://www.imdb.com/title/tt0005105/
tt0005106	https://www.imdb.com/title/tt0005106/
tt0005107	https://www.imdb.com/title/tt0005107/
tt0005123	https://www.imdb.com/title/tt0005123/
tt0005126	https://www.imdb.com/title/tt0005126/
tt0005127	https://www.imdb.com/title/tt0005127/
tt0005128	https://www.imdb.com/title/tt0005128/
tt0005129	https://www.imdb.com/title/tt0005129/
tt0005131	https://www.imdb.com/title/tt0005131/
tt0005134	https://www.imdb.com/title/tt0005134/
tt0005135	https://www.imdb.com/title/tt0005135/
tt0005136	https://www.imdb.com/title/tt0005136/
tt0005137	https://www.imdb.com/title/tt0005137/
tt0005140	https://www.imdb.com/title/tt0005140/
tt0005142	https://www.imdb.com/title/tt0005142/
tt0005143	https://www.imdb.com/title/tt0005143/
tt0005148	https://www.imdb.com/title/tt0005148/
tt0005149	https://www.imdb.com/title/tt0005149/
tt0005150	https://www.imdb.com/title/tt0005150/
tt0005151	https://www.imdb.com/title/tt0005151/
tt0005153	https://www.imdb.com/title/tt0005153/
tt0005158	https://www.imdb.com/title/tt0005158/
tt0005159	https://www.imdb.com/title/tt0005159/
tt0005160	https://www.imdb.com/title/tt0005160/
tt0005162	https://www.imdb.com/title/tt0005162/
tt0005163	https://www.imdb.com/title/tt0005163/
tt0005164	https://www.imdb.com/title/tt0005164/
tt0005166	https://www.imdb.com/title/tt0005166/
tt0005167	https://www.imdb.com/title/tt0005167/
tt0005169	https://www.imdb.com/title/tt0005169/
tt0005170	https://www.imdb.com/title/tt0005170/
tt0005171	https://www.imdb.com/title/tt0005171/
tt0005172	https://www.imdb.com/title/tt0005172/
tt0005174	https://www.imdb.com/title/tt0005174/
tt0005176	https://www.imdb.com/title/tt0005176/
tt0005177	https://www.imdb.com/title/tt0005177/
tt0005179	https://www.imdb.com/title/tt0005179/
tt0005180	https://www.imdb.com/title/tt0005180/
tt0005184	https://www.imdb.com/title/tt0005184/
tt0005185	https://www.imdb.com/title/tt0005185/
tt0005187	https://www.imdb.com/title/tt0005187/
tt0005188	https://www.imdb.com/title/tt0005188/
tt0005189	https://www.imdb.com/title/tt0005189/
tt0005190	https://www.imdb.com/title/tt0005190/
tt0005192	https://www.imdb.com/title/tt0005192/
tt0005193	https://www.imdb.com/title/tt0005193/
tt0005194	https://www.imdb.com/title/tt0005194/
tt0005195	https://www.imdb.com/title/tt0005195/
tt0005196	https://www.imdb.com/title/tt0005196/
tt0005200	https://www.imdb.com/title/tt0005200/
tt0005201	https://www.imdb.com/title/tt0005201/
tt0005202	https://www.imdb.com/title/tt0005202/
tt0005209	https://www.imdb.com/title/tt0005209/
tt0005214	https://www.imdb.com/title/tt0005214/
tt0005216	https://www.imdb.com/title/tt0005216/
tt0005229	https://www.imdb.com/title/tt0005229/
tt0005230	https://www.imdb.com/title/tt0005230/
tt0005231	https://www.imdb.com/title/tt0005231/
tt0005232	https://www.imdb.com/title/tt0005232/
tt0005233	https://www.imdb.com/title/tt0005233/
tt0005234	https://www.imdb.com/title/tt0005234/
tt0005237	https://www.imdb.com/title/tt0005237/
tt0005240	https://www.imdb.com/title/tt0005240/
tt0005241	https://www.imdb.com/title/tt0005241/
tt0005243	https://www.imdb.com/title/tt0005243/
tt0005244	https://www.imdb.com/title/tt0005244/
tt0005245	https://www.imdb.com/title/tt0005245/
tt0005248	https://www.imdb.com/title/tt0005248/
tt0005250	https://www.imdb.com/title/tt0005250/
tt0005252	https://www.imdb.com/title/tt0005252/
tt0005253	https://www.imdb.com/title/tt0005253/
tt0005256	https://www.imdb.com/title/tt0005256/
tt0005257	https://www.imdb.com/title/tt0005257/
tt0005259	https://www.imdb.com/title/tt0005259/
tt0005260	https://www.imdb.com/title/tt0005260/
tt0005295	https://www.imdb.com/title/tt0005295/
tt0005297	https://www.imdb.com/title/tt0005297/
tt0005298	https://www.imdb.com/title/tt0005298/
tt0005300	https://www.imdb.com/title/tt0005300/
tt0005301	https://www.imdb.com/title/tt0005301/
tt0005302	https://www.imdb.com/title/tt0005302/
tt0005305	https://www.imdb.com/title/tt0005305/
tt0005307	https://www.imdb.com/title/tt0005307/
tt0005308	https://www.imdb.com/title/tt0005308/
tt0005321	https://www.imdb.com/title/tt0005321/
tt0005322	https://www.imdb.com/title/tt0005322/
tt0005323	https://www.imdb.com/title/tt0005323/
tt0005326	https://www.imdb.com/title/tt0005326/
tt0005327	https://www.imdb.com/title/tt0005327/
tt0005328	https://www.imdb.com/title/tt0005328/
tt0005329	https://www.imdb.com/title/tt0005329/
tt0005330	https://www.imdb.com/title/tt0005330/
tt0005331	https://www.imdb.com/title/tt0005331/
tt0005332	https://www.imdb.com/title/tt0005332/
tt0005333	https://www.imdb.com/title/tt0005333/
tt0005334	https://www.imdb.com/title/tt0005334/
tt0005335	https://www.imdb.com/title/tt0005335/
tt0005338	https://www.imdb.com/title/tt0005338/
tt0005339	https://www.imdb.com/title/tt0005339/
tt0005340	https://www.imdb.com/title/tt0005340/
tt0005341	https://www.imdb.com/title/tt0005341/
tt0005343	https://www.imdb.com/title/tt0005343/
tt0005346	https://www.imdb.com/title/tt0005346/
tt0005348	https://www.imdb.com/title/tt0005348/
tt0005352	https://www.imdb.com/title/tt0005352/
tt0005353	https://www.imdb.com/title/tt0005353/
tt0005355	https://www.imdb.com/title/tt0005355/
tt0005356	https://www.imdb.com/title/tt0005356/
tt0005358	https://www.imdb.com/title/tt0005358/
tt0005362	https://www.imdb.com/title/tt0005362/
tt0005363	https://www.imdb.com/title/tt0005363/
tt0005366	https://www.imdb.com/title/tt0005366/
tt0005367	https://www.imdb.com/title/tt0005367/
tt0005368	https://www.imdb.com/title/tt0005368/
tt0005369	https://www.imdb.com/title/tt0005369/
tt0005370	https://www.imdb.com/title/tt0005370/
tt0005372	https://www.imdb.com/title/tt0005372/
tt0005374	https://www.imdb.com/title/tt0005374/
tt0005377	https://www.imdb.com/title/tt0005377/
tt0005378	https://www.imdb.com/title/tt0005378/
tt0005379	https://www.imdb.com/title/tt0005379/
tt0005381	https://www.imdb.com/title/tt0005381/
tt0005384	https://www.imdb.com/title/tt0005384/
tt0005387	https://www.imdb.com/title/tt0005387/
tt0005391	https://www.imdb.com/title/tt0005391/
tt0005392	https://www.imdb.com/title/tt0005392/
tt0005393	https://www.imdb.com/title/tt0005393/
tt0005396	https://www.imdb.com/title/tt0005396/
tt0005398	https://www.imdb.com/title/tt0005398/
tt0005399	https://www.imdb.com/title/tt0005399/
tt0005400	https://www.imdb.com/title/tt0005400/
tt0005402	https://www.imdb.com/title/tt0005402/
tt0005403	https://www.imdb.com/title/tt0005403/
tt0005405	https://www.imdb.com/title/tt0005405/
tt0005406	https://www.imdb.com/title/tt0005406/
tt0005407	https://www.imdb.com/title/tt0005407/
tt0005408	https://www.imdb.com/title/tt0005408/
tt0005409	https://www.imdb.com/title/tt0005409/
tt0005410	https://www.imdb.com/title/tt0005410/
tt0005411	https://www.imdb.com/title/tt0005411/
tt0005412	https://www.imdb.com/title/tt0005412/
tt0005413	https://www.imdb.com/title/tt0005413/
tt0005416	https://www.imdb.com/title/tt0005416/
tt0005418	https://www.imdb.com/title/tt0005418/
tt0005423	https://www.imdb.com/title/tt0005423/
tt0005426	https://www.imdb.com/title/tt0005426/
tt0005427	https://www.imdb.com/title/tt0005427/
tt0005432	https://www.imdb.com/title/tt0005432/
tt0005447	https://www.imdb.com/title/tt0005447/
tt0005448	https://www.imdb.com/title/tt0005448/
tt0005449	https://www.imdb.com/title/tt0005449/
tt0005451	https://www.imdb.com/title/tt0005451/
tt0005452	https://www.imdb.com/title/tt0005452/
tt0005455	https://www.imdb.com/title/tt0005455/
tt0005457	https://www.imdb.com/title/tt0005457/
tt0005459	https://www.imdb.com/title/tt0005459/
tt0005460	https://www.imdb.com/title/tt0005460/
tt0005463	https://www.imdb.com/title/tt0005463/
tt0005464	https://www.imdb.com/title/tt0005464/
tt0005465	https://www.imdb.com/title/tt0005465/
tt0005466	https://www.imdb.com/title/tt0005466/
tt0005470	https://www.imdb.com/title/tt0005470/
tt0005472	https://www.imdb.com/title/tt0005472/
tt0005473	https://www.imdb.com/title/tt0005473/
tt0005474	https://www.imdb.com/title/tt0005474/
tt0005476	https://www.imdb.com/title/tt0005476/
tt0005477	https://www.imdb.com/title/tt0005477/
tt0005483	https://www.imdb.com/title/tt0005483/
tt0005492	https://www.imdb.com/title/tt0005492/
tt0005493	https://www.imdb.com/title/tt0005493/
tt0005495	https://www.imdb.com/title/tt0005495/
tt0005496	https://www.imdb.com/title/tt0005496/
tt0005504	https://www.imdb.com/title/tt0005504/
tt0005509	https://www.imdb.com/title/tt0005509/
tt0005515	https://www.imdb.com/title/tt0005515/
tt0005516	https://www.imdb.com/title/tt0005516/
tt0005517	https://www.imdb.com/title/tt0005517/
tt0005519	https://www.imdb.com/title/tt0005519/
tt0005522	https://www.imdb.com/title/tt0005522/
tt0005525	https://www.imdb.com/title/tt0005525/
tt0005530	https://www.imdb.com/title/tt0005530/
tt0005533	https://www.imdb.com/title/tt0005533/
tt0005535	https://www.imdb.com/title/tt0005535/
tt0005537	https://www.imdb.com/title/tt0005537/
tt0005539	https://www.imdb.com/title/tt0005539/
tt0005541	https://www.imdb.com/title/tt0005541/
tt0005543	https://www.imdb.com/title/tt0005543/
tt0005548	https://www.imdb.com/title/tt0005548/
tt0005549	https://www.imdb.com/title/tt0005549/
tt0005551	https://www.imdb.com/title/tt0005551/
tt0005553	https://www.imdb.com/title/tt0005553/
tt0005554	https://www.imdb.com/title/tt0005554/
tt0005556	https://www.imdb.com/title/tt0005556/
tt0005557	https://www.imdb.com/title/tt0005557/
tt0005558	https://www.imdb.com/title/tt0005558/
tt0005559	https://www.imdb.com/title/tt0005559/
tt0005561	https://www.imdb.com/title/tt0005561/
tt0005562	https://www.imdb.com/title/tt0005562/
tt0005565	https://www.imdb.com/title/tt0005565/
tt0005566	https://www.imdb.com/title/tt0005566/
tt0005568	https://www.imdb.com/title/tt0005568/
tt0005569	https://www.imdb.com/title/tt0005569/
tt0005570	https://www.imdb.com/title/tt0005570/
tt0005572	https://www.imdb.com/title/tt0005572/
tt0005573	https://www.imdb.com/title/tt0005573/
tt0005575	https://www.imdb.com/title/tt0005575/
tt0005578	https://www.imdb.com/title/tt0005578/
tt0005579	https://www.imdb.com/title/tt0005579/
tt0005580	https://www.imdb.com/title/tt0005580/
tt0005581	https://www.imdb.com/title/tt0005581/
tt0005583	https://www.imdb.com/title/tt0005583/
tt0005585	https://www.imdb.com/title/tt0005585/
tt0005588	https://www.imdb.com/title/tt0005588/
tt0005589	https://www.imdb.com/title/tt0005589/
tt0005592	https://www.imdb.com/title/tt0005592/
tt0005593	https://www.imdb.com/title/tt0005593/
tt0005594	https://www.imdb.com/title/tt0005594/
tt0005596	https://www.imdb.com/title/tt0005596/
tt0005600	https://www.imdb.com/title/tt0005600/
tt0005602	https://www.imdb.com/title/tt0005602/
tt0005605	https://www.imdb.com/title/tt0005605/
tt0005607	https://www.imdb.com/title/tt0005607/
tt0005608	https://www.imdb.com/title/tt0005608/
tt0005615	https://www.imdb.com/title/tt0005615/
tt0005617	https://www.imdb.com/title/tt0005617/
tt0005618	https://www.imdb.com/title/tt0005618/
tt0005621	https://www.imdb.com/title/tt0005621/
tt0005623	https://www.imdb.com/title/tt0005623/
tt0005624	https://www.imdb.com/title/tt0005624/
tt0005626	https://www.imdb.com/title/tt0005626/
tt0005628	https://www.imdb.com/title/tt0005628/
tt0005630	https://www.imdb.com/title/tt0005630/
tt0005632	https://www.imdb.com/title/tt0005632/
tt0005633	https://www.imdb.com/title/tt0005633/
tt0005636	https://www.imdb.com/title/tt0005636/
tt0005639	https://www.imdb.com/title/tt0005639/
tt0005642	https://www.imdb.com/title/tt0005642/
tt0005644	https://www.imdb.com/title/tt0005644/
tt0005645	https://www.imdb.com/title/tt0005645/
tt0005648	https://www.imdb.com/title/tt0005648/
tt0005649	https://www.imdb.com/title/tt0005649/
tt0005653	https://www.imdb.com/title/tt0005653/
tt0005657	https://www.imdb.com/title/tt0005657/
tt0005665	https://www.imdb.com/title/tt0005665/
tt0005666	https://www.imdb.com/title/tt0005666/
tt0005667	https://www.imdb.com/title/tt0005667/
tt0005668	https://www.imdb.com/title/tt0005668/
tt0005669	https://www.imdb.com/title/tt0005669/
tt0005670	https://www.imdb.com/title/tt0005670/
tt0005671	https://www.imdb.com/title/tt0005671/
tt0005672	https://www.imdb.com/title/tt0005672/
tt0005680	https://www.imdb.com/title/tt0005680/
tt0005682	https://www.imdb.com/title/tt0005682/
tt0005683	https://www.imdb.com/title/tt0005683/
tt0005685	https://www.imdb.com/title/tt0005685/
tt0005686	https://www.imdb.com/title/tt0005686/
tt0005689	https://www.imdb.com/title/tt0005689/
tt0005693	https://www.imdb.com/title/tt0005693/
tt0005694	https://www.imdb.com/title/tt0005694/
tt0005695	https://www.imdb.com/title/tt0005695/
tt0005696	https://www.imdb.com/title/tt0005696/
tt0005698	https://www.imdb.com/title/tt0005698/
tt0005699	https://www.imdb.com/title/tt0005699/
tt0005700	https://www.imdb.com/title/tt0005700/
tt0005702	https://www.imdb.com/title/tt0005702/
tt0005705	https://www.imdb.com/title/tt0005705/
tt0005707	https://www.imdb.com/title/tt0005707/
tt0005708	https://www.imdb.com/title/tt0005708/
tt0005710	https://www.imdb.com/title/tt0005710/
tt0005711	https://www.imdb.com/title/tt0005711/
tt0005713	https://www.imdb.com/title/tt0005713/
tt0005714	https://www.imdb.com/title/tt0005714/
tt0005715	https://www.imdb.com/title/tt0005715/
tt0005716	https://www.imdb.com/title/tt0005716/
tt0005717	https://www.imdb.com/title/tt0005717/
tt0005719	https://www.imdb.com/title/tt0005719/
tt0005721	https://www.imdb.com/title/tt0005721/
tt0005722	https://www.imdb.com/title/tt0005722/
tt0005725	https://www.imdb.com/title/tt0005725/
tt0005728	https://www.imdb.com/title/tt0005728/
tt0005730	https://www.imdb.com/title/tt0005730/
tt0005732	https://www.imdb.com/title/tt0005732/
tt0005736	https://www.imdb.com/title/tt0005736/
tt0005738	https://www.imdb.com/title/tt0005738/
tt0005739	https://www.imdb.com/title/tt0005739/
tt0005740	https://www.imdb.com/title/tt0005740/
tt0005743	https://www.imdb.com/title/tt0005743/
tt0005744	https://www.imdb.com/title/tt0005744/
tt0005745	https://www.imdb.com/title/tt0005745/
tt0005746	https://www.imdb.com/title/tt0005746/
tt0005750	https://www.imdb.com/title/tt0005750/
tt0005755	https://www.imdb.com/title/tt0005755/
tt0005756	https://www.imdb.com/title/tt0005756/
tt0005760	https://www.imdb.com/title/tt0005760/
tt0005761	https://www.imdb.com/title/tt0005761/
tt0005762	https://www.imdb.com/title/tt0005762/
tt0005763	https://www.imdb.com/title/tt0005763/
tt0005764	https://www.imdb.com/title/tt0005764/
tt0005767	https://www.imdb.com/title/tt0005767/
tt0005769	https://www.imdb.com/title/tt0005769/
tt0005770	https://www.imdb.com/title/tt0005770/
tt0005772	https://www.imdb.com/title/tt0005772/
tt0005773	https://www.imdb.com/title/tt0005773/
tt0005775	https://www.imdb.com/title/tt0005775/
tt0005777	https://www.imdb.com/title/tt0005777/
tt0005781	https://www.imdb.com/title/tt0005781/
tt0005782	https://www.imdb.com/title/tt0005782/
tt0005785	https://www.imdb.com/title/tt0005785/
tt0005786	https://www.imdb.com/title/tt0005786/
tt0005787	https://www.imdb.com/title/tt0005787/
tt0005788	https://www.imdb.com/title/tt0005788/
tt0005790	https://www.imdb.com/title/tt0005790/
tt0005791	https://www.imdb.com/title/tt0005791/
tt0005793	https://www.imdb.com/title/tt0005793/
tt0005794	https://www.imdb.com/title/tt0005794/
tt0005795	https://www.imdb.com/title/tt0005795/
tt0005796	https://www.imdb.com/title/tt0005796/
tt0005797	https://www.imdb.com/title/tt0005797/
tt0005799	https://www.imdb.com/title/tt0005799/
tt0005800	https://www.imdb.com/title/tt0005800/
tt0005801	https://www.imdb.com/title/tt0005801/
tt0005802	https://www.imdb.com/title/tt0005802/
tt0005803	https://www.imdb.com/title/tt0005803/
tt0005804	https://www.imdb.com/title/tt0005804/
tt0005805	https://www.imdb.com/title/tt0005805/
tt0005808	https://www.imdb.com/title/tt0005808/
tt0005809	https://www.imdb.com/title/tt0005809/
tt0005813	https://www.imdb.com/title/tt0005813/
tt0005814	https://www.imdb.com/title/tt0005814/
tt0005815	https://www.imdb.com/title/tt0005815/
tt0005816	https://www.imdb.com/title/tt0005816/
tt0005818	https://www.imdb.com/title/tt0005818/
tt0005821	https://www.imdb.com/title/tt0005821/
tt0005823	https://www.imdb.com/title/tt0005823/
tt0005824	https://www.imdb.com/title/tt0005824/
tt0005827	https://www.imdb.com/title/tt0005827/
tt0005831	https://www.imdb.com/title/tt0005831/
tt0005832	https://www.imdb.com/title/tt0005832/
tt0005833	https://www.imdb.com/title/tt0005833/
tt0005836	https://www.imdb.com/title/tt0005836/
tt0005837	https://www.imdb.com/title/tt0005837/
tt0005844	https://www.imdb.com/title/tt0005844/
tt0005847	https://www.imdb.com/title/tt0005847/
tt0005850	https://www.imdb.com/title/tt0005850/
tt0005853	https://www.imdb.com/title/tt0005853/
tt0005856	https://www.imdb.com/title/tt0005856/
tt0005858	https://www.imdb.com/title/tt0005858/
tt0005859	https://www.imdb.com/title/tt0005859/
tt0005860	https://www.imdb.com/title/tt0005860/
tt0005862	https://www.imdb.com/title/tt0005862/
tt0005871	https://www.imdb.com/title/tt0005871/
tt0005873	https://www.imdb.com/title/tt0005873/
tt0005874	https://www.imdb.com/title/tt0005874/
tt0005876	https://www.imdb.com/title/tt0005876/
tt0005879	https://www.imdb.com/title/tt0005879/
tt0005881	https://www.imdb.com/title/tt0005881/
tt0005883	https://www.imdb.com/title/tt0005883/
tt0005884	https://www.imdb.com/title/tt0005884/
tt0005887	https://www.imdb.com/title/tt0005887/
tt0005889	https://www.imdb.com/title/tt0005889/
tt0005892	https://www.imdb.com/title/tt0005892/
tt0005895	https://www.imdb.com/title/tt0005895/
tt0005899	https://www.imdb.com/title/tt0005899/
tt0005900	https://www.imdb.com/title/tt0005900/
tt0005901	https://www.imdb.com/title/tt0005901/
tt0005903	https://www.imdb.com/title/tt0005903/
tt0005904	https://www.imdb.com/title/tt0005904/
tt0005905	https://www.imdb.com/title/tt0005905/
tt0005908	https://www.imdb.com/title/tt0005908/
tt0005911	https://www.imdb.com/title/tt0005911/
tt0005912	https://www.imdb.com/title/tt0005912/
tt0005916	https://www.imdb.com/title/tt0005916/
tt0005920	https://www.imdb.com/title/tt0005920/
tt0005921	https://www.imdb.com/title/tt0005921/
tt0005922	https://www.imdb.com/title/tt0005922/
tt0005923	https://www.imdb.com/title/tt0005923/
tt0005924	https://www.imdb.com/title/tt0005924/
tt0005926	https://www.imdb.com/title/tt0005926/
tt0005927	https://www.imdb.com/title/tt0005927/
tt0005928	https://www.imdb.com/title/tt0005928/
tt0005930	https://www.imdb.com/title/tt0005930/
tt0005931	https://www.imdb.com/title/tt0005931/
tt0005932	https://www.imdb.com/title/tt0005932/
tt0005935	https://www.imdb.com/title/tt0005935/
tt0005936	https://www.imdb.com/title/tt0005936/
tt0005939	https://www.imdb.com/title/tt0005939/
tt0005940	https://www.imdb.com/title/tt0005940/
tt0005945	https://www.imdb.com/title/tt0005945/
tt0005950	https://www.imdb.com/title/tt0005950/
tt0005955	https://www.imdb.com/title/tt0005955/
tt0005957	https://www.imdb.com/title/tt0005957/
tt0005959	https://www.imdb.com/title/tt0005959/
tt0005960	https://www.imdb.com/title/tt0005960/
tt0005965	https://www.imdb.com/title/tt0005965/
tt0005967	https://www.imdb.com/title/tt0005967/
tt0005968	https://www.imdb.com/title/tt0005968/
tt0005969	https://www.imdb.com/title/tt0005969/
tt0005970	https://www.imdb.com/title/tt0005970/
tt0005971	https://www.imdb.com/title/tt0005971/
tt0005972	https://www.imdb.com/title/tt0005972/
tt0005974	https://www.imdb.com/title/tt0005974/
tt0005977	https://www.imdb.com/title/tt0005977/
tt0005979	https://www.imdb.com/title/tt0005979/
tt0005980	https://www.imdb.com/title/tt0005980/
tt0005983	https://www.imdb.com/title/tt0005983/
tt0005984	https://www.imdb.com/title/tt0005984/
tt0005985	https://www.imdb.com/title/tt0005985/
tt0005987	https://www.imdb.com/title/tt0005987/
tt0005988	https://www.imdb.com/title/tt0005988/
tt0005990	https://www.imdb.com/title/tt0005990/
tt0005994	https://www.imdb.com/title/tt0005994/
tt0005995	https://www.imdb.com/title/tt0005995/
tt0005997	https://www.imdb.com/title/tt0005997/
tt0006000	https://www.imdb.com/title/tt0006000/
tt0006001	https://www.imdb.com/title/tt0006001/
tt0006002	https://www.imdb.com/title/tt0006002/
tt0006004	https://www.imdb.com/title/tt0006004/
tt0006007	https://www.imdb.com/title/tt0006007/
tt0006008	https://www.imdb.com/title/tt0006008/
tt0006010	https://www.imdb.com/title/tt0006010/
tt0006011	https://www.imdb.com/title/tt0006011/
tt0006012	https://www.imdb.com/title/tt0006012/
tt0006014	https://www.imdb.com/title/tt0006014/
tt0006015	https://www.imdb.com/title/tt0006015/
tt0006016	https://www.imdb.com/title/tt0006016/
tt0006017	https://www.imdb.com/title/tt0006017/
tt0006020	https://www.imdb.com/title/tt0006020/
tt0006021	https://www.imdb.com/title/tt0006021/
tt0006022	https://www.imdb.com/title/tt0006022/
tt0006023	https://www.imdb.com/title/tt0006023/
tt0006024	https://www.imdb.com/title/tt0006024/
tt0006025	https://www.imdb.com/title/tt0006025/
tt0006027	https://www.imdb.com/title/tt0006027/
tt0006028	https://www.imdb.com/title/tt0006028/
tt0006029	https://www.imdb.com/title/tt0006029/
tt0006030	https://www.imdb.com/title/tt0006030/
tt0006031	https://www.imdb.com/title/tt0006031/
tt0006037	https://www.imdb.com/title/tt0006037/
tt0006038	https://www.imdb.com/title/tt0006038/
tt0006039	https://www.imdb.com/title/tt0006039/
tt0006040	https://www.imdb.com/title/tt0006040/
tt0006041	https://www.imdb.com/title/tt0006041/
tt0006043	https://www.imdb.com/title/tt0006043/
tt0006044	https://www.imdb.com/title/tt0006044/
tt0006046	https://www.imdb.com/title/tt0006046/
tt0006048	https://www.imdb.com/title/tt0006048/
tt0006049	https://www.imdb.com/title/tt0006049/
tt0006051	https://www.imdb.com/title/tt0006051/
tt0006053	https://www.imdb.com/title/tt0006053/
tt0006055	https://www.imdb.com/title/tt0006055/
tt0006059	https://www.imdb.com/title/tt0006059/
tt0006060	https://www.imdb.com/title/tt0006060/
tt0006064	https://www.imdb.com/title/tt0006064/
tt0006065	https://www.imdb.com/title/tt0006065/
tt0006066	https://www.imdb.com/title/tt0006066/
tt0006069	https://www.imdb.com/title/tt0006069/
tt0006070	https://www.imdb.com/title/tt0006070/
tt0006071	https://www.imdb.com/title/tt0006071/
tt0006072	https://www.imdb.com/title/tt0006072/
tt0006073	https://www.imdb.com/title/tt0006073/
tt0006075	https://www.imdb.com/title/tt0006075/
tt0006080	https://www.imdb.com/title/tt0006080/
tt0006083	https://www.imdb.com/title/tt0006083/
tt0006084	https://www.imdb.com/title/tt0006084/
tt0006087	https://www.imdb.com/title/tt0006087/
tt0006096	https://www.imdb.com/title/tt0006096/
tt0006097	https://www.imdb.com/title/tt0006097/
tt0006098	https://www.imdb.com/title/tt0006098/
tt0006101	https://www.imdb.com/title/tt0006101/
tt0006104	https://www.imdb.com/title/tt0006104/
tt0006105	https://www.imdb.com/title/tt0006105/
tt0006106	https://www.imdb.com/title/tt0006106/
tt0006107	https://www.imdb.com/title/tt0006107/
tt0006111	https://www.imdb.com/title/tt0006111/
tt0006112	https://www.imdb.com/title/tt0006112/
tt0006116	https://www.imdb.com/title/tt0006116/
tt0006118	https://www.imdb.com/title/tt0006118/
tt0006120	https://www.imdb.com/title/tt0006120/
tt0006128	https://www.imdb.com/title/tt0006128/
tt0006129	https://www.imdb.com/title/tt0006129/
tt0006130	https://www.imdb.com/title/tt0006130/
tt0006132	https://www.imdb.com/title/tt0006132/
tt0006133	https://www.imdb.com/title/tt0006133/
tt0006137	https://www.imdb.com/title/tt0006137/
tt0006140	https://www.imdb.com/title/tt0006140/
tt0006144	https://www.imdb.com/title/tt0006144/
tt0006159	https://www.imdb.com/title/tt0006159/
tt0006160	https://www.imdb.com/title/tt0006160/
tt0006161	https://www.imdb.com/title/tt0006161/
tt0006165	https://www.imdb.com/title/tt0006165/
tt0006168	https://www.imdb.com/title/tt0006168/
tt0006173	https://www.imdb.com/title/tt0006173/
tt0006180	https://www.imdb.com/title/tt0006180/
tt0006182	https://www.imdb.com/title/tt0006182/
tt0006183	https://www.imdb.com/title/tt0006183/
tt0006185	https://www.imdb.com/title/tt0006185/
tt0006187	https://www.imdb.com/title/tt0006187/
tt0006188	https://www.imdb.com/title/tt0006188/
tt0006190	https://www.imdb.com/title/tt0006190/
tt0006192	https://www.imdb.com/title/tt0006192/
tt0006195	https://www.imdb.com/title/tt0006195/
tt0006196	https://www.imdb.com/title/tt0006196/
tt0006198	https://www.imdb.com/title/tt0006198/
tt0006199	https://www.imdb.com/title/tt0006199/
tt0006201	https://www.imdb.com/title/tt0006201/
tt0006202	https://www.imdb.com/title/tt0006202/
tt0006203	https://www.imdb.com/title/tt0006203/
tt0006205	https://www.imdb.com/title/tt0006205/
tt0006206	https://www.imdb.com/title/tt0006206/
tt0006207	https://www.imdb.com/title/tt0006207/
tt0006210	https://www.imdb.com/title/tt0006210/
tt0006211	https://www.imdb.com/title/tt0006211/
tt0006212	https://www.imdb.com/title/tt0006212/
tt0006213	https://www.imdb.com/title/tt0006213/
tt0006214	https://www.imdb.com/title/tt0006214/
tt0006217	https://www.imdb.com/title/tt0006217/
tt0006218	https://www.imdb.com/title/tt0006218/
tt0006221	https://www.imdb.com/title/tt0006221/
tt0006225	https://www.imdb.com/title/tt0006225/
tt0006230	https://www.imdb.com/title/tt0006230/
tt0006231	https://www.imdb.com/title/tt0006231/
tt0006235	https://www.imdb.com/title/tt0006235/
tt0006236	https://www.imdb.com/title/tt0006236/
tt0006237	https://www.imdb.com/title/tt0006237/
tt0006238	https://www.imdb.com/title/tt0006238/
tt0006240	https://www.imdb.com/title/tt0006240/
tt0006241	https://www.imdb.com/title/tt0006241/
tt0006242	https://www.imdb.com/title/tt0006242/
tt0006243	https://www.imdb.com/title/tt0006243/
tt0006244	https://www.imdb.com/title/tt0006244/
tt0006245	https://www.imdb.com/title/tt0006245/
tt0006247	https://www.imdb.com/title/tt0006247/
tt0006249	https://www.imdb.com/title/tt0006249/
tt0006252	https://www.imdb.com/title/tt0006252/
tt0006253	https://www.imdb.com/title/tt0006253/
tt0006254	https://www.imdb.com/title/tt0006254/
tt0006256	https://www.imdb.com/title/tt0006256/
tt0006266	https://www.imdb.com/title/tt0006266/
tt0006269	https://www.imdb.com/title/tt0006269/
tt0006270	https://www.imdb.com/title/tt0006270/
tt0006273	https://www.imdb.com/title/tt0006273/
tt0006276	https://www.imdb.com/title/tt0006276/
tt0006279	https://www.imdb.com/title/tt0006279/
tt0006280	https://www.imdb.com/title/tt0006280/
tt0006281	https://www.imdb.com/title/tt0006281/
tt0006282	https://www.imdb.com/title/tt0006282/
tt0006283	https://www.imdb.com/title/tt0006283/
tt0006285	https://www.imdb.com/title/tt0006285/
tt0006289	https://www.imdb.com/title/tt0006289/
tt0006290	https://www.imdb.com/title/tt0006290/
tt0006291	https://www.imdb.com/title/tt0006291/
tt0006292	https://www.imdb.com/title/tt0006292/
tt0006294	https://www.imdb.com/title/tt0006294/
tt0006295	https://www.imdb.com/title/tt0006295/
tt0006299	https://www.imdb.com/title/tt0006299/
tt0006300	https://www.imdb.com/title/tt0006300/
tt0006302	https://www.imdb.com/title/tt0006302/
tt0006303	https://www.imdb.com/title/tt0006303/
tt0006307	https://www.imdb.com/title/tt0006307/
tt0006308	https://www.imdb.com/title/tt0006308/
tt0006310	https://www.imdb.com/title/tt0006310/
tt0006311	https://www.imdb.com/title/tt0006311/
tt0006315	https://www.imdb.com/title/tt0006315/
tt0006316	https://www.imdb.com/title/tt0006316/
tt0006317	https://www.imdb.com/title/tt0006317/
tt0006318	https://www.imdb.com/title/tt0006318/
tt0006320	https://www.imdb.com/title/tt0006320/
tt0006321	https://www.imdb.com/title/tt0006321/
tt0006323	https://www.imdb.com/title/tt0006323/
tt0006324	https://www.imdb.com/title/tt0006324/
tt0006325	https://www.imdb.com/title/tt0006325/
tt0006327	https://www.imdb.com/title/tt0006327/
tt0006329	https://www.imdb.com/title/tt0006329/
tt0006330	https://www.imdb.com/title/tt0006330/
tt0006332	https://www.imdb.com/title/tt0006332/
tt0006386	https://www.imdb.com/title/tt0006386/
tt0006467	https://www.imdb.com/title/tt0006467/
tt0006517	https://www.imdb.com/title/tt0006517/
tt0006756	https://www.imdb.com/title/tt0006756/
tt0006772	https://www.imdb.com/title/tt0006772/
tt0006996	https://www.imdb.com/title/tt0006996/
tt0007117	https://www.imdb.com/title/tt0007117/
tt0007278	https://www.imdb.com/title/tt0007278/
tt0007375	https://www.imdb.com/title/tt0007375/
tt0007491	https://www.imdb.com/title/tt0007491/
tt0007565	https://www.imdb.com/title/tt0007565/
tt0009348	https://www.imdb.com/title/tt0009348/
tt0013225	https://www.imdb.com/title/tt0013225/
tt0123871	https://www.imdb.com/title/tt0123871/
tt0125136	https://www.imdb.com/title/tt0125136/
tt0125513	https://www.imdb.com/title/tt0125513/
tt0126238	https://www.imdb.com/title/tt0126238/
tt0126284	https://www.imdb.com/title/tt0126284/
tt0126898	https://www.imdb.com/title/tt0126898/
tt0127494	https://www.imdb.com/title/tt0127494/
tt0127544	https://www.imdb.com/title/tt0127544/
tt0127568	https://www.imdb.com/title/tt0127568/
tt0127895	https://www.imdb.com/title/tt0127895/
tt0128211	https://www.imdb.com/title/tt0128211/
tt0128382	https://www.imdb.com/title/tt0128382/
tt0128858	https://www.imdb.com/title/tt0128858/
tt0129045	https://www.imdb.com/title/tt0129045/
tt0129081	https://www.imdb.com/title/tt0129081/
tt0129274	https://www.imdb.com/title/tt0129274/
tt0129323	https://www.imdb.com/title/tt0129323/
tt0129339	https://www.imdb.com/title/tt0129339/
tt0129383	https://www.imdb.com/title/tt0129383/
tt0130014	https://www.imdb.com/title/tt0130014/
tt0130056	https://www.imdb.com/title/tt0130056/
tt0130067	https://www.imdb.com/title/tt0130067/
tt0130084	https://www.imdb.com/title/tt0130084/
tt0130265	https://www.imdb.com/title/tt0130265/
tt0130308	https://www.imdb.com/title/tt0130308/
tt0130389	https://www.imdb.com/title/tt0130389/
tt0131350	https://www.imdb.com/title/tt0131350/
tt0131406	https://www.imdb.com/title/tt0131406/
tt0133754	https://www.imdb.com/title/tt0133754/
tt0133851	https://www.imdb.com/title/tt0133851/
tt0133891	https://www.imdb.com/title/tt0133891/
tt0133921	https://www.imdb.com/title/tt0133921/
tt0134007	https://www.imdb.com/title/tt0134007/
tt0135786	https://www.imdb.com/title/tt0135786/
tt0136213	https://www.imdb.com/title/tt0136213/
tt0136372	https://www.imdb.com/title/tt0136372/
tt0136578	https://www.imdb.com/title/tt0136578/
tt0137811	https://www.imdb.com/title/tt0137811/
tt0137814	https://www.imdb.com/title/tt0137814/
tt0138566	https://www.imdb.com/title/tt0138566/
tt0139431	https://www.imdb.com/title/tt0139431/
tt0139441	https://www.imdb.com/title/tt0139441/
tt0139473	https://www.imdb.com/title/tt0139473/
tt0139570	https://www.imdb.com/title/tt0139570/
tt0141587	https://www.imdb.com/title/tt0141587/
tt0143099	https://www.imdb.com/title/tt0143099/
tt0143114	https://www.imdb.com/title/tt0143114/
tt0143655	https://www.imdb.com/title/tt0143655/
tt0143796	https://www.imdb.com/title/tt0143796/
tt0143951	https://www.imdb.com/title/tt0143951/
tt0145524	https://www.imdb.com/title/tt0145524/
tt0146334	https://www.imdb.com/title/tt0146334/
tt0146338	https://www.imdb.com/title/tt0146338/
tt0154705	https://www.imdb.com/title/tt0154705/
tt0154780	https://www.imdb.com/title/tt0154780/
tt0154811	https://www.imdb.com/title/tt0154811/
tt0155022	https://www.imdb.com/title/tt0155022/
tt0155025	https://www.imdb.com/title/tt0155025/
tt0155183	https://www.imdb.com/title/tt0155183/
tt0155231	https://www.imdb.com/title/tt0155231/
tt0155274	https://www.imdb.com/title/tt0155274/
tt0156394	https://www.imdb.com/title/tt0156394/
tt0156560	https://www.imdb.com/title/tt0156560/
tt0156565	https://www.imdb.com/title/tt0156565/
tt0156625	https://www.imdb.com/title/tt0156625/
tt0157009	https://www.imdb.com/title/tt0157009/
tt0158511	https://www.imdb.com/title/tt0158511/
tt0158588	https://www.imdb.com/title/tt0158588/
tt0158726	https://www.imdb.com/title/tt0158726/
tt0159306	https://www.imdb.com/title/tt0159306/
tt0159341	https://www.imdb.com/title/tt0159341/
tt0162131	https://www.imdb.com/title/tt0162131/
tt0162228	https://www.imdb.com/title/tt0162228/
tt0162356	https://www.imdb.com/title/tt0162356/
tt0162496	https://www.imdb.com/title/tt0162496/
tt0162701	https://www.imdb.com/title/tt0162701/
tt0163131	https://www.imdb.com/title/tt0163131/
tt0163686	https://www.imdb.com/title/tt0163686/
tt0167894	https://www.imdb.com/title/tt0167894/
tt0169780	https://www.imdb.com/title/tt0169780/
tt0169786	https://www.imdb.com/title/tt0169786/
tt0171274	https://www.imdb.com/title/tt0171274/
tt0173837	https://www.imdb.com/title/tt0173837/
tt0173845	https://www.imdb.com/title/tt0173845/
tt0174815	https://www.imdb.com/title/tt0174815/
tt0175028	https://www.imdb.com/title/tt0175028/
tt0175434	https://www.imdb.com/title/tt0175434/
tt0176769	https://www.imdb.com/title/tt0176769/
tt0177041	https://www.imdb.com/title/tt0177041/
tt0177078	https://www.imdb.com/title/tt0177078/
tt0177660	https://www.imdb.com/title/tt0177660/
tt0177661	https://www.imdb.com/title/tt0177661/
tt0177662	https://www.imdb.com/title/tt0177662/
tt0177999	https://www.imdb.com/title/tt0177999/
tt0178520	https://www.imdb.com/title/tt0178520/
tt0178542	https://www.imdb.com/title/tt0178542/
tt0178944	https://www.imdb.com/title/tt0178944/
tt0179949	https://www.imdb.com/title/tt0179949/
tt0182538	https://www.imdb.com/title/tt0182538/
tt0183271	https://www.imdb.com/title/tt0183271/
tt0183379	https://www.imdb.com/title/tt0183379/
tt0183936	https://www.imdb.com/title/tt0183936/
tt0184705	https://www.imdb.com/title/tt0184705/
tt0186352	https://www.imdb.com/title/tt0186352/
tt0188087	https://www.imdb.com/title/tt0188087/
tt0188098	https://www.imdb.com/title/tt0188098/
tt0188099	https://www.imdb.com/title/tt0188099/
tt0188951	https://www.imdb.com/title/tt0188951/
tt0189440	https://www.imdb.com/title/tt0189440/
tt0191928	https://www.imdb.com/title/tt0191928/
tt0192290	https://www.imdb.com/title/tt0192290/
tt0192394	https://www.imdb.com/title/tt0192394/
tt0193132	https://www.imdb.com/title/tt0193132/
tt0193351	https://www.imdb.com/title/tt0193351/
tt0195910	https://www.imdb.com/title/tt0195910/
tt0195921	https://www.imdb.com/title/tt0195921/
tt0195930	https://www.imdb.com/title/tt0195930/
tt0196170	https://www.imdb.com/title/tt0196170/
tt0196591	https://www.imdb.com/title/tt0196591/
tt0196765	https://www.imdb.com/title/tt0196765/
tt0199670	https://www.imdb.com/title/tt0199670/
tt0200054	https://www.imdb.com/title/tt0200054/
tt0202823	https://www.imdb.com/title/tt0202823/
tt0202833	https://www.imdb.com/title/tt0202833/
tt0202925	https://www.imdb.com/title/tt0202925/
tt0202975	https://www.imdb.com/title/tt0202975/
tt0203106	https://www.imdb.com/title/tt0203106/
tt0203108	https://www.imdb.com/title/tt0203108/
tt0203465	https://www.imdb.com/title/tt0203465/
tt0203483	https://www.imdb.com/title/tt0203483/
tt0203511	https://www.imdb.com/title/tt0203511/
tt0203518	https://www.imdb.com/title/tt0203518/
tt0204023	https://www.imdb.com/title/tt0204023/
tt0207384	https://www.imdb.com/title/tt0207384/
tt0208354	https://www.imdb.com/title/tt0208354/
tt0208479	https://www.imdb.com/title/tt0208479/
tt0208938	https://www.imdb.com/title/tt0208938/
tt0208939	https://www.imdb.com/title/tt0208939/
tt0208955	https://www.imdb.com/title/tt0208955/
tt0208963	https://www.imdb.com/title/tt0208963/
tt0208982	https://www.imdb.com/title/tt0208982/
tt0209184	https://www.imdb.com/title/tt0209184/
tt0209285	https://www.imdb.com/title/tt0209285/
tt0209338	https://www.imdb.com/title/tt0209338/
tt0209434	https://www.imdb.com/title/tt0209434/
tt0209454	https://www.imdb.com/title/tt0209454/
tt0209949	https://www.imdb.com/title/tt0209949/
tt0210586	https://www.imdb.com/title/tt0210586/
tt0210706	https://www.imdb.com/title/tt0210706/
tt0210791	https://www.imdb.com/title/tt0210791/
tt0210822	https://www.imdb.com/title/tt0210822/
tt0210856	https://www.imdb.com/title/tt0210856/
tt0210871	https://www.imdb.com/title/tt0210871/
tt0210900	https://www.imdb.com/title/tt0210900/
tt0210917	https://www.imdb.com/title/tt0210917/
tt0210923	https://www.imdb.com/title/tt0210923/
tt0211069	https://www.imdb.com/title/tt0211069/
tt0211075	https://www.imdb.com/title/tt0211075/
tt0211095	https://www.imdb.com/title/tt0211095/
tt0211099	https://www.imdb.com/title/tt0211099/
tt0211127	https://www.imdb.com/title/tt0211127/
tt0214234	https://www.imdb.com/title/tt0214234/
tt0215030	https://www.imdb.com/title/tt0215030/
tt0216430	https://www.imdb.com/title/tt0216430/
tt0222101	https://www.imdb.com/title/tt0222101/
tt0222102	https://www.imdb.com/title/tt0222102/
tt0222769	https://www.imdb.com/title/tt0222769/
tt0222948	https://www.imdb.com/title/tt0222948/
tt0223202	https://www.imdb.com/title/tt0223202/
tt0223852	https://www.imdb.com/title/tt0223852/
tt0224358	https://www.imdb.com/title/tt0224358/
tt0224359	https://www.imdb.com/title/tt0224359/
tt0226754	https://www.imdb.com/title/tt0226754/
tt0231668	https://www.imdb.com/title/tt0231668/
tt0240489	https://www.imdb.com/title/tt0240489/
tt0241171	https://www.imdb.com/title/tt0241171/
tt0241191	https://www.imdb.com/title/tt0241191/
tt0241279	https://www.imdb.com/title/tt0241279/
tt0241327	https://www.imdb.com/title/tt0241327/
tt0241333	https://www.imdb.com/title/tt0241333/
tt0241338	https://www.imdb.com/title/tt0241338/
tt0241513	https://www.imdb.com/title/tt0241513/
tt0241555	https://www.imdb.com/title/tt0241555/
tt0241741	https://www.imdb.com/title/tt0241741/
tt0241898	https://www.imdb.com/title/tt0241898/
tt0241930	https://www.imdb.com/title/tt0241930/
tt0242013	https://www.imdb.com/title/tt0242013/
tt0242033	https://www.imdb.com/title/tt0242033/
tt0242112	https://www.imdb.com/title/tt0242112/
tt0242166	https://www.imdb.com/title/tt0242166/
tt0242600	https://www.imdb.com/title/tt0242600/
tt0242605	https://www.imdb.com/title/tt0242605/
tt0243198	https://www.imdb.com/title/tt0243198/
tt0249383	https://www.imdb.com/title/tt0249383/
tt0251043	https://www.imdb.com/title/tt0251043/
tt0251271	https://www.imdb.com/title/tt0251271/
tt0253809	https://www.imdb.com/title/tt0253809/
tt0265742	https://www.imdb.com/title/tt0265742/
tt0266009	https://www.imdb.com/title/tt0266009/
tt0266229	https://www.imdb.com/title/tt0266229/
tt0271030	https://www.imdb.com/title/tt0271030/
tt0271117	https://www.imdb.com/title/tt0271117/
tt0271185	https://www.imdb.com/title/tt0271185/
tt0271562	https://www.imdb.com/title/tt0271562/
tt0271759	https://www.imdb.com/title/tt0271759/
tt0271871	https://www.imdb.com/title/tt0271871/
tt0273550	https://www.imdb.com/title/tt0273550/
tt0273565	https://www.imdb.com/title/tt0273565/
tt0276974	https://www.imdb.com/title/tt0276974/
tt0296980	https://www.imdb.com/title/tt0296980/
tt0299738	https://www.imdb.com/title/tt0299738/
tt0300184	https://www.imdb.com/title/tt0300184/
tt0305653	https://www.imdb.com/title/tt0305653/
tt0307959	https://www.imdb.com/title/tt0307959/
tt0308082	https://www.imdb.com/title/tt0308082/
tt0308446	https://www.imdb.com/title/tt0308446/
tt0308711	https://www.imdb.com/title/tt0308711/
tt0308738	https://www.imdb.com/title/tt0308738/
tt0310801	https://www.imdb.com/title/tt0310801/
tt0313308	https://www.imdb.com/title/tt0313308/
tt0315165	https://www.imdb.com/title/tt0315165/
tt0315358	https://www.imdb.com/title/tt0315358/
tt0317134	https://www.imdb.com/title/tt0317134/
tt0318785	https://www.imdb.com/title/tt0318785/
tt0319098	https://www.imdb.com/title/tt0319098/
tt0319136	https://www.imdb.com/title/tt0319136/
tt0319150	https://www.imdb.com/title/tt0319150/
tt0319445	https://www.imdb.com/title/tt0319445/
tt0321163	https://www.imdb.com/title/tt0321163/
tt0321729	https://www.imdb.com/title/tt0321729/
tt0321732	https://www.imdb.com/title/tt0321732/
tt0321863	https://www.imdb.com/title/tt0321863/
tt0321935	https://www.imdb.com/title/tt0321935/
tt0321980	https://www.imdb.com/title/tt0321980/
tt0322048	https://www.imdb.com/title/tt0322048/
tt0323336	https://www.imdb.com/title/tt0323336/
tt0325344	https://www.imdb.com/title/tt0325344/
tt0325357	https://www.imdb.com/title/tt0325357/
tt0325379	https://www.imdb.com/title/tt0325379/
tt0325384	https://www.imdb.com/title/tt0325384/
tt0325385	https://www.imdb.com/title/tt0325385/
tt0325399	https://www.imdb.com/title/tt0325399/
tt0325465	https://www.imdb.com/title/tt0325465/
tt0326993	https://www.imdb.com/title/tt0326993/
tt0327834	https://www.imdb.com/title/tt0327834/
tt0327853	https://www.imdb.com/title/tt0327853/
tt0327953	https://www.imdb.com/title/tt0327953/
tt0327975	https://www.imdb.com/title/tt0327975/
tt0328346	https://www.imdb.com/title/tt0328346/
tt0329159	https://www.imdb.com/title/tt0329159/
tt0330115	https://www.imdb.com/title/tt0330115/
tt0330380	https://www.imdb.com/title/tt0330380/
tt0330444	https://www.imdb.com/title/tt0330444/
tt0330544	https://www.imdb.com/title/tt0330544/
tt0332690	https://www.imdb.com/title/tt0332690/
tt0333796	https://www.imdb.com/title/tt0333796/
tt0333878	https://www.imdb.com/title/tt0333878/
tt0333882	https://www.imdb.com/title/tt0333882/
tt0334387	https://www.imdb.com/title/tt0334387/
tt0335798	https://www.imdb.com/title/tt0335798/
tt0338266	https://www.imdb.com/title/tt0338266/
tt0338284	https://www.imdb.com/title/tt0338284/
tt0338333	https://www.imdb.com/title/tt0338333/
tt0338389	https://www.imdb.com/title/tt0338389/
tt0338393	https://www.imdb.com/title/tt0338393/
tt0338394	https://www.imdb.com/title/tt0338394/
tt0339460	https://www.imdb.com/title/tt0339460/
tt0339657	https://www.imdb.com/title/tt0339657/
tt0339668	https://www.imdb.com/title/tt0339668/
tt0340993	https://www.imdb.com/title/tt0340993/
tt0342353	https://www.imdb.com/title/tt0342353/
tt0342389	https://www.imdb.com/title/tt0342389/
tt0343810	https://www.imdb.com/title/tt0343810/
tt0344446	https://www.imdb.com/title/tt0344446/
tt0346088	https://www.imdb.com/title/tt0346088/
tt0348145	https://www.imdb.com/title/tt0348145/
tt0348278	https://www.imdb.com/title/tt0348278/
tt0348282	https://www.imdb.com/title/tt0348282/
tt0348302	https://www.imdb.com/title/tt0348302/
tt0348358	https://www.imdb.com/title/tt0348358/
tt0348365	https://www.imdb.com/title/tt0348365/
tt0348381	https://www.imdb.com/title/tt0348381/
tt0348394	https://www.imdb.com/title/tt0348394/
tt0348395	https://www.imdb.com/title/tt0348395/
tt0348400	https://www.imdb.com/title/tt0348400/
tt0348407	https://www.imdb.com/title/tt0348407/
tt0348796	https://www.imdb.com/title/tt0348796/
tt0350328	https://www.imdb.com/title/tt0350328/
tt0353942	https://www.imdb.com/title/tt0353942/
tt0356564	https://www.imdb.com/title/tt0356564/
tt0356574	https://www.imdb.com/title/tt0356574/
tt0356587	https://www.imdb.com/title/tt0356587/
tt0356802	https://www.imdb.com/title/tt0356802/
tt0356838	https://www.imdb.com/title/tt0356838/
tt0357180	https://www.imdb.com/title/tt0357180/
tt0357264	https://www.imdb.com/title/tt0357264/
tt0357635	https://www.imdb.com/title/tt0357635/
tt0398087	https://www.imdb.com/title/tt0398087/
tt0404200	https://www.imdb.com/title/tt0404200/
tt0405212	https://www.imdb.com/title/tt0405212/
tt0406944	https://www.imdb.com/title/tt0406944/
tt0417648	https://www.imdb.com/title/tt0417648/
tt0418043	https://www.imdb.com/title/tt0418043/
tt0422103	https://www.imdb.com/title/tt0422103/
tt0424284	https://www.imdb.com/title/tt0424284/
tt0427283	https://www.imdb.com/title/tt0427283/
tt0428966	https://www.imdb.com/title/tt0428966/
tt0433919	https://www.imdb.com/title/tt0433919/
tt0434176	https://www.imdb.com/title/tt0434176/
tt0435473	https://www.imdb.com/title/tt0435473/
tt0435547	https://www.imdb.com/title/tt0435547/
tt0438095	https://www.imdb.com/title/tt0438095/
tt0438537	https://www.imdb.com/title/tt0438537/
tt0438679	https://www.imdb.com/title/tt0438679/
tt0440056	https://www.imdb.com/title/tt0440056/
tt0440651	https://www.imdb.com/title/tt0440651/
tt0440772	https://www.imdb.com/title/tt0440772/
tt0440805	https://www.imdb.com/title/tt0440805/
tt0440902	https://www.imdb.com/title/tt0440902/
tt0442170	https://www.imdb.com/title/tt0442170/
tt0442251	https://www.imdb.com/title/tt0442251/
tt0442613	https://www.imdb.com/title/tt0442613/
tt0443877	https://www.imdb.com/title/tt0443877/
tt0445793	https://www.imdb.com/title/tt0445793/
tt0447186	https://www.imdb.com/title/tt0447186/
tt0447408	https://www.imdb.com/title/tt0447408/
tt0451296	https://www.imdb.com/title/tt0451296/
tt0451643	https://www.imdb.com/title/tt0451643/
tt0451733	https://www.imdb.com/title/tt0451733/
tt0453089	https://www.imdb.com/title/tt0453089/
tt0454119	https://www.imdb.com/title/tt0454119/
tt0454142	https://www.imdb.com/title/tt0454142/
tt0455131	https://www.imdb.com/title/tt0455131/
tt0455433	https://www.imdb.com/title/tt0455433/
tt0455442	https://www.imdb.com/title/tt0455442/
tt0457900	https://www.imdb.com/title/tt0457900/
tt0459012	https://www.imdb.com/title/tt0459012/
tt0460283	https://www.imdb.com/title/tt0460283/
tt0461231	https://www.imdb.com/title/tt0461231/
tt0461252	https://www.imdb.com/title/tt0461252/
tt0461277	https://www.imdb.com/title/tt0461277/
tt0461418	https://www.imdb.com/title/tt0461418/
tt0462420	https://www.imdb.com/title/tt0462420/
tt0462558	https://www.imdb.com/title/tt0462558/
tt0462572	https://www.imdb.com/title/tt0462572/
tt0463656	https://www.imdb.com/title/tt0463656/
tt0464662	https://www.imdb.com/title/tt0464662/
tt0464765	https://www.imdb.com/title/tt0464765/
tt0465175	https://www.imdb.com/title/tt0465175/
tt0465197	https://www.imdb.com/title/tt0465197/
tt0465219	https://www.imdb.com/title/tt0465219/
tt0465312	https://www.imdb.com/title/tt0465312/
tt0465313	https://www.imdb.com/title/tt0465313/
tt0470624	https://www.imdb.com/title/tt0470624/
tt0471719	https://www.imdb.com/title/tt0471719/
tt0471816	https://www.imdb.com/title/tt0471816/
tt0474540	https://www.imdb.com/title/tt0474540/
tt0474895	https://www.imdb.com/title/tt0474895/
tt0474915	https://www.imdb.com/title/tt0474915/
tt0476339	https://www.imdb.com/title/tt0476339/
tt0477727	https://www.imdb.com/title/tt0477727/
tt0482690	https://www.imdb.com/title/tt0482690/
tt0482836	https://www.imdb.com/title/tt0482836/
tt0482935	https://www.imdb.com/title/tt0482935/
tt0483024	https://www.imdb.com/title/tt0483024/
tt0483316	https://www.imdb.com/title/tt0483316/
tt0484773	https://www.imdb.com/title/tt0484773/
tt0484780	https://www.imdb.com/title/tt0484780/
tt0485140	https://www.imdb.com/title/tt0485140/
tt0486331	https://www.imdb.com/title/tt0486331/
tt0486502	https://www.imdb.com/title/tt0486502/
tt0491971	https://www.imdb.com/title/tt0491971/
tt0496707	https://www.imdb.com/title/tt0496707/
tt0497244	https://www.imdb.com/title/tt0497244/
tt0773099	https://www.imdb.com/title/tt0773099/
tt0795927	https://www.imdb.com/title/tt0795927/
tt0795985	https://www.imdb.com/title/tt0795985/
tt0812361	https://www.imdb.com/title/tt0812361/
tt0821983	https://www.imdb.com/title/tt0821983/
tt0842689	https://www.imdb.com/title/tt0842689/
tt0842695	https://www.imdb.com/title/tt0842695/
tt0867483	https://www.imdb.com/title/tt0867483/
tt0870016	https://www.imdb.com/title/tt0870016/
tt0898277	https://www.imdb.com/title/tt0898277/
tt0903877	https://www.imdb.com/title/tt0903877/
tt0904020	https://www.imdb.com/title/tt0904020/
tt0922906	https://www.imdb.com/title/tt0922906/
tt0922964	https://www.imdb.com/title/tt0922964/
tt0924288	https://www.imdb.com/title/tt0924288/
tt0927125	https://www.imdb.com/title/tt0927125/
tt0927154	https://www.imdb.com/title/tt0927154/
tt0938513	https://www.imdb.com/title/tt0938513/
tt0938568	https://www.imdb.com/title/tt0938568/
tt0938569	https://www.imdb.com/title/tt0938569/
tt0938712	https://www.imdb.com/title/tt0938712/
tt0938722	https://www.imdb.com/title/tt0938722/
tt0938760	https://www.imdb.com/title/tt0938760/
tt0938776	https://www.imdb.com/title/tt0938776/
tt0938846	https://www.imdb.com/title/tt0938846/
tt0943338	https://www.imdb.com/title/tt0943338/
tt0943360	https://www.imdb.com/title/tt0943360/
tt0943400	https://www.imdb.com/title/tt0943400/
tt0943416	https://www.imdb.com/title/tt0943416/
tt0943454	https://www.imdb.com/title/tt0943454/
tt0943469	https://www.imdb.com/title/tt0943469/
tt0943498	https://www.imdb.com/title/tt0943498/
tt0944144	https://www.imdb.com/title/tt0944144/
tt0949344	https://www.imdb.com/title/tt0949344/
tt0949491	https://www.imdb.com/title/tt0949491/
tt0949542	https://www.imdb.com/title/tt0949542/
tt0949546	https://www.imdb.com/title/tt0949546/
tt0950631	https://www.imdb.com/title/tt0950631/
tt0953545	https://www.imdb.com/title/tt0953545/
tt0959511	https://www.imdb.com/title/tt0959511/
tt0962757	https://www.imdb.com/title/tt0962757/
tt0963270	https://www.imdb.com/title/tt0963270/
tt0963280	https://www.imdb.com/title/tt0963280/
tt0963336	https://www.imdb.com/title/tt0963336/
tt0978622	https://www.imdb.com/title/tt0978622/
tt0981014	https://www.imdb.com/title/tt0981014/
tt0991281	https://www.imdb.com/title/tt0991281/
tt10028410	https://www.imdb.com/title/tt10028410/
tt1023459	https://www.imdb.com/title/tt1023459/
tt1027092	https://www.imdb.com/title/tt1027092/
tt1027103	https://www.imdb.com/title/tt1027103/
tt1027132	https://www.imdb.com/title/tt1027132/
tt1027152	https://www.imdb.com/title/tt1027152/
tt1027162	https://www.imdb.com/title/tt1027162/
tt1029157	https://www.imdb.com/title/tt1029157/
tt1037741	https://www.imdb.com/title/tt1037741/
tt1037742	https://www.imdb.com/title/tt1037742/
tt1041687	https://www.imdb.com/title/tt1041687/
tt1041702	https://www.imdb.com/title/tt1041702/
tt1041703	https://www.imdb.com/title/tt1041703/
tt1041709	https://www.imdb.com/title/tt1041709/
tt1041795	https://www.imdb.com/title/tt1041795/
tt1041817	https://www.imdb.com/title/tt1041817/
tt1041818	https://www.imdb.com/title/tt1041818/
tt1041849	https://www.imdb.com/title/tt1041849/
tt1042360	https://www.imdb.com/title/tt1042360/
tt1042551	https://www.imdb.com/title/tt1042551/
tt1043507	https://www.imdb.com/title/tt1043507/
tt1045038	https://www.imdb.com/title/tt1045038/
tt1045072	https://www.imdb.com/title/tt1045072/
tt1047685	https://www.imdb.com/title/tt1047685/
tt1049042	https://www.imdb.com/title/tt1049042/
tt1049167	https://www.imdb.com/title/tt1049167/
tt1050221	https://www.imdb.com/title/tt1050221/
tt1053856	https://www.imdb.com/title/tt1053856/
tt1062220	https://www.imdb.com/title/tt1062220/
tt1062277	https://www.imdb.com/title/tt1062277/
tt1062341	https://www.imdb.com/title/tt1062341/
tt1062346	https://www.imdb.com/title/tt1062346/
tt1063629	https://www.imdb.com/title/tt1063629/
tt1063650	https://www.imdb.com/title/tt1063650/
tt1063664	https://www.imdb.com/title/tt1063664/
tt1064733	https://www.imdb.com/title/tt1064733/
tt1064752	https://www.imdb.com/title/tt1064752/
tt1066508	https://www.imdb.com/title/tt1066508/
tt1067208	https://www.imdb.com/title/tt1067208/
tt1067219	https://www.imdb.com/title/tt1067219/
tt1067227	https://www.imdb.com/title/tt1067227/
tt1067242	https://www.imdb.com/title/tt1067242/
tt1070751	https://www.imdb.com/title/tt1070751/
tt1070856	https://www.imdb.com/title/tt1070856/
tt1070877	https://www.imdb.com/title/tt1070877/
tt1070884	https://www.imdb.com/title/tt1070884/
tt1071968	https://www.imdb.com/title/tt1071968/
tt1074491	https://www.imdb.com/title/tt1074491/
tt1074514	https://www.imdb.com/title/tt1074514/
tt1074570	https://www.imdb.com/title/tt1074570/
tt1074617	https://www.imdb.com/title/tt1074617/
tt1080884	https://www.imdb.com/title/tt1080884/
tt1080908	https://www.imdb.com/title/tt1080908/
tt1081009	https://www.imdb.com/title/tt1081009/
tt10814898	https://www.imdb.com/title/tt10814898/
tt10973962	https://www.imdb.com/title/tt10973962/
tt11043978	https://www.imdb.com/title/tt11043978/
tt1116960	https://www.imdb.com/title/tt1116960/
tt11186496	https://www.imdb.com/title/tt11186496/
tt11186542	https://www.imdb.com/title/tt11186542/
tt1121109	https://www.imdb.com/title/tt1121109/
tt1121114	https://www.imdb.com/title/tt1121114/
tt1144908	https://www.imdb.com/title/tt1144908/
tt1155658	https://www.imdb.com/title/tt1155658/
tt1163908	https://www.imdb.com/title/tt1163908/
tt1168746	https://www.imdb.com/title/tt1168746/
tt1168757	https://www.imdb.com/title/tt1168757/
tt11714608	https://www.imdb.com/title/tt11714608/
tt1173455	https://www.imdb.com/title/tt1173455/
tt1175259	https://www.imdb.com/title/tt1175259/
tt1177181	https://www.imdb.com/title/tt1177181/
tt1178098	https://www.imdb.com/title/tt1178098/
tt1178146	https://www.imdb.com/title/tt1178146/
tt1178167	https://www.imdb.com/title/tt1178167/
tt1178176	https://www.imdb.com/title/tt1178176/
tt1178177	https://www.imdb.com/title/tt1178177/
tt1179921	https://www.imdb.com/title/tt1179921/
tt1180713	https://www.imdb.com/title/tt1180713/
tt1184686	https://www.imdb.com/title/tt1184686/
tt1184713	https://www.imdb.com/title/tt1184713/
tt1184744	https://www.imdb.com/title/tt1184744/
tt1184754	https://www.imdb.com/title/tt1184754/
tt1184756	https://www.imdb.com/title/tt1184756/
tt1184780	https://www.imdb.com/title/tt1184780/
tt1184784	https://www.imdb.com/title/tt1184784/
tt1184804	https://www.imdb.com/title/tt1184804/
tt1184811	https://www.imdb.com/title/tt1184811/
tt1184825	https://www.imdb.com/title/tt1184825/
tt1184844	https://www.imdb.com/title/tt1184844/
tt1184850	https://www.imdb.com/title/tt1184850/
tt1192127	https://www.imdb.com/title/tt1192127/
tt1192143	https://www.imdb.com/title/tt1192143/
tt1194254	https://www.imdb.com/title/tt1194254/
tt1194260	https://www.imdb.com/title/tt1194260/
tt1199600	https://www.imdb.com/title/tt1199600/
tt1199687	https://www.imdb.com/title/tt1199687/
tt1200765	https://www.imdb.com/title/tt1200765/
tt1200782	https://www.imdb.com/title/tt1200782/
tt1200827	https://www.imdb.com/title/tt1200827/
tt1200862	https://www.imdb.com/title/tt1200862/
tt1206001	https://www.imdb.com/title/tt1206001/
tt1206906	https://www.imdb.com/title/tt1206906/
tt1206909	https://www.imdb.com/title/tt1206909/
tt1206944	https://www.imdb.com/title/tt1206944/
tt1207016	https://www.imdb.com/title/tt1207016/
tt1207072	https://www.imdb.com/title/tt1207072/
tt12075336	https://www.imdb.com/title/tt12075336/
tt1207974	https://www.imdb.com/title/tt1207974/
tt1208652	https://www.imdb.com/title/tt1208652/
tt1208659	https://www.imdb.com/title/tt1208659/
tt1208720	https://www.imdb.com/title/tt1208720/
tt1208741	https://www.imdb.com/title/tt1208741/
tt1213677	https://www.imdb.com/title/tt1213677/
tt1213693	https://www.imdb.com/title/tt1213693/
tt1213698	https://www.imdb.com/title/tt1213698/
tt1215864	https://www.imdb.com/title/tt1215864/
tt1215875	https://www.imdb.com/title/tt1215875/
tt1215912	https://www.imdb.com/title/tt1215912/
tt1215915	https://www.imdb.com/title/tt1215915/
tt1218984	https://www.imdb.com/title/tt1218984/
tt1219158	https://www.imdb.com/title/tt1219158/
tt1219220	https://www.imdb.com/title/tt1219220/
tt1219246	https://www.imdb.com/title/tt1219246/
tt1220671	https://www.imdb.com/title/tt1220671/
tt1220684	https://www.imdb.com/title/tt1220684/
tt1221852	https://www.imdb.com/title/tt1221852/
tt1221868	https://www.imdb.com/title/tt1221868/
tt1223338	https://www.imdb.com/title/tt1223338/
tt1225744	https://www.imdb.com/title/tt1225744/
tt1226845	https://www.imdb.com/title/tt1226845/
tt1227821	https://www.imdb.com/title/tt1227821/
tt1227840	https://www.imdb.com/title/tt1227840/
tt1227844	https://www.imdb.com/title/tt1227844/
tt1227922	https://www.imdb.com/title/tt1227922/
tt1228634	https://www.imdb.com/title/tt1228634/
tt1228739	https://www.imdb.com/title/tt1228739/
tt1230277	https://www.imdb.com/title/tt1230277/
tt1244071	https://www.imdb.com/title/tt1244071/
tt1247443	https://www.imdb.com/title/tt1247443/
tt1254318	https://www.imdb.com/title/tt1254318/
tt1265071	https://www.imdb.com/title/tt1265071/
tt1303722	https://www.imdb.com/title/tt1303722/
tt1308153	https://www.imdb.com/title/tt1308153/
tt1308176	https://www.imdb.com/title/tt1308176/
tt1315406	https://www.imdb.com/title/tt1315406/
tt1325551	https://www.imdb.com/title/tt1325551/
tt1325583	https://www.imdb.com/title/tt1325583/
tt1326873	https://www.imdb.com/title/tt1326873/
tt1342188	https://www.imdb.com/title/tt1342188/
tt1342310	https://www.imdb.com/title/tt1342310/
tt1344031	https://www.imdb.com/title/tt1344031/
tt1344032	https://www.imdb.com/title/tt1344032/
tt1348936	https://www.imdb.com/title/tt1348936/
tt1352428	https://www.imdb.com/title/tt1352428/
tt1360104	https://www.imdb.com/title/tt1360104/
tt1368039	https://www.imdb.com/title/tt1368039/
tt1371085	https://www.imdb.com/title/tt1371085/
tt1371087	https://www.imdb.com/title/tt1371087/
tt1371132	https://www.imdb.com/title/tt1371132/
tt1371134	https://www.imdb.com/title/tt1371134/
tt13903216	https://www.imdb.com/title/tt13903216/
tt1392112	https://www.imdb.com/title/tt1392112/
tt1394162	https://www.imdb.com/title/tt1394162/
tt13984136	https://www.imdb.com/title/tt13984136/
tt13984184	https://www.imdb.com/title/tt13984184/
tt1402446	https://www.imdb.com/title/tt1402446/
tt1402451	https://www.imdb.com/title/tt1402451/
tt1402463	https://www.imdb.com/title/tt1402463/
tt1402473	https://www.imdb.com/title/tt1402473/
tt1405485	https://www.imdb.com/title/tt1405485/
tt1405491	https://www.imdb.com/title/tt1405491/
tt1407150	https://www.imdb.com/title/tt1407150/
tt1407197	https://www.imdb.com/title/tt1407197/
tt1411608	https://www.imdb.com/title/tt1411608/
tt1411618	https://www.imdb.com/title/tt1411618/
tt1411619	https://www.imdb.com/title/tt1411619/
tt1411624	https://www.imdb.com/title/tt1411624/
tt1422083	https://www.imdb.com/title/tt1422083/
tt1426986	https://www.imdb.com/title/tt1426986/
tt1427003	https://www.imdb.com/title/tt1427003/
tt1427122	https://www.imdb.com/title/tt1427122/
tt1445657	https://www.imdb.com/title/tt1445657/
tt14472620	https://www.imdb.com/title/tt14472620/
tt1448487	https://www.imdb.com/title/tt1448487/
tt1448540	https://www.imdb.com/title/tt1448540/
tt1449791	https://www.imdb.com/title/tt1449791/
tt14498452	https://www.imdb.com/title/tt14498452/
tt1449859	https://www.imdb.com/title/tt1449859/
tt14499720	https://www.imdb.com/title/tt14499720/
tt1450034	https://www.imdb.com/title/tt1450034/
tt1450064	https://www.imdb.com/title/tt1450064/
tt14504032	https://www.imdb.com/title/tt14504032/
tt14536236	https://www.imdb.com/title/tt14536236/
tt1454107	https://www.imdb.com/title/tt1454107/
tt1456527	https://www.imdb.com/title/tt1456527/
tt1456904	https://www.imdb.com/title/tt1456904/
tt1458532	https://www.imdb.com/title/tt1458532/
tt1462555	https://www.imdb.com/title/tt1462555/
tt1464207	https://www.imdb.com/title/tt1464207/
tt1468148	https://www.imdb.com/title/tt1468148/
tt1472089	https://www.imdb.com/title/tt1472089/
tt1480783	https://www.imdb.com/title/tt1480783/
tt1484979	https://www.imdb.com/title/tt1484979/
tt1484980	https://www.imdb.com/title/tt1484980/
tt1485000	https://www.imdb.com/title/tt1485000/
tt14910438	https://www.imdb.com/title/tt14910438/
tt1492943	https://www.imdb.com/title/tt1492943/
tt1496021	https://www.imdb.com/title/tt1496021/
tt1498739	https://www.imdb.com/title/tt1498739/
tt1498775	https://www.imdb.com/title/tt1498775/
tt1498785	https://www.imdb.com/title/tt1498785/
tt1507263	https://www.imdb.com/title/tt1507263/
tt1511393	https://www.imdb.com/title/tt1511393/
tt1515813	https://www.imdb.com/title/tt1515813/
tt1515870	https://www.imdb.com/title/tt1515870/
tt1516535	https://www.imdb.com/title/tt1516535/
tt1519324	https://www.imdb.com/title/tt1519324/
tt1519342	https://www.imdb.com/title/tt1519342/
tt1519343	https://www.imdb.com/title/tt1519343/
tt1521033	https://www.imdb.com/title/tt1521033/
tt1523440	https://www.imdb.com/title/tt1523440/
tt1524585	https://www.imdb.com/title/tt1524585/
tt1527098	https://www.imdb.com/title/tt1527098/
tt1527128	https://www.imdb.com/title/tt1527128/
tt1529626	https://www.imdb.com/title/tt1529626/
tt1529629	https://www.imdb.com/title/tt1529629/
tt1529640	https://www.imdb.com/title/tt1529640/
tt1529643	https://www.imdb.com/title/tt1529643/
tt1532359	https://www.imdb.com/title/tt1532359/
tt1532372	https://www.imdb.com/title/tt1532372/
tt1537737	https://www.imdb.com/title/tt1537737/
tt1537797	https://www.imdb.com/title/tt1537797/
tt1537832	https://www.imdb.com/title/tt1537832/
tt1542637	https://www.imdb.com/title/tt1542637/
tt1542644	https://www.imdb.com/title/tt1542644/
tt1542651	https://www.imdb.com/title/tt1542651/
tt1542779	https://www.imdb.com/title/tt1542779/
tt1548759	https://www.imdb.com/title/tt1548759/
tt1548778	https://www.imdb.com/title/tt1548778/
tt1552732	https://www.imdb.com/title/tt1552732/
tt1555967	https://www.imdb.com/title/tt1555967/
tt1558759	https://www.imdb.com/title/tt1558759/
tt1558766	https://www.imdb.com/title/tt1558766/
tt1558769	https://www.imdb.com/title/tt1558769/
tt1558790	https://www.imdb.com/title/tt1558790/
tt1564787	https://www.imdb.com/title/tt1564787/
tt1564854	https://www.imdb.com/title/tt1564854/
tt1564955	https://www.imdb.com/title/tt1564955/
tt1565007	https://www.imdb.com/title/tt1565007/
tt1565013	https://www.imdb.com/title/tt1565013/
tt1565030	https://www.imdb.com/title/tt1565030/
tt1565031	https://www.imdb.com/title/tt1565031/
tt1565965	https://www.imdb.com/title/tt1565965/
tt1567337	https://www.imdb.com/title/tt1567337/
tt1567365	https://www.imdb.com/title/tt1567365/
tt1573034	https://www.imdb.com/title/tt1573034/
tt1573044	https://www.imdb.com/title/tt1573044/
tt1573065	https://www.imdb.com/title/tt1573065/
tt1573071	https://www.imdb.com/title/tt1573071/
tt1573094	https://www.imdb.com/title/tt1573094/
tt1573105	https://www.imdb.com/title/tt1573105/
tt1573127	https://www.imdb.com/title/tt1573127/
tt1573186	https://www.imdb.com/title/tt1573186/
tt1573829	https://www.imdb.com/title/tt1573829/
tt1573857	https://www.imdb.com/title/tt1573857/
tt1579599	https://www.imdb.com/title/tt1579599/
tt1579619	https://www.imdb.com/title/tt1579619/
tt1584025	https://www.imdb.com/title/tt1584025/
tt1584038	https://www.imdb.com/title/tt1584038/
tt1584042	https://www.imdb.com/title/tt1584042/
tt1587829	https://www.imdb.com/title/tt1587829/
tt1590983	https://www.imdb.com/title/tt1590983/
tt1593738	https://www.imdb.com/title/tt1593738/
tt1598511	https://www.imdb.com/title/tt1598511/
tt1598525	https://www.imdb.com/title/tt1598525/
tt1598583	https://www.imdb.com/title/tt1598583/
tt1598612	https://www.imdb.com/title/tt1598612/
tt1598628	https://www.imdb.com/title/tt1598628/
tt1601840	https://www.imdb.com/title/tt1601840/
tt1601844	https://www.imdb.com/title/tt1601844/
tt1601893	https://www.imdb.com/title/tt1601893/
tt1601904	https://www.imdb.com/title/tt1601904/
tt1615027	https://www.imdb.com/title/tt1615027/
tt1618853	https://www.imdb.com/title/tt1618853/
tt1620481	https://www.imdb.com/title/tt1620481/
tt1620511	https://www.imdb.com/title/tt1620511/
tt1620519	https://www.imdb.com/title/tt1620519/
tt1620572	https://www.imdb.com/title/tt1620572/
tt1620622	https://www.imdb.com/title/tt1620622/
tt1620794	https://www.imdb.com/title/tt1620794/
tt1620960	https://www.imdb.com/title/tt1620960/
tt1623289	https://www.imdb.com/title/tt1623289/
tt1626845	https://www.imdb.com/title/tt1626845/
tt1626856	https://www.imdb.com/title/tt1626856/
tt1631735	https://www.imdb.com/title/tt1631735/
tt1631745	https://www.imdb.com/title/tt1631745/
tt1631748	https://www.imdb.com/title/tt1631748/
tt1631771	https://www.imdb.com/title/tt1631771/
tt1631861	https://www.imdb.com/title/tt1631861/
tt1636793	https://www.imdb.com/title/tt1636793/
tt1640468	https://www.imdb.com/title/tt1640468/
tt1640469	https://www.imdb.com/title/tt1640469/
tt1640492	https://www.imdb.com/title/tt1640492/
tt1640502	https://www.imdb.com/title/tt1640502/
tt1640563	https://www.imdb.com/title/tt1640563/
tt1644627	https://www.imdb.com/title/tt1644627/
tt1649008	https://www.imdb.com/title/tt1649008/
tt1653210	https://www.imdb.com/title/tt1653210/
tt1653222	https://www.imdb.com/title/tt1653222/
tt1653246	https://www.imdb.com/title/tt1653246/
tt1669162	https://www.imdb.com/title/tt1669162/
tt1682253	https://www.imdb.com/title/tt1682253/
tt1682254	https://www.imdb.com/title/tt1682254/
tt1682261	https://www.imdb.com/title/tt1682261/
tt1682266	https://www.imdb.com/title/tt1682266/
tt1682285	https://www.imdb.com/title/tt1682285/
tt1682288	https://www.imdb.com/title/tt1682288/
tt1682309	https://www.imdb.com/title/tt1682309/
tt1682329	https://www.imdb.com/title/tt1682329/
tt1682341	https://www.imdb.com/title/tt1682341/
tt1682377	https://www.imdb.com/title/tt1682377/
tt1685549	https://www.imdb.com/title/tt1685549/
tt1685550	https://www.imdb.com/title/tt1685550/
tt1685559	https://www.imdb.com/title/tt1685559/
tt1685561	https://www.imdb.com/title/tt1685561/
tt1685586	https://www.imdb.com/title/tt1685586/
tt1685597	https://www.imdb.com/title/tt1685597/
tt1685610	https://www.imdb.com/title/tt1685610/
tt1685622	https://www.imdb.com/title/tt1685622/
tt1685644	https://www.imdb.com/title/tt1685644/
tt1690149	https://www.imdb.com/title/tt1690149/
tt1690155	https://www.imdb.com/title/tt1690155/
tt1690168	https://www.imdb.com/title/tt1690168/
tt1690190	https://www.imdb.com/title/tt1690190/
tt1690218	https://www.imdb.com/title/tt1690218/
tt1690222	https://www.imdb.com/title/tt1690222/
tt1690223	https://www.imdb.com/title/tt1690223/
tt1690224	https://www.imdb.com/title/tt1690224/
tt1690226	https://www.imdb.com/title/tt1690226/
tt1690236	https://www.imdb.com/title/tt1690236/
tt1690254	https://www.imdb.com/title/tt1690254/
tt1690256	https://www.imdb.com/title/tt1690256/
tt1692990	https://www.imdb.com/title/tt1692990/
tt1692998	https://www.imdb.com/title/tt1692998/
tt1693008	https://www.imdb.com/title/tt1693008/
tt1693011	https://www.imdb.com/title/tt1693011/
tt1693018	https://www.imdb.com/title/tt1693018/
tt1693055	https://www.imdb.com/title/tt1693055/
tt1693074	https://www.imdb.com/title/tt1693074/
tt1693096	https://www.imdb.com/title/tt1693096/
tt1693097	https://www.imdb.com/title/tt1693097/
tt1700462	https://www.imdb.com/title/tt1700462/
tt1705843	https://www.imdb.com/title/tt1705843/
tt1709829	https://www.imdb.com/title/tt1709829/
tt1710353	https://www.imdb.com/title/tt1710353/
tt1710401	https://www.imdb.com/title/tt1710401/
tt1710408	https://www.imdb.com/title/tt1710408/
tt1710411	https://www.imdb.com/title/tt1710411/
tt1710429	https://www.imdb.com/title/tt1710429/
tt1778857	https://www.imdb.com/title/tt1778857/
tt1783758	https://www.imdb.com/title/tt1783758/
tt1792089	https://www.imdb.com/title/tt1792089/
tt1804597	https://www.imdb.com/title/tt1804597/
tt1816036	https://www.imdb.com/title/tt1816036/
tt1878901	https://www.imdb.com/title/tt1878901/
tt1878902	https://www.imdb.com/title/tt1878902/
tt2072959	https://www.imdb.com/title/tt2072959/
tt2158835	https://www.imdb.com/title/tt2158835/
tt22088816	https://www.imdb.com/title/tt22088816/
tt2215455	https://www.imdb.com/title/tt2215455/
tt2254063	https://www.imdb.com/title/tt2254063/
tt2255989	https://www.imdb.com/title/tt2255989/
tt2304935	https://www.imdb.com/title/tt2304935/
tt23157138	https://www.imdb.com/title/tt23157138/
tt2316371	https://www.imdb.com/title/tt2316371/
tt2316655	https://www.imdb.com/title/tt2316655/
tt2347354	https://www.imdb.com/title/tt2347354/
tt2351185	https://www.imdb.com/title/tt2351185/
tt2356252	https://www.imdb.com/title/tt2356252/
tt2361549	https://www.imdb.com/title/tt2361549/
tt2363052	https://www.imdb.com/title/tt2363052/
tt2363060	https://www.imdb.com/title/tt2363060/
tt2364254	https://www.imdb.com/title/tt2364254/
tt2364284	https://www.imdb.com/title/tt2364284/
tt2364848	https://www.imdb.com/title/tt2364848/
tt2364984	https://www.imdb.com/title/tt2364984/
tt2365004	https://www.imdb.com/title/tt2365004/
tt2369588	https://www.imdb.com/title/tt2369588/
tt2369612	https://www.imdb.com/title/tt2369612/
tt2369634	https://www.imdb.com/title/tt2369634/
tt2369654	https://www.imdb.com/title/tt2369654/
tt2374706	https://www.imdb.com/title/tt2374706/
tt2374760	https://www.imdb.com/title/tt2374760/
tt2375653	https://www.imdb.com/title/tt2375653/
tt2391676	https://www.imdb.com/title/tt2391676/
tt2391758	https://www.imdb.com/title/tt2391758/
tt2391774	https://www.imdb.com/title/tt2391774/
tt2391908	https://www.imdb.com/title/tt2391908/
tt2391948	https://www.imdb.com/title/tt2391948/
tt2397718	https://www.imdb.com/title/tt2397718/
tt2397736	https://www.imdb.com/title/tt2397736/
tt2397790	https://www.imdb.com/title/tt2397790/
tt2400734	https://www.imdb.com/title/tt2400734/
tt2409512	https://www.imdb.com/title/tt2409512/
tt2411842	https://www.imdb.com/title/tt2411842/
tt2411856	https://www.imdb.com/title/tt2411856/
tt2421684	https://www.imdb.com/title/tt2421684/
tt2421728	https://www.imdb.com/title/tt2421728/
tt2426406	https://www.imdb.com/title/tt2426406/
tt2426412	https://www.imdb.com/title/tt2426412/
tt2426480	https://www.imdb.com/title/tt2426480/
tt2427232	https://www.imdb.com/title/tt2427232/
tt2427490	https://www.imdb.com/title/tt2427490/
tt2427570	https://www.imdb.com/title/tt2427570/
tt2427612	https://www.imdb.com/title/tt2427612/
tt2427782	https://www.imdb.com/title/tt2427782/
tt2427806	https://www.imdb.com/title/tt2427806/
tt2427818	https://www.imdb.com/title/tt2427818/
tt2428024	https://www.imdb.com/title/tt2428024/
tt2428046	https://www.imdb.com/title/tt2428046/
tt2428062	https://www.imdb.com/title/tt2428062/
tt2428074	https://www.imdb.com/title/tt2428074/
tt2439584	https://www.imdb.com/title/tt2439584/
tt27730410	https://www.imdb.com/title/tt27730410/
tt28971146	https://www.imdb.com/title/tt28971146/
tt2982110	https://www.imdb.com/title/tt2982110/
tt3081548	https://www.imdb.com/title/tt3081548/
tt32991371	https://www.imdb.com/title/tt32991371/
tt33362776	https://www.imdb.com/title/tt33362776/
tt33376614	https://www.imdb.com/title/tt33376614/
tt34064195	https://www.imdb.com/title/tt34064195/
tt3424790	https://www.imdb.com/title/tt3424790/
tt3744842	https://www.imdb.com/title/tt3744842/
tt3894922	https://www.imdb.com/title/tt3894922/
tt4260968	https://www.imdb.com/title/tt4260968/
tt4279126	https://www.imdb.com/title/tt4279126/
tt4517792	https://www.imdb.com/title/tt4517792/
tt4707946	https://www.imdb.com/title/tt4707946/
tt4968660	https://www.imdb.com/title/tt4968660/
tt4968740	https://www.imdb.com/title/tt4968740/
tt4968812	https://www.imdb.com/title/tt4968812/
tt5297832	https://www.imdb.com/title/tt5297832/
tt5298472	https://www.imdb.com/title/tt5298472/
tt5474248	https://www.imdb.com/title/tt5474248/
tt5580954	https://www.imdb.com/title/tt5580954/
tt5967048	https://www.imdb.com/title/tt5967048/
tt6131366	https://www.imdb.com/title/tt6131366/
tt6189106	https://www.imdb.com/title/tt6189106/
tt6260756	https://www.imdb.com/title/tt6260756/
tt6260836	https://www.imdb.com/title/tt6260836/
tt6270582	https://www.imdb.com/title/tt6270582/
tt6357918	https://www.imdb.com/title/tt6357918/
tt6945736	https://www.imdb.com/title/tt6945736/
tt6949118	https://www.imdb.com/title/tt6949118/
tt6952600	https://www.imdb.com/title/tt6952600/
tt6957248	https://www.imdb.com/title/tt6957248/
tt7086934	https://www.imdb.com/title/tt7086934/
tt7090546	https://www.imdb.com/title/tt7090546/
tt7333124	https://www.imdb.com/title/tt7333124/
tt7340648	https://www.imdb.com/title/tt7340648/
tt7781034	https://www.imdb.com/title/tt7781034/
tt7783358	https://www.imdb.com/title/tt7783358/
tt7787510	https://www.imdb.com/title/tt7787510/
tt7800790	https://www.imdb.com/title/tt7800790/
tt7882094	https://www.imdb.com/title/tt7882094/
tt8002068	https://www.imdb.com/title/tt8002068/
tt8908742	https://www.imdb.com/title/tt8908742/
tt9044746	https://www.imdb.com/title/tt9044746/
tt9343614	https://www.imdb.com/title/tt9343614/
tt9483592	https://www.imdb.com/title/tt9483592/
tt9834678	https://www.imdb.com/title/tt9834678/
tt9834706	https://www.imdb.com/title/tt9834706/
tt9842900	https://www.imdb.com/title/tt9842900/
