tconst	imdb_url
tt0000574	https://www.imdb.com/title/tt0000574/
tt0161413	https://www.imdb.com/title/tt0161413/
tt0178733	https://www.imdb.com/title/tt0178733/
tt0184672	https://www.imdb.com/title/tt0184672/
tt0233775	https://www.imdb.com/title/tt0233775/
tt0234364	https://www.imdb.com/title/tt0234364/
tt0272539	https://www.imdb.com/title/tt0272539/
tt0272560	https://www.imdb.com/title/tt0272560/
tt0272594	https://www.imdb.com/title/tt0272594/
tt0272660	https://www.imdb.com/title/tt0272660/
tt0272768	https://www.imdb.com/title/tt0272768/
tt0319604	https://www.imdb.com/title/tt0319604/
tt0351055	https://www.imdb.com/title/tt0351055/
tt0365417	https://www.imdb.com/title/tt0365417/
tt0365816	https://www.imdb.com/title/tt0365816/
tt19637712	https://www.imdb.com/title/tt19637712/
tt3541238	https://www.imdb.com/title/tt3541238/
tt3541280	https://www.imdb.com/title/tt3541280/
tt3541302	https://www.imdb.com/title/tt3541302/
tt3541314	https://www.imdb.com/title/tt3541314/
tt3541330	https://www.imdb.com/title/tt3541330/
tt9005980	https://www.imdb.com/title/tt9005980/
