tconst	imdb_url
tt0022064	https://www.imdb.com/title/tt0022064/
tt0025557	https://www.imdb.com/title/tt0025557/
tt0036345	https://www.imdb.com/title/tt0036345/
tt0037483	https://www.imdb.com/title/tt0037483/
tt0039794	https://www.imdb.com/title/tt0039794/
tt0041131	https://www.imdb.com/title/tt0041131/
tt0041357	https://www.imdb.com/title/tt0041357/
tt0041427	https://www.imdb.com/title/tt0041427/
tt0041477	https://www.imdb.com/title/tt0041477/
tt0041698	https://www.imdb.com/title/tt0041698/
tt0041814	https://www.imdb.com/title/tt0041814/
tt0041921	https://www.imdb.com/title/tt0041921/
tt0041979	https://www.imdb.com/title/tt0041979/
tt0042196	https://www.imdb.com/title/tt0042196/
tt0042210	https://www.imdb.com/title/tt0042210/
tt0042215	https://www.imdb.com/title/tt0042215/
tt0042221	https://www.imdb.com/title/tt0042221/
tt0042222	https://www.imdb.com/title/tt0042222/
tt0042227	https://www.imdb.com/title/tt0042227/
tt0042238	https://www.imdb.com/title/tt0042238/
tt0042241	https://www.imdb.com/title/tt0042241/
tt0042246	https://www.imdb.com/title/tt0042246/
tt0042254	https://www.imdb.com/title/tt0042254/
tt0042257	https://www.imdb.com/title/tt0042257/
tt0042288	https://www.imdb.com/title/tt0042288/
tt0042297	https://www.imdb.com/title/tt0042297/
tt0042305	https://www.imdb.com/title/tt0042305/
tt0042307	https://www.imdb.com/title/tt0042307/
tt0042308	https://www.imdb.com/title/tt0042308/
tt0042309	https://www.imdb.com/title/tt0042309/
tt0042316	https://www.imdb.com/title/tt0042316/
tt0042329	https://www.imdb.com/title/tt0042329/
tt0042340	https://www.imdb.com/title/tt0042340/
tt0042341	https://www.imdb.com/title/tt0042341/
tt0042346	https://www.imdb.com/title/tt0042346/
tt0042347	https://www.imdb.com/title/tt0042347/
tt0042351	https://www.imdb.com/title/tt0042351/
tt0042353	https://www.imdb.com/title/tt0042353/
tt0042354	https://www.imdb.com/title/tt0042354/
tt0042386	https://www.imdb.com/title/tt0042386/
tt0042388	https://www.imdb.com/title/tt0042388/
tt0042398	https://www.imdb.com/title/tt0042398/
tt0042407	https://www.imdb.com/title/tt0042407/
tt0042411	https://www.imdb.com/title/tt0042411/
tt0042413	https://www.imdb.com/title/tt0042413/
tt0042419	https://www.imdb.com/title/tt0042419/
tt0042429	https://www.imdb.com/title/tt0042429/
tt0042434	https://www.imdb.com/title/tt0042434/
tt0042446	https://www.imdb.com/title/tt0042446/
tt0042454	https://www.imdb.com/title/tt0042454/
tt0042462	https://www.imdb.com/title/tt0042462/
tt0042465	https://www.imdb.com/title/tt0042465/
tt0042470	https://www.imdb.com/title/tt0042470/
tt0042478	https://www.imdb.com/title/tt0042478/
tt0042479	https://www.imdb.com/title/tt0042479/
tt0042486	https://www.imdb.com/title/tt0042486/
tt0042491	https://www.imdb.com/title/tt0042491/
tt0042499	https://www.imdb.com/title/tt0042499/
tt0042503	https://www.imdb.com/title/tt0042503/
tt0042525	https://www.imdb.com/title/tt0042525/
tt0042526	https://www.imdb.com/title/tt0042526/
tt0042539	https://www.imdb.com/title/tt0042539/
tt0042558	https://www.imdb.com/title/tt0042558/
tt0042566	https://www.imdb.com/title/tt0042566/
tt0042590	https://www.imdb.com/title/tt0042590/
tt0042601	https://www.imdb.com/title/tt0042601/
tt0042605	https://www.imdb.com/title/tt0042605/
tt0042619	https://www.imdb.com/title/tt0042619/
tt0042621	https://www.imdb.com/title/tt0042621/
tt0042626	https://www.imdb.com/title/tt0042626/
tt0042649	https://www.imdb.com/title/tt0042649/
tt0042660	https://www.imdb.com/title/tt0042660/
tt0042667	https://www.imdb.com/title/tt0042667/
tt0042672	https://www.imdb.com/title/tt0042672/
tt0042717	https://www.imdb.com/title/tt0042717/
tt0042737	https://www.imdb.com/title/tt0042737/
tt0042745	https://www.imdb.com/title/tt0042745/
tt0042756	https://www.imdb.com/title/tt0042756/
tt0042758	https://www.imdb.com/title/tt0042758/
tt0042760	https://www.imdb.com/title/tt0042760/
tt0042781	https://www.imdb.com/title/tt0042781/
tt0042785	https://www.imdb.com/title/tt0042785/
tt0042803	https://www.imdb.com/title/tt0042803/
tt0042815	https://www.imdb.com/title/tt0042815/
tt0042839	https://www.imdb.com/title/tt0042839/
tt0042842	https://www.imdb.com/title/tt0042842/
tt0042850	https://www.imdb.com/title/tt0042850/
tt0042851	https://www.imdb.com/title/tt0042851/
tt0042870	https://www.imdb.com/title/tt0042870/
tt0042878	https://www.imdb.com/title/tt0042878/
tt0042881	https://www.imdb.com/title/tt0042881/
tt0042900	https://www.imdb.com/title/tt0042900/
tt0042909	https://www.imdb.com/title/tt0042909/
tt0042910	https://www.imdb.com/title/tt0042910/
tt0042923	https://www.imdb.com/title/tt0042923/
tt0042930	https://www.imdb.com/title/tt0042930/
tt0042933	https://www.imdb.com/title/tt0042933/
tt0042948	https://www.imdb.com/title/tt0042948/
tt0042965	https://www.imdb.com/title/tt0042965/
tt0042988	https://www.imdb.com/title/tt0042988/
tt0043011	https://www.imdb.com/title/tt0043011/
tt0043018	https://www.imdb.com/title/tt0043018/
tt0043020	https://www.imdb.com/title/tt0043020/
tt0043034	https://www.imdb.com/title/tt0043034/
tt0043051	https://www.imdb.com/title/tt0043051/
tt0043066	https://www.imdb.com/title/tt0043066/
tt0043080	https://www.imdb.com/title/tt0043080/
tt0043086	https://www.imdb.com/title/tt0043086/
tt0043092	https://www.imdb.com/title/tt0043092/
tt0043095	https://www.imdb.com/title/tt0043095/
tt0043115	https://www.imdb.com/title/tt0043115/
tt0043146	https://www.imdb.com/title/tt0043146/
tt0043159	https://www.imdb.com/title/tt0043159/
tt0043164	https://www.imdb.com/title/tt0043164/
tt0043250	https://www.imdb.com/title/tt0043250/
tt0043251	https://www.imdb.com/title/tt0043251/
tt0043252	https://www.imdb.com/title/tt0043252/
tt0043253	https://www.imdb.com/title/tt0043253/
tt0043254	https://www.imdb.com/title/tt0043254/
tt0043255	https://www.imdb.com/title/tt0043255/
tt0043257	https://www.imdb.com/title/tt0043257/
tt0043259	https://www.imdb.com/title/tt0043259/
tt0043260	https://www.imdb.com/title/tt0043260/
tt0043261	https://www.imdb.com/title/tt0043261/
tt0043262	https://www.imdb.com/title/tt0043262/
tt0043263	https://www.imdb.com/title/tt0043263/
tt0043264	https://www.imdb.com/title/tt0043264/
tt0043265	https://www.imdb.com/title/tt0043265/
tt0043268	https://www.imdb.com/title/tt0043268/
tt0043269	https://www.imdb.com/title/tt0043269/
tt0043270	https://www.imdb.com/title/tt0043270/
tt0043271	https://www.imdb.com/title/tt0043271/
tt0043272	https://www.imdb.com/title/tt0043272/
tt0043273	https://www.imdb.com/title/tt0043273/
tt0043274	https://www.imdb.com/title/tt0043274/
tt0043275	https://www.imdb.com/title/tt0043275/
tt0043276	https://www.imdb.com/title/tt0043276/
tt0043277	https://www.imdb.com/title/tt0043277/
tt0043278	https://www.imdb.com/title/tt0043278/
tt0043279	https://www.imdb.com/title/tt0043279/
tt0043280	https://www.imdb.com/title/tt0043280/
tt0043281	https://www.imdb.com/title/tt0043281/
tt0043283	https://www.imdb.com/title/tt0043283/
tt0043286	https://www.imdb.com/title/tt0043286/
tt0043287	https://www.imdb.com/title/tt0043287/
tt0043288	https://www.imdb.com/title/tt0043288/
tt0043289	https://www.imdb.com/title/tt0043289/
tt0043290	https://www.imdb.com/title/tt0043290/
tt0043291	https://www.imdb.com/title/tt0043291/
tt0043293	https://www.imdb.com/title/tt0043293/
tt0043295	https://www.imdb.com/title/tt0043295/
tt0043297	https://www.imdb.com/title/tt0043297/
tt0043298	https://www.imdb.com/title/tt0043298/
tt0043299	https://www.imdb.com/title/tt0043299/
tt0043300	https://www.imdb.com/title/tt0043300/
tt0043301	https://www.imdb.com/title/tt0043301/
tt0043303	https://www.imdb.com/title/tt0043303/
tt0043304	https://www.imdb.com/title/tt0043304/
tt0043306	https://www.imdb.com/title/tt0043306/
tt0043307	https://www.imdb.com/title/tt0043307/
tt0043309	https://www.imdb.com/title/tt0043309/
tt0043310	https://www.imdb.com/title/tt0043310/
tt0043311	https://www.imdb.com/title/tt0043311/
tt0043312	https://www.imdb.com/title/tt0043312/
tt0043313	https://www.imdb.com/title/tt0043313/
tt0043317	https://www.imdb.com/title/tt0043317/
tt0043319	https://www.imdb.com/title/tt0043319/
tt0043320	https://www.imdb.com/title/tt0043320/
tt0043323	https://www.imdb.com/title/tt0043323/
tt0043324	https://www.imdb.com/title/tt0043324/
tt0043325	https://www.imdb.com/title/tt0043325/
tt0043327	https://www.imdb.com/title/tt0043327/
tt0043328	https://www.imdb.com/title/tt0043328/
tt0043330	https://www.imdb.com/title/tt0043330/
tt0043331	https://www.imdb.com/title/tt0043331/
tt0043332	https://www.imdb.com/title/tt0043332/
tt0043335	https://www.imdb.com/title/tt0043335/
tt0043336	https://www.imdb.com/title/tt0043336/
tt0043337	https://www.imdb.com/title/tt0043337/
tt0043338	https://www.imdb.com/title/tt0043338/
tt0043339	https://www.imdb.com/title/tt0043339/
tt0043340	https://www.imdb.com/title/tt0043340/
tt0043343	https://www.imdb.com/title/tt0043343/
tt0043344	https://www.imdb.com/title/tt0043344/
tt0043347	https://www.imdb.com/title/tt0043347/
tt0043348	https://www.imdb.com/title/tt0043348/
tt0043349	https://www.imdb.com/title/tt0043349/
tt0043350	https://www.imdb.com/title/tt0043350/
tt0043351	https://www.imdb.com/title/tt0043351/
tt0043352	https://www.imdb.com/title/tt0043352/
tt0043353	https://www.imdb.com/title/tt0043353/
tt0043355	https://www.imdb.com/title/tt0043355/
tt0043356	https://www.imdb.com/title/tt0043356/
tt0043357	https://www.imdb.com/title/tt0043357/
tt0043359	https://www.imdb.com/title/tt0043359/
tt0043360	https://www.imdb.com/title/tt0043360/
tt0043361	https://www.imdb.com/title/tt0043361/
tt0043362	https://www.imdb.com/title/tt0043362/
tt0043363	https://www.imdb.com/title/tt0043363/
tt0043367	https://www.imdb.com/title/tt0043367/
tt0043368	https://www.imdb.com/title/tt0043368/
tt0043369	https://www.imdb.com/title/tt0043369/
tt0043370	https://www.imdb.com/title/tt0043370/
tt0043371	https://www.imdb.com/title/tt0043371/
tt0043372	https://www.imdb.com/title/tt0043372/
tt0043373	https://www.imdb.com/title/tt0043373/
tt0043375	https://www.imdb.com/title/tt0043375/
tt0043377	https://www.imdb.com/title/tt0043377/
tt0043379	https://www.imdb.com/title/tt0043379/
tt0043380	https://www.imdb.com/title/tt0043380/
tt0043382	https://www.imdb.com/title/tt0043382/
tt0043383	https://www.imdb.com/title/tt0043383/
tt0043385	https://www.imdb.com/title/tt0043385/
tt0043388	https://www.imdb.com/title/tt0043388/
tt0043389	https://www.imdb.com/title/tt0043389/
tt0043390	https://www.imdb.com/title/tt0043390/
tt0043391	https://www.imdb.com/title/tt0043391/
tt0043392	https://www.imdb.com/title/tt0043392/
tt0043395	https://www.imdb.com/title/tt0043395/
tt0043396	https://www.imdb.com/title/tt0043396/
tt0043399	https://www.imdb.com/title/tt0043399/
tt0043401	https://www.imdb.com/title/tt0043401/
tt0043403	https://www.imdb.com/title/tt0043403/
tt0043407	https://www.imdb.com/title/tt0043407/
tt0043409	https://www.imdb.com/title/tt0043409/
tt0043412	https://www.imdb.com/title/tt0043412/
tt0043416	https://www.imdb.com/title/tt0043416/
tt0043417	https://www.imdb.com/title/tt0043417/
tt0043418	https://www.imdb.com/title/tt0043418/
tt0043423	https://www.imdb.com/title/tt0043423/
tt0043424	https://www.imdb.com/title/tt0043424/
tt0043425	https://www.imdb.com/title/tt0043425/
tt0043427	https://www.imdb.com/title/tt0043427/
tt0043432	https://www.imdb.com/title/tt0043432/
tt0043433	https://www.imdb.com/title/tt0043433/
tt0043434	https://www.imdb.com/title/tt0043434/
tt0043435	https://www.imdb.com/title/tt0043435/
tt0043436	https://www.imdb.com/title/tt0043436/
tt0043437	https://www.imdb.com/title/tt0043437/
tt0043438	https://www.imdb.com/title/tt0043438/
tt0043439	https://www.imdb.com/title/tt0043439/
tt0043440	https://www.imdb.com/title/tt0043440/
tt0043441	https://www.imdb.com/title/tt0043441/
tt0043442	https://www.imdb.com/title/tt0043442/
tt0043443	https://www.imdb.com/title/tt0043443/
tt0043444	https://www.imdb.com/title/tt0043444/
tt0043445	https://www.imdb.com/title/tt0043445/
tt0043446	https://www.imdb.com/title/tt0043446/
tt0043448	https://www.imdb.com/title/tt0043448/
tt0043451	https://www.imdb.com/title/tt0043451/
tt0043452	https://www.imdb.com/title/tt0043452/
tt0043453	https://www.imdb.com/title/tt0043453/
tt0043454	https://www.imdb.com/title/tt0043454/
tt0043455	https://www.imdb.com/title/tt0043455/
tt0043456	https://www.imdb.com/title/tt0043456/
tt0043457	https://www.imdb.com/title/tt0043457/
tt0043458	https://www.imdb.com/title/tt0043458/
tt0043459	https://www.imdb.com/title/tt0043459/
tt0043461	https://www.imdb.com/title/tt0043461/
tt0043462	https://www.imdb.com/title/tt0043462/
tt0043463	https://www.imdb.com/title/tt0043463/
tt0043464	https://www.imdb.com/title/tt0043464/
tt0043465	https://www.imdb.com/title/tt0043465/
tt0043467	https://www.imdb.com/title/tt0043467/
tt0043468	https://www.imdb.com/title/tt0043468/
tt0043469	https://www.imdb.com/title/tt0043469/
tt0043470	https://www.imdb.com/title/tt0043470/
tt0043471	https://www.imdb.com/title/tt0043471/
tt0043476	https://www.imdb.com/title/tt0043476/
tt0043477	https://www.imdb.com/title/tt0043477/
tt0043478	https://www.imdb.com/title/tt0043478/
tt0043482	https://www.imdb.com/title/tt0043482/
tt0043483	https://www.imdb.com/title/tt0043483/
tt0043484	https://www.imdb.com/title/tt0043484/
tt0043485	https://www.imdb.com/title/tt0043485/
tt0043487	https://www.imdb.com/title/tt0043487/
tt0043488	https://www.imdb.com/title/tt0043488/
tt0043489	https://www.imdb.com/title/tt0043489/
tt0043491	https://www.imdb.com/title/tt0043491/
tt0043492	https://www.imdb.com/title/tt0043492/
tt0043494	https://www.imdb.com/title/tt0043494/
tt0043498	https://www.imdb.com/title/tt0043498/
tt0043499	https://www.imdb.com/title/tt0043499/
tt0043501	https://www.imdb.com/title/tt0043501/
tt0043503	https://www.imdb.com/title/tt0043503/
tt0043504	https://www.imdb.com/title/tt0043504/
tt0043505	https://www.imdb.com/title/tt0043505/
tt0043506	https://www.imdb.com/title/tt0043506/
tt0043508	https://www.imdb.com/title/tt0043508/
tt0043509	https://www.imdb.com/title/tt0043509/
tt0043510	https://www.imdb.com/title/tt0043510/
tt0043512	https://www.imdb.com/title/tt0043512/
tt0043513	https://www.imdb.com/title/tt0043513/
tt0043514	https://www.imdb.com/title/tt0043514/
tt0043515	https://www.imdb.com/title/tt0043515/
tt0043516	https://www.imdb.com/title/tt0043516/
tt0043518	https://www.imdb.com/title/tt0043518/
tt0043520	https://www.imdb.com/title/tt0043520/
tt0043521	https://www.imdb.com/title/tt0043521/
tt0043522	https://www.imdb.com/title/tt0043522/
tt0043523	https://www.imdb.com/title/tt0043523/
tt0043524	https://www.imdb.com/title/tt0043524/
tt0043525	https://www.imdb.com/title/tt0043525/
tt0043526	https://www.imdb.com/title/tt0043526/
tt0043528	https://www.imdb.com/title/tt0043528/
tt0043531	https://www.imdb.com/title/tt0043531/
tt0043532	https://www.imdb.com/title/tt0043532/
tt0043533	https://www.imdb.com/title/tt0043533/
tt0043534	https://www.imdb.com/title/tt0043534/
tt0043535	https://www.imdb.com/title/tt0043535/
tt0043536	https://www.imdb.com/title/tt0043536/
tt0043537	https://www.imdb.com/title/tt0043537/
tt0043539	https://www.imdb.com/title/tt0043539/
tt0043540	https://www.imdb.com/title/tt0043540/
tt0043542	https://www.imdb.com/title/tt0043542/
tt0043543	https://www.imdb.com/title/tt0043543/
tt0043545	https://www.imdb.com/title/tt0043545/
tt0043547	https://www.imdb.com/title/tt0043547/
tt0043549	https://www.imdb.com/title/tt0043549/
tt0043550	https://www.imdb.com/title/tt0043550/
tt0043551	https://www.imdb.com/title/tt0043551/
tt0043553	https://www.imdb.com/title/tt0043553/
tt0043554	https://www.imdb.com/title/tt0043554/
tt0043555	https://www.imdb.com/title/tt0043555/
tt0043556	https://www.imdb.com/title/tt0043556/
tt0043557	https://www.imdb.com/title/tt0043557/
tt0043558	https://www.imdb.com/title/tt0043558/
tt0043560	https://www.imdb.com/title/tt0043560/
tt0043562	https://www.imdb.com/title/tt0043562/
tt0043563	https://www.imdb.com/title/tt0043563/
tt0043565	https://www.imdb.com/title/tt0043565/
tt0043566	https://www.imdb.com/title/tt0043566/
tt0043567	https://www.imdb.com/title/tt0043567/
tt0043569	https://www.imdb.com/title/tt0043569/
tt0043570	https://www.imdb.com/title/tt0043570/
tt0043572	https://www.imdb.com/title/tt0043572/
tt0043574	https://www.imdb.com/title/tt0043574/
tt0043575	https://www.imdb.com/title/tt0043575/
tt0043576	https://www.imdb.com/title/tt0043576/
tt0043577	https://www.imdb.com/title/tt0043577/
tt0043578	https://www.imdb.com/title/tt0043578/
tt0043579	https://www.imdb.com/title/tt0043579/
tt0043580	https://www.imdb.com/title/tt0043580/
tt0043582	https://www.imdb.com/title/tt0043582/
tt0043584	https://www.imdb.com/title/tt0043584/
tt0043585	https://www.imdb.com/title/tt0043585/
tt0043587	https://www.imdb.com/title/tt0043587/
tt0043588	https://www.imdb.com/title/tt0043588/
tt0043589	https://www.imdb.com/title/tt0043589/
tt0043590	https://www.imdb.com/title/tt0043590/
tt0043591	https://www.imdb.com/title/tt0043591/
tt0043592	https://www.imdb.com/title/tt0043592/
tt0043593	https://www.imdb.com/title/tt0043593/
tt0043595	https://www.imdb.com/title/tt0043595/
tt0043596	https://www.imdb.com/title/tt0043596/
tt0043597	https://www.imdb.com/title/tt0043597/
tt0043598	https://www.imdb.com/title/tt0043598/
tt0043599	https://www.imdb.com/title/tt0043599/
tt0043600	https://www.imdb.com/title/tt0043600/
tt0043601	https://www.imdb.com/title/tt0043601/
tt0043602	https://www.imdb.com/title/tt0043602/
tt0043603	https://www.imdb.com/title/tt0043603/
tt0043605	https://www.imdb.com/title/tt0043605/
tt0043606	https://www.imdb.com/title/tt0043606/
tt0043608	https://www.imdb.com/title/tt0043608/
tt0043609	https://www.imdb.com/title/tt0043609/
tt0043610	https://www.imdb.com/title/tt0043610/
tt0043612	https://www.imdb.com/title/tt0043612/
tt0043614	https://www.imdb.com/title/tt0043614/
tt0043615	https://www.imdb.com/title/tt0043615/
tt0043617	https://www.imdb.com/title/tt0043617/
tt0043618	https://www.imdb.com/title/tt0043618/
tt0043619	https://www.imdb.com/title/tt0043619/
tt0043621	https://www.imdb.com/title/tt0043621/
tt0043622	https://www.imdb.com/title/tt0043622/
tt0043623	https://www.imdb.com/title/tt0043623/
tt0043625	https://www.imdb.com/title/tt0043625/
tt0043626	https://www.imdb.com/title/tt0043626/
tt0043627	https://www.imdb.com/title/tt0043627/
tt0043628	https://www.imdb.com/title/tt0043628/
tt0043629	https://www.imdb.com/title/tt0043629/
tt0043630	https://www.imdb.com/title/tt0043630/
tt0043632	https://www.imdb.com/title/tt0043632/
tt0043633	https://www.imdb.com/title/tt0043633/
tt0043636	https://www.imdb.com/title/tt0043636/
tt0043637	https://www.imdb.com/title/tt0043637/
tt0043638	https://www.imdb.com/title/tt0043638/
tt0043639	https://www.imdb.com/title/tt0043639/
tt0043640	https://www.imdb.com/title/tt0043640/
tt0043641	https://www.imdb.com/title/tt0043641/
tt0043643	https://www.imdb.com/title/tt0043643/
tt0043645	https://www.imdb.com/title/tt0043645/
tt0043646	https://www.imdb.com/title/tt0043646/
tt0043650	https://www.imdb.com/title/tt0043650/
tt0043651	https://www.imdb.com/title/tt0043651/
tt0043652	https://www.imdb.com/title/tt0043652/
tt0043653	https://www.imdb.com/title/tt0043653/
tt0043655	https://www.imdb.com/title/tt0043655/
tt0043656	https://www.imdb.com/title/tt0043656/
tt0043657	https://www.imdb.com/title/tt0043657/
tt0043658	https://www.imdb.com/title/tt0043658/
tt0043660	https://www.imdb.com/title/tt0043660/
tt0043662	https://www.imdb.com/title/tt0043662/
tt0043663	https://www.imdb.com/title/tt0043663/
tt0043664	https://www.imdb.com/title/tt0043664/
tt0043665	https://www.imdb.com/title/tt0043665/
tt0043666	https://www.imdb.com/title/tt0043666/
tt0043667	https://www.imdb.com/title/tt0043667/
tt0043668	https://www.imdb.com/title/tt0043668/
tt0043669	https://www.imdb.com/title/tt0043669/
tt0043670	https://www.imdb.com/title/tt0043670/
tt0043672	https://www.imdb.com/title/tt0043672/
tt0043673	https://www.imdb.com/title/tt0043673/
tt0043674	https://www.imdb.com/title/tt0043674/
tt0043676	https://www.imdb.com/title/tt0043676/
tt0043677	https://www.imdb.com/title/tt0043677/
tt0043678	https://www.imdb.com/title/tt0043678/
tt0043679	https://www.imdb.com/title/tt0043679/
tt0043680	https://www.imdb.com/title/tt0043680/
tt0043681	https://www.imdb.com/title/tt0043681/
tt0043682	https://www.imdb.com/title/tt0043682/
tt0043687	https://www.imdb.com/title/tt0043687/
tt0043688	https://www.imdb.com/title/tt0043688/
tt0043689	https://www.imdb.com/title/tt0043689/
tt0043690	https://www.imdb.com/title/tt0043690/
tt0043692	https://www.imdb.com/title/tt0043692/
tt0043694	https://www.imdb.com/title/tt0043694/
tt0043695	https://www.imdb.com/title/tt0043695/
tt0043696	https://www.imdb.com/title/tt0043696/
tt0043697	https://www.imdb.com/title/tt0043697/
tt0043699	https://www.imdb.com/title/tt0043699/
tt0043701	https://www.imdb.com/title/tt0043701/
tt0043702	https://www.imdb.com/title/tt0043702/
tt0043703	https://www.imdb.com/title/tt0043703/
tt0043704	https://www.imdb.com/title/tt0043704/
tt0043705	https://www.imdb.com/title/tt0043705/
tt0043706	https://www.imdb.com/title/tt0043706/
tt0043708	https://www.imdb.com/title/tt0043708/
tt0043709	https://www.imdb.com/title/tt0043709/
tt0043713	https://www.imdb.com/title/tt0043713/
tt0043714	https://www.imdb.com/title/tt0043714/
tt0043715	https://www.imdb.com/title/tt0043715/
tt0043716	https://www.imdb.com/title/tt0043716/
tt0043717	https://www.imdb.com/title/tt0043717/
tt0043718	https://www.imdb.com/title/tt0043718/
tt0043719	https://www.imdb.com/title/tt0043719/
tt0043720	https://www.imdb.com/title/tt0043720/
tt0043721	https://www.imdb.com/title/tt0043721/
tt0043722	https://www.imdb.com/title/tt0043722/
tt0043723	https://www.imdb.com/title/tt0043723/
tt0043724	https://www.imdb.com/title/tt0043724/
tt0043725	https://www.imdb.com/title/tt0043725/
tt0043726	https://www.imdb.com/title/tt0043726/
tt0043727	https://www.imdb.com/title/tt0043727/
tt0043728	https://www.imdb.com/title/tt0043728/
tt0043729	https://www.imdb.com/title/tt0043729/
tt0043730	https://www.imdb.com/title/tt0043730/
tt0043733	https://www.imdb.com/title/tt0043733/
tt0043735	https://www.imdb.com/title/tt0043735/
tt0043736	https://www.imdb.com/title/tt0043736/
tt0043738	https://www.imdb.com/title/tt0043738/
tt0043739	https://www.imdb.com/title/tt0043739/
tt0043740	https://www.imdb.com/title/tt0043740/
tt0043741	https://www.imdb.com/title/tt0043741/
tt0043742	https://www.imdb.com/title/tt0043742/
tt0043743	https://www.imdb.com/title/tt0043743/
tt0043744	https://www.imdb.com/title/tt0043744/
tt0043746	https://www.imdb.com/title/tt0043746/
tt0043747	https://www.imdb.com/title/tt0043747/
tt0043748	https://www.imdb.com/title/tt0043748/
tt0043752	https://www.imdb.com/title/tt0043752/
tt0043753	https://www.imdb.com/title/tt0043753/
tt0043755	https://www.imdb.com/title/tt0043755/
tt0043756	https://www.imdb.com/title/tt0043756/
tt0043757	https://www.imdb.com/title/tt0043757/
tt0043758	https://www.imdb.com/title/tt0043758/
tt0043759	https://www.imdb.com/title/tt0043759/
tt0043762	https://www.imdb.com/title/tt0043762/
tt0043764	https://www.imdb.com/title/tt0043764/
tt0043766	https://www.imdb.com/title/tt0043766/
tt0043767	https://www.imdb.com/title/tt0043767/
tt0043768	https://www.imdb.com/title/tt0043768/
tt0043769	https://www.imdb.com/title/tt0043769/
tt0043770	https://www.imdb.com/title/tt0043770/
tt0043771	https://www.imdb.com/title/tt0043771/
tt0043773	https://www.imdb.com/title/tt0043773/
tt0043774	https://www.imdb.com/title/tt0043774/
tt0043775	https://www.imdb.com/title/tt0043775/
tt0043776	https://www.imdb.com/title/tt0043776/
tt0043777	https://www.imdb.com/title/tt0043777/
tt0043778	https://www.imdb.com/title/tt0043778/
tt0043779	https://www.imdb.com/title/tt0043779/
tt0043780	https://www.imdb.com/title/tt0043780/
tt0043781	https://www.imdb.com/title/tt0043781/
tt0043782	https://www.imdb.com/title/tt0043782/
tt0043786	https://www.imdb.com/title/tt0043786/
tt0043787	https://www.imdb.com/title/tt0043787/
tt0043790	https://www.imdb.com/title/tt0043790/
tt0043791	https://www.imdb.com/title/tt0043791/
tt0043792	https://www.imdb.com/title/tt0043792/
tt0043793	https://www.imdb.com/title/tt0043793/
tt0043794	https://www.imdb.com/title/tt0043794/
tt0043795	https://www.imdb.com/title/tt0043795/
tt0043796	https://www.imdb.com/title/tt0043796/
tt0043797	https://www.imdb.com/title/tt0043797/
tt0043801	https://www.imdb.com/title/tt0043801/
tt0043802	https://www.imdb.com/title/tt0043802/
tt0043804	https://www.imdb.com/title/tt0043804/
tt0043805	https://www.imdb.com/title/tt0043805/
tt0043806	https://www.imdb.com/title/tt0043806/
tt0043807	https://www.imdb.com/title/tt0043807/
tt0043808	https://www.imdb.com/title/tt0043808/
tt0043809	https://www.imdb.com/title/tt0043809/
tt0043810	https://www.imdb.com/title/tt0043810/
tt0043811	https://www.imdb.com/title/tt0043811/
tt0043812	https://www.imdb.com/title/tt0043812/
tt0043813	https://www.imdb.com/title/tt0043813/
tt0043817	https://www.imdb.com/title/tt0043817/
tt0043820	https://www.imdb.com/title/tt0043820/
tt0043821	https://www.imdb.com/title/tt0043821/
tt0043822	https://www.imdb.com/title/tt0043822/
tt0043823	https://www.imdb.com/title/tt0043823/
tt0043825	https://www.imdb.com/title/tt0043825/
tt0043827	https://www.imdb.com/title/tt0043827/
tt0043828	https://www.imdb.com/title/tt0043828/
tt0043829	https://www.imdb.com/title/tt0043829/
tt0043830	https://www.imdb.com/title/tt0043830/
tt0043831	https://www.imdb.com/title/tt0043831/
tt0043832	https://www.imdb.com/title/tt0043832/
tt0043833	https://www.imdb.com/title/tt0043833/
tt0043834	https://www.imdb.com/title/tt0043834/
tt0043836	https://www.imdb.com/title/tt0043836/
tt0043838	https://www.imdb.com/title/tt0043838/
tt0043842	https://www.imdb.com/title/tt0043842/
tt0043843	https://www.imdb.com/title/tt0043843/
tt0043844	https://www.imdb.com/title/tt0043844/
tt0043847	https://www.imdb.com/title/tt0043847/
tt0043848	https://www.imdb.com/title/tt0043848/
tt0043849	https://www.imdb.com/title/tt0043849/
tt0043851	https://www.imdb.com/title/tt0043851/
tt0043852	https://www.imdb.com/title/tt0043852/
tt0043853	https://www.imdb.com/title/tt0043853/
tt0043854	https://www.imdb.com/title/tt0043854/
tt0043855	https://www.imdb.com/title/tt0043855/
tt0043856	https://www.imdb.com/title/tt0043856/
tt0043858	https://www.imdb.com/title/tt0043858/
tt0043859	https://www.imdb.com/title/tt0043859/
tt0043861	https://www.imdb.com/title/tt0043861/
tt0043864	https://www.imdb.com/title/tt0043864/
tt0043865	https://www.imdb.com/title/tt0043865/
tt0043869	https://www.imdb.com/title/tt0043869/
tt0043870	https://www.imdb.com/title/tt0043870/
tt0043872	https://www.imdb.com/title/tt0043872/
tt0043874	https://www.imdb.com/title/tt0043874/
tt0043875	https://www.imdb.com/title/tt0043875/
tt0043877	https://www.imdb.com/title/tt0043877/
tt0043878	https://www.imdb.com/title/tt0043878/
tt0043879	https://www.imdb.com/title/tt0043879/
tt0043880	https://www.imdb.com/title/tt0043880/
tt0043881	https://www.imdb.com/title/tt0043881/
tt0043882	https://www.imdb.com/title/tt0043882/
tt0043884	https://www.imdb.com/title/tt0043884/
tt0043885	https://www.imdb.com/title/tt0043885/
tt0043886	https://www.imdb.com/title/tt0043886/
tt0043887	https://www.imdb.com/title/tt0043887/
tt0043888	https://www.imdb.com/title/tt0043888/
tt0043889	https://www.imdb.com/title/tt0043889/
tt0043891	https://www.imdb.com/title/tt0043891/
tt0043892	https://www.imdb.com/title/tt0043892/
tt0043893	https://www.imdb.com/title/tt0043893/
tt0043895	https://www.imdb.com/title/tt0043895/
tt0043896	https://www.imdb.com/title/tt0043896/
tt0043898	https://www.imdb.com/title/tt0043898/
tt0043899	https://www.imdb.com/title/tt0043899/
tt0043901	https://www.imdb.com/title/tt0043901/
tt0043902	https://www.imdb.com/title/tt0043902/
tt0043904	https://www.imdb.com/title/tt0043904/
tt0043906	https://www.imdb.com/title/tt0043906/
tt0043907	https://www.imdb.com/title/tt0043907/
tt0043908	https://www.imdb.com/title/tt0043908/
tt0043909	https://www.imdb.com/title/tt0043909/
tt0043910	https://www.imdb.com/title/tt0043910/
tt0043911	https://www.imdb.com/title/tt0043911/
tt0043912	https://www.imdb.com/title/tt0043912/
tt0043913	https://www.imdb.com/title/tt0043913/
tt0043914	https://www.imdb.com/title/tt0043914/
tt0043915	https://www.imdb.com/title/tt0043915/
tt0043916	https://www.imdb.com/title/tt0043916/
tt0043919	https://www.imdb.com/title/tt0043919/
tt0043920	https://www.imdb.com/title/tt0043920/
tt0043921	https://www.imdb.com/title/tt0043921/
tt0043923	https://www.imdb.com/title/tt0043923/
tt0043924	https://www.imdb.com/title/tt0043924/
tt0043926	https://www.imdb.com/title/tt0043926/
tt0043927	https://www.imdb.com/title/tt0043927/
tt0043928	https://www.imdb.com/title/tt0043928/
tt0043929	https://www.imdb.com/title/tt0043929/
tt0043932	https://www.imdb.com/title/tt0043932/
tt0043933	https://www.imdb.com/title/tt0043933/
tt0043934	https://www.imdb.com/title/tt0043934/
tt0043935	https://www.imdb.com/title/tt0043935/
tt0043938	https://www.imdb.com/title/tt0043938/
tt0043940	https://www.imdb.com/title/tt0043940/
tt0043942	https://www.imdb.com/title/tt0043942/
tt0043945	https://www.imdb.com/title/tt0043945/
tt0043946	https://www.imdb.com/title/tt0043946/
tt0043947	https://www.imdb.com/title/tt0043947/
tt0043949	https://www.imdb.com/title/tt0043949/
tt0043950	https://www.imdb.com/title/tt0043950/
tt0043954	https://www.imdb.com/title/tt0043954/
tt0043955	https://www.imdb.com/title/tt0043955/
tt0043957	https://www.imdb.com/title/tt0043957/
tt0043958	https://www.imdb.com/title/tt0043958/
tt0043959	https://www.imdb.com/title/tt0043959/
tt0043961	https://www.imdb.com/title/tt0043961/
tt0043962	https://www.imdb.com/title/tt0043962/
tt0043965	https://www.imdb.com/title/tt0043965/
tt0043966	https://www.imdb.com/title/tt0043966/
tt0043967	https://www.imdb.com/title/tt0043967/
tt0043968	https://www.imdb.com/title/tt0043968/
tt0043970	https://www.imdb.com/title/tt0043970/
tt0043971	https://www.imdb.com/title/tt0043971/
tt0043972	https://www.imdb.com/title/tt0043972/
tt0043973	https://www.imdb.com/title/tt0043973/
tt0043974	https://www.imdb.com/title/tt0043974/
tt0043975	https://www.imdb.com/title/tt0043975/
tt0043977	https://www.imdb.com/title/tt0043977/
tt0043978	https://www.imdb.com/title/tt0043978/
tt0043981	https://www.imdb.com/title/tt0043981/
tt0043982	https://www.imdb.com/title/tt0043982/
tt0043983	https://www.imdb.com/title/tt0043983/
tt0043984	https://www.imdb.com/title/tt0043984/
tt0043987	https://www.imdb.com/title/tt0043987/
tt0043988	https://www.imdb.com/title/tt0043988/
tt0043990	https://www.imdb.com/title/tt0043990/
tt0043991	https://www.imdb.com/title/tt0043991/
tt0043992	https://www.imdb.com/title/tt0043992/
tt0043993	https://www.imdb.com/title/tt0043993/
tt0043994	https://www.imdb.com/title/tt0043994/
tt0043995	https://www.imdb.com/title/tt0043995/
tt0043996	https://www.imdb.com/title/tt0043996/
tt0043997	https://www.imdb.com/title/tt0043997/
tt0043998	https://www.imdb.com/title/tt0043998/
tt0043999	https://www.imdb.com/title/tt0043999/
tt0044002	https://www.imdb.com/title/tt0044002/
tt0044003	https://www.imdb.com/title/tt0044003/
tt0044004	https://www.imdb.com/title/tt0044004/
tt0044005	https://www.imdb.com/title/tt0044005/
tt0044006	https://www.imdb.com/title/tt0044006/
tt0044008	https://www.imdb.com/title/tt0044008/
tt0044010	https://www.imdb.com/title/tt0044010/
tt0044012	https://www.imdb.com/title/tt0044012/
tt0044015	https://www.imdb.com/title/tt0044015/
tt0044016	https://www.imdb.com/title/tt0044016/
tt0044019	https://www.imdb.com/title/tt0044019/
tt0044020	https://www.imdb.com/title/tt0044020/
tt0044021	https://www.imdb.com/title/tt0044021/
tt0044022	https://www.imdb.com/title/tt0044022/
tt0044023	https://www.imdb.com/title/tt0044023/
tt0044024	https://www.imdb.com/title/tt0044024/
tt0044026	https://www.imdb.com/title/tt0044026/
tt0044028	https://www.imdb.com/title/tt0044028/
tt0044029	https://www.imdb.com/title/tt0044029/
tt0044030	https://www.imdb.com/title/tt0044030/
tt0044034	https://www.imdb.com/title/tt0044034/
tt0044035	https://www.imdb.com/title/tt0044035/
tt0044036	https://www.imdb.com/title/tt0044036/
tt0044037	https://www.imdb.com/title/tt0044037/
tt0044039	https://www.imdb.com/title/tt0044039/
tt0044040	https://www.imdb.com/title/tt0044040/
tt0044042	https://www.imdb.com/title/tt0044042/
tt0044043	https://www.imdb.com/title/tt0044043/
tt0044044	https://www.imdb.com/title/tt0044044/
tt0044045	https://www.imdb.com/title/tt0044045/
tt0044049	https://www.imdb.com/title/tt0044049/
tt0044050	https://www.imdb.com/title/tt0044050/
tt0044051	https://www.imdb.com/title/tt0044051/
tt0044052	https://www.imdb.com/title/tt0044052/
tt0044059	https://www.imdb.com/title/tt0044059/
tt0044060	https://www.imdb.com/title/tt0044060/
tt0044061	https://www.imdb.com/title/tt0044061/
tt0044062	https://www.imdb.com/title/tt0044062/
tt0044063	https://www.imdb.com/title/tt0044063/
tt0044064	https://www.imdb.com/title/tt0044064/
tt0044065	https://www.imdb.com/title/tt0044065/
tt0044066	https://www.imdb.com/title/tt0044066/
tt0044067	https://www.imdb.com/title/tt0044067/
tt0044068	https://www.imdb.com/title/tt0044068/
tt0044069	https://www.imdb.com/title/tt0044069/
tt0044070	https://www.imdb.com/title/tt0044070/
tt0044071	https://www.imdb.com/title/tt0044071/
tt0044072	https://www.imdb.com/title/tt0044072/
tt0044073	https://www.imdb.com/title/tt0044073/
tt0044074	https://www.imdb.com/title/tt0044074/
tt0044078	https://www.imdb.com/title/tt0044078/
tt0044079	https://www.imdb.com/title/tt0044079/
tt0044080	https://www.imdb.com/title/tt0044080/
tt0044081	https://www.imdb.com/title/tt0044081/
tt0044082	https://www.imdb.com/title/tt0044082/
tt0044083	https://www.imdb.com/title/tt0044083/
tt0044085	https://www.imdb.com/title/tt0044085/
tt0044087	https://www.imdb.com/title/tt0044087/
tt0044090	https://www.imdb.com/title/tt0044090/
tt0044091	https://www.imdb.com/title/tt0044091/
tt0044092	https://www.imdb.com/title/tt0044092/
tt0044094	https://www.imdb.com/title/tt0044094/
tt0044098	https://www.imdb.com/title/tt0044098/
tt0044099	https://www.imdb.com/title/tt0044099/
tt0044100	https://www.imdb.com/title/tt0044100/
tt0044103	https://www.imdb.com/title/tt0044103/
tt0044104	https://www.imdb.com/title/tt0044104/
tt0044105	https://www.imdb.com/title/tt0044105/
tt0044106	https://www.imdb.com/title/tt0044106/
tt0044107	https://www.imdb.com/title/tt0044107/
tt0044108	https://www.imdb.com/title/tt0044108/
tt0044110	https://www.imdb.com/title/tt0044110/
tt0044111	https://www.imdb.com/title/tt0044111/
tt0044112	https://www.imdb.com/title/tt0044112/
tt0044116	https://www.imdb.com/title/tt0044116/
tt0044117	https://www.imdb.com/title/tt0044117/
tt0044118	https://www.imdb.com/title/tt0044118/
tt0044119	https://www.imdb.com/title/tt0044119/
tt0044120	https://www.imdb.com/title/tt0044120/
tt0044121	https://www.imdb.com/title/tt0044121/
tt0044122	https://www.imdb.com/title/tt0044122/
tt0044124	https://www.imdb.com/title/tt0044124/
tt0044125	https://www.imdb.com/title/tt0044125/
tt0044127	https://www.imdb.com/title/tt0044127/
tt0044128	https://www.imdb.com/title/tt0044128/
tt0044129	https://www.imdb.com/title/tt0044129/
tt0044131	https://www.imdb.com/title/tt0044131/
tt0044132	https://www.imdb.com/title/tt0044132/
tt0044133	https://www.imdb.com/title/tt0044133/
tt0044134	https://www.imdb.com/title/tt0044134/
tt0044135	https://www.imdb.com/title/tt0044135/
tt0044136	https://www.imdb.com/title/tt0044136/
tt0044138	https://www.imdb.com/title/tt0044138/
tt0044140	https://www.imdb.com/title/tt0044140/
tt0044142	https://www.imdb.com/title/tt0044142/
tt0044145	https://www.imdb.com/title/tt0044145/
tt0044146	https://www.imdb.com/title/tt0044146/
tt0044147	https://www.imdb.com/title/tt0044147/
tt0044150	https://www.imdb.com/title/tt0044150/
tt0044151	https://www.imdb.com/title/tt0044151/
tt0044152	https://www.imdb.com/title/tt0044152/
tt0044155	https://www.imdb.com/title/tt0044155/
tt0044156	https://www.imdb.com/title/tt0044156/
tt0044158	https://www.imdb.com/title/tt0044158/
tt0044159	https://www.imdb.com/title/tt0044159/
tt0044161	https://www.imdb.com/title/tt0044161/
tt0044162	https://www.imdb.com/title/tt0044162/
tt0044163	https://www.imdb.com/title/tt0044163/
tt0044165	https://www.imdb.com/title/tt0044165/
tt0044166	https://www.imdb.com/title/tt0044166/
tt0044167	https://www.imdb.com/title/tt0044167/
tt0044168	https://www.imdb.com/title/tt0044168/
tt0044169	https://www.imdb.com/title/tt0044169/
tt0044170	https://www.imdb.com/title/tt0044170/
tt0044173	https://www.imdb.com/title/tt0044173/
tt0044174	https://www.imdb.com/title/tt0044174/
tt0044175	https://www.imdb.com/title/tt0044175/
tt0044177	https://www.imdb.com/title/tt0044177/
tt0044178	https://www.imdb.com/title/tt0044178/
tt0044179	https://www.imdb.com/title/tt0044179/
tt0044180	https://www.imdb.com/title/tt0044180/
tt0044182	https://www.imdb.com/title/tt0044182/
tt0044183	https://www.imdb.com/title/tt0044183/
tt0044184	https://www.imdb.com/title/tt0044184/
tt0044186	https://www.imdb.com/title/tt0044186/
tt0044187	https://www.imdb.com/title/tt0044187/
tt0044188	https://www.imdb.com/title/tt0044188/
tt0044189	https://www.imdb.com/title/tt0044189/
tt0044190	https://www.imdb.com/title/tt0044190/
tt0044191	https://www.imdb.com/title/tt0044191/
tt0044192	https://www.imdb.com/title/tt0044192/
tt0044194	https://www.imdb.com/title/tt0044194/
tt0044195	https://www.imdb.com/title/tt0044195/
tt0044196	https://www.imdb.com/title/tt0044196/
tt0044197	https://www.imdb.com/title/tt0044197/
tt0044199	https://www.imdb.com/title/tt0044199/
tt0044200	https://www.imdb.com/title/tt0044200/
tt0044202	https://www.imdb.com/title/tt0044202/
tt0044203	https://www.imdb.com/title/tt0044203/
tt0044204	https://www.imdb.com/title/tt0044204/
tt0044205	https://www.imdb.com/title/tt0044205/
tt0044206	https://www.imdb.com/title/tt0044206/
tt0044207	https://www.imdb.com/title/tt0044207/
tt0044208	https://www.imdb.com/title/tt0044208/
tt0044209	https://www.imdb.com/title/tt0044209/
tt0044210	https://www.imdb.com/title/tt0044210/
tt0044212	https://www.imdb.com/title/tt0044212/
tt0044213	https://www.imdb.com/title/tt0044213/
tt0044214	https://www.imdb.com/title/tt0044214/
tt0044215	https://www.imdb.com/title/tt0044215/
tt0044216	https://www.imdb.com/title/tt0044216/
tt0044217	https://www.imdb.com/title/tt0044217/
tt0044219	https://www.imdb.com/title/tt0044219/
tt0044220	https://www.imdb.com/title/tt0044220/
tt0044221	https://www.imdb.com/title/tt0044221/
tt0044222	https://www.imdb.com/title/tt0044222/
tt0044223	https://www.imdb.com/title/tt0044223/
tt0044224	https://www.imdb.com/title/tt0044224/
tt0044225	https://www.imdb.com/title/tt0044225/
tt0044226	https://www.imdb.com/title/tt0044226/
tt0044227	https://www.imdb.com/title/tt0044227/
tt0044364	https://www.imdb.com/title/tt0044364/
tt0044385	https://www.imdb.com/title/tt0044385/
tt0044460	https://www.imdb.com/title/tt0044460/
tt0044473	https://www.imdb.com/title/tt0044473/
tt0044586	https://www.imdb.com/title/tt0044586/
tt0044636	https://www.imdb.com/title/tt0044636/
tt0044829	https://www.imdb.com/title/tt0044829/
tt0044876	https://www.imdb.com/title/tt0044876/
tt0044906	https://www.imdb.com/title/tt0044906/
tt0044917	https://www.imdb.com/title/tt0044917/
tt0044928	https://www.imdb.com/title/tt0044928/
tt0044964	https://www.imdb.com/title/tt0044964/
tt0045002	https://www.imdb.com/title/tt0045002/
tt0045021	https://www.imdb.com/title/tt0045021/
tt0045031	https://www.imdb.com/title/tt0045031/
tt0045116	https://www.imdb.com/title/tt0045116/
tt0045117	https://www.imdb.com/title/tt0045117/
tt0045122	https://www.imdb.com/title/tt0045122/
tt0045157	https://www.imdb.com/title/tt0045157/
tt0045192	https://www.imdb.com/title/tt0045192/
tt0045203	https://www.imdb.com/title/tt0045203/
tt0045251	https://www.imdb.com/title/tt0045251/
tt0045284	https://www.imdb.com/title/tt0045284/
tt0045288	https://www.imdb.com/title/tt0045288/
tt0045735	https://www.imdb.com/title/tt0045735/
tt0046544	https://www.imdb.com/title/tt0046544/
tt0046550	https://www.imdb.com/title/tt0046550/
tt0121197	https://www.imdb.com/title/tt0121197/
tt0121366	https://www.imdb.com/title/tt0121366/
tt0121370	https://www.imdb.com/title/tt0121370/
tt0121513	https://www.imdb.com/title/tt0121513/
tt0121515	https://www.imdb.com/title/tt0121515/
tt0121729	https://www.imdb.com/title/tt0121729/
tt0121854	https://www.imdb.com/title/tt0121854/
tt0121927	https://www.imdb.com/title/tt0121927/
tt0122049	https://www.imdb.com/title/tt0122049/
tt0122073	https://www.imdb.com/title/tt0122073/
tt0122105	https://www.imdb.com/title/tt0122105/
tt0122533	https://www.imdb.com/title/tt0122533/
tt0122613	https://www.imdb.com/title/tt0122613/
tt0123064	https://www.imdb.com/title/tt0123064/
tt0123106	https://www.imdb.com/title/tt0123106/
tt0123171	https://www.imdb.com/title/tt0123171/
tt0123791	https://www.imdb.com/title/tt0123791/
tt0124032	https://www.imdb.com/title/tt0124032/
tt0124182	https://www.imdb.com/title/tt0124182/
tt0124277	https://www.imdb.com/title/tt0124277/
tt0124880	https://www.imdb.com/title/tt0124880/
tt0125385	https://www.imdb.com/title/tt0125385/
tt0125573	https://www.imdb.com/title/tt0125573/
tt0125761	https://www.imdb.com/title/tt0125761/
tt0126005	https://www.imdb.com/title/tt0126005/
tt0126183	https://www.imdb.com/title/tt0126183/
tt0127007	https://www.imdb.com/title/tt0127007/
tt0127078	https://www.imdb.com/title/tt0127078/
tt0127265	https://www.imdb.com/title/tt0127265/
tt0128027	https://www.imdb.com/title/tt0128027/
tt0128271	https://www.imdb.com/title/tt0128271/
tt0128832	https://www.imdb.com/title/tt0128832/
tt0128833	https://www.imdb.com/title/tt0128833/
tt0128909	https://www.imdb.com/title/tt0128909/
tt0129422	https://www.imdb.com/title/tt0129422/
tt0130166	https://www.imdb.com/title/tt0130166/
tt0130489	https://www.imdb.com/title/tt0130489/
tt0130608	https://www.imdb.com/title/tt0130608/
tt0130884	https://www.imdb.com/title/tt0130884/
tt0130989	https://www.imdb.com/title/tt0130989/
tt0131453	https://www.imdb.com/title/tt0131453/
tt0131633	https://www.imdb.com/title/tt0131633/
tt0132122	https://www.imdb.com/title/tt0132122/
tt0133014	https://www.imdb.com/title/tt0133014/
tt0133168	https://www.imdb.com/title/tt0133168/
tt0133286	https://www.imdb.com/title/tt0133286/
tt0133360	https://www.imdb.com/title/tt0133360/
tt0133713	https://www.imdb.com/title/tt0133713/
tt0134182	https://www.imdb.com/title/tt0134182/
tt0134186	https://www.imdb.com/title/tt0134186/
tt0134328	https://www.imdb.com/title/tt0134328/
tt0134763	https://www.imdb.com/title/tt0134763/
tt0134838	https://www.imdb.com/title/tt0134838/
tt0134840	https://www.imdb.com/title/tt0134840/
tt0135178	https://www.imdb.com/title/tt0135178/
tt0135668	https://www.imdb.com/title/tt0135668/
tt0135772	https://www.imdb.com/title/tt0135772/
tt0136276	https://www.imdb.com/title/tt0136276/
tt0136573	https://www.imdb.com/title/tt0136573/
tt0136711	https://www.imdb.com/title/tt0136711/
tt0136784	https://www.imdb.com/title/tt0136784/
tt0136791	https://www.imdb.com/title/tt0136791/
tt0136967	https://www.imdb.com/title/tt0136967/
tt0137054	https://www.imdb.com/title/tt0137054/
tt0137086	https://www.imdb.com/title/tt0137086/
tt0137098	https://www.imdb.com/title/tt0137098/
tt0137105	https://www.imdb.com/title/tt0137105/
tt0137122	https://www.imdb.com/title/tt0137122/
tt0137126	https://www.imdb.com/title/tt0137126/
tt0137151	https://www.imdb.com/title/tt0137151/
tt0137164	https://www.imdb.com/title/tt0137164/
tt0137179	https://www.imdb.com/title/tt0137179/
tt0137194	https://www.imdb.com/title/tt0137194/
tt0137227	https://www.imdb.com/title/tt0137227/
tt0137230	https://www.imdb.com/title/tt0137230/
tt0137349	https://www.imdb.com/title/tt0137349/
tt0137387	https://www.imdb.com/title/tt0137387/
tt0137459	https://www.imdb.com/title/tt0137459/
tt0137476	https://www.imdb.com/title/tt0137476/
tt0137873	https://www.imdb.com/title/tt0137873/
tt0138090	https://www.imdb.com/title/tt0138090/
tt0138153	https://www.imdb.com/title/tt0138153/
tt0138666	https://www.imdb.com/title/tt0138666/
tt0138706	https://www.imdb.com/title/tt0138706/
tt0138747	https://www.imdb.com/title/tt0138747/
tt0138819	https://www.imdb.com/title/tt0138819/
tt0138840	https://www.imdb.com/title/tt0138840/
tt0139044	https://www.imdb.com/title/tt0139044/
tt0139311	https://www.imdb.com/title/tt0139311/
tt0139415	https://www.imdb.com/title/tt0139415/
tt0139443	https://www.imdb.com/title/tt0139443/
tt0139583	https://www.imdb.com/title/tt0139583/
tt0139716	https://www.imdb.com/title/tt0139716/
tt0140074	https://www.imdb.com/title/tt0140074/
tt0140302	https://www.imdb.com/title/tt0140302/
tt0140424	https://www.imdb.com/title/tt0140424/
tt0140444	https://www.imdb.com/title/tt0140444/
tt0140507	https://www.imdb.com/title/tt0140507/
tt0140599	https://www.imdb.com/title/tt0140599/
tt0140952	https://www.imdb.com/title/tt0140952/
tt0141671	https://www.imdb.com/title/tt0141671/
tt0141884	https://www.imdb.com/title/tt0141884/
tt0141956	https://www.imdb.com/title/tt0141956/
tt0142150	https://www.imdb.com/title/tt0142150/
tt0142270	https://www.imdb.com/title/tt0142270/
tt0143212	https://www.imdb.com/title/tt0143212/
tt0143940	https://www.imdb.com/title/tt0143940/
tt0145779	https://www.imdb.com/title/tt0145779/
tt0146129	https://www.imdb.com/title/tt0146129/
tt0146285	https://www.imdb.com/title/tt0146285/
tt0146311	https://www.imdb.com/title/tt0146311/
tt0146428	https://www.imdb.com/title/tt0146428/
tt0149606	https://www.imdb.com/title/tt0149606/
tt0149640	https://www.imdb.com/title/tt0149640/
tt0149731	https://www.imdb.com/title/tt0149731/
tt0149732	https://www.imdb.com/title/tt0149732/
tt0149739	https://www.imdb.com/title/tt0149739/
tt0149753	https://www.imdb.com/title/tt0149753/
tt0149836	https://www.imdb.com/title/tt0149836/
tt0149838	https://www.imdb.com/title/tt0149838/
tt0149941	https://www.imdb.com/title/tt0149941/
tt0149946	https://www.imdb.com/title/tt0149946/
tt0150008	https://www.imdb.com/title/tt0150008/
tt0150639	https://www.imdb.com/title/tt0150639/
tt0151547	https://www.imdb.com/title/tt0151547/
tt0151679	https://www.imdb.com/title/tt0151679/
tt0151785	https://www.imdb.com/title/tt0151785/
tt0151936	https://www.imdb.com/title/tt0151936/
tt0152189	https://www.imdb.com/title/tt0152189/
tt0153524	https://www.imdb.com/title/tt0153524/
tt0153535	https://www.imdb.com/title/tt0153535/
tt0154190	https://www.imdb.com/title/tt0154190/
tt0154296	https://www.imdb.com/title/tt0154296/
tt0154342	https://www.imdb.com/title/tt0154342/
tt0154576	https://www.imdb.com/title/tt0154576/
tt0154704	https://www.imdb.com/title/tt0154704/
tt0154858	https://www.imdb.com/title/tt0154858/
tt0154945	https://www.imdb.com/title/tt0154945/
tt0155142	https://www.imdb.com/title/tt0155142/
tt0155356	https://www.imdb.com/title/tt0155356/
tt0155549	https://www.imdb.com/title/tt0155549/
tt0155597	https://www.imdb.com/title/tt0155597/
tt0155627	https://www.imdb.com/title/tt0155627/
tt0155738	https://www.imdb.com/title/tt0155738/
tt0155834	https://www.imdb.com/title/tt0155834/
tt0156342	https://www.imdb.com/title/tt0156342/
tt0156412	https://www.imdb.com/title/tt0156412/
tt0156425	https://www.imdb.com/title/tt0156425/
tt0156431	https://www.imdb.com/title/tt0156431/
tt0156447	https://www.imdb.com/title/tt0156447/
tt0156450	https://www.imdb.com/title/tt0156450/
tt0156462	https://www.imdb.com/title/tt0156462/
tt0156467	https://www.imdb.com/title/tt0156467/
tt0156471	https://www.imdb.com/title/tt0156471/
tt0156483	https://www.imdb.com/title/tt0156483/
tt0156494	https://www.imdb.com/title/tt0156494/
tt0156514	https://www.imdb.com/title/tt0156514/
tt0156733	https://www.imdb.com/title/tt0156733/
tt0156737	https://www.imdb.com/title/tt0156737/
tt0156928	https://www.imdb.com/title/tt0156928/
tt0157029	https://www.imdb.com/title/tt0157029/
tt0157602	https://www.imdb.com/title/tt0157602/
tt0157718	https://www.imdb.com/title/tt0157718/
tt0157786	https://www.imdb.com/title/tt0157786/
tt0157792	https://www.imdb.com/title/tt0157792/
tt0157793	https://www.imdb.com/title/tt0157793/
tt0157850	https://www.imdb.com/title/tt0157850/
tt0157869	https://www.imdb.com/title/tt0157869/
tt0157933	https://www.imdb.com/title/tt0157933/
tt0158152	https://www.imdb.com/title/tt0158152/
tt0158258	https://www.imdb.com/title/tt0158258/
tt0158299	https://www.imdb.com/title/tt0158299/
tt0158457	https://www.imdb.com/title/tt0158457/
tt0158749	https://www.imdb.com/title/tt0158749/
tt0158752	https://www.imdb.com/title/tt0158752/
tt0158756	https://www.imdb.com/title/tt0158756/
tt0158769	https://www.imdb.com/title/tt0158769/
tt0158770	https://www.imdb.com/title/tt0158770/
tt0158805	https://www.imdb.com/title/tt0158805/
tt0158817	https://www.imdb.com/title/tt0158817/
tt0159581	https://www.imdb.com/title/tt0159581/
tt0159584	https://www.imdb.com/title/tt0159584/
tt0159633	https://www.imdb.com/title/tt0159633/
tt0159634	https://www.imdb.com/title/tt0159634/
tt0159638	https://www.imdb.com/title/tt0159638/
tt0159645	https://www.imdb.com/title/tt0159645/
tt0159651	https://www.imdb.com/title/tt0159651/
tt0159654	https://www.imdb.com/title/tt0159654/
tt0159656	https://www.imdb.com/title/tt0159656/
tt0160756	https://www.imdb.com/title/tt0160756/
tt0160780	https://www.imdb.com/title/tt0160780/
tt0160795	https://www.imdb.com/title/tt0160795/
tt0160832	https://www.imdb.com/title/tt0160832/
tt0160945	https://www.imdb.com/title/tt0160945/
tt0160947	https://www.imdb.com/title/tt0160947/
tt0161002	https://www.imdb.com/title/tt0161002/
tt0161060	https://www.imdb.com/title/tt0161060/
tt0161065	https://www.imdb.com/title/tt0161065/
tt0161067	https://www.imdb.com/title/tt0161067/
tt0162760	https://www.imdb.com/title/tt0162760/
tt0163279	https://www.imdb.com/title/tt0163279/
tt0164384	https://www.imdb.com/title/tt0164384/
tt0164407	https://www.imdb.com/title/tt0164407/
tt0164408	https://www.imdb.com/title/tt0164408/
tt0166128	https://www.imdb.com/title/tt0166128/
tt0167783	https://www.imdb.com/title/tt0167783/
tt0169408	https://www.imdb.com/title/tt0169408/
tt0170243	https://www.imdb.com/title/tt0170243/
tt0170597	https://www.imdb.com/title/tt0170597/
tt0171541	https://www.imdb.com/title/tt0171541/
tt0172212	https://www.imdb.com/title/tt0172212/
tt0172221	https://www.imdb.com/title/tt0172221/
tt0172429	https://www.imdb.com/title/tt0172429/
tt0172946	https://www.imdb.com/title/tt0172946/
tt0173023	https://www.imdb.com/title/tt0173023/
tt0173320	https://www.imdb.com/title/tt0173320/
tt0173388	https://www.imdb.com/title/tt0173388/
tt0173856	https://www.imdb.com/title/tt0173856/
tt0173863	https://www.imdb.com/title/tt0173863/
tt0173927	https://www.imdb.com/title/tt0173927/
tt0174012	https://www.imdb.com/title/tt0174012/
tt0174029	https://www.imdb.com/title/tt0174029/
tt0174088	https://www.imdb.com/title/tt0174088/
tt0174130	https://www.imdb.com/title/tt0174130/
tt0174235	https://www.imdb.com/title/tt0174235/
tt0174317	https://www.imdb.com/title/tt0174317/
tt0174539	https://www.imdb.com/title/tt0174539/
tt0175233	https://www.imdb.com/title/tt0175233/
tt0175257	https://www.imdb.com/title/tt0175257/
tt0175428	https://www.imdb.com/title/tt0175428/
tt0176077	https://www.imdb.com/title/tt0176077/
tt0176085	https://www.imdb.com/title/tt0176085/
tt0176303	https://www.imdb.com/title/tt0176303/
tt0176894	https://www.imdb.com/title/tt0176894/
tt0177519	https://www.imdb.com/title/tt0177519/
tt0177617	https://www.imdb.com/title/tt0177617/
tt0177689	https://www.imdb.com/title/tt0177689/
tt0178296	https://www.imdb.com/title/tt0178296/
tt0178741	https://www.imdb.com/title/tt0178741/
tt0178749	https://www.imdb.com/title/tt0178749/
tt0178825	https://www.imdb.com/title/tt0178825/
tt0178905	https://www.imdb.com/title/tt0178905/
tt0179124	https://www.imdb.com/title/tt0179124/
tt0179630	https://www.imdb.com/title/tt0179630/
tt0179759	https://www.imdb.com/title/tt0179759/
tt0179780	https://www.imdb.com/title/tt0179780/
tt0179787	https://www.imdb.com/title/tt0179787/
tt0180036	https://www.imdb.com/title/tt0180036/
tt0180091	https://www.imdb.com/title/tt0180091/
tt0180243	https://www.imdb.com/title/tt0180243/
tt0180404	https://www.imdb.com/title/tt0180404/
tt0180416	https://www.imdb.com/title/tt0180416/
tt0180440	https://www.imdb.com/title/tt0180440/
tt0180615	https://www.imdb.com/title/tt0180615/
tt0180694	https://www.imdb.com/title/tt0180694/
tt0181282	https://www.imdb.com/title/tt0181282/
tt0181874	https://www.imdb.com/title/tt0181874/
tt0181888	https://www.imdb.com/title/tt0181888/
tt0182010	https://www.imdb.com/title/tt0182010/
tt0182025	https://www.imdb.com/title/tt0182025/
tt0182223	https://www.imdb.com/title/tt0182223/
tt0182280	https://www.imdb.com/title/tt0182280/
tt0182302	https://www.imdb.com/title/tt0182302/
tt0182922	https://www.imdb.com/title/tt0182922/
tt0183476	https://www.imdb.com/title/tt0183476/
tt0183534	https://www.imdb.com/title/tt0183534/
tt0183541	https://www.imdb.com/title/tt0183541/
tt0184388	https://www.imdb.com/title/tt0184388/
tt0185460	https://www.imdb.com/title/tt0185460/
tt0185506	https://www.imdb.com/title/tt0185506/
tt0185903	https://www.imdb.com/title/tt0185903/
tt0186033	https://www.imdb.com/title/tt0186033/
tt0186143	https://www.imdb.com/title/tt0186143/
tt0186144	https://www.imdb.com/title/tt0186144/
tt0186149	https://www.imdb.com/title/tt0186149/
tt0186414	https://www.imdb.com/title/tt0186414/
tt0186539	https://www.imdb.com/title/tt0186539/
tt0186704	https://www.imdb.com/title/tt0186704/
tt0186722	https://www.imdb.com/title/tt0186722/
tt0187290	https://www.imdb.com/title/tt0187290/
tt0187586	https://www.imdb.com/title/tt0187586/
tt0187896	https://www.imdb.com/title/tt0187896/
tt0188302	https://www.imdb.com/title/tt0188302/
tt0188848	https://www.imdb.com/title/tt0188848/
tt0189771	https://www.imdb.com/title/tt0189771/
tt0189956	https://www.imdb.com/title/tt0189956/
tt0190006	https://www.imdb.com/title/tt0190006/
tt0190048	https://www.imdb.com/title/tt0190048/
tt0190406	https://www.imdb.com/title/tt0190406/
tt0191876	https://www.imdb.com/title/tt0191876/
tt0191892	https://www.imdb.com/title/tt0191892/
tt0192068	https://www.imdb.com/title/tt0192068/
tt0192146	https://www.imdb.com/title/tt0192146/
tt0192370	https://www.imdb.com/title/tt0192370/
tt0192381	https://www.imdb.com/title/tt0192381/
tt0192486	https://www.imdb.com/title/tt0192486/
tt0192498	https://www.imdb.com/title/tt0192498/
tt0192524	https://www.imdb.com/title/tt0192524/
tt0192809	https://www.imdb.com/title/tt0192809/
tt0192837	https://www.imdb.com/title/tt0192837/
tt0192844	https://www.imdb.com/title/tt0192844/
tt0192856	https://www.imdb.com/title/tt0192856/
tt0193205	https://www.imdb.com/title/tt0193205/
tt0193322	https://www.imdb.com/title/tt0193322/
tt0193349	https://www.imdb.com/title/tt0193349/
tt0193381	https://www.imdb.com/title/tt0193381/
tt0193710	https://www.imdb.com/title/tt0193710/
tt0193737	https://www.imdb.com/title/tt0193737/
tt0193798	https://www.imdb.com/title/tt0193798/
tt0194185	https://www.imdb.com/title/tt0194185/
tt0194441	https://www.imdb.com/title/tt0194441/
tt0194795	https://www.imdb.com/title/tt0194795/
tt0194865	https://www.imdb.com/title/tt0194865/
tt0195530	https://www.imdb.com/title/tt0195530/
tt0195898	https://www.imdb.com/title/tt0195898/
tt0196077	https://www.imdb.com/title/tt0196077/
tt0196137	https://www.imdb.com/title/tt0196137/
tt0196465	https://www.imdb.com/title/tt0196465/
tt0196611	https://www.imdb.com/title/tt0196611/
tt0196890	https://www.imdb.com/title/tt0196890/
tt0197250	https://www.imdb.com/title/tt0197250/
tt0197925	https://www.imdb.com/title/tt0197925/
tt0197957	https://www.imdb.com/title/tt0197957/
tt0198345	https://www.imdb.com/title/tt0198345/
tt0198373	https://www.imdb.com/title/tt0198373/
tt0198474	https://www.imdb.com/title/tt0198474/
tt0198646	https://www.imdb.com/title/tt0198646/
tt0199146	https://www.imdb.com/title/tt0199146/
tt0199163	https://www.imdb.com/title/tt0199163/
tt0199176	https://www.imdb.com/title/tt0199176/
tt0199427	https://www.imdb.com/title/tt0199427/
tt0199605	https://www.imdb.com/title/tt0199605/
tt0199720	https://www.imdb.com/title/tt0199720/
tt0200543	https://www.imdb.com/title/tt0200543/
tt0200616	https://www.imdb.com/title/tt0200616/
tt0200680	https://www.imdb.com/title/tt0200680/
tt0200724	https://www.imdb.com/title/tt0200724/
tt0200802	https://www.imdb.com/title/tt0200802/
tt0200948	https://www.imdb.com/title/tt0200948/
tt0201055	https://www.imdb.com/title/tt0201055/
tt0201373	https://www.imdb.com/title/tt0201373/
tt0201504	https://www.imdb.com/title/tt0201504/
tt0201611	https://www.imdb.com/title/tt0201611/
tt0201756	https://www.imdb.com/title/tt0201756/
tt0201913	https://www.imdb.com/title/tt0201913/
tt0202288	https://www.imdb.com/title/tt0202288/
tt0202483	https://www.imdb.com/title/tt0202483/
tt0203156	https://www.imdb.com/title/tt0203156/
tt0204248	https://www.imdb.com/title/tt0204248/
tt0204597	https://www.imdb.com/title/tt0204597/
tt0204684	https://www.imdb.com/title/tt0204684/
tt0204921	https://www.imdb.com/title/tt0204921/
tt0205143	https://www.imdb.com/title/tt0205143/
tt0205219	https://www.imdb.com/title/tt0205219/
tt0205291	https://www.imdb.com/title/tt0205291/
tt0205530	https://www.imdb.com/title/tt0205530/
tt0205553	https://www.imdb.com/title/tt0205553/
tt0205567	https://www.imdb.com/title/tt0205567/
tt0205838	https://www.imdb.com/title/tt0205838/
tt0205956	https://www.imdb.com/title/tt0205956/
tt0205990	https://www.imdb.com/title/tt0205990/
tt0206017	https://www.imdb.com/title/tt0206017/
tt0206058	https://www.imdb.com/title/tt0206058/
tt0206084	https://www.imdb.com/title/tt0206084/
tt0206091	https://www.imdb.com/title/tt0206091/
tt0206129	https://www.imdb.com/title/tt0206129/
tt0206147	https://www.imdb.com/title/tt0206147/
tt0206206	https://www.imdb.com/title/tt0206206/
tt0206232	https://www.imdb.com/title/tt0206232/
tt0206246	https://www.imdb.com/title/tt0206246/
tt0206423	https://www.imdb.com/title/tt0206423/
tt0206425	https://www.imdb.com/title/tt0206425/
tt0206432	https://www.imdb.com/title/tt0206432/
tt0206438	https://www.imdb.com/title/tt0206438/
tt0207801	https://www.imdb.com/title/tt0207801/
tt0210067	https://www.imdb.com/title/tt0210067/
tt0211009	https://www.imdb.com/title/tt0211009/
tt0211259	https://www.imdb.com/title/tt0211259/
tt0211371	https://www.imdb.com/title/tt0211371/
tt0211516	https://www.imdb.com/title/tt0211516/
tt0211908	https://www.imdb.com/title/tt0211908/
tt0211950	https://www.imdb.com/title/tt0211950/
tt0212051	https://www.imdb.com/title/tt0212051/
tt0212103	https://www.imdb.com/title/tt0212103/
tt0212130	https://www.imdb.com/title/tt0212130/
tt0212179	https://www.imdb.com/title/tt0212179/
tt0212229	https://www.imdb.com/title/tt0212229/
tt0212427	https://www.imdb.com/title/tt0212427/
tt0212582	https://www.imdb.com/title/tt0212582/
tt0213105	https://www.imdb.com/title/tt0213105/
tt0213170	https://www.imdb.com/title/tt0213170/
tt0213591	https://www.imdb.com/title/tt0213591/
tt0213736	https://www.imdb.com/title/tt0213736/
tt0213786	https://www.imdb.com/title/tt0213786/
tt0214123	https://www.imdb.com/title/tt0214123/
tt0214137	https://www.imdb.com/title/tt0214137/
tt0214409	https://www.imdb.com/title/tt0214409/
tt0214518	https://www.imdb.com/title/tt0214518/
tt0214664	https://www.imdb.com/title/tt0214664/
tt0214710	https://www.imdb.com/title/tt0214710/
tt0214813	https://www.imdb.com/title/tt0214813/
tt0214900	https://www.imdb.com/title/tt0214900/
tt0215191	https://www.imdb.com/title/tt0215191/
tt0215457	https://www.imdb.com/title/tt0215457/
tt0215872	https://www.imdb.com/title/tt0215872/
tt0216075	https://www.imdb.com/title/tt0216075/
tt0216352	https://www.imdb.com/title/tt0216352/
tt0217065	https://www.imdb.com/title/tt0217065/
tt0217591	https://www.imdb.com/title/tt0217591/
tt0218597	https://www.imdb.com/title/tt0218597/
tt0219069	https://www.imdb.com/title/tt0219069/
tt0219860	https://www.imdb.com/title/tt0219860/
tt0220370	https://www.imdb.com/title/tt0220370/
tt0221153	https://www.imdb.com/title/tt0221153/
tt0221156	https://www.imdb.com/title/tt0221156/
tt0221437	https://www.imdb.com/title/tt0221437/
tt0221870	https://www.imdb.com/title/tt0221870/
tt0223038	https://www.imdb.com/title/tt0223038/
tt0223343	https://www.imdb.com/title/tt0223343/
tt0224010	https://www.imdb.com/title/tt0224010/
tt0224031	https://www.imdb.com/title/tt0224031/
tt0224825	https://www.imdb.com/title/tt0224825/
tt0225145	https://www.imdb.com/title/tt0225145/
tt0226273	https://www.imdb.com/title/tt0226273/
tt0226657	https://www.imdb.com/title/tt0226657/
tt0226678	https://www.imdb.com/title/tt0226678/
tt0227664	https://www.imdb.com/title/tt0227664/
tt0227790	https://www.imdb.com/title/tt0227790/
tt0228264	https://www.imdb.com/title/tt0228264/
tt0228429	https://www.imdb.com/title/tt0228429/
tt0228830	https://www.imdb.com/title/tt0228830/
tt0230104	https://www.imdb.com/title/tt0230104/
tt0230302	https://www.imdb.com/title/tt0230302/
tt0230355	https://www.imdb.com/title/tt0230355/
tt0230566	https://www.imdb.com/title/tt0230566/
tt0230567	https://www.imdb.com/title/tt0230567/
tt0230630	https://www.imdb.com/title/tt0230630/
tt0230785	https://www.imdb.com/title/tt0230785/
tt0230805	https://www.imdb.com/title/tt0230805/
tt0231411	https://www.imdb.com/title/tt0231411/
tt0231476	https://www.imdb.com/title/tt0231476/
tt0231807	https://www.imdb.com/title/tt0231807/
tt0231824	https://www.imdb.com/title/tt0231824/
tt0232618	https://www.imdb.com/title/tt0232618/
tt0232906	https://www.imdb.com/title/tt0232906/
tt0233204	https://www.imdb.com/title/tt0233204/
tt0234052	https://www.imdb.com/title/tt0234052/
tt0234190	https://www.imdb.com/title/tt0234190/
tt0234282	https://www.imdb.com/title/tt0234282/
tt0234441	https://www.imdb.com/title/tt0234441/
tt0234958	https://www.imdb.com/title/tt0234958/
tt0234984	https://www.imdb.com/title/tt0234984/
tt0235101	https://www.imdb.com/title/tt0235101/
tt0235542	https://www.imdb.com/title/tt0235542/
tt0236487	https://www.imdb.com/title/tt0236487/
tt0236507	https://www.imdb.com/title/tt0236507/
tt0236634	https://www.imdb.com/title/tt0236634/
tt0236796	https://www.imdb.com/title/tt0236796/
tt0236800	https://www.imdb.com/title/tt0236800/
tt0236861	https://www.imdb.com/title/tt0236861/
tt0236862	https://www.imdb.com/title/tt0236862/
tt0237561	https://www.imdb.com/title/tt0237561/
tt0239690	https://www.imdb.com/title/tt0239690/
tt0239826	https://www.imdb.com/title/tt0239826/
tt0241170	https://www.imdb.com/title/tt0241170/
tt0241248	https://www.imdb.com/title/tt0241248/
tt0241263	https://www.imdb.com/title/tt0241263/
tt0242338	https://www.imdb.com/title/tt0242338/
tt0242651	https://www.imdb.com/title/tt0242651/
tt0242735	https://www.imdb.com/title/tt0242735/
tt0242754	https://www.imdb.com/title/tt0242754/
tt0242772	https://www.imdb.com/title/tt0242772/
tt0242875	https://www.imdb.com/title/tt0242875/
tt0243194	https://www.imdb.com/title/tt0243194/
tt0243546	https://www.imdb.com/title/tt0243546/
tt0243887	https://www.imdb.com/title/tt0243887/
tt0243917	https://www.imdb.com/title/tt0243917/
tt0244165	https://www.imdb.com/title/tt0244165/
tt0244178	https://www.imdb.com/title/tt0244178/
tt0244183	https://www.imdb.com/title/tt0244183/
tt0244570	https://www.imdb.com/title/tt0244570/
tt0244650	https://www.imdb.com/title/tt0244650/
tt0244719	https://www.imdb.com/title/tt0244719/
tt0244733	https://www.imdb.com/title/tt0244733/
tt0244745	https://www.imdb.com/title/tt0244745/
tt0244787	https://www.imdb.com/title/tt0244787/
tt0245073	https://www.imdb.com/title/tt0245073/
tt0245089	https://www.imdb.com/title/tt0245089/
tt0245199	https://www.imdb.com/title/tt0245199/
tt0245483	https://www.imdb.com/title/tt0245483/
tt0245887	https://www.imdb.com/title/tt0245887/
tt0246220	https://www.imdb.com/title/tt0246220/
tt0246221	https://www.imdb.com/title/tt0246221/
tt0246671	https://www.imdb.com/title/tt0246671/
tt0246732	https://www.imdb.com/title/tt0246732/
tt0247148	https://www.imdb.com/title/tt0247148/
tt0247571	https://www.imdb.com/title/tt0247571/
tt0247731	https://www.imdb.com/title/tt0247731/
tt0248266	https://www.imdb.com/title/tt0248266/
tt0248434	https://www.imdb.com/title/tt0248434/
tt0249407	https://www.imdb.com/title/tt0249407/
tt0250263	https://www.imdb.com/title/tt0250263/
tt0250646	https://www.imdb.com/title/tt0250646/
tt0250731	https://www.imdb.com/title/tt0250731/
tt0251155	https://www.imdb.com/title/tt0251155/
tt0251301	https://www.imdb.com/title/tt0251301/
tt0251592	https://www.imdb.com/title/tt0251592/
tt0251617	https://www.imdb.com/title/tt0251617/
tt0251927	https://www.imdb.com/title/tt0251927/
tt0251930	https://www.imdb.com/title/tt0251930/
tt0252255	https://www.imdb.com/title/tt0252255/
tt0252595	https://www.imdb.com/title/tt0252595/
tt0252692	https://www.imdb.com/title/tt0252692/
tt0253473	https://www.imdb.com/title/tt0253473/
tt0253502	https://www.imdb.com/title/tt0253502/
tt0253535	https://www.imdb.com/title/tt0253535/
tt0253882	https://www.imdb.com/title/tt0253882/
tt0253906	https://www.imdb.com/title/tt0253906/
tt0253958	https://www.imdb.com/title/tt0253958/
tt0254098	https://www.imdb.com/title/tt0254098/
tt0254244	https://www.imdb.com/title/tt0254244/
tt0254255	https://www.imdb.com/title/tt0254255/
tt0254558	https://www.imdb.com/title/tt0254558/
tt0255534	https://www.imdb.com/title/tt0255534/
tt0255847	https://www.imdb.com/title/tt0255847/
tt0256432	https://www.imdb.com/title/tt0256432/
tt0257203	https://www.imdb.com/title/tt0257203/
tt0257204	https://www.imdb.com/title/tt0257204/
tt0258055	https://www.imdb.com/title/tt0258055/
tt0258448	https://www.imdb.com/title/tt0258448/
tt0258966	https://www.imdb.com/title/tt0258966/
tt0259080	https://www.imdb.com/title/tt0259080/
tt0259309	https://www.imdb.com/title/tt0259309/
tt0259416	https://www.imdb.com/title/tt0259416/
tt0259422	https://www.imdb.com/title/tt0259422/
tt0259732	https://www.imdb.com/title/tt0259732/
tt0259841	https://www.imdb.com/title/tt0259841/
tt0259997	https://www.imdb.com/title/tt0259997/
tt0261148	https://www.imdb.com/title/tt0261148/
tt0261164	https://www.imdb.com/title/tt0261164/
tt0261195	https://www.imdb.com/title/tt0261195/
tt0262226	https://www.imdb.com/title/tt0262226/
tt0262235	https://www.imdb.com/title/tt0262235/
tt0262238	https://www.imdb.com/title/tt0262238/
tt0262310	https://www.imdb.com/title/tt0262310/
tt0262320	https://www.imdb.com/title/tt0262320/
tt0262417	https://www.imdb.com/title/tt0262417/
tt0262465	https://www.imdb.com/title/tt0262465/
tt0262466	https://www.imdb.com/title/tt0262466/
tt0262615	https://www.imdb.com/title/tt0262615/
tt0262616	https://www.imdb.com/title/tt0262616/
tt0262617	https://www.imdb.com/title/tt0262617/
tt0262618	https://www.imdb.com/title/tt0262618/
tt0262665	https://www.imdb.com/title/tt0262665/
tt0262768	https://www.imdb.com/title/tt0262768/
tt0262829	https://www.imdb.com/title/tt0262829/
tt0262831	https://www.imdb.com/title/tt0262831/
tt0262878	https://www.imdb.com/title/tt0262878/
tt0262881	https://www.imdb.com/title/tt0262881/
tt0262938	https://www.imdb.com/title/tt0262938/
tt0263330	https://www.imdb.com/title/tt0263330/
tt0263850	https://www.imdb.com/title/tt0263850/
tt0264506	https://www.imdb.com/title/tt0264506/
tt0264836	https://www.imdb.com/title/tt0264836/
tt0264943	https://www.imdb.com/title/tt0264943/
tt0265034	https://www.imdb.com/title/tt0265034/
tt0265110	https://www.imdb.com/title/tt0265110/
tt0265113	https://www.imdb.com/title/tt0265113/
tt0265127	https://www.imdb.com/title/tt0265127/
tt0265174	https://www.imdb.com/title/tt0265174/
tt0265231	https://www.imdb.com/title/tt0265231/
tt0265297	https://www.imdb.com/title/tt0265297/
tt0265427	https://www.imdb.com/title/tt0265427/
tt0265639	https://www.imdb.com/title/tt0265639/
tt0265686	https://www.imdb.com/title/tt0265686/
tt0265933	https://www.imdb.com/title/tt0265933/
tt0266020	https://www.imdb.com/title/tt0266020/
tt0266108	https://www.imdb.com/title/tt0266108/
tt0266663	https://www.imdb.com/title/tt0266663/
tt0266803	https://www.imdb.com/title/tt0266803/
tt0266804	https://www.imdb.com/title/tt0266804/
tt0266921	https://www.imdb.com/title/tt0266921/
tt0267500	https://www.imdb.com/title/tt0267500/
tt0267859	https://www.imdb.com/title/tt0267859/
tt0267977	https://www.imdb.com/title/tt0267977/
tt0268905	https://www.imdb.com/title/tt0268905/
tt0268956	https://www.imdb.com/title/tt0268956/
tt0269151	https://www.imdb.com/title/tt0269151/
tt0269203	https://www.imdb.com/title/tt0269203/
tt0269454	https://www.imdb.com/title/tt0269454/
tt0269745	https://www.imdb.com/title/tt0269745/
tt0269888	https://www.imdb.com/title/tt0269888/
tt0270252	https://www.imdb.com/title/tt0270252/
tt0270269	https://www.imdb.com/title/tt0270269/
tt0270329	https://www.imdb.com/title/tt0270329/
tt0270463	https://www.imdb.com/title/tt0270463/
tt0270507	https://www.imdb.com/title/tt0270507/
tt0270611	https://www.imdb.com/title/tt0270611/
tt0270647	https://www.imdb.com/title/tt0270647/
tt0270903	https://www.imdb.com/title/tt0270903/
tt0273708	https://www.imdb.com/title/tt0273708/
tt0273802	https://www.imdb.com/title/tt0273802/
tt0274420	https://www.imdb.com/title/tt0274420/
tt0274685	https://www.imdb.com/title/tt0274685/
tt0274888	https://www.imdb.com/title/tt0274888/
tt0275063	https://www.imdb.com/title/tt0275063/
tt0276072	https://www.imdb.com/title/tt0276072/
tt0278038	https://www.imdb.com/title/tt0278038/
tt0279451	https://www.imdb.com/title/tt0279451/
tt0279637	https://www.imdb.com/title/tt0279637/
tt0282337	https://www.imdb.com/title/tt0282337/
tt0283073	https://www.imdb.com/title/tt0283073/
tt0285478	https://www.imdb.com/title/tt0285478/
tt0285948	https://www.imdb.com/title/tt0285948/
tt0286511	https://www.imdb.com/title/tt0286511/
tt0290202	https://www.imdb.com/title/tt0290202/
tt0293071	https://www.imdb.com/title/tt0293071/
tt0297195	https://www.imdb.com/title/tt0297195/
tt0297819	https://www.imdb.com/title/tt0297819/
tt0298396	https://www.imdb.com/title/tt0298396/
tt0300180	https://www.imdb.com/title/tt0300180/
tt0301267	https://www.imdb.com/title/tt0301267/
tt0301845	https://www.imdb.com/title/tt0301845/
tt0304037	https://www.imdb.com/title/tt0304037/
tt0304405	https://www.imdb.com/title/tt0304405/
tt0304889	https://www.imdb.com/title/tt0304889/
tt0305956	https://www.imdb.com/title/tt0305956/
tt0307021	https://www.imdb.com/title/tt0307021/
tt0307255	https://www.imdb.com/title/tt0307255/
tt0308017	https://www.imdb.com/title/tt0308017/
tt0308719	https://www.imdb.com/title/tt0308719/
tt0309954	https://www.imdb.com/title/tt0309954/
tt0310576	https://www.imdb.com/title/tt0310576/
tt0310638	https://www.imdb.com/title/tt0310638/
tt0310672	https://www.imdb.com/title/tt0310672/
tt0310693	https://www.imdb.com/title/tt0310693/
tt0310705	https://www.imdb.com/title/tt0310705/
tt0310711	https://www.imdb.com/title/tt0310711/
tt0310715	https://www.imdb.com/title/tt0310715/
tt0310968	https://www.imdb.com/title/tt0310968/
tt0311124	https://www.imdb.com/title/tt0311124/
tt0311129	https://www.imdb.com/title/tt0311129/
tt0311198	https://www.imdb.com/title/tt0311198/
tt0311306	https://www.imdb.com/title/tt0311306/
tt0311312	https://www.imdb.com/title/tt0311312/
tt0311382	https://www.imdb.com/title/tt0311382/
tt0311394	https://www.imdb.com/title/tt0311394/
tt0311395	https://www.imdb.com/title/tt0311395/
tt0311416	https://www.imdb.com/title/tt0311416/
tt0311417	https://www.imdb.com/title/tt0311417/
tt0311496	https://www.imdb.com/title/tt0311496/
tt0311532	https://www.imdb.com/title/tt0311532/
tt0311558	https://www.imdb.com/title/tt0311558/
tt0311575	https://www.imdb.com/title/tt0311575/
tt0311743	https://www.imdb.com/title/tt0311743/
tt0311747	https://www.imdb.com/title/tt0311747/
tt0311881	https://www.imdb.com/title/tt0311881/
tt0311884	https://www.imdb.com/title/tt0311884/
tt0312023	https://www.imdb.com/title/tt0312023/
tt0312068	https://www.imdb.com/title/tt0312068/
tt0313184	https://www.imdb.com/title/tt0313184/
tt0313193	https://www.imdb.com/title/tt0313193/
tt0313195	https://www.imdb.com/title/tt0313195/
tt0313206	https://www.imdb.com/title/tt0313206/
tt0313270	https://www.imdb.com/title/tt0313270/
tt0313868	https://www.imdb.com/title/tt0313868/
tt0313960	https://www.imdb.com/title/tt0313960/
tt0314003	https://www.imdb.com/title/tt0314003/
tt0314041	https://www.imdb.com/title/tt0314041/
tt0314109	https://www.imdb.com/title/tt0314109/
tt0315214	https://www.imdb.com/title/tt0315214/
tt0315218	https://www.imdb.com/title/tt0315218/
tt0315239	https://www.imdb.com/title/tt0315239/
tt0315268	https://www.imdb.com/title/tt0315268/
tt0315356	https://www.imdb.com/title/tt0315356/
tt0315933	https://www.imdb.com/title/tt0315933/
tt0315935	https://www.imdb.com/title/tt0315935/
tt0315940	https://www.imdb.com/title/tt0315940/
tt0315947	https://www.imdb.com/title/tt0315947/
tt0316004	https://www.imdb.com/title/tt0316004/
tt0316019	https://www.imdb.com/title/tt0316019/
tt0316029	https://www.imdb.com/title/tt0316029/
tt0316040	https://www.imdb.com/title/tt0316040/
tt0316041	https://www.imdb.com/title/tt0316041/
tt0316090	https://www.imdb.com/title/tt0316090/
tt0316096	https://www.imdb.com/title/tt0316096/
tt0316099	https://www.imdb.com/title/tt0316099/
tt0316101	https://www.imdb.com/title/tt0316101/
tt0316103	https://www.imdb.com/title/tt0316103/
tt0316105	https://www.imdb.com/title/tt0316105/
tt0316106	https://www.imdb.com/title/tt0316106/
tt0316122	https://www.imdb.com/title/tt0316122/
tt0316123	https://www.imdb.com/title/tt0316123/
tt0316124	https://www.imdb.com/title/tt0316124/
tt0316125	https://www.imdb.com/title/tt0316125/
tt0316153	https://www.imdb.com/title/tt0316153/
tt0316155	https://www.imdb.com/title/tt0316155/
tt0316246	https://www.imdb.com/title/tt0316246/
tt0316256	https://www.imdb.com/title/tt0316256/
tt0316309	https://www.imdb.com/title/tt0316309/
tt0316416	https://www.imdb.com/title/tt0316416/
tt0316523	https://www.imdb.com/title/tt0316523/
tt0316565	https://www.imdb.com/title/tt0316565/
tt0316725	https://www.imdb.com/title/tt0316725/
tt0316843	https://www.imdb.com/title/tt0316843/
tt0316880	https://www.imdb.com/title/tt0316880/
tt0318159	https://www.imdb.com/title/tt0318159/
tt0318188	https://www.imdb.com/title/tt0318188/
tt0319497	https://www.imdb.com/title/tt0319497/
tt0319636	https://www.imdb.com/title/tt0319636/
tt0319684	https://www.imdb.com/title/tt0319684/
tt0322744	https://www.imdb.com/title/tt0322744/
tt0323198	https://www.imdb.com/title/tt0323198/
tt0323459	https://www.imdb.com/title/tt0323459/
tt0324202	https://www.imdb.com/title/tt0324202/
tt0324206	https://www.imdb.com/title/tt0324206/
tt0326358	https://www.imdb.com/title/tt0326358/
tt0326972	https://www.imdb.com/title/tt0326972/
tt0327141	https://www.imdb.com/title/tt0327141/
tt0330018	https://www.imdb.com/title/tt0330018/
tt0331165	https://www.imdb.com/title/tt0331165/
tt0331261	https://www.imdb.com/title/tt0331261/
tt0331584	https://www.imdb.com/title/tt0331584/
tt0333203	https://www.imdb.com/title/tt0333203/
tt0334540	https://www.imdb.com/title/tt0334540/
tt0334556	https://www.imdb.com/title/tt0334556/
tt0334935	https://www.imdb.com/title/tt0334935/
tt0335165	https://www.imdb.com/title/tt0335165/
tt0335173	https://www.imdb.com/title/tt0335173/
tt0336187	https://www.imdb.com/title/tt0336187/
tt0336219	https://www.imdb.com/title/tt0336219/
tt0337655	https://www.imdb.com/title/tt0337655/
tt0338698	https://www.imdb.com/title/tt0338698/
tt0341318	https://www.imdb.com/title/tt0341318/
tt0342263	https://www.imdb.com/title/tt0342263/
tt0342722	https://www.imdb.com/title/tt0342722/
tt0342743	https://www.imdb.com/title/tt0342743/
tt0342873	https://www.imdb.com/title/tt0342873/
tt0342992	https://www.imdb.com/title/tt0342992/
tt0343864	https://www.imdb.com/title/tt0343864/
tt0345922	https://www.imdb.com/title/tt0345922/
tt0347543	https://www.imdb.com/title/tt0347543/
tt0348269	https://www.imdb.com/title/tt0348269/
tt0349213	https://www.imdb.com/title/tt0349213/
tt0349401	https://www.imdb.com/title/tt0349401/
tt0349404	https://www.imdb.com/title/tt0349404/
tt0349480	https://www.imdb.com/title/tt0349480/
tt0349590	https://www.imdb.com/title/tt0349590/
tt0349700	https://www.imdb.com/title/tt0349700/
tt0349828	https://www.imdb.com/title/tt0349828/
tt0353582	https://www.imdb.com/title/tt0353582/
tt0357899	https://www.imdb.com/title/tt0357899/
tt0361088	https://www.imdb.com/title/tt0361088/
tt0368007	https://www.imdb.com/title/tt0368007/
tt0370331	https://www.imdb.com/title/tt0370331/
tt0370393	https://www.imdb.com/title/tt0370393/
tt0370946	https://www.imdb.com/title/tt0370946/
tt0371170	https://www.imdb.com/title/tt0371170/
tt0372544	https://www.imdb.com/title/tt0372544/
tt0373059	https://www.imdb.com/title/tt0373059/
tt0373181	https://www.imdb.com/title/tt0373181/
tt0374481	https://www.imdb.com/title/tt0374481/
tt0374942	https://www.imdb.com/title/tt0374942/
tt0376171	https://www.imdb.com/title/tt0376171/
tt0376593	https://www.imdb.com/title/tt0376593/
tt0377512	https://www.imdb.com/title/tt0377512/
tt0377783	https://www.imdb.com/title/tt0377783/
tt0378172	https://www.imdb.com/title/tt0378172/
tt0378616	https://www.imdb.com/title/tt0378616/
tt0379365	https://www.imdb.com/title/tt0379365/
tt0379478	https://www.imdb.com/title/tt0379478/
tt0384218	https://www.imdb.com/title/tt0384218/
tt0384230	https://www.imdb.com/title/tt0384230/
tt0384607	https://www.imdb.com/title/tt0384607/
tt0385075	https://www.imdb.com/title/tt0385075/
tt0387049	https://www.imdb.com/title/tt0387049/
tt0387334	https://www.imdb.com/title/tt0387334/
tt0387557	https://www.imdb.com/title/tt0387557/
tt0389452	https://www.imdb.com/title/tt0389452/
tt0389718	https://www.imdb.com/title/tt0389718/
tt0393361	https://www.imdb.com/title/tt0393361/
tt0400224	https://www.imdb.com/title/tt0400224/
tt0405855	https://www.imdb.com/title/tt0405855/
tt0405936	https://www.imdb.com/title/tt0405936/
tt0414430	https://www.imdb.com/title/tt0414430/
tt0418466	https://www.imdb.com/title/tt0418466/
tt0418478	https://www.imdb.com/title/tt0418478/
tt0419074	https://www.imdb.com/title/tt0419074/
tt0419246	https://www.imdb.com/title/tt0419246/
tt0421024	https://www.imdb.com/title/tt0421024/
tt0423608	https://www.imdb.com/title/tt0423608/
tt0423856	https://www.imdb.com/title/tt0423856/
tt0425409	https://www.imdb.com/title/tt0425409/
tt0438135	https://www.imdb.com/title/tt0438135/
tt0441301	https://www.imdb.com/title/tt0441301/
tt0442390	https://www.imdb.com/title/tt0442390/
tt0445847	https://www.imdb.com/title/tt0445847/
tt0447227	https://www.imdb.com/title/tt0447227/
tt0447516	https://www.imdb.com/title/tt0447516/
tt0451892	https://www.imdb.com/title/tt0451892/
tt0452401	https://www.imdb.com/title/tt0452401/
tt0454062	https://www.imdb.com/title/tt0454062/
tt0454077	https://www.imdb.com/title/tt0454077/
tt0454165	https://www.imdb.com/title/tt0454165/
tt0454216	https://www.imdb.com/title/tt0454216/
tt0454316	https://www.imdb.com/title/tt0454316/
tt0454558	https://www.imdb.com/title/tt0454558/
tt0457630	https://www.imdb.com/title/tt0457630/
tt0461842	https://www.imdb.com/title/tt0461842/
tt0465995	https://www.imdb.com/title/tt0465995/
tt0471232	https://www.imdb.com/title/tt0471232/
tt0471292	https://www.imdb.com/title/tt0471292/
tt0477163	https://www.imdb.com/title/tt0477163/
tt0483191	https://www.imdb.com/title/tt0483191/
tt0483468	https://www.imdb.com/title/tt0483468/
tt0488171	https://www.imdb.com/title/tt0488171/
tt0488189	https://www.imdb.com/title/tt0488189/
tt0494492	https://www.imdb.com/title/tt0494492/
tt0497235	https://www.imdb.com/title/tt0497235/
tt0764685	https://www.imdb.com/title/tt0764685/
tt0764686	https://www.imdb.com/title/tt0764686/
tt0764878	https://www.imdb.com/title/tt0764878/
tt0764902	https://www.imdb.com/title/tt0764902/
tt0777903	https://www.imdb.com/title/tt0777903/
tt0778006	https://www.imdb.com/title/tt0778006/
tt0778008	https://www.imdb.com/title/tt0778008/
tt0778122	https://www.imdb.com/title/tt0778122/
tt0778149	https://www.imdb.com/title/tt0778149/
tt0779969	https://www.imdb.com/title/tt0779969/
tt0780099	https://www.imdb.com/title/tt0780099/
tt0780159	https://www.imdb.com/title/tt0780159/
tt0786930	https://www.imdb.com/title/tt0786930/
tt0787054	https://www.imdb.com/title/tt0787054/
tt0787138	https://www.imdb.com/title/tt0787138/
tt0787146	https://www.imdb.com/title/tt0787146/
tt0787153	https://www.imdb.com/title/tt0787153/
tt0788206	https://www.imdb.com/title/tt0788206/
tt0788226	https://www.imdb.com/title/tt0788226/
tt0791429	https://www.imdb.com/title/tt0791429/
tt0791446	https://www.imdb.com/title/tt0791446/
tt0791453	https://www.imdb.com/title/tt0791453/
tt0791496	https://www.imdb.com/title/tt0791496/
tt0791497	https://www.imdb.com/title/tt0791497/
tt0791520	https://www.imdb.com/title/tt0791520/
tt0791559	https://www.imdb.com/title/tt0791559/
tt0791562	https://www.imdb.com/title/tt0791562/
tt0791572	https://www.imdb.com/title/tt0791572/
tt0791575	https://www.imdb.com/title/tt0791575/
tt0799796	https://www.imdb.com/title/tt0799796/
tt0809419	https://www.imdb.com/title/tt0809419/
tt0827746	https://www.imdb.com/title/tt0827746/
tt0848480	https://www.imdb.com/title/tt0848480/
tt0891597	https://www.imdb.com/title/tt0891597/
tt0900948	https://www.imdb.com/title/tt0900948/
tt0903819	https://www.imdb.com/title/tt0903819/
tt0903888	https://www.imdb.com/title/tt0903888/
tt0903999	https://www.imdb.com/title/tt0903999/
tt0922477	https://www.imdb.com/title/tt0922477/
tt0974552	https://www.imdb.com/title/tt0974552/
tt0978399	https://www.imdb.com/title/tt0978399/
tt10197700	https://www.imdb.com/title/tt10197700/
tt10238960	https://www.imdb.com/title/tt10238960/
tt1043460	https://www.imdb.com/title/tt1043460/
tt10462094	https://www.imdb.com/title/tt10462094/
tt1047882	https://www.imdb.com/title/tt1047882/
tt10590166	https://www.imdb.com/title/tt10590166/
tt10599730	https://www.imdb.com/title/tt10599730/
tt10599784	https://www.imdb.com/title/tt10599784/
tt1071265	https://www.imdb.com/title/tt1071265/
tt1102163	https://www.imdb.com/title/tt1102163/
tt11076306	https://www.imdb.com/title/tt11076306/
tt1119142	https://www.imdb.com/title/tt1119142/
tt11198872	https://www.imdb.com/title/tt11198872/
tt11229902	https://www.imdb.com/title/tt11229902/
tt11333060	https://www.imdb.com/title/tt11333060/
tt11350022	https://www.imdb.com/title/tt11350022/
tt11362100	https://www.imdb.com/title/tt11362100/
tt11423166	https://www.imdb.com/title/tt11423166/
tt11423188	https://www.imdb.com/title/tt11423188/
tt11428524	https://www.imdb.com/title/tt11428524/
tt1149620	https://www.imdb.com/title/tt1149620/
tt11502854	https://www.imdb.com/title/tt11502854/
tt11518324	https://www.imdb.com/title/tt11518324/
tt11523788	https://www.imdb.com/title/tt11523788/
tt11553070	https://www.imdb.com/title/tt11553070/
tt11753002	https://www.imdb.com/title/tt11753002/
tt1185651	https://www.imdb.com/title/tt1185651/
tt1189049	https://www.imdb.com/title/tt1189049/
tt1201660	https://www.imdb.com/title/tt1201660/
tt1206577	https://www.imdb.com/title/tt1206577/
tt1210328	https://www.imdb.com/title/tt1210328/
tt1256569	https://www.imdb.com/title/tt1256569/
tt12587078	https://www.imdb.com/title/tt12587078/
tt12845780	https://www.imdb.com/title/tt12845780/
tt12867322	https://www.imdb.com/title/tt12867322/
tt12919314	https://www.imdb.com/title/tt12919314/
tt1293595	https://www.imdb.com/title/tt1293595/
tt13105740	https://www.imdb.com/title/tt13105740/
tt13144204	https://www.imdb.com/title/tt13144204/
tt13358428	https://www.imdb.com/title/tt13358428/
tt13502488	https://www.imdb.com/title/tt13502488/
tt13726934	https://www.imdb.com/title/tt13726934/
tt1385938	https://www.imdb.com/title/tt1385938/
tt13939726	https://www.imdb.com/title/tt13939726/
tt13948726	https://www.imdb.com/title/tt13948726/
tt13949108	https://www.imdb.com/title/tt13949108/
tt13949888	https://www.imdb.com/title/tt13949888/
tt13949956	https://www.imdb.com/title/tt13949956/
tt13950660	https://www.imdb.com/title/tt13950660/
tt13950692	https://www.imdb.com/title/tt13950692/
tt13950784	https://www.imdb.com/title/tt13950784/
tt13953522	https://www.imdb.com/title/tt13953522/
tt13954790	https://www.imdb.com/title/tt13954790/
tt13955254	https://www.imdb.com/title/tt13955254/
tt13955660	https://www.imdb.com/title/tt13955660/
tt13959556	https://www.imdb.com/title/tt13959556/
tt13965830	https://www.imdb.com/title/tt13965830/
tt13966456	https://www.imdb.com/title/tt13966456/
tt13966510	https://www.imdb.com/title/tt13966510/
tt13984946	https://www.imdb.com/title/tt13984946/
tt13998394	https://www.imdb.com/title/tt13998394/
tt14233350	https://www.imdb.com/title/tt14233350/
tt14234726	https://www.imdb.com/title/tt14234726/
tt14254336	https://www.imdb.com/title/tt14254336/
tt1431132	https://www.imdb.com/title/tt1431132/
tt14336914	https://www.imdb.com/title/tt14336914/
tt14337442	https://www.imdb.com/title/tt14337442/
tt14337534	https://www.imdb.com/title/tt14337534/
tt14337806	https://www.imdb.com/title/tt14337806/
tt14337866	https://www.imdb.com/title/tt14337866/
tt1440385	https://www.imdb.com/title/tt1440385/
tt1449217	https://www.imdb.com/title/tt1449217/
tt1464611	https://www.imdb.com/title/tt1464611/
tt14683808	https://www.imdb.com/title/tt14683808/
tt14752406	https://www.imdb.com/title/tt14752406/
tt14772944	https://www.imdb.com/title/tt14772944/
tt1493000	https://www.imdb.com/title/tt1493000/
tt15026636	https://www.imdb.com/title/tt15026636/
tt15087286	https://www.imdb.com/title/tt15087286/
tt15093238	https://www.imdb.com/title/tt15093238/
tt1530885	https://www.imdb.com/title/tt1530885/
tt1542920	https://www.imdb.com/title/tt1542920/
tt1550321	https://www.imdb.com/title/tt1550321/
tt1582476	https://www.imdb.com/title/tt1582476/
tt1582614	https://www.imdb.com/title/tt1582614/
tt1603806	https://www.imdb.com/title/tt1603806/
tt1603816	https://www.imdb.com/title/tt1603816/
tt1633982	https://www.imdb.com/title/tt1633982/
tt1649926	https://www.imdb.com/title/tt1649926/
tt1679568	https://www.imdb.com/title/tt1679568/
tt17041346	https://www.imdb.com/title/tt17041346/
tt17059942	https://www.imdb.com/title/tt17059942/
tt1714822	https://www.imdb.com/title/tt1714822/
tt18232732	https://www.imdb.com/title/tt18232732/
tt18233002	https://www.imdb.com/title/tt18233002/
tt18233422	https://www.imdb.com/title/tt18233422/
tt18233446	https://www.imdb.com/title/tt18233446/
tt18233482	https://www.imdb.com/title/tt18233482/
tt18233522	https://www.imdb.com/title/tt18233522/
tt18237942	https://www.imdb.com/title/tt18237942/
tt18238092	https://www.imdb.com/title/tt18238092/
tt18238388	https://www.imdb.com/title/tt18238388/
tt18238710	https://www.imdb.com/title/tt18238710/
tt18238850	https://www.imdb.com/title/tt18238850/
tt18244208	https://www.imdb.com/title/tt18244208/
tt18244318	https://www.imdb.com/title/tt18244318/
tt18244610	https://www.imdb.com/title/tt18244610/
tt18244646	https://www.imdb.com/title/tt18244646/
tt18244690	https://www.imdb.com/title/tt18244690/
tt18244752	https://www.imdb.com/title/tt18244752/
tt18245534	https://www.imdb.com/title/tt18245534/
tt18245568	https://www.imdb.com/title/tt18245568/
tt18245688	https://www.imdb.com/title/tt18245688/
tt18252760	https://www.imdb.com/title/tt18252760/
tt18252766	https://www.imdb.com/title/tt18252766/
tt18252822	https://www.imdb.com/title/tt18252822/
tt18252836	https://www.imdb.com/title/tt18252836/
tt18252852	https://www.imdb.com/title/tt18252852/
tt18252892	https://www.imdb.com/title/tt18252892/
tt18256390	https://www.imdb.com/title/tt18256390/
tt18256650	https://www.imdb.com/title/tt18256650/
tt18256792	https://www.imdb.com/title/tt18256792/
tt18256842	https://www.imdb.com/title/tt18256842/
tt18256940	https://www.imdb.com/title/tt18256940/
tt18256986	https://www.imdb.com/title/tt18256986/
tt18258944	https://www.imdb.com/title/tt18258944/
tt18259088	https://www.imdb.com/title/tt18259088/
tt18259166	https://www.imdb.com/title/tt18259166/
tt18259212	https://www.imdb.com/title/tt18259212/
tt18259300	https://www.imdb.com/title/tt18259300/
tt18265370	https://www.imdb.com/title/tt18265370/
tt18265400	https://www.imdb.com/title/tt18265400/
tt18265606	https://www.imdb.com/title/tt18265606/
tt18265704	https://www.imdb.com/title/tt18265704/
tt18265712	https://www.imdb.com/title/tt18265712/
tt18265760	https://www.imdb.com/title/tt18265760/
tt18265782	https://www.imdb.com/title/tt18265782/
tt18272490	https://www.imdb.com/title/tt18272490/
tt18272516	https://www.imdb.com/title/tt18272516/
tt18272540	https://www.imdb.com/title/tt18272540/
tt18272600	https://www.imdb.com/title/tt18272600/
tt18272636	https://www.imdb.com/title/tt18272636/
tt18272678	https://www.imdb.com/title/tt18272678/
tt18272692	https://www.imdb.com/title/tt18272692/
tt18272714	https://www.imdb.com/title/tt18272714/
tt18272732	https://www.imdb.com/title/tt18272732/
tt18272766	https://www.imdb.com/title/tt18272766/
tt18279006	https://www.imdb.com/title/tt18279006/
tt18279030	https://www.imdb.com/title/tt18279030/
tt18279068	https://www.imdb.com/title/tt18279068/
tt18279100	https://www.imdb.com/title/tt18279100/
tt18279124	https://www.imdb.com/title/tt18279124/
tt18279150	https://www.imdb.com/title/tt18279150/
tt18279162	https://www.imdb.com/title/tt18279162/
tt18279172	https://www.imdb.com/title/tt18279172/
tt18279180	https://www.imdb.com/title/tt18279180/
tt18285254	https://www.imdb.com/title/tt18285254/
tt18285276	https://www.imdb.com/title/tt18285276/
tt18285294	https://www.imdb.com/title/tt18285294/
tt18285316	https://www.imdb.com/title/tt18285316/
tt18285352	https://www.imdb.com/title/tt18285352/
tt18285380	https://www.imdb.com/title/tt18285380/
tt18285428	https://www.imdb.com/title/tt18285428/
tt18285462	https://www.imdb.com/title/tt18285462/
tt18285524	https://www.imdb.com/title/tt18285524/
tt1905056	https://www.imdb.com/title/tt1905056/
tt1922672	https://www.imdb.com/title/tt1922672/
tt19296334	https://www.imdb.com/title/tt19296334/
tt1933650	https://www.imdb.com/title/tt1933650/
tt2009490	https://www.imdb.com/title/tt2009490/
tt2012555	https://www.imdb.com/title/tt2012555/
tt2022324	https://www.imdb.com/title/tt2022324/
tt2059188	https://www.imdb.com/title/tt2059188/
tt2074481	https://www.imdb.com/title/tt2074481/
tt2078601	https://www.imdb.com/title/tt2078601/
tt2097857	https://www.imdb.com/title/tt2097857/
tt2097952	https://www.imdb.com/title/tt2097952/
tt2122375	https://www.imdb.com/title/tt2122375/
tt2122454	https://www.imdb.com/title/tt2122454/
tt2147302	https://www.imdb.com/title/tt2147302/
tt2175785	https://www.imdb.com/title/tt2175785/
tt22029424	https://www.imdb.com/title/tt22029424/
tt2210411	https://www.imdb.com/title/tt2210411/
tt2230388	https://www.imdb.com/title/tt2230388/
tt2230414	https://www.imdb.com/title/tt2230414/
tt2351044	https://www.imdb.com/title/tt2351044/
tt2365602	https://www.imdb.com/title/tt2365602/
tt2377660	https://www.imdb.com/title/tt2377660/
tt2396447	https://www.imdb.com/title/tt2396447/
tt2530454	https://www.imdb.com/title/tt2530454/
tt2530456	https://www.imdb.com/title/tt2530456/
tt2548330	https://www.imdb.com/title/tt2548330/
tt2592056	https://www.imdb.com/title/tt2592056/
tt26747750	https://www.imdb.com/title/tt26747750/
tt2704794	https://www.imdb.com/title/tt2704794/
tt27322722	https://www.imdb.com/title/tt27322722/
tt28061485	https://www.imdb.com/title/tt28061485/
tt28117969	https://www.imdb.com/title/tt28117969/
tt28478237	https://www.imdb.com/title/tt28478237/
tt28740784	https://www.imdb.com/title/tt28740784/
tt2883778	https://www.imdb.com/title/tt2883778/
tt29369724	https://www.imdb.com/title/tt29369724/
tt29370573	https://www.imdb.com/title/tt29370573/
tt2959834	https://www.imdb.com/title/tt2959834/
tt2977832	https://www.imdb.com/title/tt2977832/
tt3123868	https://www.imdb.com/title/tt3123868/
tt31317773	https://www.imdb.com/title/tt31317773/
tt3142250	https://www.imdb.com/title/tt3142250/
tt3153286	https://www.imdb.com/title/tt3153286/
tt3153336	https://www.imdb.com/title/tt3153336/
tt31775018	https://www.imdb.com/title/tt31775018/
tt3256654	https://www.imdb.com/title/tt3256654/
tt32626756	https://www.imdb.com/title/tt32626756/
tt32650780	https://www.imdb.com/title/tt32650780/
tt32792119	https://www.imdb.com/title/tt32792119/
tt33308952	https://www.imdb.com/title/tt33308952/
tt33308953	https://www.imdb.com/title/tt33308953/
tt33985158	https://www.imdb.com/title/tt33985158/
tt34140231	https://www.imdb.com/title/tt34140231/
tt34444353	https://www.imdb.com/title/tt34444353/
tt3612960	https://www.imdb.com/title/tt3612960/
tt3711432	https://www.imdb.com/title/tt3711432/
tt3727554	https://www.imdb.com/title/tt3727554/
tt3757404	https://www.imdb.com/title/tt3757404/
tt4221432	https://www.imdb.com/title/tt4221432/
tt4577512	https://www.imdb.com/title/tt4577512/
tt4760522	https://www.imdb.com/title/tt4760522/
tt4938724	https://www.imdb.com/title/tt4938724/
tt5050978	https://www.imdb.com/title/tt5050978/
tt5102368	https://www.imdb.com/title/tt5102368/
tt5124166	https://www.imdb.com/title/tt5124166/
tt5149036	https://www.imdb.com/title/tt5149036/
tt5149050	https://www.imdb.com/title/tt5149050/
tt5149114	https://www.imdb.com/title/tt5149114/
tt5149158	https://www.imdb.com/title/tt5149158/
tt5174922	https://www.imdb.com/title/tt5174922/
tt5174952	https://www.imdb.com/title/tt5174952/
tt5232692	https://www.imdb.com/title/tt5232692/
tt5560662	https://www.imdb.com/title/tt5560662/
tt5666002	https://www.imdb.com/title/tt5666002/
tt5677400	https://www.imdb.com/title/tt5677400/
tt5677414	https://www.imdb.com/title/tt5677414/
tt5677854	https://www.imdb.com/title/tt5677854/
tt5684434	https://www.imdb.com/title/tt5684434/
tt5684452	https://www.imdb.com/title/tt5684452/
tt5775878	https://www.imdb.com/title/tt5775878/
tt5821792	https://www.imdb.com/title/tt5821792/
tt6151672	https://www.imdb.com/title/tt6151672/
tt6151708	https://www.imdb.com/title/tt6151708/
tt6336468	https://www.imdb.com/title/tt6336468/
tt6418542	https://www.imdb.com/title/tt6418542/
tt6629794	https://www.imdb.com/title/tt6629794/
tt6644348	https://www.imdb.com/title/tt6644348/
tt6648566	https://www.imdb.com/title/tt6648566/
tt6722916	https://www.imdb.com/title/tt6722916/
tt6792506	https://www.imdb.com/title/tt6792506/
tt6939432	https://www.imdb.com/title/tt6939432/
tt7144678	https://www.imdb.com/title/tt7144678/
tt7503930	https://www.imdb.com/title/tt7503930/
tt7814732	https://www.imdb.com/title/tt7814732/
tt7846958	https://www.imdb.com/title/tt7846958/
tt7937154	https://www.imdb.com/title/tt7937154/
tt8117226	https://www.imdb.com/title/tt8117226/
tt8161108	https://www.imdb.com/title/tt8161108/
tt8819460	https://www.imdb.com/title/tt8819460/
tt8839580	https://www.imdb.com/title/tt8839580/
tt8891558	https://www.imdb.com/title/tt8891558/
tt8901938	https://www.imdb.com/title/tt8901938/
tt8907236	https://www.imdb.com/title/tt8907236/
tt8917842	https://www.imdb.com/title/tt8917842/
tt8938292	https://www.imdb.com/title/tt8938292/
tt8958904	https://www.imdb.com/title/tt8958904/
tt8966784	https://www.imdb.com/title/tt8966784/
tt9048580	https://www.imdb.com/title/tt9048580/
tt9091498	https://www.imdb.com/title/tt9091498/
tt9095326	https://www.imdb.com/title/tt9095326/
tt9095532	https://www.imdb.com/title/tt9095532/
tt9223684	https://www.imdb.com/title/tt9223684/
tt9247372	https://www.imdb.com/title/tt9247372/
tt9269266	https://www.imdb.com/title/tt9269266/
tt9386508	https://www.imdb.com/title/tt9386508/
tt9618764	https://www.imdb.com/title/tt9618764/
tt9871736	https://www.imdb.com/title/tt9871736/
tt9881852	https://www.imdb.com/title/tt9881852/
tt9881974	https://www.imdb.com/title/tt9881974/
