tconst	imdb_url
tt0001341	https://www.imdb.com/title/tt0001341/
tt0001790	https://www.imdb.com/title/tt0001790/
tt0001914	https://www.imdb.com/title/tt0001914/
tt0002046	https://www.imdb.com/title/tt0002046/
tt0002163	https://www.imdb.com/title/tt0002163/
tt0002439	https://www.imdb.com/title/tt0002439/
tt0002445	https://www.imdb.com/title/tt0002445/
tt0002555	https://www.imdb.com/title/tt0002555/
tt0002591	https://www.imdb.com/title/tt0002591/
tt0002594	https://www.imdb.com/title/tt0002594/
tt0002595	https://www.imdb.com/title/tt0002595/
tt0002605	https://www.imdb.com/title/tt0002605/
tt0002624	https://www.imdb.com/title/tt0002624/
tt0002625	https://www.imdb.com/title/tt0002625/
tt0002628	https://www.imdb.com/title/tt0002628/
tt0002637	https://www.imdb.com/title/tt0002637/
tt0002646	https://www.imdb.com/title/tt0002646/
tt0002648	https://www.imdb.com/title/tt0002648/
tt0002649	https://www.imdb.com/title/tt0002649/
tt0002660	https://www.imdb.com/title/tt0002660/
tt0002661	https://www.imdb.com/title/tt0002661/
tt0002665	https://www.imdb.com/title/tt0002665/
tt0002669	https://www.imdb.com/title/tt0002669/
tt0002670	https://www.imdb.com/title/tt0002670/
tt0002676	https://www.imdb.com/title/tt0002676/
tt0002679	https://www.imdb.com/title/tt0002679/
tt0002685	https://www.imdb.com/title/tt0002685/
tt0002722	https://www.imdb.com/title/tt0002722/
tt0002725	https://www.imdb.com/title/tt0002725/
tt0002727	https://www.imdb.com/title/tt0002727/
tt0002735	https://www.imdb.com/title/tt0002735/
tt0002743	https://www.imdb.com/title/tt0002743/
tt0002746	https://www.imdb.com/title/tt0002746/
tt0002751	https://www.imdb.com/title/tt0002751/
tt0002763	https://www.imdb.com/title/tt0002763/
tt0002764	https://www.imdb.com/title/tt0002764/
tt0002765	https://www.imdb.com/title/tt0002765/
tt0002767	https://www.imdb.com/title/tt0002767/
tt0002771	https://www.imdb.com/title/tt0002771/
tt0002785	https://www.imdb.com/title/tt0002785/
tt0002790	https://www.imdb.com/title/tt0002790/
tt0002798	https://www.imdb.com/title/tt0002798/
tt0002799	https://www.imdb.com/title/tt0002799/
tt0002801	https://www.imdb.com/title/tt0002801/
tt0002820	https://www.imdb.com/title/tt0002820/
tt0002822	https://www.imdb.com/title/tt0002822/
tt0002823	https://www.imdb.com/title/tt0002823/
tt0002833	https://www.imdb.com/title/tt0002833/
tt0002844	https://www.imdb.com/title/tt0002844/
tt0002857	https://www.imdb.com/title/tt0002857/
tt0002858	https://www.imdb.com/title/tt0002858/
tt0002859	https://www.imdb.com/title/tt0002859/
tt0002880	https://www.imdb.com/title/tt0002880/
tt0002883	https://www.imdb.com/title/tt0002883/
tt0002885	https://www.imdb.com/title/tt0002885/
tt0002886	https://www.imdb.com/title/tt0002886/
tt0002898	https://www.imdb.com/title/tt0002898/
tt0002901	https://www.imdb.com/title/tt0002901/
tt0002917	https://www.imdb.com/title/tt0002917/
tt0002922	https://www.imdb.com/title/tt0002922/
tt0002928	https://www.imdb.com/title/tt0002928/
tt0002953	https://www.imdb.com/title/tt0002953/
tt0002958	https://www.imdb.com/title/tt0002958/
tt0002973	https://www.imdb.com/title/tt0002973/
tt0002975	https://www.imdb.com/title/tt0002975/
tt0002977	https://www.imdb.com/title/tt0002977/
tt0002978	https://www.imdb.com/title/tt0002978/
tt0002987	https://www.imdb.com/title/tt0002987/
tt0002996	https://www.imdb.com/title/tt0002996/
tt0003002	https://www.imdb.com/title/tt0003002/
tt0003006	https://www.imdb.com/title/tt0003006/
tt0003008	https://www.imdb.com/title/tt0003008/
tt0003010	https://www.imdb.com/title/tt0003010/
tt0003014	https://www.imdb.com/title/tt0003014/
tt0003015	https://www.imdb.com/title/tt0003015/
tt0003022	https://www.imdb.com/title/tt0003022/
tt0003024	https://www.imdb.com/title/tt0003024/
tt0003037	https://www.imdb.com/title/tt0003037/
tt0003039	https://www.imdb.com/title/tt0003039/
tt0003042	https://www.imdb.com/title/tt0003042/
tt0003048	https://www.imdb.com/title/tt0003048/
tt0003051	https://www.imdb.com/title/tt0003051/
tt0003053	https://www.imdb.com/title/tt0003053/
tt0003056	https://www.imdb.com/title/tt0003056/
tt0003058	https://www.imdb.com/title/tt0003058/
tt0003070	https://www.imdb.com/title/tt0003070/
tt0003076	https://www.imdb.com/title/tt0003076/
tt0003084	https://www.imdb.com/title/tt0003084/
tt0003098	https://www.imdb.com/title/tt0003098/
tt0003100	https://www.imdb.com/title/tt0003100/
tt0003108	https://www.imdb.com/title/tt0003108/
tt0003113	https://www.imdb.com/title/tt0003113/
tt0003116	https://www.imdb.com/title/tt0003116/
tt0003124	https://www.imdb.com/title/tt0003124/
tt0003139	https://www.imdb.com/title/tt0003139/
tt0003140	https://www.imdb.com/title/tt0003140/
tt0003143	https://www.imdb.com/title/tt0003143/
tt0003150	https://www.imdb.com/title/tt0003150/
tt0003159	https://www.imdb.com/title/tt0003159/
tt0003160	https://www.imdb.com/title/tt0003160/
tt0003165	https://www.imdb.com/title/tt0003165/
tt0003171	https://www.imdb.com/title/tt0003171/
tt0003218	https://www.imdb.com/title/tt0003218/
tt0003227	https://www.imdb.com/title/tt0003227/
tt0003230	https://www.imdb.com/title/tt0003230/
tt0003240	https://www.imdb.com/title/tt0003240/
tt0003241	https://www.imdb.com/title/tt0003241/
tt0003243	https://www.imdb.com/title/tt0003243/
tt0003267	https://www.imdb.com/title/tt0003267/
tt0003287	https://www.imdb.com/title/tt0003287/
tt0003289	https://www.imdb.com/title/tt0003289/
tt0003294	https://www.imdb.com/title/tt0003294/
tt0003298	https://www.imdb.com/title/tt0003298/
tt0003299	https://www.imdb.com/title/tt0003299/
tt0003301	https://www.imdb.com/title/tt0003301/
tt0003306	https://www.imdb.com/title/tt0003306/
tt0003316	https://www.imdb.com/title/tt0003316/
tt0003324	https://www.imdb.com/title/tt0003324/
tt0003330	https://www.imdb.com/title/tt0003330/
tt0003334	https://www.imdb.com/title/tt0003334/
tt0003335	https://www.imdb.com/title/tt0003335/
tt0003337	https://www.imdb.com/title/tt0003337/
tt0003351	https://www.imdb.com/title/tt0003351/
tt0003362	https://www.imdb.com/title/tt0003362/
tt0003363	https://www.imdb.com/title/tt0003363/
tt0003365	https://www.imdb.com/title/tt0003365/
tt0003366	https://www.imdb.com/title/tt0003366/
tt0003367	https://www.imdb.com/title/tt0003367/
tt0003376	https://www.imdb.com/title/tt0003376/
tt0003378	https://www.imdb.com/title/tt0003378/
tt0003379	https://www.imdb.com/title/tt0003379/
tt0003386	https://www.imdb.com/title/tt0003386/
tt0003404	https://www.imdb.com/title/tt0003404/
tt0003406	https://www.imdb.com/title/tt0003406/
tt0003414	https://www.imdb.com/title/tt0003414/
tt0003419	https://www.imdb.com/title/tt0003419/
tt0003423	https://www.imdb.com/title/tt0003423/
tt0003431	https://www.imdb.com/title/tt0003431/
tt0003438	https://www.imdb.com/title/tt0003438/
tt0003441	https://www.imdb.com/title/tt0003441/
tt0003442	https://www.imdb.com/title/tt0003442/
tt0003449	https://www.imdb.com/title/tt0003449/
tt0003456	https://www.imdb.com/title/tt0003456/
tt0003464	https://www.imdb.com/title/tt0003464/
tt0003465	https://www.imdb.com/title/tt0003465/
tt0003469	https://www.imdb.com/title/tt0003469/
tt0003470	https://www.imdb.com/title/tt0003470/
tt0003471	https://www.imdb.com/title/tt0003471/
tt0003472	https://www.imdb.com/title/tt0003472/
tt0003489	https://www.imdb.com/title/tt0003489/
tt0003493	https://www.imdb.com/title/tt0003493/
tt0003504	https://www.imdb.com/title/tt0003504/
tt0003506	https://www.imdb.com/title/tt0003506/
tt0003507	https://www.imdb.com/title/tt0003507/
tt0003508	https://www.imdb.com/title/tt0003508/
tt0003510	https://www.imdb.com/title/tt0003510/
tt0003511	https://www.imdb.com/title/tt0003511/
tt0003545	https://www.imdb.com/title/tt0003545/
tt0003561	https://www.imdb.com/title/tt0003561/
tt0003565	https://www.imdb.com/title/tt0003565/
tt0003576	https://www.imdb.com/title/tt0003576/
tt0003693	https://www.imdb.com/title/tt0003693/
tt0003883	https://www.imdb.com/title/tt0003883/
tt0004047	https://www.imdb.com/title/tt0004047/
tt0004195	https://www.imdb.com/title/tt0004195/
tt0004377	https://www.imdb.com/title/tt0004377/
tt0125012	https://www.imdb.com/title/tt0125012/
tt0126940	https://www.imdb.com/title/tt0126940/
tt0129186	https://www.imdb.com/title/tt0129186/
tt0129355	https://www.imdb.com/title/tt0129355/
tt0130063	https://www.imdb.com/title/tt0130063/
tt0130262	https://www.imdb.com/title/tt0130262/
tt0130997	https://www.imdb.com/title/tt0130997/
tt0132536	https://www.imdb.com/title/tt0132536/
tt0133910	https://www.imdb.com/title/tt0133910/
tt0133922	https://www.imdb.com/title/tt0133922/
tt0138846	https://www.imdb.com/title/tt0138846/
tt0139411	https://www.imdb.com/title/tt0139411/
tt0140692	https://www.imdb.com/title/tt0140692/
tt0142957	https://www.imdb.com/title/tt0142957/
tt0143087	https://www.imdb.com/title/tt0143087/
tt0143092	https://www.imdb.com/title/tt0143092/
tt0143756	https://www.imdb.com/title/tt0143756/
tt0144527	https://www.imdb.com/title/tt0144527/
tt0156516	https://www.imdb.com/title/tt0156516/
tt0156600	https://www.imdb.com/title/tt0156600/
tt0158527	https://www.imdb.com/title/tt0158527/
tt0160109	https://www.imdb.com/title/tt0160109/
tt0164083	https://www.imdb.com/title/tt0164083/
tt0167754	https://www.imdb.com/title/tt0167754/
tt0172117	https://www.imdb.com/title/tt0172117/
tt0172209	https://www.imdb.com/title/tt0172209/
tt0172314	https://www.imdb.com/title/tt0172314/
tt0172354	https://www.imdb.com/title/tt0172354/
tt0172593	https://www.imdb.com/title/tt0172593/
tt0172594	https://www.imdb.com/title/tt0172594/
tt0173116	https://www.imdb.com/title/tt0173116/
tt0173417	https://www.imdb.com/title/tt0173417/
tt0173631	https://www.imdb.com/title/tt0173631/
tt0173662	https://www.imdb.com/title/tt0173662/
tt0173898	https://www.imdb.com/title/tt0173898/
tt0174556	https://www.imdb.com/title/tt0174556/
tt0174559	https://www.imdb.com/title/tt0174559/
tt0174636	https://www.imdb.com/title/tt0174636/
tt0174877	https://www.imdb.com/title/tt0174877/
tt0175121	https://www.imdb.com/title/tt0175121/
tt0175252	https://www.imdb.com/title/tt0175252/
tt0175274	https://www.imdb.com/title/tt0175274/
tt0175285	https://www.imdb.com/title/tt0175285/
tt0175660	https://www.imdb.com/title/tt0175660/
tt0176509	https://www.imdb.com/title/tt0176509/
tt0176584	https://www.imdb.com/title/tt0176584/
tt0176655	https://www.imdb.com/title/tt0176655/
tt0176677	https://www.imdb.com/title/tt0176677/
tt0176713	https://www.imdb.com/title/tt0176713/
tt0176744	https://www.imdb.com/title/tt0176744/
tt0176746	https://www.imdb.com/title/tt0176746/
tt0176927	https://www.imdb.com/title/tt0176927/
tt0176966	https://www.imdb.com/title/tt0176966/
tt0176984	https://www.imdb.com/title/tt0176984/
tt0177163	https://www.imdb.com/title/tt0177163/
tt0177183	https://www.imdb.com/title/tt0177183/
tt0177256	https://www.imdb.com/title/tt0177256/
tt0177807	https://www.imdb.com/title/tt0177807/
tt0182283	https://www.imdb.com/title/tt0182283/
tt0184703	https://www.imdb.com/title/tt0184703/
tt0185473	https://www.imdb.com/title/tt0185473/
tt0186007	https://www.imdb.com/title/tt0186007/
tt0186042	https://www.imdb.com/title/tt0186042/
tt0189521	https://www.imdb.com/title/tt0189521/
tt0191061	https://www.imdb.com/title/tt0191061/
tt0191220	https://www.imdb.com/title/tt0191220/
tt0193331	https://www.imdb.com/title/tt0193331/
tt0193407	https://www.imdb.com/title/tt0193407/
tt0193457	https://www.imdb.com/title/tt0193457/
tt0194271	https://www.imdb.com/title/tt0194271/
tt0195511	https://www.imdb.com/title/tt0195511/
tt0196023	https://www.imdb.com/title/tt0196023/
tt0196179	https://www.imdb.com/title/tt0196179/
tt0199317	https://www.imdb.com/title/tt0199317/
tt0200007	https://www.imdb.com/title/tt0200007/
tt0200062	https://www.imdb.com/title/tt0200062/
tt0203464	https://www.imdb.com/title/tt0203464/
tt0203684	https://www.imdb.com/title/tt0203684/
tt0203839	https://www.imdb.com/title/tt0203839/
tt0204046	https://www.imdb.com/title/tt0204046/
tt0206250	https://www.imdb.com/title/tt0206250/
tt0206768	https://www.imdb.com/title/tt0206768/
tt0207015	https://www.imdb.com/title/tt0207015/
tt0207025	https://www.imdb.com/title/tt0207025/
tt0207032	https://www.imdb.com/title/tt0207032/
tt0207062	https://www.imdb.com/title/tt0207062/
tt0207193	https://www.imdb.com/title/tt0207193/
tt0207409	https://www.imdb.com/title/tt0207409/
tt0208177	https://www.imdb.com/title/tt0208177/
tt0208280	https://www.imdb.com/title/tt0208280/
tt0208436	https://www.imdb.com/title/tt0208436/
tt0208601	https://www.imdb.com/title/tt0208601/
tt0209295	https://www.imdb.com/title/tt0209295/
tt0210351	https://www.imdb.com/title/tt0210351/
tt0211054	https://www.imdb.com/title/tt0211054/
tt0211067	https://www.imdb.com/title/tt0211067/
tt0214218	https://www.imdb.com/title/tt0214218/
tt0220490	https://www.imdb.com/title/tt0220490/
tt0221957	https://www.imdb.com/title/tt0221957/
tt0226369	https://www.imdb.com/title/tt0226369/
tt0228558	https://www.imdb.com/title/tt0228558/
tt0231369	https://www.imdb.com/title/tt0231369/
tt0231984	https://www.imdb.com/title/tt0231984/
tt0233533	https://www.imdb.com/title/tt0233533/
tt0233858	https://www.imdb.com/title/tt0233858/
tt0234602	https://www.imdb.com/title/tt0234602/
tt0239639	https://www.imdb.com/title/tt0239639/
tt0241168	https://www.imdb.com/title/tt0241168/
tt0241190	https://www.imdb.com/title/tt0241190/
tt0241391	https://www.imdb.com/title/tt0241391/
tt0241405	https://www.imdb.com/title/tt0241405/
tt0241478	https://www.imdb.com/title/tt0241478/
tt0241525	https://www.imdb.com/title/tt0241525/
tt0241579	https://www.imdb.com/title/tt0241579/
tt0241591	https://www.imdb.com/title/tt0241591/
tt0241744	https://www.imdb.com/title/tt0241744/
tt0241781	https://www.imdb.com/title/tt0241781/
tt0241927	https://www.imdb.com/title/tt0241927/
tt0241974	https://www.imdb.com/title/tt0241974/
tt0242075	https://www.imdb.com/title/tt0242075/
tt0242089	https://www.imdb.com/title/tt0242089/
tt0242126	https://www.imdb.com/title/tt0242126/
tt0242149	https://www.imdb.com/title/tt0242149/
tt0242416	https://www.imdb.com/title/tt0242416/
tt0243235	https://www.imdb.com/title/tt0243235/
tt0243990	https://www.imdb.com/title/tt0243990/
tt0244194	https://www.imdb.com/title/tt0244194/
tt0244319	https://www.imdb.com/title/tt0244319/
tt0253250	https://www.imdb.com/title/tt0253250/
tt0254093	https://www.imdb.com/title/tt0254093/
tt0255781	https://www.imdb.com/title/tt0255781/
tt0255813	https://www.imdb.com/title/tt0255813/
tt0255823	https://www.imdb.com/title/tt0255823/
tt0255843	https://www.imdb.com/title/tt0255843/
tt0256060	https://www.imdb.com/title/tt0256060/
tt0256067	https://www.imdb.com/title/tt0256067/
tt0256357	https://www.imdb.com/title/tt0256357/
tt0256474	https://www.imdb.com/title/tt0256474/
tt0259195	https://www.imdb.com/title/tt0259195/
tt0263067	https://www.imdb.com/title/tt0263067/
tt0263082	https://www.imdb.com/title/tt0263082/
tt0263947	https://www.imdb.com/title/tt0263947/
tt0264614	https://www.imdb.com/title/tt0264614/
tt0266097	https://www.imdb.com/title/tt0266097/
tt0267056	https://www.imdb.com/title/tt0267056/
tt0271132	https://www.imdb.com/title/tt0271132/
tt0272443	https://www.imdb.com/title/tt0272443/
tt0272493	https://www.imdb.com/title/tt0272493/
tt0272748	https://www.imdb.com/title/tt0272748/
tt0272761	https://www.imdb.com/title/tt0272761/
tt0272809	https://www.imdb.com/title/tt0272809/
tt0273124	https://www.imdb.com/title/tt0273124/
tt0273189	https://www.imdb.com/title/tt0273189/
tt0278953	https://www.imdb.com/title/tt0278953/
tt0286281	https://www.imdb.com/title/tt0286281/
tt0293215	https://www.imdb.com/title/tt0293215/
tt0296018	https://www.imdb.com/title/tt0296018/
tt0298279	https://www.imdb.com/title/tt0298279/
tt0298978	https://www.imdb.com/title/tt0298978/
tt0307702	https://www.imdb.com/title/tt0307702/
tt0308106	https://www.imdb.com/title/tt0308106/
tt0310670	https://www.imdb.com/title/tt0310670/
tt0310692	https://www.imdb.com/title/tt0310692/
tt0311681	https://www.imdb.com/title/tt0311681/
tt0316241	https://www.imdb.com/title/tt0316241/
tt0319501	https://www.imdb.com/title/tt0319501/
tt0323787	https://www.imdb.com/title/tt0323787/
tt0326077	https://www.imdb.com/title/tt0326077/
tt0326542	https://www.imdb.com/title/tt0326542/
tt0326954	https://www.imdb.com/title/tt0326954/
tt0327848	https://www.imdb.com/title/tt0327848/
tt0328028	https://www.imdb.com/title/tt0328028/
tt0328306	https://www.imdb.com/title/tt0328306/
tt0331567	https://www.imdb.com/title/tt0331567/
tt0335303	https://www.imdb.com/title/tt0335303/
tt0335335	https://www.imdb.com/title/tt0335335/
tt0336247	https://www.imdb.com/title/tt0336247/
tt0336337	https://www.imdb.com/title/tt0336337/
tt0336966	https://www.imdb.com/title/tt0336966/
tt0338301	https://www.imdb.com/title/tt0338301/
tt0339636	https://www.imdb.com/title/tt0339636/
tt0340353	https://www.imdb.com/title/tt0340353/
tt0342380	https://www.imdb.com/title/tt0342380/
tt0342463	https://www.imdb.com/title/tt0342463/
tt0342587	https://www.imdb.com/title/tt0342587/
tt0346536	https://www.imdb.com/title/tt0346536/
tt0347174	https://www.imdb.com/title/tt0347174/
tt0354703	https://www.imdb.com/title/tt0354703/
tt0355494	https://www.imdb.com/title/tt0355494/
tt0356523	https://www.imdb.com/title/tt0356523/
tt0359493	https://www.imdb.com/title/tt0359493/
tt0368309	https://www.imdb.com/title/tt0368309/
tt0378472	https://www.imdb.com/title/tt0378472/
tt0383932	https://www.imdb.com/title/tt0383932/
tt0384073	https://www.imdb.com/title/tt0384073/
tt0384243	https://www.imdb.com/title/tt0384243/
tt0384486	https://www.imdb.com/title/tt0384486/
tt0388899	https://www.imdb.com/title/tt0388899/
tt0389794	https://www.imdb.com/title/tt0389794/
tt0393807	https://www.imdb.com/title/tt0393807/
tt0400955	https://www.imdb.com/title/tt0400955/
tt0420495	https://www.imdb.com/title/tt0420495/
tt0424252	https://www.imdb.com/title/tt0424252/
tt0425782	https://www.imdb.com/title/tt0425782/
tt0431026	https://www.imdb.com/title/tt0431026/
tt0434033	https://www.imdb.com/title/tt0434033/
tt0434221	https://www.imdb.com/title/tt0434221/
tt0437096	https://www.imdb.com/title/tt0437096/
tt0438309	https://www.imdb.com/title/tt0438309/
tt0438570	https://www.imdb.com/title/tt0438570/
tt0440273	https://www.imdb.com/title/tt0440273/
tt0440511	https://www.imdb.com/title/tt0440511/
tt0440528	https://www.imdb.com/title/tt0440528/
tt0440763	https://www.imdb.com/title/tt0440763/
tt0440778	https://www.imdb.com/title/tt0440778/
tt0440904	https://www.imdb.com/title/tt0440904/
tt0442591	https://www.imdb.com/title/tt0442591/
tt0445390	https://www.imdb.com/title/tt0445390/
tt0445722	https://www.imdb.com/title/tt0445722/
tt0446934	https://www.imdb.com/title/tt0446934/
tt0446949	https://www.imdb.com/title/tt0446949/
tt0448417	https://www.imdb.com/title/tt0448417/
tt0450139	https://www.imdb.com/title/tt0450139/
tt0450621	https://www.imdb.com/title/tt0450621/
tt0450856	https://www.imdb.com/title/tt0450856/
tt0450872	https://www.imdb.com/title/tt0450872/
tt0452228	https://www.imdb.com/title/tt0452228/
tt0453187	https://www.imdb.com/title/tt0453187/
tt0454172	https://www.imdb.com/title/tt0454172/
tt0455812	https://www.imdb.com/title/tt0455812/
tt0455850	https://www.imdb.com/title/tt0455850/
tt0457782	https://www.imdb.com/title/tt0457782/
tt0458209	https://www.imdb.com/title/tt0458209/
tt0459898	https://www.imdb.com/title/tt0459898/
tt0460132	https://www.imdb.com/title/tt0460132/
tt0460827	https://www.imdb.com/title/tt0460827/
tt0474666	https://www.imdb.com/title/tt0474666/
tt0474734	https://www.imdb.com/title/tt0474734/
tt0474764	https://www.imdb.com/title/tt0474764/
tt0474810	https://www.imdb.com/title/tt0474810/
tt0474842	https://www.imdb.com/title/tt0474842/
tt0474897	https://www.imdb.com/title/tt0474897/
tt0474999	https://www.imdb.com/title/tt0474999/
tt0475002	https://www.imdb.com/title/tt0475002/
tt0480971	https://www.imdb.com/title/tt0480971/
tt0481832	https://www.imdb.com/title/tt0481832/
tt0482318	https://www.imdb.com/title/tt0482318/
tt0483146	https://www.imdb.com/title/tt0483146/
tt0486513	https://www.imdb.com/title/tt0486513/
tt0486701	https://www.imdb.com/title/tt0486701/
tt0486726	https://www.imdb.com/title/tt0486726/
tt0494643	https://www.imdb.com/title/tt0494643/
tt0494711	https://www.imdb.com/title/tt0494711/
tt0494870	https://www.imdb.com/title/tt0494870/
tt0494895	https://www.imdb.com/title/tt0494895/
tt0496111	https://www.imdb.com/title/tt0496111/
tt0783693	https://www.imdb.com/title/tt0783693/
tt0821959	https://www.imdb.com/title/tt0821959/
tt0821961	https://www.imdb.com/title/tt0821961/
tt0822005	https://www.imdb.com/title/tt0822005/
tt0842932	https://www.imdb.com/title/tt0842932/
tt0904039	https://www.imdb.com/title/tt0904039/
tt0907771	https://www.imdb.com/title/tt0907771/
tt0922668	https://www.imdb.com/title/tt0922668/
tt0922927	https://www.imdb.com/title/tt0922927/
tt0930877	https://www.imdb.com/title/tt0930877/
tt0933039	https://www.imdb.com/title/tt0933039/
tt0933148	https://www.imdb.com/title/tt0933148/
tt0933194	https://www.imdb.com/title/tt0933194/
tt0933206	https://www.imdb.com/title/tt0933206/
tt0938540	https://www.imdb.com/title/tt0938540/
tt0938564	https://www.imdb.com/title/tt0938564/
tt0938843	https://www.imdb.com/title/tt0938843/
tt0939845	https://www.imdb.com/title/tt0939845/
tt0943279	https://www.imdb.com/title/tt0943279/
tt0949406	https://www.imdb.com/title/tt0949406/
tt0950609	https://www.imdb.com/title/tt0950609/
tt0953630	https://www.imdb.com/title/tt0953630/
tt0963268	https://www.imdb.com/title/tt0963268/
tt0965472	https://www.imdb.com/title/tt0965472/
tt0965475	https://www.imdb.com/title/tt0965475/
tt0965683	https://www.imdb.com/title/tt0965683/
tt0969232	https://www.imdb.com/title/tt0969232/
tt0969310	https://www.imdb.com/title/tt0969310/
tt0978577	https://www.imdb.com/title/tt0978577/
tt1041700	https://www.imdb.com/title/tt1041700/
tt1041763	https://www.imdb.com/title/tt1041763/
tt1041850	https://www.imdb.com/title/tt1041850/
tt1042536	https://www.imdb.com/title/tt1042536/
tt1045808	https://www.imdb.com/title/tt1045808/
tt1051833	https://www.imdb.com/title/tt1051833/
tt1053981	https://www.imdb.com/title/tt1053981/
tt1054596	https://www.imdb.com/title/tt1054596/
tt1057987	https://www.imdb.com/title/tt1057987/
tt1063102	https://www.imdb.com/title/tt1063102/
tt1063616	https://www.imdb.com/title/tt1063616/
tt1064758	https://www.imdb.com/title/tt1064758/
tt1064785	https://www.imdb.com/title/tt1064785/
tt1064826	https://www.imdb.com/title/tt1064826/
tt1067163	https://www.imdb.com/title/tt1067163/
tt1067230	https://www.imdb.com/title/tt1067230/
tt1072703	https://www.imdb.com/title/tt1072703/
tt1073190	https://www.imdb.com/title/tt1073190/
tt1074471	https://www.imdb.com/title/tt1074471/
tt1074503	https://www.imdb.com/title/tt1074503/
tt1074505	https://www.imdb.com/title/tt1074505/
tt1074558	https://www.imdb.com/title/tt1074558/
tt1074559	https://www.imdb.com/title/tt1074559/
tt1074576	https://www.imdb.com/title/tt1074576/
tt1075010	https://www.imdb.com/title/tt1075010/
tt1075017	https://www.imdb.com/title/tt1075017/
tt1075058	https://www.imdb.com/title/tt1075058/
tt1075076	https://www.imdb.com/title/tt1075076/
tt1075097	https://www.imdb.com/title/tt1075097/
tt10775278	https://www.imdb.com/title/tt10775278/
tt1080886	https://www.imdb.com/title/tt1080886/
tt1080890	https://www.imdb.com/title/tt1080890/
tt1080910	https://www.imdb.com/title/tt1080910/
tt1081008	https://www.imdb.com/title/tt1081008/
tt1081021	https://www.imdb.com/title/tt1081021/
tt1085839	https://www.imdb.com/title/tt1085839/
tt10863546	https://www.imdb.com/title/tt10863546/
tt1087669	https://www.imdb.com/title/tt1087669/
tt1117556	https://www.imdb.com/title/tt1117556/
tt1117604	https://www.imdb.com/title/tt1117604/
tt1122802	https://www.imdb.com/title/tt1122802/
tt1144845	https://www.imdb.com/title/tt1144845/
tt1144887	https://www.imdb.com/title/tt1144887/
tt1144911	https://www.imdb.com/title/tt1144911/
tt1149952	https://www.imdb.com/title/tt1149952/
tt1150017	https://www.imdb.com/title/tt1150017/
tt1150040	https://www.imdb.com/title/tt1150040/
tt1168735	https://www.imdb.com/title/tt1168735/
tt1171522	https://www.imdb.com/title/tt1171522/
tt1171623	https://www.imdb.com/title/tt1171623/
tt1175241	https://www.imdb.com/title/tt1175241/
tt1180752	https://www.imdb.com/title/tt1180752/
tt1180769	https://www.imdb.com/title/tt1180769/
tt1180833	https://www.imdb.com/title/tt1180833/
tt1180839	https://www.imdb.com/title/tt1180839/
tt1180850	https://www.imdb.com/title/tt1180850/
tt1180854	https://www.imdb.com/title/tt1180854/
tt1184711	https://www.imdb.com/title/tt1184711/
tt1184865	https://www.imdb.com/title/tt1184865/
tt1185641	https://www.imdb.com/title/tt1185641/
tt1192110	https://www.imdb.com/title/tt1192110/
tt1194262	https://www.imdb.com/title/tt1194262/
tt1194290	https://www.imdb.com/title/tt1194290/
tt1200791	https://www.imdb.com/title/tt1200791/
tt1200834	https://www.imdb.com/title/tt1200834/
tt1206038	https://www.imdb.com/title/tt1206038/
tt1206042	https://www.imdb.com/title/tt1206042/
tt1206949	https://www.imdb.com/title/tt1206949/
tt1206987	https://www.imdb.com/title/tt1206987/
tt1207020	https://www.imdb.com/title/tt1207020/
tt1217029	https://www.imdb.com/title/tt1217029/
tt1219138	https://www.imdb.com/title/tt1219138/
tt1219140	https://www.imdb.com/title/tt1219140/
tt1223218	https://www.imdb.com/title/tt1223218/
tt1223286	https://www.imdb.com/title/tt1223286/
tt1223365	https://www.imdb.com/title/tt1223365/
tt1227852	https://www.imdb.com/title/tt1227852/
tt1227875	https://www.imdb.com/title/tt1227875/
tt1227883	https://www.imdb.com/title/tt1227883/
tt1227897	https://www.imdb.com/title/tt1227897/
tt1228636	https://www.imdb.com/title/tt1228636/
tt1258780	https://www.imdb.com/title/tt1258780/
tt12588158	https://www.imdb.com/title/tt12588158/
tt1265062	https://www.imdb.com/title/tt1265062/
tt1265083	https://www.imdb.com/title/tt1265083/
tt12694798	https://www.imdb.com/title/tt12694798/
tt12702576	https://www.imdb.com/title/tt12702576/
tt12717978	https://www.imdb.com/title/tt12717978/
tt1325765	https://www.imdb.com/title/tt1325765/
tt1356832	https://www.imdb.com/title/tt1356832/
tt1456529	https://www.imdb.com/title/tt1456529/
tt14658958	https://www.imdb.com/title/tt14658958/
tt1487900	https://www.imdb.com/title/tt1487900/
tt1515755	https://www.imdb.com/title/tt1515755/
tt1515827	https://www.imdb.com/title/tt1515827/
tt1537986	https://www.imdb.com/title/tt1537986/
tt1552662	https://www.imdb.com/title/tt1552662/
tt15852360	https://www.imdb.com/title/tt15852360/
tt1590986	https://www.imdb.com/title/tt1590986/
tt1591007	https://www.imdb.com/title/tt1591007/
tt1608209	https://www.imdb.com/title/tt1608209/
tt1640476	https://www.imdb.com/title/tt1640476/
tt1709666	https://www.imdb.com/title/tt1709666/
tt1714759	https://www.imdb.com/title/tt1714759/
tt1785671	https://www.imdb.com/title/tt1785671/
tt1814758	https://www.imdb.com/title/tt1814758/
tt18253336	https://www.imdb.com/title/tt18253336/
tt1834853	https://www.imdb.com/title/tt1834853/
tt1849795	https://www.imdb.com/title/tt1849795/
tt1849801	https://www.imdb.com/title/tt1849801/
tt1849892	https://www.imdb.com/title/tt1849892/
tt1900859	https://www.imdb.com/title/tt1900859/
tt1900968	https://www.imdb.com/title/tt1900968/
tt1982137	https://www.imdb.com/title/tt1982137/
tt2073095	https://www.imdb.com/title/tt2073095/
tt2074332	https://www.imdb.com/title/tt2074332/
tt2127294	https://www.imdb.com/title/tt2127294/
tt2127371	https://www.imdb.com/title/tt2127371/
tt2144161	https://www.imdb.com/title/tt2144161/
tt2187976	https://www.imdb.com/title/tt2187976/
tt2189300	https://www.imdb.com/title/tt2189300/
tt2197126	https://www.imdb.com/title/tt2197126/
tt2220146	https://www.imdb.com/title/tt2220146/
tt2220184	https://www.imdb.com/title/tt2220184/
tt2234317	https://www.imdb.com/title/tt2234317/
tt2287158	https://www.imdb.com/title/tt2287158/
tt2325939	https://www.imdb.com/title/tt2325939/
tt2346656	https://www.imdb.com/title/tt2346656/
tt2346700	https://www.imdb.com/title/tt2346700/
tt2354524	https://www.imdb.com/title/tt2354524/
tt2359113	https://www.imdb.com/title/tt2359113/
tt2361305	https://www.imdb.com/title/tt2361305/
tt2367474	https://www.imdb.com/title/tt2367474/
tt2367734	https://www.imdb.com/title/tt2367734/
tt2373688	https://www.imdb.com/title/tt2373688/
tt2398654	https://www.imdb.com/title/tt2398654/
tt2399036	https://www.imdb.com/title/tt2399036/
tt2399050	https://www.imdb.com/title/tt2399050/
tt2406966	https://www.imdb.com/title/tt2406966/
tt2409432	https://www.imdb.com/title/tt2409432/
tt2414838	https://www.imdb.com/title/tt2414838/
tt2414850	https://www.imdb.com/title/tt2414850/
tt2417786	https://www.imdb.com/title/tt2417786/
tt2421336	https://www.imdb.com/title/tt2421336/
tt2421360	https://www.imdb.com/title/tt2421360/
tt2421402	https://www.imdb.com/title/tt2421402/
tt2421432	https://www.imdb.com/title/tt2421432/
tt2430772	https://www.imdb.com/title/tt2430772/
tt2432584	https://www.imdb.com/title/tt2432584/
tt2432718	https://www.imdb.com/title/tt2432718/
tt2432740	https://www.imdb.com/title/tt2432740/
tt2432840	https://www.imdb.com/title/tt2432840/
tt2432854	https://www.imdb.com/title/tt2432854/
tt2432984	https://www.imdb.com/title/tt2432984/
tt2433090	https://www.imdb.com/title/tt2433090/
tt2433134	https://www.imdb.com/title/tt2433134/
tt2440326	https://www.imdb.com/title/tt2440326/
tt2489122	https://www.imdb.com/title/tt2489122/
tt2523666	https://www.imdb.com/title/tt2523666/
tt2528324	https://www.imdb.com/title/tt2528324/
tt2552242	https://www.imdb.com/title/tt2552242/
tt2573872	https://www.imdb.com/title/tt2573872/
tt2573968	https://www.imdb.com/title/tt2573968/
tt2585584	https://www.imdb.com/title/tt2585584/
tt2596602	https://www.imdb.com/title/tt2596602/
tt2623860	https://www.imdb.com/title/tt2623860/
tt2841836	https://www.imdb.com/title/tt2841836/
tt28637020	https://www.imdb.com/title/tt28637020/
tt2951236	https://www.imdb.com/title/tt2951236/
tt3037646	https://www.imdb.com/title/tt3037646/
tt3126552	https://www.imdb.com/title/tt3126552/
tt3280836	https://www.imdb.com/title/tt3280836/
tt34453036	https://www.imdb.com/title/tt34453036/
tt34555177	https://www.imdb.com/title/tt34555177/
tt3894910	https://www.imdb.com/title/tt3894910/
tt4288356	https://www.imdb.com/title/tt4288356/
tt5298620	https://www.imdb.com/title/tt5298620/
tt5664048	https://www.imdb.com/title/tt5664048/
tt5997108	https://www.imdb.com/title/tt5997108/
tt6020706	https://www.imdb.com/title/tt6020706/
tt6043196	https://www.imdb.com/title/tt6043196/
tt6186736	https://www.imdb.com/title/tt6186736/
tt6210408	https://www.imdb.com/title/tt6210408/
tt6241226	https://www.imdb.com/title/tt6241226/
tt6250838	https://www.imdb.com/title/tt6250838/
tt6250944	https://www.imdb.com/title/tt6250944/
tt6263998	https://www.imdb.com/title/tt6263998/
tt6264044	https://www.imdb.com/title/tt6264044/
tt6373378	https://www.imdb.com/title/tt6373378/
tt7365226	https://www.imdb.com/title/tt7365226/
tt7379664	https://www.imdb.com/title/tt7379664/
tt7390690	https://www.imdb.com/title/tt7390690/
tt7461824	https://www.imdb.com/title/tt7461824/
tt7461836	https://www.imdb.com/title/tt7461836/
tt7473816	https://www.imdb.com/title/tt7473816/
tt7557126	https://www.imdb.com/title/tt7557126/
tt7781064	https://www.imdb.com/title/tt7781064/
tt7783820	https://www.imdb.com/title/tt7783820/
tt7940578	https://www.imdb.com/title/tt7940578/
tt8885428	https://www.imdb.com/title/tt8885428/
tt8907926	https://www.imdb.com/title/tt8907926/
tt9006306	https://www.imdb.com/title/tt9006306/
tt9042228	https://www.imdb.com/title/tt9042228/
tt9042990	https://www.imdb.com/title/tt9042990/
tt9202226	https://www.imdb.com/title/tt9202226/
tt9202364	https://www.imdb.com/title/tt9202364/
tt9728384	https://www.imdb.com/title/tt9728384/
tt9728444	https://www.imdb.com/title/tt9728444/
