tconst	imdb_url
tt0427340	https://www.imdb.com/title/tt0427340/
tt10300398	https://www.imdb.com/title/tt10300398/
tt12042730	https://www.imdb.com/title/tt12042730/
tt12551766	https://www.imdb.com/title/tt12551766/
tt13163296	https://www.imdb.com/title/tt13163296/
tt15047880	https://www.imdb.com/title/tt15047880/
tt18259538	https://www.imdb.com/title/tt18259538/
tt21357150	https://www.imdb.com/title/tt21357150/
tt21445346	https://www.imdb.com/title/tt21445346/
tt21933128	https://www.imdb.com/title/tt21933128/
tt22084616	https://www.imdb.com/title/tt22084616/
tt22769036	https://www.imdb.com/title/tt22769036/
tt2321555	https://www.imdb.com/title/tt2321555/
tt2400382	https://www.imdb.com/title/tt2400382/
tt26443609	https://www.imdb.com/title/tt26443609/
tt26443616	https://www.imdb.com/title/tt26443616/
tt26443618	https://www.imdb.com/title/tt26443618/
tt26443624	https://www.imdb.com/title/tt26443624/
tt26581740	https://www.imdb.com/title/tt26581740/
tt26735127	https://www.imdb.com/title/tt26735127/
tt27047903	https://www.imdb.com/title/tt27047903/
tt27165187	https://www.imdb.com/title/tt27165187/
tt27192617	https://www.imdb.com/title/tt27192617/
tt27419420	https://www.imdb.com/title/tt27419420/
tt27419466	https://www.imdb.com/title/tt27419466/
tt27550022	https://www.imdb.com/title/tt27550022/
tt27613895	https://www.imdb.com/title/tt27613895/
tt27629335	https://www.imdb.com/title/tt27629335/
tt27657397	https://www.imdb.com/title/tt27657397/
tt28234820	https://www.imdb.com/title/tt28234820/
tt28498292	https://www.imdb.com/title/tt28498292/
tt28626549	https://www.imdb.com/title/tt28626549/
tt28650488	https://www.imdb.com/title/tt28650488/
tt28775763	https://www.imdb.com/title/tt28775763/
tt29355505	https://www.imdb.com/title/tt29355505/
tt29356163	https://www.imdb.com/title/tt29356163/
tt29606701	https://www.imdb.com/title/tt29606701/
tt29704967	https://www.imdb.com/title/tt29704967/
tt30025062	https://www.imdb.com/title/tt30025062/
tt30825738	https://www.imdb.com/title/tt30825738/
tt31450459	https://www.imdb.com/title/tt31450459/
tt31637517	https://www.imdb.com/title/tt31637517/
tt32141377	https://www.imdb.com/title/tt32141377/
tt32207971	https://www.imdb.com/title/tt32207971/
tt32222535	https://www.imdb.com/title/tt32222535/
tt32328070	https://www.imdb.com/title/tt32328070/
tt32492552	https://www.imdb.com/title/tt32492552/
tt32558705	https://www.imdb.com/title/tt32558705/
tt32565993	https://www.imdb.com/title/tt32565993/
tt32580177	https://www.imdb.com/title/tt32580177/
tt32612507	https://www.imdb.com/title/tt32612507/
tt32890033	https://www.imdb.com/title/tt32890033/
tt32897959	https://www.imdb.com/title/tt32897959/
tt33029380	https://www.imdb.com/title/tt33029380/
tt33550089	https://www.imdb.com/title/tt33550089/
tt33764258	https://www.imdb.com/title/tt33764258/
tt33838872	https://www.imdb.com/title/tt33838872/
tt34512981	https://www.imdb.com/title/tt34512981/
tt34890576	https://www.imdb.com/title/tt34890576/
tt35146696	https://www.imdb.com/title/tt35146696/
tt35329535	https://www.imdb.com/title/tt35329535/
tt3752698	https://www.imdb.com/title/tt3752698/
tt5795232	https://www.imdb.com/title/tt5795232/
tt6113186	https://www.imdb.com/title/tt6113186/
tt6250276	https://www.imdb.com/title/tt6250276/
tt6388158	https://www.imdb.com/title/tt6388158/
tt6475412	https://www.imdb.com/title/tt6475412/
tt6582570	https://www.imdb.com/title/tt6582570/
tt6821874	https://www.imdb.com/title/tt6821874/
tt8814476	https://www.imdb.com/title/tt8814476/
