tconst	imdb_url
tt0017853	https://www.imdb.com/title/tt0017853/
tt0018644	https://www.imdb.com/title/tt0018644/
tt0019094	https://www.imdb.com/title/tt0019094/
tt0019284	https://www.imdb.com/title/tt0019284/
tt0019403	https://www.imdb.com/title/tt0019403/
tt0019440	https://www.imdb.com/title/tt0019440/
tt0019618	https://www.imdb.com/title/tt0019618/
tt0019625	https://www.imdb.com/title/tt0019625/
tt0019629	https://www.imdb.com/title/tt0019629/
tt0019706	https://www.imdb.com/title/tt0019706/
tt0019750	https://www.imdb.com/title/tt0019750/
tt0019802	https://www.imdb.com/title/tt0019802/
tt0019821	https://www.imdb.com/title/tt0019821/
tt0019910	https://www.imdb.com/title/tt0019910/
tt0019918	https://www.imdb.com/title/tt0019918/
tt0019943	https://www.imdb.com/title/tt0019943/
tt0020028	https://www.imdb.com/title/tt0020028/
tt0020035	https://www.imdb.com/title/tt0020035/
tt0020050	https://www.imdb.com/title/tt0020050/
tt0020056	https://www.imdb.com/title/tt0020056/
tt0020124	https://www.imdb.com/title/tt0020124/
tt0020163	https://www.imdb.com/title/tt0020163/
tt0020169	https://www.imdb.com/title/tt0020169/
tt0020177	https://www.imdb.com/title/tt0020177/
tt0020293	https://www.imdb.com/title/tt0020293/
tt0020296	https://www.imdb.com/title/tt0020296/
tt0020314	https://www.imdb.com/title/tt0020314/
tt0020326	https://www.imdb.com/title/tt0020326/
tt0020333	https://www.imdb.com/title/tt0020333/
tt0020336	https://www.imdb.com/title/tt0020336/
tt0020405	https://www.imdb.com/title/tt0020405/
tt0020427	https://www.imdb.com/title/tt0020427/
tt0020507	https://www.imdb.com/title/tt0020507/
tt0020517	https://www.imdb.com/title/tt0020517/
tt0020594	https://www.imdb.com/title/tt0020594/
tt0020614	https://www.imdb.com/title/tt0020614/
tt0020620	https://www.imdb.com/title/tt0020620/
tt0020621	https://www.imdb.com/title/tt0020621/
tt0020622	https://www.imdb.com/title/tt0020622/
tt0020623	https://www.imdb.com/title/tt0020623/
tt0020624	https://www.imdb.com/title/tt0020624/
tt0020626	https://www.imdb.com/title/tt0020626/
tt0020628	https://www.imdb.com/title/tt0020628/
tt0020629	https://www.imdb.com/title/tt0020629/
tt0020632	https://www.imdb.com/title/tt0020632/
tt0020633	https://www.imdb.com/title/tt0020633/
tt0020634	https://www.imdb.com/title/tt0020634/
tt0020636	https://www.imdb.com/title/tt0020636/
tt0020637	https://www.imdb.com/title/tt0020637/
tt0020638	https://www.imdb.com/title/tt0020638/
tt0020639	https://www.imdb.com/title/tt0020639/
tt0020640	https://www.imdb.com/title/tt0020640/
tt0020641	https://www.imdb.com/title/tt0020641/
tt0020642	https://www.imdb.com/title/tt0020642/
tt0020644	https://www.imdb.com/title/tt0020644/
tt0020645	https://www.imdb.com/title/tt0020645/
tt0020646	https://www.imdb.com/title/tt0020646/
tt0020648	https://www.imdb.com/title/tt0020648/
tt0020649	https://www.imdb.com/title/tt0020649/
tt0020650	https://www.imdb.com/title/tt0020650/
tt0020651	https://www.imdb.com/title/tt0020651/
tt0020652	https://www.imdb.com/title/tt0020652/
tt0020653	https://www.imdb.com/title/tt0020653/
tt0020655	https://www.imdb.com/title/tt0020655/
tt0020656	https://www.imdb.com/title/tt0020656/
tt0020661	https://www.imdb.com/title/tt0020661/
tt0020662	https://www.imdb.com/title/tt0020662/
tt0020663	https://www.imdb.com/title/tt0020663/
tt0020665	https://www.imdb.com/title/tt0020665/
tt0020668	https://www.imdb.com/title/tt0020668/
tt0020670	https://www.imdb.com/title/tt0020670/
tt0020672	https://www.imdb.com/title/tt0020672/
tt0020676	https://www.imdb.com/title/tt0020676/
tt0020677	https://www.imdb.com/title/tt0020677/
tt0020679	https://www.imdb.com/title/tt0020679/
tt0020680	https://www.imdb.com/title/tt0020680/
tt0020681	https://www.imdb.com/title/tt0020681/
tt0020682	https://www.imdb.com/title/tt0020682/
tt0020683	https://www.imdb.com/title/tt0020683/
tt0020684	https://www.imdb.com/title/tt0020684/
tt0020686	https://www.imdb.com/title/tt0020686/
tt0020688	https://www.imdb.com/title/tt0020688/
tt0020689	https://www.imdb.com/title/tt0020689/
tt0020690	https://www.imdb.com/title/tt0020690/
tt0020691	https://www.imdb.com/title/tt0020691/
tt0020693	https://www.imdb.com/title/tt0020693/
tt0020694	https://www.imdb.com/title/tt0020694/
tt0020697	https://www.imdb.com/title/tt0020697/
tt0020700	https://www.imdb.com/title/tt0020700/
tt0020701	https://www.imdb.com/title/tt0020701/
tt0020702	https://www.imdb.com/title/tt0020702/
tt0020703	https://www.imdb.com/title/tt0020703/
tt0020704	https://www.imdb.com/title/tt0020704/
tt0020706	https://www.imdb.com/title/tt0020706/
tt0020707	https://www.imdb.com/title/tt0020707/
tt0020709	https://www.imdb.com/title/tt0020709/
tt0020710	https://www.imdb.com/title/tt0020710/
tt0020712	https://www.imdb.com/title/tt0020712/
tt0020713	https://www.imdb.com/title/tt0020713/
tt0020716	https://www.imdb.com/title/tt0020716/
tt0020718	https://www.imdb.com/title/tt0020718/
tt0020719	https://www.imdb.com/title/tt0020719/
tt0020721	https://www.imdb.com/title/tt0020721/
tt0020722	https://www.imdb.com/title/tt0020722/
tt0020723	https://www.imdb.com/title/tt0020723/
tt0020724	https://www.imdb.com/title/tt0020724/
tt0020725	https://www.imdb.com/title/tt0020725/
tt0020726	https://www.imdb.com/title/tt0020726/
tt0020727	https://www.imdb.com/title/tt0020727/
tt0020728	https://www.imdb.com/title/tt0020728/
tt0020729	https://www.imdb.com/title/tt0020729/
tt0020731	https://www.imdb.com/title/tt0020731/
tt0020732	https://www.imdb.com/title/tt0020732/
tt0020733	https://www.imdb.com/title/tt0020733/
tt0020734	https://www.imdb.com/title/tt0020734/
tt0020736	https://www.imdb.com/title/tt0020736/
tt0020737	https://www.imdb.com/title/tt0020737/
tt0020738	https://www.imdb.com/title/tt0020738/
tt0020739	https://www.imdb.com/title/tt0020739/
tt0020740	https://www.imdb.com/title/tt0020740/
tt0020741	https://www.imdb.com/title/tt0020741/
tt0020744	https://www.imdb.com/title/tt0020744/
tt0020746	https://www.imdb.com/title/tt0020746/
tt0020747	https://www.imdb.com/title/tt0020747/
tt0020748	https://www.imdb.com/title/tt0020748/
tt0020749	https://www.imdb.com/title/tt0020749/
tt0020751	https://www.imdb.com/title/tt0020751/
tt0020754	https://www.imdb.com/title/tt0020754/
tt0020755	https://www.imdb.com/title/tt0020755/
tt0020757	https://www.imdb.com/title/tt0020757/
tt0020758	https://www.imdb.com/title/tt0020758/
tt0020759	https://www.imdb.com/title/tt0020759/
tt0020760	https://www.imdb.com/title/tt0020760/
tt0020761	https://www.imdb.com/title/tt0020761/
tt0020762	https://www.imdb.com/title/tt0020762/
tt0020763	https://www.imdb.com/title/tt0020763/
tt0020766	https://www.imdb.com/title/tt0020766/
tt0020768	https://www.imdb.com/title/tt0020768/
tt0020770	https://www.imdb.com/title/tt0020770/
tt0020771	https://www.imdb.com/title/tt0020771/
tt0020773	https://www.imdb.com/title/tt0020773/
tt0020774	https://www.imdb.com/title/tt0020774/
tt0020776	https://www.imdb.com/title/tt0020776/
tt0020777	https://www.imdb.com/title/tt0020777/
tt0020778	https://www.imdb.com/title/tt0020778/
tt0020779	https://www.imdb.com/title/tt0020779/
tt0020781	https://www.imdb.com/title/tt0020781/
tt0020783	https://www.imdb.com/title/tt0020783/
tt0020785	https://www.imdb.com/title/tt0020785/
tt0020786	https://www.imdb.com/title/tt0020786/
tt0020787	https://www.imdb.com/title/tt0020787/
tt0020788	https://www.imdb.com/title/tt0020788/
tt0020789	https://www.imdb.com/title/tt0020789/
tt0020792	https://www.imdb.com/title/tt0020792/
tt0020793	https://www.imdb.com/title/tt0020793/
tt0020794	https://www.imdb.com/title/tt0020794/
tt0020795	https://www.imdb.com/title/tt0020795/
tt0020797	https://www.imdb.com/title/tt0020797/
tt0020799	https://www.imdb.com/title/tt0020799/
tt0020800	https://www.imdb.com/title/tt0020800/
tt0020801	https://www.imdb.com/title/tt0020801/
tt0020802	https://www.imdb.com/title/tt0020802/
tt0020803	https://www.imdb.com/title/tt0020803/
tt0020804	https://www.imdb.com/title/tt0020804/
tt0020805	https://www.imdb.com/title/tt0020805/
tt0020806	https://www.imdb.com/title/tt0020806/
tt0020807	https://www.imdb.com/title/tt0020807/
tt0020809	https://www.imdb.com/title/tt0020809/
tt0020810	https://www.imdb.com/title/tt0020810/
tt0020813	https://www.imdb.com/title/tt0020813/
tt0020815	https://www.imdb.com/title/tt0020815/
tt0020816	https://www.imdb.com/title/tt0020816/
tt0020818	https://www.imdb.com/title/tt0020818/
tt0020819	https://www.imdb.com/title/tt0020819/
tt0020820	https://www.imdb.com/title/tt0020820/
tt0020821	https://www.imdb.com/title/tt0020821/
tt0020822	https://www.imdb.com/title/tt0020822/
tt0020823	https://www.imdb.com/title/tt0020823/
tt0020824	https://www.imdb.com/title/tt0020824/
tt0020825	https://www.imdb.com/title/tt0020825/
tt0020826	https://www.imdb.com/title/tt0020826/
tt0020827	https://www.imdb.com/title/tt0020827/
tt0020828	https://www.imdb.com/title/tt0020828/
tt0020830	https://www.imdb.com/title/tt0020830/
tt0020832	https://www.imdb.com/title/tt0020832/
tt0020833	https://www.imdb.com/title/tt0020833/
tt0020835	https://www.imdb.com/title/tt0020835/
tt0020836	https://www.imdb.com/title/tt0020836/
tt0020837	https://www.imdb.com/title/tt0020837/
tt0020838	https://www.imdb.com/title/tt0020838/
tt0020841	https://www.imdb.com/title/tt0020841/
tt0020842	https://www.imdb.com/title/tt0020842/
tt0020843	https://www.imdb.com/title/tt0020843/
tt0020844	https://www.imdb.com/title/tt0020844/
tt0020845	https://www.imdb.com/title/tt0020845/
tt0020846	https://www.imdb.com/title/tt0020846/
tt0020848	https://www.imdb.com/title/tt0020848/
tt0020850	https://www.imdb.com/title/tt0020850/
tt0020852	https://www.imdb.com/title/tt0020852/
tt0020853	https://www.imdb.com/title/tt0020853/
tt0020855	https://www.imdb.com/title/tt0020855/
tt0020858	https://www.imdb.com/title/tt0020858/
tt0020859	https://www.imdb.com/title/tt0020859/
tt0020861	https://www.imdb.com/title/tt0020861/
tt0020865	https://www.imdb.com/title/tt0020865/
tt0020866	https://www.imdb.com/title/tt0020866/
tt0020867	https://www.imdb.com/title/tt0020867/
tt0020869	https://www.imdb.com/title/tt0020869/
tt0020873	https://www.imdb.com/title/tt0020873/
tt0020876	https://www.imdb.com/title/tt0020876/
tt0020879	https://www.imdb.com/title/tt0020879/
tt0020882	https://www.imdb.com/title/tt0020882/
tt0020884	https://www.imdb.com/title/tt0020884/
tt0020886	https://www.imdb.com/title/tt0020886/
tt0020890	https://www.imdb.com/title/tt0020890/
tt0020891	https://www.imdb.com/title/tt0020891/
tt0020892	https://www.imdb.com/title/tt0020892/
tt0020893	https://www.imdb.com/title/tt0020893/
tt0020894	https://www.imdb.com/title/tt0020894/
tt0020895	https://www.imdb.com/title/tt0020895/
tt0020896	https://www.imdb.com/title/tt0020896/
tt0020897	https://www.imdb.com/title/tt0020897/
tt0020900	https://www.imdb.com/title/tt0020900/
tt0020901	https://www.imdb.com/title/tt0020901/
tt0020902	https://www.imdb.com/title/tt0020902/
tt0020905	https://www.imdb.com/title/tt0020905/
tt0020909	https://www.imdb.com/title/tt0020909/
tt0020910	https://www.imdb.com/title/tt0020910/
tt0020911	https://www.imdb.com/title/tt0020911/
tt0020912	https://www.imdb.com/title/tt0020912/
tt0020914	https://www.imdb.com/title/tt0020914/
tt0020916	https://www.imdb.com/title/tt0020916/
tt0020917	https://www.imdb.com/title/tt0020917/
tt0020919	https://www.imdb.com/title/tt0020919/
tt0020921	https://www.imdb.com/title/tt0020921/
tt0020922	https://www.imdb.com/title/tt0020922/
tt0020924	https://www.imdb.com/title/tt0020924/
tt0020925	https://www.imdb.com/title/tt0020925/
tt0020926	https://www.imdb.com/title/tt0020926/
tt0020928	https://www.imdb.com/title/tt0020928/
tt0020929	https://www.imdb.com/title/tt0020929/
tt0020933	https://www.imdb.com/title/tt0020933/
tt0020934	https://www.imdb.com/title/tt0020934/
tt0020935	https://www.imdb.com/title/tt0020935/
tt0020936	https://www.imdb.com/title/tt0020936/
tt0020937	https://www.imdb.com/title/tt0020937/
tt0020938	https://www.imdb.com/title/tt0020938/
tt0020941	https://www.imdb.com/title/tt0020941/
tt0020942	https://www.imdb.com/title/tt0020942/
tt0020943	https://www.imdb.com/title/tt0020943/
tt0020944	https://www.imdb.com/title/tt0020944/
tt0020945	https://www.imdb.com/title/tt0020945/
tt0020947	https://www.imdb.com/title/tt0020947/
tt0020948	https://www.imdb.com/title/tt0020948/
tt0020951	https://www.imdb.com/title/tt0020951/
tt0020953	https://www.imdb.com/title/tt0020953/
tt0020955	https://www.imdb.com/title/tt0020955/
tt0020956	https://www.imdb.com/title/tt0020956/
tt0020959	https://www.imdb.com/title/tt0020959/
tt0020960	https://www.imdb.com/title/tt0020960/
tt0020961	https://www.imdb.com/title/tt0020961/
tt0020963	https://www.imdb.com/title/tt0020963/
tt0020966	https://www.imdb.com/title/tt0020966/
tt0020967	https://www.imdb.com/title/tt0020967/
tt0020968	https://www.imdb.com/title/tt0020968/
tt0020969	https://www.imdb.com/title/tt0020969/
tt0020970	https://www.imdb.com/title/tt0020970/
tt0020971	https://www.imdb.com/title/tt0020971/
tt0020973	https://www.imdb.com/title/tt0020973/
tt0020974	https://www.imdb.com/title/tt0020974/
tt0020978	https://www.imdb.com/title/tt0020978/
tt0020980	https://www.imdb.com/title/tt0020980/
tt0020981	https://www.imdb.com/title/tt0020981/
tt0020982	https://www.imdb.com/title/tt0020982/
tt0020984	https://www.imdb.com/title/tt0020984/
tt0020985	https://www.imdb.com/title/tt0020985/
tt0020986	https://www.imdb.com/title/tt0020986/
tt0020987	https://www.imdb.com/title/tt0020987/
tt0020988	https://www.imdb.com/title/tt0020988/
tt0020991	https://www.imdb.com/title/tt0020991/
tt0020993	https://www.imdb.com/title/tt0020993/
tt0020995	https://www.imdb.com/title/tt0020995/
tt0020997	https://www.imdb.com/title/tt0020997/
tt0020998	https://www.imdb.com/title/tt0020998/
tt0020999	https://www.imdb.com/title/tt0020999/
tt0021000	https://www.imdb.com/title/tt0021000/
tt0021001	https://www.imdb.com/title/tt0021001/
tt0021003	https://www.imdb.com/title/tt0021003/
tt0021007	https://www.imdb.com/title/tt0021007/
tt0021009	https://www.imdb.com/title/tt0021009/
tt0021011	https://www.imdb.com/title/tt0021011/
tt0021013	https://www.imdb.com/title/tt0021013/
tt0021014	https://www.imdb.com/title/tt0021014/
tt0021015	https://www.imdb.com/title/tt0021015/
tt0021016	https://www.imdb.com/title/tt0021016/
tt0021017	https://www.imdb.com/title/tt0021017/
tt0021019	https://www.imdb.com/title/tt0021019/
tt0021020	https://www.imdb.com/title/tt0021020/
tt0021021	https://www.imdb.com/title/tt0021021/
tt0021023	https://www.imdb.com/title/tt0021023/
tt0021024	https://www.imdb.com/title/tt0021024/
tt0021025	https://www.imdb.com/title/tt0021025/
tt0021028	https://www.imdb.com/title/tt0021028/
tt0021029	https://www.imdb.com/title/tt0021029/
tt0021030	https://www.imdb.com/title/tt0021030/
tt0021031	https://www.imdb.com/title/tt0021031/
tt0021033	https://www.imdb.com/title/tt0021033/
tt0021034	https://www.imdb.com/title/tt0021034/
tt0021035	https://www.imdb.com/title/tt0021035/
tt0021037	https://www.imdb.com/title/tt0021037/
tt0021038	https://www.imdb.com/title/tt0021038/
tt0021039	https://www.imdb.com/title/tt0021039/
tt0021040	https://www.imdb.com/title/tt0021040/
tt0021041	https://www.imdb.com/title/tt0021041/
tt0021042	https://www.imdb.com/title/tt0021042/
tt0021044	https://www.imdb.com/title/tt0021044/
tt0021045	https://www.imdb.com/title/tt0021045/
tt0021046	https://www.imdb.com/title/tt0021046/
tt0021048	https://www.imdb.com/title/tt0021048/
tt0021049	https://www.imdb.com/title/tt0021049/
tt0021050	https://www.imdb.com/title/tt0021050/
tt0021051	https://www.imdb.com/title/tt0021051/
tt0021052	https://www.imdb.com/title/tt0021052/
tt0021053	https://www.imdb.com/title/tt0021053/
tt0021055	https://www.imdb.com/title/tt0021055/
tt0021056	https://www.imdb.com/title/tt0021056/
tt0021057	https://www.imdb.com/title/tt0021057/
tt0021058	https://www.imdb.com/title/tt0021058/
tt0021060	https://www.imdb.com/title/tt0021060/
tt0021061	https://www.imdb.com/title/tt0021061/
tt0021062	https://www.imdb.com/title/tt0021062/
tt0021064	https://www.imdb.com/title/tt0021064/
tt0021065	https://www.imdb.com/title/tt0021065/
tt0021066	https://www.imdb.com/title/tt0021066/
tt0021067	https://www.imdb.com/title/tt0021067/
tt0021068	https://www.imdb.com/title/tt0021068/
tt0021069	https://www.imdb.com/title/tt0021069/
tt0021070	https://www.imdb.com/title/tt0021070/
tt0021071	https://www.imdb.com/title/tt0021071/
tt0021072	https://www.imdb.com/title/tt0021072/
tt0021074	https://www.imdb.com/title/tt0021074/
tt0021075	https://www.imdb.com/title/tt0021075/
tt0021076	https://www.imdb.com/title/tt0021076/
tt0021077	https://www.imdb.com/title/tt0021077/
tt0021078	https://www.imdb.com/title/tt0021078/
tt0021081	https://www.imdb.com/title/tt0021081/
tt0021082	https://www.imdb.com/title/tt0021082/
tt0021083	https://www.imdb.com/title/tt0021083/
tt0021084	https://www.imdb.com/title/tt0021084/
tt0021085	https://www.imdb.com/title/tt0021085/
tt0021086	https://www.imdb.com/title/tt0021086/
tt0021087	https://www.imdb.com/title/tt0021087/
tt0021088	https://www.imdb.com/title/tt0021088/
tt0021090	https://www.imdb.com/title/tt0021090/
tt0021091	https://www.imdb.com/title/tt0021091/
tt0021092	https://www.imdb.com/title/tt0021092/
tt0021094	https://www.imdb.com/title/tt0021094/
tt0021095	https://www.imdb.com/title/tt0021095/
tt0021096	https://www.imdb.com/title/tt0021096/
tt0021097	https://www.imdb.com/title/tt0021097/
tt0021098	https://www.imdb.com/title/tt0021098/
tt0021100	https://www.imdb.com/title/tt0021100/
tt0021101	https://www.imdb.com/title/tt0021101/
tt0021102	https://www.imdb.com/title/tt0021102/
tt0021104	https://www.imdb.com/title/tt0021104/
tt0021105	https://www.imdb.com/title/tt0021105/
tt0021106	https://www.imdb.com/title/tt0021106/
tt0021108	https://www.imdb.com/title/tt0021108/
tt0021109	https://www.imdb.com/title/tt0021109/
tt0021110	https://www.imdb.com/title/tt0021110/
tt0021111	https://www.imdb.com/title/tt0021111/
tt0021112	https://www.imdb.com/title/tt0021112/
tt0021113	https://www.imdb.com/title/tt0021113/
tt0021114	https://www.imdb.com/title/tt0021114/
tt0021115	https://www.imdb.com/title/tt0021115/
tt0021116	https://www.imdb.com/title/tt0021116/
tt0021118	https://www.imdb.com/title/tt0021118/
tt0021121	https://www.imdb.com/title/tt0021121/
tt0021123	https://www.imdb.com/title/tt0021123/
tt0021124	https://www.imdb.com/title/tt0021124/
tt0021125	https://www.imdb.com/title/tt0021125/
tt0021126	https://www.imdb.com/title/tt0021126/
tt0021130	https://www.imdb.com/title/tt0021130/
tt0021132	https://www.imdb.com/title/tt0021132/
tt0021133	https://www.imdb.com/title/tt0021133/
tt0021134	https://www.imdb.com/title/tt0021134/
tt0021136	https://www.imdb.com/title/tt0021136/
tt0021137	https://www.imdb.com/title/tt0021137/
tt0021138	https://www.imdb.com/title/tt0021138/
tt0021139	https://www.imdb.com/title/tt0021139/
tt0021140	https://www.imdb.com/title/tt0021140/
tt0021141	https://www.imdb.com/title/tt0021141/
tt0021142	https://www.imdb.com/title/tt0021142/
tt0021143	https://www.imdb.com/title/tt0021143/
tt0021144	https://www.imdb.com/title/tt0021144/
tt0021148	https://www.imdb.com/title/tt0021148/
tt0021149	https://www.imdb.com/title/tt0021149/
tt0021150	https://www.imdb.com/title/tt0021150/
tt0021152	https://www.imdb.com/title/tt0021152/
tt0021153	https://www.imdb.com/title/tt0021153/
tt0021154	https://www.imdb.com/title/tt0021154/
tt0021155	https://www.imdb.com/title/tt0021155/
tt0021156	https://www.imdb.com/title/tt0021156/
tt0021158	https://www.imdb.com/title/tt0021158/
tt0021159	https://www.imdb.com/title/tt0021159/
tt0021160	https://www.imdb.com/title/tt0021160/
tt0021161	https://www.imdb.com/title/tt0021161/
tt0021162	https://www.imdb.com/title/tt0021162/
tt0021163	https://www.imdb.com/title/tt0021163/
tt0021164	https://www.imdb.com/title/tt0021164/
tt0021165	https://www.imdb.com/title/tt0021165/
tt0021167	https://www.imdb.com/title/tt0021167/
tt0021168	https://www.imdb.com/title/tt0021168/
tt0021169	https://www.imdb.com/title/tt0021169/
tt0021170	https://www.imdb.com/title/tt0021170/
tt0021171	https://www.imdb.com/title/tt0021171/
tt0021172	https://www.imdb.com/title/tt0021172/
tt0021174	https://www.imdb.com/title/tt0021174/
tt0021175	https://www.imdb.com/title/tt0021175/
tt0021176	https://www.imdb.com/title/tt0021176/
tt0021177	https://www.imdb.com/title/tt0021177/
tt0021178	https://www.imdb.com/title/tt0021178/
tt0021179	https://www.imdb.com/title/tt0021179/
tt0021183	https://www.imdb.com/title/tt0021183/
tt0021184	https://www.imdb.com/title/tt0021184/
tt0021185	https://www.imdb.com/title/tt0021185/
tt0021186	https://www.imdb.com/title/tt0021186/
tt0021187	https://www.imdb.com/title/tt0021187/
tt0021188	https://www.imdb.com/title/tt0021188/
tt0021189	https://www.imdb.com/title/tt0021189/
tt0021191	https://www.imdb.com/title/tt0021191/
tt0021192	https://www.imdb.com/title/tt0021192/
tt0021193	https://www.imdb.com/title/tt0021193/
tt0021194	https://www.imdb.com/title/tt0021194/
tt0021195	https://www.imdb.com/title/tt0021195/
tt0021197	https://www.imdb.com/title/tt0021197/
tt0021198	https://www.imdb.com/title/tt0021198/
tt0021199	https://www.imdb.com/title/tt0021199/
tt0021200	https://www.imdb.com/title/tt0021200/
tt0021201	https://www.imdb.com/title/tt0021201/
tt0021202	https://www.imdb.com/title/tt0021202/
tt0021203	https://www.imdb.com/title/tt0021203/
tt0021205	https://www.imdb.com/title/tt0021205/
tt0021206	https://www.imdb.com/title/tt0021206/
tt0021207	https://www.imdb.com/title/tt0021207/
tt0021208	https://www.imdb.com/title/tt0021208/
tt0021209	https://www.imdb.com/title/tt0021209/
tt0021210	https://www.imdb.com/title/tt0021210/
tt0021212	https://www.imdb.com/title/tt0021212/
tt0021213	https://www.imdb.com/title/tt0021213/
tt0021215	https://www.imdb.com/title/tt0021215/
tt0021216	https://www.imdb.com/title/tt0021216/
tt0021217	https://www.imdb.com/title/tt0021217/
tt0021218	https://www.imdb.com/title/tt0021218/
tt0021219	https://www.imdb.com/title/tt0021219/
tt0021220	https://www.imdb.com/title/tt0021220/
tt0021222	https://www.imdb.com/title/tt0021222/
tt0021223	https://www.imdb.com/title/tt0021223/
tt0021224	https://www.imdb.com/title/tt0021224/
tt0021225	https://www.imdb.com/title/tt0021225/
tt0021228	https://www.imdb.com/title/tt0021228/
tt0021229	https://www.imdb.com/title/tt0021229/
tt0021230	https://www.imdb.com/title/tt0021230/
tt0021231	https://www.imdb.com/title/tt0021231/
tt0021232	https://www.imdb.com/title/tt0021232/
tt0021233	https://www.imdb.com/title/tt0021233/
tt0021235	https://www.imdb.com/title/tt0021235/
tt0021237	https://www.imdb.com/title/tt0021237/
tt0021238	https://www.imdb.com/title/tt0021238/
tt0021239	https://www.imdb.com/title/tt0021239/
tt0021240	https://www.imdb.com/title/tt0021240/
tt0021243	https://www.imdb.com/title/tt0021243/
tt0021245	https://www.imdb.com/title/tt0021245/
tt0021247	https://www.imdb.com/title/tt0021247/
tt0021248	https://www.imdb.com/title/tt0021248/
tt0021249	https://www.imdb.com/title/tt0021249/
tt0021251	https://www.imdb.com/title/tt0021251/
tt0021253	https://www.imdb.com/title/tt0021253/
tt0021259	https://www.imdb.com/title/tt0021259/
tt0021261	https://www.imdb.com/title/tt0021261/
tt0021263	https://www.imdb.com/title/tt0021263/
tt0021264	https://www.imdb.com/title/tt0021264/
tt0021265	https://www.imdb.com/title/tt0021265/
tt0021266	https://www.imdb.com/title/tt0021266/
tt0021268	https://www.imdb.com/title/tt0021268/
tt0021269	https://www.imdb.com/title/tt0021269/
tt0021271	https://www.imdb.com/title/tt0021271/
tt0021272	https://www.imdb.com/title/tt0021272/
tt0021273	https://www.imdb.com/title/tt0021273/
tt0021276	https://www.imdb.com/title/tt0021276/
tt0021277	https://www.imdb.com/title/tt0021277/
tt0021278	https://www.imdb.com/title/tt0021278/
tt0021279	https://www.imdb.com/title/tt0021279/
tt0021280	https://www.imdb.com/title/tt0021280/
tt0021281	https://www.imdb.com/title/tt0021281/
tt0021282	https://www.imdb.com/title/tt0021282/
tt0021283	https://www.imdb.com/title/tt0021283/
tt0021284	https://www.imdb.com/title/tt0021284/
tt0021287	https://www.imdb.com/title/tt0021287/
tt0021289	https://www.imdb.com/title/tt0021289/
tt0021292	https://www.imdb.com/title/tt0021292/
tt0021293	https://www.imdb.com/title/tt0021293/
tt0021294	https://www.imdb.com/title/tt0021294/
tt0021295	https://www.imdb.com/title/tt0021295/
tt0021296	https://www.imdb.com/title/tt0021296/
tt0021297	https://www.imdb.com/title/tt0021297/
tt0021298	https://www.imdb.com/title/tt0021298/
tt0021299	https://www.imdb.com/title/tt0021299/
tt0021301	https://www.imdb.com/title/tt0021301/
tt0021302	https://www.imdb.com/title/tt0021302/
tt0021303	https://www.imdb.com/title/tt0021303/
tt0021304	https://www.imdb.com/title/tt0021304/
tt0021305	https://www.imdb.com/title/tt0021305/
tt0021306	https://www.imdb.com/title/tt0021306/
tt0021307	https://www.imdb.com/title/tt0021307/
tt0021308	https://www.imdb.com/title/tt0021308/
tt0021310	https://www.imdb.com/title/tt0021310/
tt0021311	https://www.imdb.com/title/tt0021311/
tt0021313	https://www.imdb.com/title/tt0021313/
tt0021318	https://www.imdb.com/title/tt0021318/
tt0021319	https://www.imdb.com/title/tt0021319/
tt0021320	https://www.imdb.com/title/tt0021320/
tt0021322	https://www.imdb.com/title/tt0021322/
tt0021323	https://www.imdb.com/title/tt0021323/
tt0021324	https://www.imdb.com/title/tt0021324/
tt0021326	https://www.imdb.com/title/tt0021326/
tt0021327	https://www.imdb.com/title/tt0021327/
tt0021333	https://www.imdb.com/title/tt0021333/
tt0021334	https://www.imdb.com/title/tt0021334/
tt0021335	https://www.imdb.com/title/tt0021335/
tt0021337	https://www.imdb.com/title/tt0021337/
tt0021338	https://www.imdb.com/title/tt0021338/
tt0021342	https://www.imdb.com/title/tt0021342/
tt0021343	https://www.imdb.com/title/tt0021343/
tt0021345	https://www.imdb.com/title/tt0021345/
tt0021346	https://www.imdb.com/title/tt0021346/
tt0021347	https://www.imdb.com/title/tt0021347/
tt0021348	https://www.imdb.com/title/tt0021348/
tt0021349	https://www.imdb.com/title/tt0021349/
tt0021350	https://www.imdb.com/title/tt0021350/
tt0021351	https://www.imdb.com/title/tt0021351/
tt0021353	https://www.imdb.com/title/tt0021353/
tt0021354	https://www.imdb.com/title/tt0021354/
tt0021355	https://www.imdb.com/title/tt0021355/
tt0021357	https://www.imdb.com/title/tt0021357/
tt0021358	https://www.imdb.com/title/tt0021358/
tt0021359	https://www.imdb.com/title/tt0021359/
tt0021360	https://www.imdb.com/title/tt0021360/
tt0021361	https://www.imdb.com/title/tt0021361/
tt0021362	https://www.imdb.com/title/tt0021362/
tt0021365	https://www.imdb.com/title/tt0021365/
tt0021368	https://www.imdb.com/title/tt0021368/
tt0021369	https://www.imdb.com/title/tt0021369/
tt0021370	https://www.imdb.com/title/tt0021370/
tt0021371	https://www.imdb.com/title/tt0021371/
tt0021374	https://www.imdb.com/title/tt0021374/
tt0021375	https://www.imdb.com/title/tt0021375/
tt0021377	https://www.imdb.com/title/tt0021377/
tt0021378	https://www.imdb.com/title/tt0021378/
tt0021381	https://www.imdb.com/title/tt0021381/
tt0021382	https://www.imdb.com/title/tt0021382/
tt0021383	https://www.imdb.com/title/tt0021383/
tt0021384	https://www.imdb.com/title/tt0021384/
tt0021391	https://www.imdb.com/title/tt0021391/
tt0021392	https://www.imdb.com/title/tt0021392/
tt0021393	https://www.imdb.com/title/tt0021393/
tt0021395	https://www.imdb.com/title/tt0021395/
tt0021396	https://www.imdb.com/title/tt0021396/
tt0021397	https://www.imdb.com/title/tt0021397/
tt0021398	https://www.imdb.com/title/tt0021398/
tt0021399	https://www.imdb.com/title/tt0021399/
tt0021400	https://www.imdb.com/title/tt0021400/
tt0021401	https://www.imdb.com/title/tt0021401/
tt0021402	https://www.imdb.com/title/tt0021402/
tt0021403	https://www.imdb.com/title/tt0021403/
tt0021404	https://www.imdb.com/title/tt0021404/
tt0021405	https://www.imdb.com/title/tt0021405/
tt0021406	https://www.imdb.com/title/tt0021406/
tt0021407	https://www.imdb.com/title/tt0021407/
tt0021408	https://www.imdb.com/title/tt0021408/
tt0021409	https://www.imdb.com/title/tt0021409/
tt0021410	https://www.imdb.com/title/tt0021410/
tt0021412	https://www.imdb.com/title/tt0021412/
tt0021413	https://www.imdb.com/title/tt0021413/
tt0021414	https://www.imdb.com/title/tt0021414/
tt0021415	https://www.imdb.com/title/tt0021415/
tt0021416	https://www.imdb.com/title/tt0021416/
tt0021418	https://www.imdb.com/title/tt0021418/
tt0021420	https://www.imdb.com/title/tt0021420/
tt0021421	https://www.imdb.com/title/tt0021421/
tt0021422	https://www.imdb.com/title/tt0021422/
tt0021431	https://www.imdb.com/title/tt0021431/
tt0021432	https://www.imdb.com/title/tt0021432/
tt0021435	https://www.imdb.com/title/tt0021435/
tt0021436	https://www.imdb.com/title/tt0021436/
tt0021437	https://www.imdb.com/title/tt0021437/
tt0021439	https://www.imdb.com/title/tt0021439/
tt0021440	https://www.imdb.com/title/tt0021440/
tt0021441	https://www.imdb.com/title/tt0021441/
tt0021442	https://www.imdb.com/title/tt0021442/
tt0021444	https://www.imdb.com/title/tt0021444/
tt0021445	https://www.imdb.com/title/tt0021445/
tt0021446	https://www.imdb.com/title/tt0021446/
tt0021447	https://www.imdb.com/title/tt0021447/
tt0021448	https://www.imdb.com/title/tt0021448/
tt0021451	https://www.imdb.com/title/tt0021451/
tt0021452	https://www.imdb.com/title/tt0021452/
tt0021454	https://www.imdb.com/title/tt0021454/
tt0021457	https://www.imdb.com/title/tt0021457/
tt0021458	https://www.imdb.com/title/tt0021458/
tt0021459	https://www.imdb.com/title/tt0021459/
tt0021461	https://www.imdb.com/title/tt0021461/
tt0021463	https://www.imdb.com/title/tt0021463/
tt0021464	https://www.imdb.com/title/tt0021464/
tt0021465	https://www.imdb.com/title/tt0021465/
tt0021468	https://www.imdb.com/title/tt0021468/
tt0021469	https://www.imdb.com/title/tt0021469/
tt0021470	https://www.imdb.com/title/tt0021470/
tt0021471	https://www.imdb.com/title/tt0021471/
tt0021472	https://www.imdb.com/title/tt0021472/
tt0021473	https://www.imdb.com/title/tt0021473/
tt0021475	https://www.imdb.com/title/tt0021475/
tt0021476	https://www.imdb.com/title/tt0021476/
tt0021479	https://www.imdb.com/title/tt0021479/
tt0021480	https://www.imdb.com/title/tt0021480/
tt0021481	https://www.imdb.com/title/tt0021481/
tt0021482	https://www.imdb.com/title/tt0021482/
tt0021483	https://www.imdb.com/title/tt0021483/
tt0021484	https://www.imdb.com/title/tt0021484/
tt0021486	https://www.imdb.com/title/tt0021486/
tt0021488	https://www.imdb.com/title/tt0021488/
tt0021489	https://www.imdb.com/title/tt0021489/
tt0021490	https://www.imdb.com/title/tt0021490/
tt0021491	https://www.imdb.com/title/tt0021491/
tt0021492	https://www.imdb.com/title/tt0021492/
tt0021493	https://www.imdb.com/title/tt0021493/
tt0021497	https://www.imdb.com/title/tt0021497/
tt0021498	https://www.imdb.com/title/tt0021498/
tt0021499	https://www.imdb.com/title/tt0021499/
tt0021500	https://www.imdb.com/title/tt0021500/
tt0021501	https://www.imdb.com/title/tt0021501/
tt0021502	https://www.imdb.com/title/tt0021502/
tt0021503	https://www.imdb.com/title/tt0021503/
tt0021504	https://www.imdb.com/title/tt0021504/
tt0021505	https://www.imdb.com/title/tt0021505/
tt0021506	https://www.imdb.com/title/tt0021506/
tt0021508	https://www.imdb.com/title/tt0021508/
tt0021509	https://www.imdb.com/title/tt0021509/
tt0021511	https://www.imdb.com/title/tt0021511/
tt0021513	https://www.imdb.com/title/tt0021513/
tt0021514	https://www.imdb.com/title/tt0021514/
tt0021515	https://www.imdb.com/title/tt0021515/
tt0021516	https://www.imdb.com/title/tt0021516/
tt0021517	https://www.imdb.com/title/tt0021517/
tt0021518	https://www.imdb.com/title/tt0021518/
tt0021520	https://www.imdb.com/title/tt0021520/
tt0021522	https://www.imdb.com/title/tt0021522/
tt0021523	https://www.imdb.com/title/tt0021523/
tt0021525	https://www.imdb.com/title/tt0021525/
tt0021526	https://www.imdb.com/title/tt0021526/
tt0021529	https://www.imdb.com/title/tt0021529/
tt0021531	https://www.imdb.com/title/tt0021531/
tt0021532	https://www.imdb.com/title/tt0021532/
tt0021533	https://www.imdb.com/title/tt0021533/
tt0021534	https://www.imdb.com/title/tt0021534/
tt0021535	https://www.imdb.com/title/tt0021535/
tt0021539	https://www.imdb.com/title/tt0021539/
tt0021542	https://www.imdb.com/title/tt0021542/
tt0021543	https://www.imdb.com/title/tt0021543/
tt0021544	https://www.imdb.com/title/tt0021544/
tt0021545	https://www.imdb.com/title/tt0021545/
tt0021549	https://www.imdb.com/title/tt0021549/
tt0021550	https://www.imdb.com/title/tt0021550/
tt0021551	https://www.imdb.com/title/tt0021551/
tt0021552	https://www.imdb.com/title/tt0021552/
tt0021553	https://www.imdb.com/title/tt0021553/
tt0021554	https://www.imdb.com/title/tt0021554/
tt0021555	https://www.imdb.com/title/tt0021555/
tt0021558	https://www.imdb.com/title/tt0021558/
tt0021559	https://www.imdb.com/title/tt0021559/
tt0021561	https://www.imdb.com/title/tt0021561/
tt0021563	https://www.imdb.com/title/tt0021563/
tt0021564	https://www.imdb.com/title/tt0021564/
tt0021566	https://www.imdb.com/title/tt0021566/
tt0021567	https://www.imdb.com/title/tt0021567/
tt0021568	https://www.imdb.com/title/tt0021568/
tt0021569	https://www.imdb.com/title/tt0021569/
tt0021570	https://www.imdb.com/title/tt0021570/
tt0021571	https://www.imdb.com/title/tt0021571/
tt0021572	https://www.imdb.com/title/tt0021572/
tt0021573	https://www.imdb.com/title/tt0021573/
tt0021577	https://www.imdb.com/title/tt0021577/
tt0021578	https://www.imdb.com/title/tt0021578/
tt0021670	https://www.imdb.com/title/tt0021670/
tt0021674	https://www.imdb.com/title/tt0021674/
tt0021715	https://www.imdb.com/title/tt0021715/
tt0021737	https://www.imdb.com/title/tt0021737/
tt0021744	https://www.imdb.com/title/tt0021744/
tt0021842	https://www.imdb.com/title/tt0021842/
tt0021857	https://www.imdb.com/title/tt0021857/
tt0021888	https://www.imdb.com/title/tt0021888/
tt0021923	https://www.imdb.com/title/tt0021923/
tt0022012	https://www.imdb.com/title/tt0022012/
tt0022030	https://www.imdb.com/title/tt0022030/
tt0022047	https://www.imdb.com/title/tt0022047/
tt0022148	https://www.imdb.com/title/tt0022148/
tt0022191	https://www.imdb.com/title/tt0022191/
tt0022236	https://www.imdb.com/title/tt0022236/
tt0022269	https://www.imdb.com/title/tt0022269/
tt0022317	https://www.imdb.com/title/tt0022317/
tt0022390	https://www.imdb.com/title/tt0022390/
tt0022409	https://www.imdb.com/title/tt0022409/
tt0022419	https://www.imdb.com/title/tt0022419/
tt0022444	https://www.imdb.com/title/tt0022444/
tt0022490	https://www.imdb.com/title/tt0022490/
tt0022502	https://www.imdb.com/title/tt0022502/
tt0022545	https://www.imdb.com/title/tt0022545/
tt0022555	https://www.imdb.com/title/tt0022555/
tt0022564	https://www.imdb.com/title/tt0022564/
tt0022623	https://www.imdb.com/title/tt0022623/
tt0023094	https://www.imdb.com/title/tt0023094/
tt0023134	https://www.imdb.com/title/tt0023134/
tt0023154	https://www.imdb.com/title/tt0023154/
tt0023281	https://www.imdb.com/title/tt0023281/
tt0023359	https://www.imdb.com/title/tt0023359/
tt0023387	https://www.imdb.com/title/tt0023387/
tt0023922	https://www.imdb.com/title/tt0023922/
tt0024466	https://www.imdb.com/title/tt0024466/
tt0024798	https://www.imdb.com/title/tt0024798/
tt0029816	https://www.imdb.com/title/tt0029816/
tt0121052	https://www.imdb.com/title/tt0121052/
tt0121999	https://www.imdb.com/title/tt0121999/
tt0122174	https://www.imdb.com/title/tt0122174/
tt0123895	https://www.imdb.com/title/tt0123895/
tt0124826	https://www.imdb.com/title/tt0124826/
tt0127047	https://www.imdb.com/title/tt0127047/
tt0127055	https://www.imdb.com/title/tt0127055/
tt0128078	https://www.imdb.com/title/tt0128078/
tt0128840	https://www.imdb.com/title/tt0128840/
tt0128967	https://www.imdb.com/title/tt0128967/
tt0129068	https://www.imdb.com/title/tt0129068/
tt0129174	https://www.imdb.com/title/tt0129174/
tt0129194	https://www.imdb.com/title/tt0129194/
tt0129247	https://www.imdb.com/title/tt0129247/
tt0129269	https://www.imdb.com/title/tt0129269/
tt0129272	https://www.imdb.com/title/tt0129272/
tt0129294	https://www.imdb.com/title/tt0129294/
tt0129410	https://www.imdb.com/title/tt0129410/
tt0129733	https://www.imdb.com/title/tt0129733/
tt0129952	https://www.imdb.com/title/tt0129952/
tt0130054	https://www.imdb.com/title/tt0130054/
tt0130094	https://www.imdb.com/title/tt0130094/
tt0130158	https://www.imdb.com/title/tt0130158/
tt0130194	https://www.imdb.com/title/tt0130194/
tt0130287	https://www.imdb.com/title/tt0130287/
tt0130301	https://www.imdb.com/title/tt0130301/
tt0130388	https://www.imdb.com/title/tt0130388/
tt0130662	https://www.imdb.com/title/tt0130662/
tt0130828	https://www.imdb.com/title/tt0130828/
tt0130850	https://www.imdb.com/title/tt0130850/
tt0130888	https://www.imdb.com/title/tt0130888/
tt0132400	https://www.imdb.com/title/tt0132400/
tt0132474	https://www.imdb.com/title/tt0132474/
tt0132557	https://www.imdb.com/title/tt0132557/
tt0132565	https://www.imdb.com/title/tt0132565/
tt0132568	https://www.imdb.com/title/tt0132568/
tt0132982	https://www.imdb.com/title/tt0132982/
tt0132985	https://www.imdb.com/title/tt0132985/
tt0133279	https://www.imdb.com/title/tt0133279/
tt0134009	https://www.imdb.com/title/tt0134009/
tt0134702	https://www.imdb.com/title/tt0134702/
tt0134794	https://www.imdb.com/title/tt0134794/
tt0135555	https://www.imdb.com/title/tt0135555/
tt0135816	https://www.imdb.com/title/tt0135816/
tt0136181	https://www.imdb.com/title/tt0136181/
tt0136547	https://www.imdb.com/title/tt0136547/
tt0136592	https://www.imdb.com/title/tt0136592/
tt0136604	https://www.imdb.com/title/tt0136604/
tt0136963	https://www.imdb.com/title/tt0136963/
tt0137153	https://www.imdb.com/title/tt0137153/
tt0137612	https://www.imdb.com/title/tt0137612/
tt0137862	https://www.imdb.com/title/tt0137862/
tt0137986	https://www.imdb.com/title/tt0137986/
tt0138209	https://www.imdb.com/title/tt0138209/
tt0139169	https://www.imdb.com/title/tt0139169/
tt0139381	https://www.imdb.com/title/tt0139381/
tt0139407	https://www.imdb.com/title/tt0139407/
tt0139408	https://www.imdb.com/title/tt0139408/
tt0140310	https://www.imdb.com/title/tt0140310/
tt0140591	https://www.imdb.com/title/tt0140591/
tt0141235	https://www.imdb.com/title/tt0141235/
tt0141542	https://www.imdb.com/title/tt0141542/
tt0142103	https://www.imdb.com/title/tt0142103/
tt0142213	https://www.imdb.com/title/tt0142213/
tt0142953	https://www.imdb.com/title/tt0142953/
tt0143086	https://www.imdb.com/title/tt0143086/
tt0143841	https://www.imdb.com/title/tt0143841/
tt0144791	https://www.imdb.com/title/tt0144791/
tt0144851	https://www.imdb.com/title/tt0144851/
tt0145052	https://www.imdb.com/title/tt0145052/
tt0145178	https://www.imdb.com/title/tt0145178/
tt0145389	https://www.imdb.com/title/tt0145389/
tt0145427	https://www.imdb.com/title/tt0145427/
tt0145485	https://www.imdb.com/title/tt0145485/
tt0145668	https://www.imdb.com/title/tt0145668/
tt0150228	https://www.imdb.com/title/tt0150228/
tt0151267	https://www.imdb.com/title/tt0151267/
tt0151502	https://www.imdb.com/title/tt0151502/
tt0151618	https://www.imdb.com/title/tt0151618/
tt0151699	https://www.imdb.com/title/tt0151699/
tt0152180	https://www.imdb.com/title/tt0152180/
tt0152198	https://www.imdb.com/title/tt0152198/
tt0154223	https://www.imdb.com/title/tt0154223/
tt0154542	https://www.imdb.com/title/tt0154542/
tt0154836	https://www.imdb.com/title/tt0154836/
tt0154907	https://www.imdb.com/title/tt0154907/
tt0155083	https://www.imdb.com/title/tt0155083/
tt0155089	https://www.imdb.com/title/tt0155089/
tt0156378	https://www.imdb.com/title/tt0156378/
tt0156446	https://www.imdb.com/title/tt0156446/
tt0156590	https://www.imdb.com/title/tt0156590/
tt0156621	https://www.imdb.com/title/tt0156621/
tt0156865	https://www.imdb.com/title/tt0156865/
tt0156924	https://www.imdb.com/title/tt0156924/
tt0156929	https://www.imdb.com/title/tt0156929/
tt0157149	https://www.imdb.com/title/tt0157149/
tt0158172	https://www.imdb.com/title/tt0158172/
tt0158205	https://www.imdb.com/title/tt0158205/
tt0158521	https://www.imdb.com/title/tt0158521/
tt0158625	https://www.imdb.com/title/tt0158625/
tt0158647	https://www.imdb.com/title/tt0158647/
tt0158955	https://www.imdb.com/title/tt0158955/
tt0159384	https://www.imdb.com/title/tt0159384/
tt0160637	https://www.imdb.com/title/tt0160637/
tt0160654	https://www.imdb.com/title/tt0160654/
tt0160736	https://www.imdb.com/title/tt0160736/
tt0160778	https://www.imdb.com/title/tt0160778/
tt0160807	https://www.imdb.com/title/tt0160807/
tt0160961	https://www.imdb.com/title/tt0160961/
tt0164686	https://www.imdb.com/title/tt0164686/
tt0165522	https://www.imdb.com/title/tt0165522/
tt0166403	https://www.imdb.com/title/tt0166403/
tt0166677	https://www.imdb.com/title/tt0166677/
tt0167430	https://www.imdb.com/title/tt0167430/
tt0168583	https://www.imdb.com/title/tt0168583/
tt0169369	https://www.imdb.com/title/tt0169369/
tt0169982	https://www.imdb.com/title/tt0169982/
tt0170167	https://www.imdb.com/title/tt0170167/
tt0170227	https://www.imdb.com/title/tt0170227/
tt0171045	https://www.imdb.com/title/tt0171045/
tt0171178	https://www.imdb.com/title/tt0171178/
tt0171887	https://www.imdb.com/title/tt0171887/
tt0171965	https://www.imdb.com/title/tt0171965/
tt0172214	https://www.imdb.com/title/tt0172214/
tt0172265	https://www.imdb.com/title/tt0172265/
tt0172855	https://www.imdb.com/title/tt0172855/
tt0173386	https://www.imdb.com/title/tt0173386/
tt0173865	https://www.imdb.com/title/tt0173865/
tt0174070	https://www.imdb.com/title/tt0174070/
tt0174309	https://www.imdb.com/title/tt0174309/
tt0174343	https://www.imdb.com/title/tt0174343/
tt0174450	https://www.imdb.com/title/tt0174450/
tt0175077	https://www.imdb.com/title/tt0175077/
tt0175124	https://www.imdb.com/title/tt0175124/
tt0175130	https://www.imdb.com/title/tt0175130/
tt0175230	https://www.imdb.com/title/tt0175230/
tt0176791	https://www.imdb.com/title/tt0176791/
tt0176876	https://www.imdb.com/title/tt0176876/
tt0177251	https://www.imdb.com/title/tt0177251/
tt0177368	https://www.imdb.com/title/tt0177368/
tt0179977	https://www.imdb.com/title/tt0179977/
tt0180423	https://www.imdb.com/title/tt0180423/
tt0180468	https://www.imdb.com/title/tt0180468/
tt0180703	https://www.imdb.com/title/tt0180703/
tt0181407	https://www.imdb.com/title/tt0181407/
tt0182349	https://www.imdb.com/title/tt0182349/
tt0182414	https://www.imdb.com/title/tt0182414/
tt0183646	https://www.imdb.com/title/tt0183646/
tt0183988	https://www.imdb.com/title/tt0183988/
tt0184040	https://www.imdb.com/title/tt0184040/
tt0184330	https://www.imdb.com/title/tt0184330/
tt0185150	https://www.imdb.com/title/tt0185150/
tt0185178	https://www.imdb.com/title/tt0185178/
tt0185221	https://www.imdb.com/title/tt0185221/
tt0185224	https://www.imdb.com/title/tt0185224/
tt0185281	https://www.imdb.com/title/tt0185281/
tt0185373	https://www.imdb.com/title/tt0185373/
tt0185500	https://www.imdb.com/title/tt0185500/
tt0185787	https://www.imdb.com/title/tt0185787/
tt0187139	https://www.imdb.com/title/tt0187139/
tt0188476	https://www.imdb.com/title/tt0188476/
tt0188477	https://www.imdb.com/title/tt0188477/
tt0189459	https://www.imdb.com/title/tt0189459/
tt0190525	https://www.imdb.com/title/tt0190525/
tt0191203	https://www.imdb.com/title/tt0191203/
tt0191320	https://www.imdb.com/title/tt0191320/
tt0191340	https://www.imdb.com/title/tt0191340/
tt0191408	https://www.imdb.com/title/tt0191408/
tt0191877	https://www.imdb.com/title/tt0191877/
tt0192052	https://www.imdb.com/title/tt0192052/
tt0192064	https://www.imdb.com/title/tt0192064/
tt0192104	https://www.imdb.com/title/tt0192104/
tt0192143	https://www.imdb.com/title/tt0192143/
tt0192228	https://www.imdb.com/title/tt0192228/
tt0192828	https://www.imdb.com/title/tt0192828/
tt0192841	https://www.imdb.com/title/tt0192841/
tt0192872	https://www.imdb.com/title/tt0192872/
tt0193111	https://www.imdb.com/title/tt0193111/
tt0193873	https://www.imdb.com/title/tt0193873/
tt0194338	https://www.imdb.com/title/tt0194338/
tt0194675	https://www.imdb.com/title/tt0194675/
tt0195302	https://www.imdb.com/title/tt0195302/
tt0196425	https://www.imdb.com/title/tt0196425/
tt0197260	https://www.imdb.com/title/tt0197260/
tt0197349	https://www.imdb.com/title/tt0197349/
tt0197419	https://www.imdb.com/title/tt0197419/
tt0197599	https://www.imdb.com/title/tt0197599/
tt0197865	https://www.imdb.com/title/tt0197865/
tt0197941	https://www.imdb.com/title/tt0197941/
tt0197990	https://www.imdb.com/title/tt0197990/
tt0198015	https://www.imdb.com/title/tt0198015/
tt0198018	https://www.imdb.com/title/tt0198018/
tt0198343	https://www.imdb.com/title/tt0198343/
tt0198435	https://www.imdb.com/title/tt0198435/
tt0198524	https://www.imdb.com/title/tt0198524/
tt0198735	https://www.imdb.com/title/tt0198735/
tt0199130	https://www.imdb.com/title/tt0199130/
tt0199415	https://www.imdb.com/title/tt0199415/
tt0199971	https://www.imdb.com/title/tt0199971/
tt0200958	https://www.imdb.com/title/tt0200958/
tt0201683	https://www.imdb.com/title/tt0201683/
tt0202224	https://www.imdb.com/title/tt0202224/
tt0202385	https://www.imdb.com/title/tt0202385/
tt0202658	https://www.imdb.com/title/tt0202658/
tt0202678	https://www.imdb.com/title/tt0202678/
tt0203016	https://www.imdb.com/title/tt0203016/
tt0203149	https://www.imdb.com/title/tt0203149/
tt0203294	https://www.imdb.com/title/tt0203294/
tt0203484	https://www.imdb.com/title/tt0203484/
tt0204986	https://www.imdb.com/title/tt0204986/
tt0206076	https://www.imdb.com/title/tt0206076/
tt0206101	https://www.imdb.com/title/tt0206101/
tt0207159	https://www.imdb.com/title/tt0207159/
tt0207453	https://www.imdb.com/title/tt0207453/
tt0207466	https://www.imdb.com/title/tt0207466/
tt0208028	https://www.imdb.com/title/tt0208028/
tt0208681	https://www.imdb.com/title/tt0208681/
tt0208880	https://www.imdb.com/title/tt0208880/
tt0208902	https://www.imdb.com/title/tt0208902/
tt0208978	https://www.imdb.com/title/tt0208978/
tt0209369	https://www.imdb.com/title/tt0209369/
tt0209991	https://www.imdb.com/title/tt0209991/
tt0210120	https://www.imdb.com/title/tt0210120/
tt0210306	https://www.imdb.com/title/tt0210306/
tt0211298	https://www.imdb.com/title/tt0211298/
tt0211339	https://www.imdb.com/title/tt0211339/
tt0211411	https://www.imdb.com/title/tt0211411/
tt0211416	https://www.imdb.com/title/tt0211416/
tt0211417	https://www.imdb.com/title/tt0211417/
tt0211489	https://www.imdb.com/title/tt0211489/
tt0211567	https://www.imdb.com/title/tt0211567/
tt0211579	https://www.imdb.com/title/tt0211579/
tt0211613	https://www.imdb.com/title/tt0211613/
tt0211614	https://www.imdb.com/title/tt0211614/
tt0211654	https://www.imdb.com/title/tt0211654/
tt0211655	https://www.imdb.com/title/tt0211655/
tt0211736	https://www.imdb.com/title/tt0211736/
tt0211761	https://www.imdb.com/title/tt0211761/
tt0211929	https://www.imdb.com/title/tt0211929/
tt0212176	https://www.imdb.com/title/tt0212176/
tt0213477	https://www.imdb.com/title/tt0213477/
tt0213479	https://www.imdb.com/title/tt0213479/
tt0213560	https://www.imdb.com/title/tt0213560/
tt0213585	https://www.imdb.com/title/tt0213585/
tt0213741	https://www.imdb.com/title/tt0213741/
tt0213745	https://www.imdb.com/title/tt0213745/
tt0213768	https://www.imdb.com/title/tt0213768/
tt0213776	https://www.imdb.com/title/tt0213776/
tt0213954	https://www.imdb.com/title/tt0213954/
tt0213972	https://www.imdb.com/title/tt0213972/
tt0214040	https://www.imdb.com/title/tt0214040/
tt0214046	https://www.imdb.com/title/tt0214046/
tt0214134	https://www.imdb.com/title/tt0214134/
tt0214215	https://www.imdb.com/title/tt0214215/
tt0214462	https://www.imdb.com/title/tt0214462/
tt0214515	https://www.imdb.com/title/tt0214515/
tt0214617	https://www.imdb.com/title/tt0214617/
tt0214626	https://www.imdb.com/title/tt0214626/
tt0214693	https://www.imdb.com/title/tt0214693/
tt0214828	https://www.imdb.com/title/tt0214828/
tt0214835	https://www.imdb.com/title/tt0214835/
tt0215309	https://www.imdb.com/title/tt0215309/
tt0215310	https://www.imdb.com/title/tt0215310/
tt0215336	https://www.imdb.com/title/tt0215336/
tt0216364	https://www.imdb.com/title/tt0216364/
tt0216742	https://www.imdb.com/title/tt0216742/
tt0216752	https://www.imdb.com/title/tt0216752/
tt0216846	https://www.imdb.com/title/tt0216846/
tt0216947	https://www.imdb.com/title/tt0216947/
tt0218632	https://www.imdb.com/title/tt0218632/
tt0219108	https://www.imdb.com/title/tt0219108/
tt0219825	https://www.imdb.com/title/tt0219825/
tt0221875	https://www.imdb.com/title/tt0221875/
tt0225356	https://www.imdb.com/title/tt0225356/
tt0225510	https://www.imdb.com/title/tt0225510/
tt0227844	https://www.imdb.com/title/tt0227844/
tt0227862	https://www.imdb.com/title/tt0227862/
tt0228269	https://www.imdb.com/title/tt0228269/
tt0229543	https://www.imdb.com/title/tt0229543/
tt0229781	https://www.imdb.com/title/tt0229781/
tt0229864	https://www.imdb.com/title/tt0229864/
tt0229868	https://www.imdb.com/title/tt0229868/
tt0230147	https://www.imdb.com/title/tt0230147/
tt0230288	https://www.imdb.com/title/tt0230288/
tt0230855	https://www.imdb.com/title/tt0230855/
tt0231086	https://www.imdb.com/title/tt0231086/
tt0231101	https://www.imdb.com/title/tt0231101/
tt0231165	https://www.imdb.com/title/tt0231165/
tt0231508	https://www.imdb.com/title/tt0231508/
tt0231568	https://www.imdb.com/title/tt0231568/
tt0231584	https://www.imdb.com/title/tt0231584/
tt0231629	https://www.imdb.com/title/tt0231629/
tt0231654	https://www.imdb.com/title/tt0231654/
tt0231855	https://www.imdb.com/title/tt0231855/
tt0231893	https://www.imdb.com/title/tt0231893/
tt0231903	https://www.imdb.com/title/tt0231903/
tt0232225	https://www.imdb.com/title/tt0232225/
tt0232243	https://www.imdb.com/title/tt0232243/
tt0232259	https://www.imdb.com/title/tt0232259/
tt0232451	https://www.imdb.com/title/tt0232451/
tt0232512	https://www.imdb.com/title/tt0232512/
tt0232567	https://www.imdb.com/title/tt0232567/
tt0232587	https://www.imdb.com/title/tt0232587/
tt0232627	https://www.imdb.com/title/tt0232627/
tt0232647	https://www.imdb.com/title/tt0232647/
tt0232887	https://www.imdb.com/title/tt0232887/
tt0232984	https://www.imdb.com/title/tt0232984/
tt0232997	https://www.imdb.com/title/tt0232997/
tt0233545	https://www.imdb.com/title/tt0233545/
tt0234485	https://www.imdb.com/title/tt0234485/
tt0234506	https://www.imdb.com/title/tt0234506/
tt0235533	https://www.imdb.com/title/tt0235533/
tt0235966	https://www.imdb.com/title/tt0235966/
tt0236332	https://www.imdb.com/title/tt0236332/
tt0236357	https://www.imdb.com/title/tt0236357/
tt0236662	https://www.imdb.com/title/tt0236662/
tt0237813	https://www.imdb.com/title/tt0237813/
tt0238360	https://www.imdb.com/title/tt0238360/
tt0238715	https://www.imdb.com/title/tt0238715/
tt0239322	https://www.imdb.com/title/tt0239322/
tt0239602	https://www.imdb.com/title/tt0239602/
tt0239789	https://www.imdb.com/title/tt0239789/
tt0239875	https://www.imdb.com/title/tt0239875/
tt0239980	https://www.imdb.com/title/tt0239980/
tt0240012	https://www.imdb.com/title/tt0240012/
tt0240072	https://www.imdb.com/title/tt0240072/
tt0241199	https://www.imdb.com/title/tt0241199/
tt0241310	https://www.imdb.com/title/tt0241310/
tt0241331	https://www.imdb.com/title/tt0241331/
tt0241751	https://www.imdb.com/title/tt0241751/
tt0241759	https://www.imdb.com/title/tt0241759/
tt0241947	https://www.imdb.com/title/tt0241947/
tt0242167	https://www.imdb.com/title/tt0242167/
tt0242280	https://www.imdb.com/title/tt0242280/
tt0242292	https://www.imdb.com/title/tt0242292/
tt0243271	https://www.imdb.com/title/tt0243271/
tt0243590	https://www.imdb.com/title/tt0243590/
tt0243801	https://www.imdb.com/title/tt0243801/
tt0245080	https://www.imdb.com/title/tt0245080/
tt0245193	https://www.imdb.com/title/tt0245193/
tt0245383	https://www.imdb.com/title/tt0245383/
tt0247451	https://www.imdb.com/title/tt0247451/
tt0247463	https://www.imdb.com/title/tt0247463/
tt0249263	https://www.imdb.com/title/tt0249263/
tt0249680	https://www.imdb.com/title/tt0249680/
tt0250679	https://www.imdb.com/title/tt0250679/
tt0250806	https://www.imdb.com/title/tt0250806/
tt0252351	https://www.imdb.com/title/tt0252351/
tt0252679	https://www.imdb.com/title/tt0252679/
tt0253306	https://www.imdb.com/title/tt0253306/
tt0253733	https://www.imdb.com/title/tt0253733/
tt0253976	https://www.imdb.com/title/tt0253976/
tt0254341	https://www.imdb.com/title/tt0254341/
tt0254346	https://www.imdb.com/title/tt0254346/
tt0254513	https://www.imdb.com/title/tt0254513/
tt0254569	https://www.imdb.com/title/tt0254569/
tt0258414	https://www.imdb.com/title/tt0258414/
tt0258542	https://www.imdb.com/title/tt0258542/
tt0258576	https://www.imdb.com/title/tt0258576/
tt0258619	https://www.imdb.com/title/tt0258619/
tt0258633	https://www.imdb.com/title/tt0258633/
tt0258683	https://www.imdb.com/title/tt0258683/
tt0258832	https://www.imdb.com/title/tt0258832/
tt0258857	https://www.imdb.com/title/tt0258857/
tt0258860	https://www.imdb.com/title/tt0258860/
tt0258879	https://www.imdb.com/title/tt0258879/
tt0258910	https://www.imdb.com/title/tt0258910/
tt0258920	https://www.imdb.com/title/tt0258920/
tt0258936	https://www.imdb.com/title/tt0258936/
tt0258939	https://www.imdb.com/title/tt0258939/
tt0258947	https://www.imdb.com/title/tt0258947/
tt0259026	https://www.imdb.com/title/tt0259026/
tt0259049	https://www.imdb.com/title/tt0259049/
tt0259069	https://www.imdb.com/title/tt0259069/
tt0259079	https://www.imdb.com/title/tt0259079/
tt0260696	https://www.imdb.com/title/tt0260696/
tt0261268	https://www.imdb.com/title/tt0261268/
tt0261298	https://www.imdb.com/title/tt0261298/
tt0261560	https://www.imdb.com/title/tt0261560/
tt0261602	https://www.imdb.com/title/tt0261602/
tt0261608	https://www.imdb.com/title/tt0261608/
tt0262027	https://www.imdb.com/title/tt0262027/
tt0263049	https://www.imdb.com/title/tt0263049/
tt0263143	https://www.imdb.com/title/tt0263143/
tt0263198	https://www.imdb.com/title/tt0263198/
tt0263233	https://www.imdb.com/title/tt0263233/
tt0263234	https://www.imdb.com/title/tt0263234/
tt0263240	https://www.imdb.com/title/tt0263240/
tt0263246	https://www.imdb.com/title/tt0263246/
tt0263297	https://www.imdb.com/title/tt0263297/
tt0263344	https://www.imdb.com/title/tt0263344/
tt0263365	https://www.imdb.com/title/tt0263365/
tt0263380	https://www.imdb.com/title/tt0263380/
tt0263401	https://www.imdb.com/title/tt0263401/
tt0263434	https://www.imdb.com/title/tt0263434/
tt0263443	https://www.imdb.com/title/tt0263443/
tt0263597	https://www.imdb.com/title/tt0263597/
tt0263612	https://www.imdb.com/title/tt0263612/
tt0263638	https://www.imdb.com/title/tt0263638/
tt0263673	https://www.imdb.com/title/tt0263673/
tt0263813	https://www.imdb.com/title/tt0263813/
tt0263821	https://www.imdb.com/title/tt0263821/
tt0263860	https://www.imdb.com/title/tt0263860/
tt0263927	https://www.imdb.com/title/tt0263927/
tt0263938	https://www.imdb.com/title/tt0263938/
tt0263948	https://www.imdb.com/title/tt0263948/
tt0263949	https://www.imdb.com/title/tt0263949/
tt0263988	https://www.imdb.com/title/tt0263988/
tt0264045	https://www.imdb.com/title/tt0264045/
tt0264047	https://www.imdb.com/title/tt0264047/
tt0264109	https://www.imdb.com/title/tt0264109/
tt0264156	https://www.imdb.com/title/tt0264156/
tt0264166	https://www.imdb.com/title/tt0264166/
tt0264377	https://www.imdb.com/title/tt0264377/
tt0264391	https://www.imdb.com/title/tt0264391/
tt0264631	https://www.imdb.com/title/tt0264631/
tt0264851	https://www.imdb.com/title/tt0264851/
tt0265048	https://www.imdb.com/title/tt0265048/
tt0265412	https://www.imdb.com/title/tt0265412/
tt0265615	https://www.imdb.com/title/tt0265615/
tt0265644	https://www.imdb.com/title/tt0265644/
tt0265847	https://www.imdb.com/title/tt0265847/
tt0265926	https://www.imdb.com/title/tt0265926/
tt0266859	https://www.imdb.com/title/tt0266859/
tt0267097	https://www.imdb.com/title/tt0267097/
tt0267322	https://www.imdb.com/title/tt0267322/
tt0267882	https://www.imdb.com/title/tt0267882/
tt0268121	https://www.imdb.com/title/tt0268121/
tt0268753	https://www.imdb.com/title/tt0268753/
tt0268892	https://www.imdb.com/title/tt0268892/
tt0272758	https://www.imdb.com/title/tt0272758/
tt0272941	https://www.imdb.com/title/tt0272941/
tt0275813	https://www.imdb.com/title/tt0275813/
tt0275895	https://www.imdb.com/title/tt0275895/
tt0278137	https://www.imdb.com/title/tt0278137/
tt0278158	https://www.imdb.com/title/tt0278158/
tt0278802	https://www.imdb.com/title/tt0278802/
tt0279682	https://www.imdb.com/title/tt0279682/
tt0280597	https://www.imdb.com/title/tt0280597/
tt0280656	https://www.imdb.com/title/tt0280656/
tt0281226	https://www.imdb.com/title/tt0281226/
tt0281296	https://www.imdb.com/title/tt0281296/
tt0281845	https://www.imdb.com/title/tt0281845/
tt0281846	https://www.imdb.com/title/tt0281846/
tt0281948	https://www.imdb.com/title/tt0281948/
tt0284468	https://www.imdb.com/title/tt0284468/
tt0285430	https://www.imdb.com/title/tt0285430/
tt0285555	https://www.imdb.com/title/tt0285555/
tt0285765	https://www.imdb.com/title/tt0285765/
tt0287559	https://www.imdb.com/title/tt0287559/
tt0287948	https://www.imdb.com/title/tt0287948/
tt0289783	https://www.imdb.com/title/tt0289783/
tt0291831	https://www.imdb.com/title/tt0291831/
tt0291839	https://www.imdb.com/title/tt0291839/
tt0291880	https://www.imdb.com/title/tt0291880/
tt0292158	https://www.imdb.com/title/tt0292158/
tt0292617	https://www.imdb.com/title/tt0292617/
tt0294347	https://www.imdb.com/title/tt0294347/
tt0294580	https://www.imdb.com/title/tt0294580/
tt0295646	https://www.imdb.com/title/tt0295646/
tt0295750	https://www.imdb.com/title/tt0295750/
tt0295852	https://www.imdb.com/title/tt0295852/
tt0296235	https://www.imdb.com/title/tt0296235/
tt0297201	https://www.imdb.com/title/tt0297201/
tt0298969	https://www.imdb.com/title/tt0298969/
tt0300144	https://www.imdb.com/title/tt0300144/
tt0300403	https://www.imdb.com/title/tt0300403/
tt0301394	https://www.imdb.com/title/tt0301394/
tt0304969	https://www.imdb.com/title/tt0304969/
tt0307231	https://www.imdb.com/title/tt0307231/
tt0307437	https://www.imdb.com/title/tt0307437/
tt0309522	https://www.imdb.com/title/tt0309522/
tt0312334	https://www.imdb.com/title/tt0312334/
tt0312430	https://www.imdb.com/title/tt0312430/
tt0314479	https://www.imdb.com/title/tt0314479/
tt0314897	https://www.imdb.com/title/tt0314897/
tt0316689	https://www.imdb.com/title/tt0316689/
tt0316897	https://www.imdb.com/title/tt0316897/
tt0318094	https://www.imdb.com/title/tt0318094/
tt0321287	https://www.imdb.com/title/tt0321287/
tt0321524	https://www.imdb.com/title/tt0321524/
tt0321644	https://www.imdb.com/title/tt0321644/
tt0323955	https://www.imdb.com/title/tt0323955/
tt0324255	https://www.imdb.com/title/tt0324255/
tt0324395	https://www.imdb.com/title/tt0324395/
tt0325301	https://www.imdb.com/title/tt0325301/
tt0325373	https://www.imdb.com/title/tt0325373/
tt0325388	https://www.imdb.com/title/tt0325388/
tt0327224	https://www.imdb.com/title/tt0327224/
tt0329133	https://www.imdb.com/title/tt0329133/
tt0330117	https://www.imdb.com/title/tt0330117/
tt0330818	https://www.imdb.com/title/tt0330818/
tt0331689	https://www.imdb.com/title/tt0331689/
tt0332321	https://www.imdb.com/title/tt0332321/
tt0332531	https://www.imdb.com/title/tt0332531/
tt0333803	https://www.imdb.com/title/tt0333803/
tt0334638	https://www.imdb.com/title/tt0334638/
tt0334680	https://www.imdb.com/title/tt0334680/
tt0335236	https://www.imdb.com/title/tt0335236/
tt0336259	https://www.imdb.com/title/tt0336259/
tt0337394	https://www.imdb.com/title/tt0337394/
tt0342816	https://www.imdb.com/title/tt0342816/
tt0345144	https://www.imdb.com/title/tt0345144/
tt0345958	https://www.imdb.com/title/tt0345958/
tt0348305	https://www.imdb.com/title/tt0348305/
tt0348351	https://www.imdb.com/title/tt0348351/
tt0348384	https://www.imdb.com/title/tt0348384/
tt0353287	https://www.imdb.com/title/tt0353287/
tt0355316	https://www.imdb.com/title/tt0355316/
tt0356023	https://www.imdb.com/title/tt0356023/
tt0356084	https://www.imdb.com/title/tt0356084/
tt0359301	https://www.imdb.com/title/tt0359301/
tt0364585	https://www.imdb.com/title/tt0364585/
tt0369552	https://www.imdb.com/title/tt0369552/
tt0370368	https://www.imdb.com/title/tt0370368/
tt0370766	https://www.imdb.com/title/tt0370766/
tt0370771	https://www.imdb.com/title/tt0370771/
tt0370899	https://www.imdb.com/title/tt0370899/
tt0370950	https://www.imdb.com/title/tt0370950/
tt0372915	https://www.imdb.com/title/tt0372915/
tt0373137	https://www.imdb.com/title/tt0373137/
tt0373259	https://www.imdb.com/title/tt0373259/
tt0390815	https://www.imdb.com/title/tt0390815/
tt0390817	https://www.imdb.com/title/tt0390817/
tt0390832	https://www.imdb.com/title/tt0390832/
tt0390854	https://www.imdb.com/title/tt0390854/
tt0390863	https://www.imdb.com/title/tt0390863/
tt0390876	https://www.imdb.com/title/tt0390876/
tt0390878	https://www.imdb.com/title/tt0390878/
tt0390879	https://www.imdb.com/title/tt0390879/
tt0390891	https://www.imdb.com/title/tt0390891/
tt0390903	https://www.imdb.com/title/tt0390903/
tt0390904	https://www.imdb.com/title/tt0390904/
tt0390913	https://www.imdb.com/title/tt0390913/
tt0390919	https://www.imdb.com/title/tt0390919/
tt0390921	https://www.imdb.com/title/tt0390921/
tt0390930	https://www.imdb.com/title/tt0390930/
tt0390956	https://www.imdb.com/title/tt0390956/
tt0390957	https://www.imdb.com/title/tt0390957/
tt0390967	https://www.imdb.com/title/tt0390967/
tt0390971	https://www.imdb.com/title/tt0390971/
tt0391046	https://www.imdb.com/title/tt0391046/
tt0391063	https://www.imdb.com/title/tt0391063/
tt0391074	https://www.imdb.com/title/tt0391074/
tt0391078	https://www.imdb.com/title/tt0391078/
tt0391085	https://www.imdb.com/title/tt0391085/
tt0391097	https://www.imdb.com/title/tt0391097/
tt0391168	https://www.imdb.com/title/tt0391168/
tt0391172	https://www.imdb.com/title/tt0391172/
tt0391549	https://www.imdb.com/title/tt0391549/
tt0391551	https://www.imdb.com/title/tt0391551/
tt0392034	https://www.imdb.com/title/tt0392034/
tt0392035	https://www.imdb.com/title/tt0392035/
tt0392054	https://www.imdb.com/title/tt0392054/
tt0392076	https://www.imdb.com/title/tt0392076/
tt0392077	https://www.imdb.com/title/tt0392077/
tt0392088	https://www.imdb.com/title/tt0392088/
tt0392113	https://www.imdb.com/title/tt0392113/
tt0392134	https://www.imdb.com/title/tt0392134/
tt0392138	https://www.imdb.com/title/tt0392138/
tt0392174	https://www.imdb.com/title/tt0392174/
tt0392175	https://www.imdb.com/title/tt0392175/
tt0392192	https://www.imdb.com/title/tt0392192/
tt0392197	https://www.imdb.com/title/tt0392197/
tt0392208	https://www.imdb.com/title/tt0392208/
tt0392215	https://www.imdb.com/title/tt0392215/
tt0392273	https://www.imdb.com/title/tt0392273/
tt0392274	https://www.imdb.com/title/tt0392274/
tt0392299	https://www.imdb.com/title/tt0392299/
tt0392304	https://www.imdb.com/title/tt0392304/
tt0392307	https://www.imdb.com/title/tt0392307/
tt0392374	https://www.imdb.com/title/tt0392374/
tt0392376	https://www.imdb.com/title/tt0392376/
tt0392416	https://www.imdb.com/title/tt0392416/
tt0392432	https://www.imdb.com/title/tt0392432/
tt0392450	https://www.imdb.com/title/tt0392450/
tt0392458	https://www.imdb.com/title/tt0392458/
tt0392463	https://www.imdb.com/title/tt0392463/
tt0392486	https://www.imdb.com/title/tt0392486/
tt0392493	https://www.imdb.com/title/tt0392493/
tt0392586	https://www.imdb.com/title/tt0392586/
tt0392624	https://www.imdb.com/title/tt0392624/
tt0392653	https://www.imdb.com/title/tt0392653/
tt0392657	https://www.imdb.com/title/tt0392657/
tt0392659	https://www.imdb.com/title/tt0392659/
tt0392661	https://www.imdb.com/title/tt0392661/
tt0392675	https://www.imdb.com/title/tt0392675/
tt0392689	https://www.imdb.com/title/tt0392689/
tt0392696	https://www.imdb.com/title/tt0392696/
tt0393667	https://www.imdb.com/title/tt0393667/
tt0393686	https://www.imdb.com/title/tt0393686/
tt0393697	https://www.imdb.com/title/tt0393697/
tt0393702	https://www.imdb.com/title/tt0393702/
tt0393718	https://www.imdb.com/title/tt0393718/
tt0393738	https://www.imdb.com/title/tt0393738/
tt0393743	https://www.imdb.com/title/tt0393743/
tt0393746	https://www.imdb.com/title/tt0393746/
tt0393753	https://www.imdb.com/title/tt0393753/
tt0393756	https://www.imdb.com/title/tt0393756/
tt0393757	https://www.imdb.com/title/tt0393757/
tt0393762	https://www.imdb.com/title/tt0393762/
tt0393770	https://www.imdb.com/title/tt0393770/
tt0393776	https://www.imdb.com/title/tt0393776/
tt0393801	https://www.imdb.com/title/tt0393801/
tt0393802	https://www.imdb.com/title/tt0393802/
tt0393837	https://www.imdb.com/title/tt0393837/
tt0393838	https://www.imdb.com/title/tt0393838/
tt0393922	https://www.imdb.com/title/tt0393922/
tt0393925	https://www.imdb.com/title/tt0393925/
tt0393929	https://www.imdb.com/title/tt0393929/
tt0393938	https://www.imdb.com/title/tt0393938/
tt0393950	https://www.imdb.com/title/tt0393950/
tt0393987	https://www.imdb.com/title/tt0393987/
tt0397708	https://www.imdb.com/title/tt0397708/
tt0397709	https://www.imdb.com/title/tt0397709/
tt0397716	https://www.imdb.com/title/tt0397716/
tt0404102	https://www.imdb.com/title/tt0404102/
tt0406377	https://www.imdb.com/title/tt0406377/
tt0412750	https://www.imdb.com/title/tt0412750/
tt0416834	https://www.imdb.com/title/tt0416834/
tt0429271	https://www.imdb.com/title/tt0429271/
tt0432278	https://www.imdb.com/title/tt0432278/
tt0432344	https://www.imdb.com/title/tt0432344/
tt0432929	https://www.imdb.com/title/tt0432929/
tt0434348	https://www.imdb.com/title/tt0434348/
tt0437205	https://www.imdb.com/title/tt0437205/
tt0437474	https://www.imdb.com/title/tt0437474/
tt0438985	https://www.imdb.com/title/tt0438985/
tt0440534	https://www.imdb.com/title/tt0440534/
tt0440535	https://www.imdb.com/title/tt0440535/
tt0446041	https://www.imdb.com/title/tt0446041/
tt0447192	https://www.imdb.com/title/tt0447192/
tt0451895	https://www.imdb.com/title/tt0451895/
tt0454783	https://www.imdb.com/title/tt0454783/
tt0458774	https://www.imdb.com/title/tt0458774/
tt0458781	https://www.imdb.com/title/tt0458781/
tt0460801	https://www.imdb.com/title/tt0460801/
tt0461669	https://www.imdb.com/title/tt0461669/
tt0461803	https://www.imdb.com/title/tt0461803/
tt0462695	https://www.imdb.com/title/tt0462695/
tt0462698	https://www.imdb.com/title/tt0462698/
tt0463148	https://www.imdb.com/title/tt0463148/
tt0463257	https://www.imdb.com/title/tt0463257/
tt0464157	https://www.imdb.com/title/tt0464157/
tt0464221	https://www.imdb.com/title/tt0464221/
tt0464938	https://www.imdb.com/title/tt0464938/
tt0464947	https://www.imdb.com/title/tt0464947/
tt0465101	https://www.imdb.com/title/tt0465101/
tt0465104	https://www.imdb.com/title/tt0465104/
tt0465186	https://www.imdb.com/title/tt0465186/
tt0465187	https://www.imdb.com/title/tt0465187/
tt0465189	https://www.imdb.com/title/tt0465189/
tt0465196	https://www.imdb.com/title/tt0465196/
tt0466033	https://www.imdb.com/title/tt0466033/
tt0466041	https://www.imdb.com/title/tt0466041/
tt0466050	https://www.imdb.com/title/tt0466050/
tt0466051	https://www.imdb.com/title/tt0466051/
tt0466063	https://www.imdb.com/title/tt0466063/
tt0466068	https://www.imdb.com/title/tt0466068/
tt0466074	https://www.imdb.com/title/tt0466074/
tt0466075	https://www.imdb.com/title/tt0466075/
tt0466079	https://www.imdb.com/title/tt0466079/
tt0466085	https://www.imdb.com/title/tt0466085/
tt0466116	https://www.imdb.com/title/tt0466116/
tt0467113	https://www.imdb.com/title/tt0467113/
tt0467136	https://www.imdb.com/title/tt0467136/
tt0467137	https://www.imdb.com/title/tt0467137/
tt0467151	https://www.imdb.com/title/tt0467151/
tt0467927	https://www.imdb.com/title/tt0467927/
tt0467929	https://www.imdb.com/title/tt0467929/
tt0470867	https://www.imdb.com/title/tt0470867/
tt0484259	https://www.imdb.com/title/tt0484259/
tt0486250	https://www.imdb.com/title/tt0486250/
tt0497328	https://www.imdb.com/title/tt0497328/
tt0757136	https://www.imdb.com/title/tt0757136/
tt0757296	https://www.imdb.com/title/tt0757296/
tt0764848	https://www.imdb.com/title/tt0764848/
tt0778663	https://www.imdb.com/title/tt0778663/
tt0800122	https://www.imdb.com/title/tt0800122/
tt0812238	https://www.imdb.com/title/tt0812238/
tt0817929	https://www.imdb.com/title/tt0817929/
tt0826562	https://www.imdb.com/title/tt0826562/
tt0826738	https://www.imdb.com/title/tt0826738/
tt0828111	https://www.imdb.com/title/tt0828111/
tt0835065	https://www.imdb.com/title/tt0835065/
tt0846895	https://www.imdb.com/title/tt0846895/
tt0846955	https://www.imdb.com/title/tt0846955/
tt0847110	https://www.imdb.com/title/tt0847110/
tt0848351	https://www.imdb.com/title/tt0848351/
tt0848384	https://www.imdb.com/title/tt0848384/
tt0860357	https://www.imdb.com/title/tt0860357/
tt0860389	https://www.imdb.com/title/tt0860389/
tt0862738	https://www.imdb.com/title/tt0862738/
tt0862739	https://www.imdb.com/title/tt0862739/
tt0862757	https://www.imdb.com/title/tt0862757/
tt0872164	https://www.imdb.com/title/tt0872164/
tt0900959	https://www.imdb.com/title/tt0900959/
tt0900965	https://www.imdb.com/title/tt0900965/
tt0904047	https://www.imdb.com/title/tt0904047/
tt0906652	https://www.imdb.com/title/tt0906652/
tt0907750	https://www.imdb.com/title/tt0907750/
tt0907804	https://www.imdb.com/title/tt0907804/
tt0907808	https://www.imdb.com/title/tt0907808/
tt0922480	https://www.imdb.com/title/tt0922480/
tt0922528	https://www.imdb.com/title/tt0922528/
tt0923966	https://www.imdb.com/title/tt0923966/
tt0924224	https://www.imdb.com/title/tt0924224/
tt0924255	https://www.imdb.com/title/tt0924255/
tt0933094	https://www.imdb.com/title/tt0933094/
tt0939851	https://www.imdb.com/title/tt0939851/
tt0939916	https://www.imdb.com/title/tt0939916/
tt0943343	https://www.imdb.com/title/tt0943343/
tt0949570	https://www.imdb.com/title/tt0949570/
tt0949764	https://www.imdb.com/title/tt0949764/
tt0956170	https://www.imdb.com/title/tt0956170/
tt0956171	https://www.imdb.com/title/tt0956171/
tt0956172	https://www.imdb.com/title/tt0956172/
tt0961056	https://www.imdb.com/title/tt0961056/
tt0961062	https://www.imdb.com/title/tt0961062/
tt0984031	https://www.imdb.com/title/tt0984031/
tt0984114	https://www.imdb.com/title/tt0984114/
tt0985627	https://www.imdb.com/title/tt0985627/
tt0989015	https://www.imdb.com/title/tt0989015/
tt0989100	https://www.imdb.com/title/tt0989100/
tt0991278	https://www.imdb.com/title/tt0991278/
tt1013626	https://www.imdb.com/title/tt1013626/
tt1013627	https://www.imdb.com/title/tt1013627/
tt1015152	https://www.imdb.com/title/tt1015152/
tt1015237	https://www.imdb.com/title/tt1015237/
tt1015360	https://www.imdb.com/title/tt1015360/
tt1032870	https://www.imdb.com/title/tt1032870/
tt1042305	https://www.imdb.com/title/tt1042305/
tt1045810	https://www.imdb.com/title/tt1045810/
tt10595358	https://www.imdb.com/title/tt10595358/
tt10595422	https://www.imdb.com/title/tt10595422/
tt10687606	https://www.imdb.com/title/tt10687606/
tt10688740	https://www.imdb.com/title/tt10688740/
tt10688918	https://www.imdb.com/title/tt10688918/
tt10689056	https://www.imdb.com/title/tt10689056/
tt10689174	https://www.imdb.com/title/tt10689174/
tt10692562	https://www.imdb.com/title/tt10692562/
tt10692606	https://www.imdb.com/title/tt10692606/
tt10692626	https://www.imdb.com/title/tt10692626/
tt10692634	https://www.imdb.com/title/tt10692634/
tt10692644	https://www.imdb.com/title/tt10692644/
tt10692696	https://www.imdb.com/title/tt10692696/
tt10692706	https://www.imdb.com/title/tt10692706/
tt10700424	https://www.imdb.com/title/tt10700424/
tt10700664	https://www.imdb.com/title/tt10700664/
tt10704158	https://www.imdb.com/title/tt10704158/
tt10704170	https://www.imdb.com/title/tt10704170/
tt10715812	https://www.imdb.com/title/tt10715812/
tt10716238	https://www.imdb.com/title/tt10716238/
tt10748562	https://www.imdb.com/title/tt10748562/
tt10748688	https://www.imdb.com/title/tt10748688/
tt10790598	https://www.imdb.com/title/tt10790598/
tt10790874	https://www.imdb.com/title/tt10790874/
tt10795970	https://www.imdb.com/title/tt10795970/
tt10809810	https://www.imdb.com/title/tt10809810/
tt1082829	https://www.imdb.com/title/tt1082829/
tt1082831	https://www.imdb.com/title/tt1082831/
tt1084698	https://www.imdb.com/title/tt1084698/
tt1085834	https://www.imdb.com/title/tt1085834/
tt10867592	https://www.imdb.com/title/tt10867592/
tt10869814	https://www.imdb.com/title/tt10869814/
tt1087632	https://www.imdb.com/title/tt1087632/
tt10902438	https://www.imdb.com/title/tt10902438/
tt10902466	https://www.imdb.com/title/tt10902466/
tt1090247	https://www.imdb.com/title/tt1090247/
tt1090250	https://www.imdb.com/title/tt1090250/
tt1091747	https://www.imdb.com/title/tt1091747/
tt1091795	https://www.imdb.com/title/tt1091795/
tt1091798	https://www.imdb.com/title/tt1091798/
tt1091838	https://www.imdb.com/title/tt1091838/
tt1091861	https://www.imdb.com/title/tt1091861/
tt1092280	https://www.imdb.com/title/tt1092280/
tt1094283	https://www.imdb.com/title/tt1094283/
tt1096953	https://www.imdb.com/title/tt1096953/
tt11153672	https://www.imdb.com/title/tt11153672/
tt11154008	https://www.imdb.com/title/tt11154008/
tt11174192	https://www.imdb.com/title/tt11174192/
tt11174406	https://www.imdb.com/title/tt11174406/
tt11178662	https://www.imdb.com/title/tt11178662/
tt11178680	https://www.imdb.com/title/tt11178680/
tt11211756	https://www.imdb.com/title/tt11211756/
tt11215166	https://www.imdb.com/title/tt11215166/
tt11215832	https://www.imdb.com/title/tt11215832/
tt11259350	https://www.imdb.com/title/tt11259350/
tt11259542	https://www.imdb.com/title/tt11259542/
tt11259860	https://www.imdb.com/title/tt11259860/
tt11259970	https://www.imdb.com/title/tt11259970/
tt11260140	https://www.imdb.com/title/tt11260140/
tt11272540	https://www.imdb.com/title/tt11272540/
tt11298604	https://www.imdb.com/title/tt11298604/
tt11298816	https://www.imdb.com/title/tt11298816/
tt11298958	https://www.imdb.com/title/tt11298958/
tt11307918	https://www.imdb.com/title/tt11307918/
tt11308320	https://www.imdb.com/title/tt11308320/
tt11340114	https://www.imdb.com/title/tt11340114/
tt11359868	https://www.imdb.com/title/tt11359868/
tt11360028	https://www.imdb.com/title/tt11360028/
tt11360196	https://www.imdb.com/title/tt11360196/
tt11364216	https://www.imdb.com/title/tt11364216/
tt11375192	https://www.imdb.com/title/tt11375192/
tt1139943	https://www.imdb.com/title/tt1139943/
tt11417310	https://www.imdb.com/title/tt11417310/
tt11423812	https://www.imdb.com/title/tt11423812/
tt11423936	https://www.imdb.com/title/tt11423936/
tt11428712	https://www.imdb.com/title/tt11428712/
tt11447932	https://www.imdb.com/title/tt11447932/
tt11448008	https://www.imdb.com/title/tt11448008/
tt11455466	https://www.imdb.com/title/tt11455466/
tt11455664	https://www.imdb.com/title/tt11455664/
tt11455698	https://www.imdb.com/title/tt11455698/
tt11474440	https://www.imdb.com/title/tt11474440/
tt11492474	https://www.imdb.com/title/tt11492474/
tt11492476	https://www.imdb.com/title/tt11492476/
tt11497482	https://www.imdb.com/title/tt11497482/
tt11497588	https://www.imdb.com/title/tt11497588/
tt11497618	https://www.imdb.com/title/tt11497618/
tt11502928	https://www.imdb.com/title/tt11502928/
tt11502974	https://www.imdb.com/title/tt11502974/
tt11503006	https://www.imdb.com/title/tt11503006/
tt11503070	https://www.imdb.com/title/tt11503070/
tt11503258	https://www.imdb.com/title/tt11503258/
tt11519496	https://www.imdb.com/title/tt11519496/
tt11519518	https://www.imdb.com/title/tt11519518/
tt11519576	https://www.imdb.com/title/tt11519576/
tt11521622	https://www.imdb.com/title/tt11521622/
tt11521814	https://www.imdb.com/title/tt11521814/
tt11525798	https://www.imdb.com/title/tt11525798/
tt11568558	https://www.imdb.com/title/tt11568558/
tt11575726	https://www.imdb.com/title/tt11575726/
tt11581386	https://www.imdb.com/title/tt11581386/
tt11582110	https://www.imdb.com/title/tt11582110/
tt11582310	https://www.imdb.com/title/tt11582310/
tt1160334	https://www.imdb.com/title/tt1160334/
tt1162093	https://www.imdb.com/title/tt1162093/
tt1162113	https://www.imdb.com/title/tt1162113/
tt1162149	https://www.imdb.com/title/tt1162149/
tt11623860	https://www.imdb.com/title/tt11623860/
tt1163282	https://www.imdb.com/title/tt1163282/
tt1163333	https://www.imdb.com/title/tt1163333/
tt1163828	https://www.imdb.com/title/tt1163828/
tt11641360	https://www.imdb.com/title/tt11641360/
tt11641514	https://www.imdb.com/title/tt11641514/
tt11641590	https://www.imdb.com/title/tt11641590/
tt11675720	https://www.imdb.com/title/tt11675720/
tt11675746	https://www.imdb.com/title/tt11675746/
tt1169199	https://www.imdb.com/title/tt1169199/
tt1169201	https://www.imdb.com/title/tt1169201/
tt1169232	https://www.imdb.com/title/tt1169232/
tt1169238	https://www.imdb.com/title/tt1169238/
tt1172648	https://www.imdb.com/title/tt1172648/
tt1173728	https://www.imdb.com/title/tt1173728/
tt11745844	https://www.imdb.com/title/tt11745844/
tt11746074	https://www.imdb.com/title/tt11746074/
tt11750242	https://www.imdb.com/title/tt11750242/
tt11751298	https://www.imdb.com/title/tt11751298/
tt11751538	https://www.imdb.com/title/tt11751538/
tt11751728	https://www.imdb.com/title/tt11751728/
tt11751878	https://www.imdb.com/title/tt11751878/
tt11752066	https://www.imdb.com/title/tt11752066/
tt11752308	https://www.imdb.com/title/tt11752308/
tt11755108	https://www.imdb.com/title/tt11755108/
tt11759348	https://www.imdb.com/title/tt11759348/
tt11760728	https://www.imdb.com/title/tt11760728/
tt11854270	https://www.imdb.com/title/tt11854270/
tt11885946	https://www.imdb.com/title/tt11885946/
tt11886556	https://www.imdb.com/title/tt11886556/
tt11918082	https://www.imdb.com/title/tt11918082/
tt11918132	https://www.imdb.com/title/tt11918132/
tt11918286	https://www.imdb.com/title/tt11918286/
tt11928272	https://www.imdb.com/title/tt11928272/
tt11941786	https://www.imdb.com/title/tt11941786/
tt11947006	https://www.imdb.com/title/tt11947006/
tt11964878	https://www.imdb.com/title/tt11964878/
tt11965340	https://www.imdb.com/title/tt11965340/
tt11976178	https://www.imdb.com/title/tt11976178/
tt11981334	https://www.imdb.com/title/tt11981334/
tt1199585	https://www.imdb.com/title/tt1199585/
tt1199598	https://www.imdb.com/title/tt1199598/
tt1199616	https://www.imdb.com/title/tt1199616/
tt1199617	https://www.imdb.com/title/tt1199617/
tt11998476	https://www.imdb.com/title/tt11998476/
tt1200794	https://www.imdb.com/title/tt1200794/
tt12009466	https://www.imdb.com/title/tt12009466/
tt12009644	https://www.imdb.com/title/tt12009644/
tt12009776	https://www.imdb.com/title/tt12009776/
tt12011926	https://www.imdb.com/title/tt12011926/
tt12011952	https://www.imdb.com/title/tt12011952/
tt12011988	https://www.imdb.com/title/tt12011988/
tt12012180	https://www.imdb.com/title/tt12012180/
tt12023208	https://www.imdb.com/title/tt12023208/
tt12023350	https://www.imdb.com/title/tt12023350/
tt12027160	https://www.imdb.com/title/tt12027160/
tt12039966	https://www.imdb.com/title/tt12039966/
tt12040160	https://www.imdb.com/title/tt12040160/
tt12040310	https://www.imdb.com/title/tt12040310/
tt12044620	https://www.imdb.com/title/tt12044620/
tt12044778	https://www.imdb.com/title/tt12044778/
tt12044904	https://www.imdb.com/title/tt12044904/
tt1204917	https://www.imdb.com/title/tt1204917/
tt12055492	https://www.imdb.com/title/tt12055492/
tt12055812	https://www.imdb.com/title/tt12055812/
tt12055848	https://www.imdb.com/title/tt12055848/
tt12055966	https://www.imdb.com/title/tt12055966/
tt12056088	https://www.imdb.com/title/tt12056088/
tt12056132	https://www.imdb.com/title/tt12056132/
tt12094578	https://www.imdb.com/title/tt12094578/
tt12112720	https://www.imdb.com/title/tt12112720/
tt12117598	https://www.imdb.com/title/tt12117598/
tt12118896	https://www.imdb.com/title/tt12118896/
tt12119008	https://www.imdb.com/title/tt12119008/
tt12119056	https://www.imdb.com/title/tt12119056/
tt12177842	https://www.imdb.com/title/tt12177842/
tt12190328	https://www.imdb.com/title/tt12190328/
tt12217116	https://www.imdb.com/title/tt12217116/
tt1225867	https://www.imdb.com/title/tt1225867/
tt12276702	https://www.imdb.com/title/tt12276702/
tt12281634	https://www.imdb.com/title/tt12281634/
tt1230283	https://www.imdb.com/title/tt1230283/
tt12306576	https://www.imdb.com/title/tt12306576/
tt12316894	https://www.imdb.com/title/tt12316894/
tt1233261	https://www.imdb.com/title/tt1233261/
tt1233295	https://www.imdb.com/title/tt1233295/
tt1233327	https://www.imdb.com/title/tt1233327/
tt1237895	https://www.imdb.com/title/tt1237895/
tt12381860	https://www.imdb.com/title/tt12381860/
tt12683848	https://www.imdb.com/title/tt12683848/
tt12683950	https://www.imdb.com/title/tt12683950/
tt12833634	https://www.imdb.com/title/tt12833634/
tt12921110	https://www.imdb.com/title/tt12921110/
tt13194258	https://www.imdb.com/title/tt13194258/
tt13393280	https://www.imdb.com/title/tt13393280/
tt13393328	https://www.imdb.com/title/tt13393328/
tt1351635	https://www.imdb.com/title/tt1351635/
tt1351637	https://www.imdb.com/title/tt1351637/
tt1361588	https://www.imdb.com/title/tt1361588/
tt1369443	https://www.imdb.com/title/tt1369443/
tt1394228	https://www.imdb.com/title/tt1394228/
tt14040672	https://www.imdb.com/title/tt14040672/
tt1436343	https://www.imdb.com/title/tt1436343/
tt1448473	https://www.imdb.com/title/tt1448473/
tt1450657	https://www.imdb.com/title/tt1450657/
tt1452559	https://www.imdb.com/title/tt1452559/
tt1456523	https://www.imdb.com/title/tt1456523/
tt1456842	https://www.imdb.com/title/tt1456842/
tt1464781	https://www.imdb.com/title/tt1464781/
tt1488126	https://www.imdb.com/title/tt1488126/
tt1489159	https://www.imdb.com/title/tt1489159/
tt1493012	https://www.imdb.com/title/tt1493012/
tt1498837	https://www.imdb.com/title/tt1498837/
tt1502843	https://www.imdb.com/title/tt1502843/
tt1516569	https://www.imdb.com/title/tt1516569/
tt1521055	https://www.imdb.com/title/tt1521055/
tt1521203	https://www.imdb.com/title/tt1521203/
tt15214562	https://www.imdb.com/title/tt15214562/
tt1527091	https://www.imdb.com/title/tt1527091/
tt1527154	https://www.imdb.com/title/tt1527154/
tt1547452	https://www.imdb.com/title/tt1547452/
tt1547468	https://www.imdb.com/title/tt1547468/
tt1579514	https://www.imdb.com/title/tt1579514/
tt1579562	https://www.imdb.com/title/tt1579562/
tt1582613	https://www.imdb.com/title/tt1582613/
tt1587851	https://www.imdb.com/title/tt1587851/
tt1587864	https://www.imdb.com/title/tt1587864/
tt1593735	https://www.imdb.com/title/tt1593735/
tt1603298	https://www.imdb.com/title/tt1603298/
tt1608171	https://www.imdb.com/title/tt1608171/
tt16085584	https://www.imdb.com/title/tt16085584/
tt16151566	https://www.imdb.com/title/tt16151566/
tt16151798	https://www.imdb.com/title/tt16151798/
tt1620484	https://www.imdb.com/title/tt1620484/
tt1620485	https://www.imdb.com/title/tt1620485/
tt1620947	https://www.imdb.com/title/tt1620947/
tt16269626	https://www.imdb.com/title/tt16269626/
tt16282970	https://www.imdb.com/title/tt16282970/
tt1653196	https://www.imdb.com/title/tt1653196/
tt1666024	https://www.imdb.com/title/tt1666024/
tt1666048	https://www.imdb.com/title/tt1666048/
tt1666054	https://www.imdb.com/title/tt1666054/
tt1666059	https://www.imdb.com/title/tt1666059/
tt1666063	https://www.imdb.com/title/tt1666063/
tt1666079	https://www.imdb.com/title/tt1666079/
tt1666098	https://www.imdb.com/title/tt1666098/
tt1666099	https://www.imdb.com/title/tt1666099/
tt1666112	https://www.imdb.com/title/tt1666112/
tt1666708	https://www.imdb.com/title/tt1666708/
tt1686869	https://www.imdb.com/title/tt1686869/
tt1686870	https://www.imdb.com/title/tt1686870/
tt1686881	https://www.imdb.com/title/tt1686881/
tt17057536	https://www.imdb.com/title/tt17057536/
tt17058072	https://www.imdb.com/title/tt17058072/
tt1710493	https://www.imdb.com/title/tt1710493/
tt1743320	https://www.imdb.com/title/tt1743320/
tt1759634	https://www.imdb.com/title/tt1759634/
tt18329068	https://www.imdb.com/title/tt18329068/
tt1846527	https://www.imdb.com/title/tt1846527/
tt1846605	https://www.imdb.com/title/tt1846605/
tt1846624	https://www.imdb.com/title/tt1846624/
tt1846674	https://www.imdb.com/title/tt1846674/
tt1846679	https://www.imdb.com/title/tt1846679/
tt1846736	https://www.imdb.com/title/tt1846736/
tt1909744	https://www.imdb.com/title/tt1909744/
tt1926352	https://www.imdb.com/title/tt1926352/
tt1934206	https://www.imdb.com/title/tt1934206/
tt1954594	https://www.imdb.com/title/tt1954594/
tt2014217	https://www.imdb.com/title/tt2014217/
tt2014253	https://www.imdb.com/title/tt2014253/
tt2014299	https://www.imdb.com/title/tt2014299/
tt2059328	https://www.imdb.com/title/tt2059328/
tt2091261	https://www.imdb.com/title/tt2091261/
tt2105001	https://www.imdb.com/title/tt2105001/
tt21267420	https://www.imdb.com/title/tt21267420/
tt21272244	https://www.imdb.com/title/tt21272244/
tt21272274	https://www.imdb.com/title/tt21272274/
tt21279286	https://www.imdb.com/title/tt21279286/
tt21281088	https://www.imdb.com/title/tt21281088/
tt21281136	https://www.imdb.com/title/tt21281136/
tt21319196	https://www.imdb.com/title/tt21319196/
tt21328124	https://www.imdb.com/title/tt21328124/
tt21341864	https://www.imdb.com/title/tt21341864/
tt21348970	https://www.imdb.com/title/tt21348970/
tt21357794	https://www.imdb.com/title/tt21357794/
tt21386490	https://www.imdb.com/title/tt21386490/
tt21386568	https://www.imdb.com/title/tt21386568/
tt21409922	https://www.imdb.com/title/tt21409922/
tt21412680	https://www.imdb.com/title/tt21412680/
tt21419692	https://www.imdb.com/title/tt21419692/
tt21429736	https://www.imdb.com/title/tt21429736/
tt21433116	https://www.imdb.com/title/tt21433116/
tt21441334	https://www.imdb.com/title/tt21441334/
tt2154578	https://www.imdb.com/title/tt2154578/
tt2154792	https://www.imdb.com/title/tt2154792/
tt21599996	https://www.imdb.com/title/tt21599996/
tt21614392	https://www.imdb.com/title/tt21614392/
tt21622546	https://www.imdb.com/title/tt21622546/
tt21799386	https://www.imdb.com/title/tt21799386/
tt21799480	https://www.imdb.com/title/tt21799480/
tt21803670	https://www.imdb.com/title/tt21803670/
tt21806470	https://www.imdb.com/title/tt21806470/
tt21806686	https://www.imdb.com/title/tt21806686/
tt21834528	https://www.imdb.com/title/tt21834528/
tt21835052	https://www.imdb.com/title/tt21835052/
tt21836266	https://www.imdb.com/title/tt21836266/
tt21837722	https://www.imdb.com/title/tt21837722/
tt21940876	https://www.imdb.com/title/tt21940876/
tt21954592	https://www.imdb.com/title/tt21954592/
tt21954730	https://www.imdb.com/title/tt21954730/
tt21957954	https://www.imdb.com/title/tt21957954/
tt22059030	https://www.imdb.com/title/tt22059030/
tt22188466	https://www.imdb.com/title/tt22188466/
tt2375475	https://www.imdb.com/title/tt2375475/
tt26737360	https://www.imdb.com/title/tt26737360/
tt27148521	https://www.imdb.com/title/tt27148521/
tt27251059	https://www.imdb.com/title/tt27251059/
tt27301639	https://www.imdb.com/title/tt27301639/
tt27385797	https://www.imdb.com/title/tt27385797/
tt27404360	https://www.imdb.com/title/tt27404360/
tt27426036	https://www.imdb.com/title/tt27426036/
tt27479267	https://www.imdb.com/title/tt27479267/
tt27495483	https://www.imdb.com/title/tt27495483/
tt27562566	https://www.imdb.com/title/tt27562566/
tt27587923	https://www.imdb.com/title/tt27587923/
tt27611425	https://www.imdb.com/title/tt27611425/
tt27620181	https://www.imdb.com/title/tt27620181/
tt27648637	https://www.imdb.com/title/tt27648637/
tt27655935	https://www.imdb.com/title/tt27655935/
tt2780008	https://www.imdb.com/title/tt2780008/
tt2781108	https://www.imdb.com/title/tt2781108/
tt28500055	https://www.imdb.com/title/tt28500055/
tt28609066	https://www.imdb.com/title/tt28609066/
tt28614329	https://www.imdb.com/title/tt28614329/
tt28650238	https://www.imdb.com/title/tt28650238/
tt28658206	https://www.imdb.com/title/tt28658206/
tt2946016	https://www.imdb.com/title/tt2946016/
tt2951886	https://www.imdb.com/title/tt2951886/
tt29535789	https://www.imdb.com/title/tt29535789/
tt2955362	https://www.imdb.com/title/tt2955362/
tt2955380	https://www.imdb.com/title/tt2955380/
tt2955408	https://www.imdb.com/title/tt2955408/
tt2956728	https://www.imdb.com/title/tt2956728/
tt2979310	https://www.imdb.com/title/tt2979310/
tt3009346	https://www.imdb.com/title/tt3009346/
tt3018272	https://www.imdb.com/title/tt3018272/
tt3018288	https://www.imdb.com/title/tt3018288/
tt3135044	https://www.imdb.com/title/tt3135044/
tt32029502	https://www.imdb.com/title/tt32029502/
tt32267647	https://www.imdb.com/title/tt32267647/
tt33246772	https://www.imdb.com/title/tt33246772/
tt33246784	https://www.imdb.com/title/tt33246784/
tt3498036	https://www.imdb.com/title/tt3498036/
tt3498166	https://www.imdb.com/title/tt3498166/
tt3498338	https://www.imdb.com/title/tt3498338/
tt3502226	https://www.imdb.com/title/tt3502226/
tt3502252	https://www.imdb.com/title/tt3502252/
tt3502264	https://www.imdb.com/title/tt3502264/
tt3511734	https://www.imdb.com/title/tt3511734/
tt3514564	https://www.imdb.com/title/tt3514564/
tt3540380	https://www.imdb.com/title/tt3540380/
tt3749090	https://www.imdb.com/title/tt3749090/
tt3777534	https://www.imdb.com/title/tt3777534/
tt3788960	https://www.imdb.com/title/tt3788960/
tt3789702	https://www.imdb.com/title/tt3789702/
tt3789742	https://www.imdb.com/title/tt3789742/
tt3803776	https://www.imdb.com/title/tt3803776/
tt3803780	https://www.imdb.com/title/tt3803780/
tt3803784	https://www.imdb.com/title/tt3803784/
tt3866484	https://www.imdb.com/title/tt3866484/
tt3900576	https://www.imdb.com/title/tt3900576/
tt3900636	https://www.imdb.com/title/tt3900636/
tt3900648	https://www.imdb.com/title/tt3900648/
tt3900692	https://www.imdb.com/title/tt3900692/
tt3900746	https://www.imdb.com/title/tt3900746/
tt3900780	https://www.imdb.com/title/tt3900780/
tt3902212	https://www.imdb.com/title/tt3902212/
tt3902220	https://www.imdb.com/title/tt3902220/
tt3985470	https://www.imdb.com/title/tt3985470/
tt3985622	https://www.imdb.com/title/tt3985622/
tt3989578	https://www.imdb.com/title/tt3989578/
tt3989682	https://www.imdb.com/title/tt3989682/
tt3989714	https://www.imdb.com/title/tt3989714/
tt3989738	https://www.imdb.com/title/tt3989738/
tt4540480	https://www.imdb.com/title/tt4540480/
tt4578174	https://www.imdb.com/title/tt4578174/
tt5053500	https://www.imdb.com/title/tt5053500/
tt5053540	https://www.imdb.com/title/tt5053540/
tt5077952	https://www.imdb.com/title/tt5077952/
tt5104422	https://www.imdb.com/title/tt5104422/
tt5104426	https://www.imdb.com/title/tt5104426/
tt5131762	https://www.imdb.com/title/tt5131762/
tt5131808	https://www.imdb.com/title/tt5131808/
tt5131848	https://www.imdb.com/title/tt5131848/
tt5131882	https://www.imdb.com/title/tt5131882/
tt5133352	https://www.imdb.com/title/tt5133352/
tt5133406	https://www.imdb.com/title/tt5133406/
tt5138774	https://www.imdb.com/title/tt5138774/
tt5156288	https://www.imdb.com/title/tt5156288/
tt5159252	https://www.imdb.com/title/tt5159252/
tt5170620	https://www.imdb.com/title/tt5170620/
tt5490404	https://www.imdb.com/title/tt5490404/
tt5503764	https://www.imdb.com/title/tt5503764/
tt5507070	https://www.imdb.com/title/tt5507070/
tt5507080	https://www.imdb.com/title/tt5507080/
tt6178364	https://www.imdb.com/title/tt6178364/
tt7104992	https://www.imdb.com/title/tt7104992/
tt7123892	https://www.imdb.com/title/tt7123892/
tt7128314	https://www.imdb.com/title/tt7128314/
tt7128338	https://www.imdb.com/title/tt7128338/
tt7166808	https://www.imdb.com/title/tt7166808/
tt7177254	https://www.imdb.com/title/tt7177254/
tt7180576	https://www.imdb.com/title/tt7180576/
tt7180614	https://www.imdb.com/title/tt7180614/
tt7180666	https://www.imdb.com/title/tt7180666/
tt7180682	https://www.imdb.com/title/tt7180682/
tt7180690	https://www.imdb.com/title/tt7180690/
tt7198210	https://www.imdb.com/title/tt7198210/
tt7198370	https://www.imdb.com/title/tt7198370/
tt7198396	https://www.imdb.com/title/tt7198396/
tt7198634	https://www.imdb.com/title/tt7198634/
tt7273728	https://www.imdb.com/title/tt7273728/
tt7275774	https://www.imdb.com/title/tt7275774/
tt7275896	https://www.imdb.com/title/tt7275896/
tt7275904	https://www.imdb.com/title/tt7275904/
tt7275930	https://www.imdb.com/title/tt7275930/
tt7275934	https://www.imdb.com/title/tt7275934/
tt7275940	https://www.imdb.com/title/tt7275940/
tt7275964	https://www.imdb.com/title/tt7275964/
tt7278834	https://www.imdb.com/title/tt7278834/
tt7278860	https://www.imdb.com/title/tt7278860/
tt7305814	https://www.imdb.com/title/tt7305814/
tt7305858	https://www.imdb.com/title/tt7305858/
tt7387716	https://www.imdb.com/title/tt7387716/
tt7388232	https://www.imdb.com/title/tt7388232/
tt7388264	https://www.imdb.com/title/tt7388264/
tt7388308	https://www.imdb.com/title/tt7388308/
tt7388640	https://www.imdb.com/title/tt7388640/
tt7421202	https://www.imdb.com/title/tt7421202/
tt7510334	https://www.imdb.com/title/tt7510334/
tt7605972	https://www.imdb.com/title/tt7605972/
tt7606010	https://www.imdb.com/title/tt7606010/
tt7606022	https://www.imdb.com/title/tt7606022/
tt7606024	https://www.imdb.com/title/tt7606024/
tt7644456	https://www.imdb.com/title/tt7644456/
tt7644548	https://www.imdb.com/title/tt7644548/
tt7644642	https://www.imdb.com/title/tt7644642/
tt7691592	https://www.imdb.com/title/tt7691592/
tt7722480	https://www.imdb.com/title/tt7722480/
tt7722492	https://www.imdb.com/title/tt7722492/
tt7726384	https://www.imdb.com/title/tt7726384/
tt7726398	https://www.imdb.com/title/tt7726398/
tt7781292	https://www.imdb.com/title/tt7781292/
tt7782704	https://www.imdb.com/title/tt7782704/
tt7782716	https://www.imdb.com/title/tt7782716/
tt7782734	https://www.imdb.com/title/tt7782734/
tt7833066	https://www.imdb.com/title/tt7833066/
tt7835480	https://www.imdb.com/title/tt7835480/
tt7835550	https://www.imdb.com/title/tt7835550/
tt7835732	https://www.imdb.com/title/tt7835732/
tt7835844	https://www.imdb.com/title/tt7835844/
tt7835988	https://www.imdb.com/title/tt7835988/
tt7836042	https://www.imdb.com/title/tt7836042/
tt7836052	https://www.imdb.com/title/tt7836052/
tt7836060	https://www.imdb.com/title/tt7836060/
tt7836098	https://www.imdb.com/title/tt7836098/
tt7836128	https://www.imdb.com/title/tt7836128/
tt7836142	https://www.imdb.com/title/tt7836142/
tt7854198	https://www.imdb.com/title/tt7854198/
tt7854242	https://www.imdb.com/title/tt7854242/
tt7854276	https://www.imdb.com/title/tt7854276/
tt7854294	https://www.imdb.com/title/tt7854294/
tt7854478	https://www.imdb.com/title/tt7854478/
tt7859508	https://www.imdb.com/title/tt7859508/
tt7862990	https://www.imdb.com/title/tt7862990/
tt7863006	https://www.imdb.com/title/tt7863006/
tt7955558	https://www.imdb.com/title/tt7955558/
tt7964296	https://www.imdb.com/title/tt7964296/
tt7968054	https://www.imdb.com/title/tt7968054/
tt7968174	https://www.imdb.com/title/tt7968174/
tt7968294	https://www.imdb.com/title/tt7968294/
tt8007096	https://www.imdb.com/title/tt8007096/
tt8007142	https://www.imdb.com/title/tt8007142/
tt8007160	https://www.imdb.com/title/tt8007160/
tt8007182	https://www.imdb.com/title/tt8007182/
tt8011390	https://www.imdb.com/title/tt8011390/
tt8029236	https://www.imdb.com/title/tt8029236/
tt8029262	https://www.imdb.com/title/tt8029262/
tt8116606	https://www.imdb.com/title/tt8116606/
tt8116614	https://www.imdb.com/title/tt8116614/
tt8152644	https://www.imdb.com/title/tt8152644/
tt8152662	https://www.imdb.com/title/tt8152662/
tt8164662	https://www.imdb.com/title/tt8164662/
tt8682990	https://www.imdb.com/title/tt8682990/
tt8683010	https://www.imdb.com/title/tt8683010/
tt8683030	https://www.imdb.com/title/tt8683030/
tt8683056	https://www.imdb.com/title/tt8683056/
tt8683064	https://www.imdb.com/title/tt8683064/
tt8703174	https://www.imdb.com/title/tt8703174/
tt8703258	https://www.imdb.com/title/tt8703258/
tt8703292	https://www.imdb.com/title/tt8703292/
tt8703324	https://www.imdb.com/title/tt8703324/
tt8704532	https://www.imdb.com/title/tt8704532/
tt8714394	https://www.imdb.com/title/tt8714394/
tt8714410	https://www.imdb.com/title/tt8714410/
tt8714440	https://www.imdb.com/title/tt8714440/
tt8714472	https://www.imdb.com/title/tt8714472/
tt8743132	https://www.imdb.com/title/tt8743132/
tt8743154	https://www.imdb.com/title/tt8743154/
tt8743384	https://www.imdb.com/title/tt8743384/
tt8743480	https://www.imdb.com/title/tt8743480/
tt8743488	https://www.imdb.com/title/tt8743488/
tt8743558	https://www.imdb.com/title/tt8743558/
tt8743582	https://www.imdb.com/title/tt8743582/
tt8798628	https://www.imdb.com/title/tt8798628/
tt8854656	https://www.imdb.com/title/tt8854656/
tt8871816	https://www.imdb.com/title/tt8871816/
tt8955176	https://www.imdb.com/title/tt8955176/
tt9006524	https://www.imdb.com/title/tt9006524/
tt9006526	https://www.imdb.com/title/tt9006526/
tt9006528	https://www.imdb.com/title/tt9006528/
tt9057550	https://www.imdb.com/title/tt9057550/
tt9063764	https://www.imdb.com/title/tt9063764/
tt9070366	https://www.imdb.com/title/tt9070366/
tt9070424	https://www.imdb.com/title/tt9070424/
tt9070452	https://www.imdb.com/title/tt9070452/
tt9070688	https://www.imdb.com/title/tt9070688/
tt9222408	https://www.imdb.com/title/tt9222408/
tt9227686	https://www.imdb.com/title/tt9227686/
tt9227974	https://www.imdb.com/title/tt9227974/
tt9234830	https://www.imdb.com/title/tt9234830/
tt9267038	https://www.imdb.com/title/tt9267038/
tt9267612	https://www.imdb.com/title/tt9267612/
tt9267976	https://www.imdb.com/title/tt9267976/
tt9268108	https://www.imdb.com/title/tt9268108/
tt9272276	https://www.imdb.com/title/tt9272276/
tt9278188	https://www.imdb.com/title/tt9278188/
tt9284446	https://www.imdb.com/title/tt9284446/
tt9316704	https://www.imdb.com/title/tt9316704/
tt9320208	https://www.imdb.com/title/tt9320208/
tt9320244	https://www.imdb.com/title/tt9320244/
tt9406722	https://www.imdb.com/title/tt9406722/
tt9406748	https://www.imdb.com/title/tt9406748/
tt9458090	https://www.imdb.com/title/tt9458090/
tt9458104	https://www.imdb.com/title/tt9458104/
tt9458134	https://www.imdb.com/title/tt9458134/
tt9461000	https://www.imdb.com/title/tt9461000/
tt9461036	https://www.imdb.com/title/tt9461036/
tt9461064	https://www.imdb.com/title/tt9461064/
tt9498860	https://www.imdb.com/title/tt9498860/
tt9503152	https://www.imdb.com/title/tt9503152/
tt9503268	https://www.imdb.com/title/tt9503268/
tt9503458	https://www.imdb.com/title/tt9503458/
tt9512138	https://www.imdb.com/title/tt9512138/
tt9513944	https://www.imdb.com/title/tt9513944/
tt9523000	https://www.imdb.com/title/tt9523000/
tt9523096	https://www.imdb.com/title/tt9523096/
tt9523108	https://www.imdb.com/title/tt9523108/
tt9523202	https://www.imdb.com/title/tt9523202/
tt9546610	https://www.imdb.com/title/tt9546610/
tt9564736	https://www.imdb.com/title/tt9564736/
tt9564760	https://www.imdb.com/title/tt9564760/
tt9565204	https://www.imdb.com/title/tt9565204/
tt9588294	https://www.imdb.com/title/tt9588294/
tt9588354	https://www.imdb.com/title/tt9588354/
tt9588386	https://www.imdb.com/title/tt9588386/
tt9592688	https://www.imdb.com/title/tt9592688/
tt9706612	https://www.imdb.com/title/tt9706612/
tt9711302	https://www.imdb.com/title/tt9711302/
tt9719214	https://www.imdb.com/title/tt9719214/
tt9720524	https://www.imdb.com/title/tt9720524/
tt9720606	https://www.imdb.com/title/tt9720606/
tt9724754	https://www.imdb.com/title/tt9724754/
tt9725266	https://www.imdb.com/title/tt9725266/
tt9725334	https://www.imdb.com/title/tt9725334/
tt9726162	https://www.imdb.com/title/tt9726162/
tt9900464	https://www.imdb.com/title/tt9900464/
tt9900516	https://www.imdb.com/title/tt9900516/
