tconst	imdb_url
tt0011472	https://www.imdb.com/title/tt0011472/
tt0011871	https://www.imdb.com/title/tt0011871/
tt0011901	https://www.imdb.com/title/tt0011901/
tt0012177	https://www.imdb.com/title/tt0012177/
tt0012276	https://www.imdb.com/title/tt0012276/
tt0012390	https://www.imdb.com/title/tt0012390/
tt0012575	https://www.imdb.com/title/tt0012575/
tt0012879	https://www.imdb.com/title/tt0012879/
tt0012912	https://www.imdb.com/title/tt0012912/
tt0012989	https://www.imdb.com/title/tt0012989/
tt0013012	https://www.imdb.com/title/tt0013012/
tt0013051	https://www.imdb.com/title/tt0013051/
tt0013087	https://www.imdb.com/title/tt0013087/
tt0013132	https://www.imdb.com/title/tt0013132/
tt0013159	https://www.imdb.com/title/tt0013159/
tt0013178	https://www.imdb.com/title/tt0013178/
tt0013192	https://www.imdb.com/title/tt0013192/
tt0013207	https://www.imdb.com/title/tt0013207/
tt0013292	https://www.imdb.com/title/tt0013292/
tt0013300	https://www.imdb.com/title/tt0013300/
tt0013347	https://www.imdb.com/title/tt0013347/
tt0013351	https://www.imdb.com/title/tt0013351/
tt0013386	https://www.imdb.com/title/tt0013386/
tt0013390	https://www.imdb.com/title/tt0013390/
tt0013438	https://www.imdb.com/title/tt0013438/
tt0013503	https://www.imdb.com/title/tt0013503/
tt0013508	https://www.imdb.com/title/tt0013508/
tt0013513	https://www.imdb.com/title/tt0013513/
tt0013518	https://www.imdb.com/title/tt0013518/
tt0013544	https://www.imdb.com/title/tt0013544/
tt0013579	https://www.imdb.com/title/tt0013579/
tt0013617	https://www.imdb.com/title/tt0013617/
tt0013624	https://www.imdb.com/title/tt0013624/
tt0013647	https://www.imdb.com/title/tt0013647/
tt0013659	https://www.imdb.com/title/tt0013659/
tt0013668	https://www.imdb.com/title/tt0013668/
tt0013673	https://www.imdb.com/title/tt0013673/
tt0013676	https://www.imdb.com/title/tt0013676/
tt0013677	https://www.imdb.com/title/tt0013677/
tt0013699	https://www.imdb.com/title/tt0013699/
tt0013724	https://www.imdb.com/title/tt0013724/
tt0013808	https://www.imdb.com/title/tt0013808/
tt0013811	https://www.imdb.com/title/tt0013811/
tt0013812	https://www.imdb.com/title/tt0013812/
tt0013814	https://www.imdb.com/title/tt0013814/
tt0013815	https://www.imdb.com/title/tt0013815/
tt0013816	https://www.imdb.com/title/tt0013816/
tt0013817	https://www.imdb.com/title/tt0013817/
tt0013818	https://www.imdb.com/title/tt0013818/
tt0013819	https://www.imdb.com/title/tt0013819/
tt0013821	https://www.imdb.com/title/tt0013821/
tt0013822	https://www.imdb.com/title/tt0013822/
tt0013824	https://www.imdb.com/title/tt0013824/
tt0013825	https://www.imdb.com/title/tt0013825/
tt0013826	https://www.imdb.com/title/tt0013826/
tt0013827	https://www.imdb.com/title/tt0013827/
tt0013829	https://www.imdb.com/title/tt0013829/
tt0013830	https://www.imdb.com/title/tt0013830/
tt0013831	https://www.imdb.com/title/tt0013831/
tt0013832	https://www.imdb.com/title/tt0013832/
tt0013833	https://www.imdb.com/title/tt0013833/
tt0013834	https://www.imdb.com/title/tt0013834/
tt0013835	https://www.imdb.com/title/tt0013835/
tt0013836	https://www.imdb.com/title/tt0013836/
tt0013837	https://www.imdb.com/title/tt0013837/
tt0013838	https://www.imdb.com/title/tt0013838/
tt0013839	https://www.imdb.com/title/tt0013839/
tt0013840	https://www.imdb.com/title/tt0013840/
tt0013841	https://www.imdb.com/title/tt0013841/
tt0013843	https://www.imdb.com/title/tt0013843/
tt0013844	https://www.imdb.com/title/tt0013844/
tt0013846	https://www.imdb.com/title/tt0013846/
tt0013847	https://www.imdb.com/title/tt0013847/
tt0013848	https://www.imdb.com/title/tt0013848/
tt0013850	https://www.imdb.com/title/tt0013850/
tt0013852	https://www.imdb.com/title/tt0013852/
tt0013854	https://www.imdb.com/title/tt0013854/
tt0013855	https://www.imdb.com/title/tt0013855/
tt0013856	https://www.imdb.com/title/tt0013856/
tt0013857	https://www.imdb.com/title/tt0013857/
tt0013860	https://www.imdb.com/title/tt0013860/
tt0013863	https://www.imdb.com/title/tt0013863/
tt0013864	https://www.imdb.com/title/tt0013864/
tt0013867	https://www.imdb.com/title/tt0013867/
tt0013869	https://www.imdb.com/title/tt0013869/
tt0013870	https://www.imdb.com/title/tt0013870/
tt0013871	https://www.imdb.com/title/tt0013871/
tt0013873	https://www.imdb.com/title/tt0013873/
tt0013874	https://www.imdb.com/title/tt0013874/
tt0013875	https://www.imdb.com/title/tt0013875/
tt0013876	https://www.imdb.com/title/tt0013876/
tt0013877	https://www.imdb.com/title/tt0013877/
tt0013878	https://www.imdb.com/title/tt0013878/
tt0013879	https://www.imdb.com/title/tt0013879/
tt0013880	https://www.imdb.com/title/tt0013880/
tt0013881	https://www.imdb.com/title/tt0013881/
tt0013882	https://www.imdb.com/title/tt0013882/
tt0013884	https://www.imdb.com/title/tt0013884/
tt0013886	https://www.imdb.com/title/tt0013886/
tt0013887	https://www.imdb.com/title/tt0013887/
tt0013888	https://www.imdb.com/title/tt0013888/
tt0013889	https://www.imdb.com/title/tt0013889/
tt0013890	https://www.imdb.com/title/tt0013890/
tt0013891	https://www.imdb.com/title/tt0013891/
tt0013892	https://www.imdb.com/title/tt0013892/
tt0013893	https://www.imdb.com/title/tt0013893/
tt0013894	https://www.imdb.com/title/tt0013894/
tt0013895	https://www.imdb.com/title/tt0013895/
tt0013896	https://www.imdb.com/title/tt0013896/
tt0013897	https://www.imdb.com/title/tt0013897/
tt0013898	https://www.imdb.com/title/tt0013898/
tt0013899	https://www.imdb.com/title/tt0013899/
tt0013900	https://www.imdb.com/title/tt0013900/
tt0013901	https://www.imdb.com/title/tt0013901/
tt0013903	https://www.imdb.com/title/tt0013903/
tt0013904	https://www.imdb.com/title/tt0013904/
tt0013906	https://www.imdb.com/title/tt0013906/
tt0013907	https://www.imdb.com/title/tt0013907/
tt0013908	https://www.imdb.com/title/tt0013908/
tt0013909	https://www.imdb.com/title/tt0013909/
tt0013910	https://www.imdb.com/title/tt0013910/
tt0013911	https://www.imdb.com/title/tt0013911/
tt0013913	https://www.imdb.com/title/tt0013913/
tt0013915	https://www.imdb.com/title/tt0013915/
tt0013917	https://www.imdb.com/title/tt0013917/
tt0013919	https://www.imdb.com/title/tt0013919/
tt0013920	https://www.imdb.com/title/tt0013920/
tt0013921	https://www.imdb.com/title/tt0013921/
tt0013922	https://www.imdb.com/title/tt0013922/
tt0013923	https://www.imdb.com/title/tt0013923/
tt0013924	https://www.imdb.com/title/tt0013924/
tt0013925	https://www.imdb.com/title/tt0013925/
tt0013926	https://www.imdb.com/title/tt0013926/
tt0013928	https://www.imdb.com/title/tt0013928/
tt0013930	https://www.imdb.com/title/tt0013930/
tt0013931	https://www.imdb.com/title/tt0013931/
tt0013933	https://www.imdb.com/title/tt0013933/
tt0013944	https://www.imdb.com/title/tt0013944/
tt0013945	https://www.imdb.com/title/tt0013945/
tt0013946	https://www.imdb.com/title/tt0013946/
tt0013947	https://www.imdb.com/title/tt0013947/
tt0013948	https://www.imdb.com/title/tt0013948/
tt0013949	https://www.imdb.com/title/tt0013949/
tt0013950	https://www.imdb.com/title/tt0013950/
tt0013951	https://www.imdb.com/title/tt0013951/
tt0013953	https://www.imdb.com/title/tt0013953/
tt0013954	https://www.imdb.com/title/tt0013954/
tt0013955	https://www.imdb.com/title/tt0013955/
tt0013956	https://www.imdb.com/title/tt0013956/
tt0013957	https://www.imdb.com/title/tt0013957/
tt0013958	https://www.imdb.com/title/tt0013958/
tt0013959	https://www.imdb.com/title/tt0013959/
tt0013960	https://www.imdb.com/title/tt0013960/
tt0013961	https://www.imdb.com/title/tt0013961/
tt0013962	https://www.imdb.com/title/tt0013962/
tt0013963	https://www.imdb.com/title/tt0013963/
tt0013964	https://www.imdb.com/title/tt0013964/
tt0013965	https://www.imdb.com/title/tt0013965/
tt0013966	https://www.imdb.com/title/tt0013966/
tt0013967	https://www.imdb.com/title/tt0013967/
tt0013968	https://www.imdb.com/title/tt0013968/
tt0013970	https://www.imdb.com/title/tt0013970/
tt0013971	https://www.imdb.com/title/tt0013971/
tt0013972	https://www.imdb.com/title/tt0013972/
tt0013974	https://www.imdb.com/title/tt0013974/
tt0013975	https://www.imdb.com/title/tt0013975/
tt0013976	https://www.imdb.com/title/tt0013976/
tt0013977	https://www.imdb.com/title/tt0013977/
tt0013978	https://www.imdb.com/title/tt0013978/
tt0013979	https://www.imdb.com/title/tt0013979/
tt0013980	https://www.imdb.com/title/tt0013980/
tt0013981	https://www.imdb.com/title/tt0013981/
tt0013983	https://www.imdb.com/title/tt0013983/
tt0013984	https://www.imdb.com/title/tt0013984/
tt0013985	https://www.imdb.com/title/tt0013985/
tt0013986	https://www.imdb.com/title/tt0013986/
tt0013987	https://www.imdb.com/title/tt0013987/
tt0013988	https://www.imdb.com/title/tt0013988/
tt0013989	https://www.imdb.com/title/tt0013989/
tt0013991	https://www.imdb.com/title/tt0013991/
tt0013993	https://www.imdb.com/title/tt0013993/
tt0013996	https://www.imdb.com/title/tt0013996/
tt0013997	https://www.imdb.com/title/tt0013997/
tt0013998	https://www.imdb.com/title/tt0013998/
tt0013999	https://www.imdb.com/title/tt0013999/
tt0014000	https://www.imdb.com/title/tt0014000/
tt0014003	https://www.imdb.com/title/tt0014003/
tt0014004	https://www.imdb.com/title/tt0014004/
tt0014005	https://www.imdb.com/title/tt0014005/
tt0014006	https://www.imdb.com/title/tt0014006/
tt0014007	https://www.imdb.com/title/tt0014007/
tt0014008	https://www.imdb.com/title/tt0014008/
tt0014010	https://www.imdb.com/title/tt0014010/
tt0014011	https://www.imdb.com/title/tt0014011/
tt0014012	https://www.imdb.com/title/tt0014012/
tt0014014	https://www.imdb.com/title/tt0014014/
tt0014015	https://www.imdb.com/title/tt0014015/
tt0014016	https://www.imdb.com/title/tt0014016/
tt0014017	https://www.imdb.com/title/tt0014017/
tt0014018	https://www.imdb.com/title/tt0014018/
tt0014019	https://www.imdb.com/title/tt0014019/
tt0014020	https://www.imdb.com/title/tt0014020/
tt0014021	https://www.imdb.com/title/tt0014021/
tt0014022	https://www.imdb.com/title/tt0014022/
tt0014023	https://www.imdb.com/title/tt0014023/
tt0014024	https://www.imdb.com/title/tt0014024/
tt0014025	https://www.imdb.com/title/tt0014025/
tt0014027	https://www.imdb.com/title/tt0014027/
tt0014028	https://www.imdb.com/title/tt0014028/
tt0014029	https://www.imdb.com/title/tt0014029/
tt0014030	https://www.imdb.com/title/tt0014030/
tt0014031	https://www.imdb.com/title/tt0014031/
tt0014033	https://www.imdb.com/title/tt0014033/
tt0014036	https://www.imdb.com/title/tt0014036/
tt0014037	https://www.imdb.com/title/tt0014037/
tt0014038	https://www.imdb.com/title/tt0014038/
tt0014039	https://www.imdb.com/title/tt0014039/
tt0014040	https://www.imdb.com/title/tt0014040/
tt0014041	https://www.imdb.com/title/tt0014041/
tt0014042	https://www.imdb.com/title/tt0014042/
tt0014044	https://www.imdb.com/title/tt0014044/
tt0014045	https://www.imdb.com/title/tt0014045/
tt0014047	https://www.imdb.com/title/tt0014047/
tt0014049	https://www.imdb.com/title/tt0014049/
tt0014050	https://www.imdb.com/title/tt0014050/
tt0014051	https://www.imdb.com/title/tt0014051/
tt0014053	https://www.imdb.com/title/tt0014053/
tt0014054	https://www.imdb.com/title/tt0014054/
tt0014055	https://www.imdb.com/title/tt0014055/
tt0014056	https://www.imdb.com/title/tt0014056/
tt0014058	https://www.imdb.com/title/tt0014058/
tt0014059	https://www.imdb.com/title/tt0014059/
tt0014060	https://www.imdb.com/title/tt0014060/
tt0014061	https://www.imdb.com/title/tt0014061/
tt0014062	https://www.imdb.com/title/tt0014062/
tt0014066	https://www.imdb.com/title/tt0014066/
tt0014067	https://www.imdb.com/title/tt0014067/
tt0014068	https://www.imdb.com/title/tt0014068/
tt0014069	https://www.imdb.com/title/tt0014069/
tt0014070	https://www.imdb.com/title/tt0014070/
tt0014071	https://www.imdb.com/title/tt0014071/
tt0014072	https://www.imdb.com/title/tt0014072/
tt0014075	https://www.imdb.com/title/tt0014075/
tt0014076	https://www.imdb.com/title/tt0014076/
tt0014077	https://www.imdb.com/title/tt0014077/
tt0014078	https://www.imdb.com/title/tt0014078/
tt0014079	https://www.imdb.com/title/tt0014079/
tt0014080	https://www.imdb.com/title/tt0014080/
tt0014082	https://www.imdb.com/title/tt0014082/
tt0014083	https://www.imdb.com/title/tt0014083/
tt0014084	https://www.imdb.com/title/tt0014084/
tt0014085	https://www.imdb.com/title/tt0014085/
tt0014086	https://www.imdb.com/title/tt0014086/
tt0014087	https://www.imdb.com/title/tt0014087/
tt0014089	https://www.imdb.com/title/tt0014089/
tt0014090	https://www.imdb.com/title/tt0014090/
tt0014091	https://www.imdb.com/title/tt0014091/
tt0014092	https://www.imdb.com/title/tt0014092/
tt0014093	https://www.imdb.com/title/tt0014093/
tt0014094	https://www.imdb.com/title/tt0014094/
tt0014095	https://www.imdb.com/title/tt0014095/
tt0014096	https://www.imdb.com/title/tt0014096/
tt0014098	https://www.imdb.com/title/tt0014098/
tt0014099	https://www.imdb.com/title/tt0014099/
tt0014100	https://www.imdb.com/title/tt0014100/
tt0014101	https://www.imdb.com/title/tt0014101/
tt0014102	https://www.imdb.com/title/tt0014102/
tt0014103	https://www.imdb.com/title/tt0014103/
tt0014104	https://www.imdb.com/title/tt0014104/
tt0014107	https://www.imdb.com/title/tt0014107/
tt0014108	https://www.imdb.com/title/tt0014108/
tt0014110	https://www.imdb.com/title/tt0014110/
tt0014111	https://www.imdb.com/title/tt0014111/
tt0014112	https://www.imdb.com/title/tt0014112/
tt0014115	https://www.imdb.com/title/tt0014115/
tt0014117	https://www.imdb.com/title/tt0014117/
tt0014118	https://www.imdb.com/title/tt0014118/
tt0014119	https://www.imdb.com/title/tt0014119/
tt0014120	https://www.imdb.com/title/tt0014120/
tt0014122	https://www.imdb.com/title/tt0014122/
tt0014123	https://www.imdb.com/title/tt0014123/
tt0014124	https://www.imdb.com/title/tt0014124/
tt0014125	https://www.imdb.com/title/tt0014125/
tt0014126	https://www.imdb.com/title/tt0014126/
tt0014127	https://www.imdb.com/title/tt0014127/
tt0014128	https://www.imdb.com/title/tt0014128/
tt0014130	https://www.imdb.com/title/tt0014130/
tt0014131	https://www.imdb.com/title/tt0014131/
tt0014132	https://www.imdb.com/title/tt0014132/
tt0014134	https://www.imdb.com/title/tt0014134/
tt0014135	https://www.imdb.com/title/tt0014135/
tt0014136	https://www.imdb.com/title/tt0014136/
tt0014137	https://www.imdb.com/title/tt0014137/
tt0014138	https://www.imdb.com/title/tt0014138/
tt0014140	https://www.imdb.com/title/tt0014140/
tt0014141	https://www.imdb.com/title/tt0014141/
tt0014142	https://www.imdb.com/title/tt0014142/
tt0014143	https://www.imdb.com/title/tt0014143/
tt0014144	https://www.imdb.com/title/tt0014144/
tt0014146	https://www.imdb.com/title/tt0014146/
tt0014147	https://www.imdb.com/title/tt0014147/
tt0014148	https://www.imdb.com/title/tt0014148/
tt0014149	https://www.imdb.com/title/tt0014149/
tt0014150	https://www.imdb.com/title/tt0014150/
tt0014151	https://www.imdb.com/title/tt0014151/
tt0014152	https://www.imdb.com/title/tt0014152/
tt0014154	https://www.imdb.com/title/tt0014154/
tt0014155	https://www.imdb.com/title/tt0014155/
tt0014156	https://www.imdb.com/title/tt0014156/
tt0014157	https://www.imdb.com/title/tt0014157/
tt0014158	https://www.imdb.com/title/tt0014158/
tt0014159	https://www.imdb.com/title/tt0014159/
tt0014160	https://www.imdb.com/title/tt0014160/
tt0014161	https://www.imdb.com/title/tt0014161/
tt0014162	https://www.imdb.com/title/tt0014162/
tt0014163	https://www.imdb.com/title/tt0014163/
tt0014164	https://www.imdb.com/title/tt0014164/
tt0014165	https://www.imdb.com/title/tt0014165/
tt0014166	https://www.imdb.com/title/tt0014166/
tt0014167	https://www.imdb.com/title/tt0014167/
tt0014168	https://www.imdb.com/title/tt0014168/
tt0014170	https://www.imdb.com/title/tt0014170/
tt0014171	https://www.imdb.com/title/tt0014171/
tt0014172	https://www.imdb.com/title/tt0014172/
tt0014174	https://www.imdb.com/title/tt0014174/
tt0014175	https://www.imdb.com/title/tt0014175/
tt0014180	https://www.imdb.com/title/tt0014180/
tt0014181	https://www.imdb.com/title/tt0014181/
tt0014182	https://www.imdb.com/title/tt0014182/
tt0014183	https://www.imdb.com/title/tt0014183/
tt0014184	https://www.imdb.com/title/tt0014184/
tt0014185	https://www.imdb.com/title/tt0014185/
tt0014186	https://www.imdb.com/title/tt0014186/
tt0014187	https://www.imdb.com/title/tt0014187/
tt0014188	https://www.imdb.com/title/tt0014188/
tt0014189	https://www.imdb.com/title/tt0014189/
tt0014190	https://www.imdb.com/title/tt0014190/
tt0014191	https://www.imdb.com/title/tt0014191/
tt0014192	https://www.imdb.com/title/tt0014192/
tt0014193	https://www.imdb.com/title/tt0014193/
tt0014194	https://www.imdb.com/title/tt0014194/
tt0014195	https://www.imdb.com/title/tt0014195/
tt0014196	https://www.imdb.com/title/tt0014196/
tt0014197	https://www.imdb.com/title/tt0014197/
tt0014198	https://www.imdb.com/title/tt0014198/
tt0014199	https://www.imdb.com/title/tt0014199/
tt0014200	https://www.imdb.com/title/tt0014200/
tt0014202	https://www.imdb.com/title/tt0014202/
tt0014203	https://www.imdb.com/title/tt0014203/
tt0014204	https://www.imdb.com/title/tt0014204/
tt0014205	https://www.imdb.com/title/tt0014205/
tt0014206	https://www.imdb.com/title/tt0014206/
tt0014207	https://www.imdb.com/title/tt0014207/
tt0014209	https://www.imdb.com/title/tt0014209/
tt0014210	https://www.imdb.com/title/tt0014210/
tt0014211	https://www.imdb.com/title/tt0014211/
tt0014212	https://www.imdb.com/title/tt0014212/
tt0014213	https://www.imdb.com/title/tt0014213/
tt0014215	https://www.imdb.com/title/tt0014215/
tt0014216	https://www.imdb.com/title/tt0014216/
tt0014217	https://www.imdb.com/title/tt0014217/
tt0014219	https://www.imdb.com/title/tt0014219/
tt0014220	https://www.imdb.com/title/tt0014220/
tt0014221	https://www.imdb.com/title/tt0014221/
tt0014222	https://www.imdb.com/title/tt0014222/
tt0014223	https://www.imdb.com/title/tt0014223/
tt0014224	https://www.imdb.com/title/tt0014224/
tt0014225	https://www.imdb.com/title/tt0014225/
tt0014226	https://www.imdb.com/title/tt0014226/
tt0014228	https://www.imdb.com/title/tt0014228/
tt0014229	https://www.imdb.com/title/tt0014229/
tt0014230	https://www.imdb.com/title/tt0014230/
tt0014231	https://www.imdb.com/title/tt0014231/
tt0014232	https://www.imdb.com/title/tt0014232/
tt0014233	https://www.imdb.com/title/tt0014233/
tt0014234	https://www.imdb.com/title/tt0014234/
tt0014235	https://www.imdb.com/title/tt0014235/
tt0014236	https://www.imdb.com/title/tt0014236/
tt0014237	https://www.imdb.com/title/tt0014237/
tt0014238	https://www.imdb.com/title/tt0014238/
tt0014239	https://www.imdb.com/title/tt0014239/
tt0014242	https://www.imdb.com/title/tt0014242/
tt0014243	https://www.imdb.com/title/tt0014243/
tt0014244	https://www.imdb.com/title/tt0014244/
tt0014245	https://www.imdb.com/title/tt0014245/
tt0014246	https://www.imdb.com/title/tt0014246/
tt0014247	https://www.imdb.com/title/tt0014247/
tt0014248	https://www.imdb.com/title/tt0014248/
tt0014249	https://www.imdb.com/title/tt0014249/
tt0014250	https://www.imdb.com/title/tt0014250/
tt0014252	https://www.imdb.com/title/tt0014252/
tt0014253	https://www.imdb.com/title/tt0014253/
tt0014255	https://www.imdb.com/title/tt0014255/
tt0014256	https://www.imdb.com/title/tt0014256/
tt0014257	https://www.imdb.com/title/tt0014257/
tt0014258	https://www.imdb.com/title/tt0014258/
tt0014259	https://www.imdb.com/title/tt0014259/
tt0014260	https://www.imdb.com/title/tt0014260/
tt0014261	https://www.imdb.com/title/tt0014261/
tt0014262	https://www.imdb.com/title/tt0014262/
tt0014263	https://www.imdb.com/title/tt0014263/
tt0014264	https://www.imdb.com/title/tt0014264/
tt0014265	https://www.imdb.com/title/tt0014265/
tt0014266	https://www.imdb.com/title/tt0014266/
tt0014267	https://www.imdb.com/title/tt0014267/
tt0014268	https://www.imdb.com/title/tt0014268/
tt0014269	https://www.imdb.com/title/tt0014269/
tt0014270	https://www.imdb.com/title/tt0014270/
tt0014271	https://www.imdb.com/title/tt0014271/
tt0014272	https://www.imdb.com/title/tt0014272/
tt0014273	https://www.imdb.com/title/tt0014273/
tt0014274	https://www.imdb.com/title/tt0014274/
tt0014275	https://www.imdb.com/title/tt0014275/
tt0014276	https://www.imdb.com/title/tt0014276/
tt0014277	https://www.imdb.com/title/tt0014277/
tt0014278	https://www.imdb.com/title/tt0014278/
tt0014280	https://www.imdb.com/title/tt0014280/
tt0014281	https://www.imdb.com/title/tt0014281/
tt0014282	https://www.imdb.com/title/tt0014282/
tt0014283	https://www.imdb.com/title/tt0014283/
tt0014284	https://www.imdb.com/title/tt0014284/
tt0014285	https://www.imdb.com/title/tt0014285/
tt0014287	https://www.imdb.com/title/tt0014287/
tt0014290	https://www.imdb.com/title/tt0014290/
tt0014292	https://www.imdb.com/title/tt0014292/
tt0014294	https://www.imdb.com/title/tt0014294/
tt0014296	https://www.imdb.com/title/tt0014296/
tt0014298	https://www.imdb.com/title/tt0014298/
tt0014300	https://www.imdb.com/title/tt0014300/
tt0014301	https://www.imdb.com/title/tt0014301/
tt0014303	https://www.imdb.com/title/tt0014303/
tt0014304	https://www.imdb.com/title/tt0014304/
tt0014306	https://www.imdb.com/title/tt0014306/
tt0014307	https://www.imdb.com/title/tt0014307/
tt0014311	https://www.imdb.com/title/tt0014311/
tt0014313	https://www.imdb.com/title/tt0014313/
tt0014314	https://www.imdb.com/title/tt0014314/
tt0014315	https://www.imdb.com/title/tt0014315/
tt0014318	https://www.imdb.com/title/tt0014318/
tt0014319	https://www.imdb.com/title/tt0014319/
tt0014320	https://www.imdb.com/title/tt0014320/
tt0014321	https://www.imdb.com/title/tt0014321/
tt0014322	https://www.imdb.com/title/tt0014322/
tt0014323	https://www.imdb.com/title/tt0014323/
tt0014324	https://www.imdb.com/title/tt0014324/
tt0014325	https://www.imdb.com/title/tt0014325/
tt0014326	https://www.imdb.com/title/tt0014326/
tt0014328	https://www.imdb.com/title/tt0014328/
tt0014329	https://www.imdb.com/title/tt0014329/
tt0014330	https://www.imdb.com/title/tt0014330/
tt0014332	https://www.imdb.com/title/tt0014332/
tt0014333	https://www.imdb.com/title/tt0014333/
tt0014334	https://www.imdb.com/title/tt0014334/
tt0014335	https://www.imdb.com/title/tt0014335/
tt0014336	https://www.imdb.com/title/tt0014336/
tt0014337	https://www.imdb.com/title/tt0014337/
tt0014339	https://www.imdb.com/title/tt0014339/
tt0014340	https://www.imdb.com/title/tt0014340/
tt0014341	https://www.imdb.com/title/tt0014341/
tt0014342	https://www.imdb.com/title/tt0014342/
tt0014343	https://www.imdb.com/title/tt0014343/
tt0014344	https://www.imdb.com/title/tt0014344/
tt0014345	https://www.imdb.com/title/tt0014345/
tt0014346	https://www.imdb.com/title/tt0014346/
tt0014347	https://www.imdb.com/title/tt0014347/
tt0014348	https://www.imdb.com/title/tt0014348/
tt0014351	https://www.imdb.com/title/tt0014351/
tt0014353	https://www.imdb.com/title/tt0014353/
tt0014354	https://www.imdb.com/title/tt0014354/
tt0014355	https://www.imdb.com/title/tt0014355/
tt0014356	https://www.imdb.com/title/tt0014356/
tt0014358	https://www.imdb.com/title/tt0014358/
tt0014359	https://www.imdb.com/title/tt0014359/
tt0014362	https://www.imdb.com/title/tt0014362/
tt0014364	https://www.imdb.com/title/tt0014364/
tt0014365	https://www.imdb.com/title/tt0014365/
tt0014366	https://www.imdb.com/title/tt0014366/
tt0014367	https://www.imdb.com/title/tt0014367/
tt0014368	https://www.imdb.com/title/tt0014368/
tt0014369	https://www.imdb.com/title/tt0014369/
tt0014370	https://www.imdb.com/title/tt0014370/
tt0014371	https://www.imdb.com/title/tt0014371/
tt0014372	https://www.imdb.com/title/tt0014372/
tt0014373	https://www.imdb.com/title/tt0014373/
tt0014374	https://www.imdb.com/title/tt0014374/
tt0014375	https://www.imdb.com/title/tt0014375/
tt0014376	https://www.imdb.com/title/tt0014376/
tt0014377	https://www.imdb.com/title/tt0014377/
tt0014378	https://www.imdb.com/title/tt0014378/
tt0014379	https://www.imdb.com/title/tt0014379/
tt0014381	https://www.imdb.com/title/tt0014381/
tt0014382	https://www.imdb.com/title/tt0014382/
tt0014383	https://www.imdb.com/title/tt0014383/
tt0014384	https://www.imdb.com/title/tt0014384/
tt0014386	https://www.imdb.com/title/tt0014386/
tt0014387	https://www.imdb.com/title/tt0014387/
tt0014388	https://www.imdb.com/title/tt0014388/
tt0014389	https://www.imdb.com/title/tt0014389/
tt0014390	https://www.imdb.com/title/tt0014390/
tt0014391	https://www.imdb.com/title/tt0014391/
tt0014392	https://www.imdb.com/title/tt0014392/
tt0014393	https://www.imdb.com/title/tt0014393/
tt0014394	https://www.imdb.com/title/tt0014394/
tt0014395	https://www.imdb.com/title/tt0014395/
tt0014397	https://www.imdb.com/title/tt0014397/
tt0014398	https://www.imdb.com/title/tt0014398/
tt0014400	https://www.imdb.com/title/tt0014400/
tt0014401	https://www.imdb.com/title/tt0014401/
tt0014402	https://www.imdb.com/title/tt0014402/
tt0014403	https://www.imdb.com/title/tt0014403/
tt0014404	https://www.imdb.com/title/tt0014404/
tt0014405	https://www.imdb.com/title/tt0014405/
tt0014408	https://www.imdb.com/title/tt0014408/
tt0014409	https://www.imdb.com/title/tt0014409/
tt0014411	https://www.imdb.com/title/tt0014411/
tt0014413	https://www.imdb.com/title/tt0014413/
tt0014414	https://www.imdb.com/title/tt0014414/
tt0014415	https://www.imdb.com/title/tt0014415/
tt0014416	https://www.imdb.com/title/tt0014416/
tt0014417	https://www.imdb.com/title/tt0014417/
tt0014418	https://www.imdb.com/title/tt0014418/
tt0014422	https://www.imdb.com/title/tt0014422/
tt0014423	https://www.imdb.com/title/tt0014423/
tt0014424	https://www.imdb.com/title/tt0014424/
tt0014425	https://www.imdb.com/title/tt0014425/
tt0014426	https://www.imdb.com/title/tt0014426/
tt0014427	https://www.imdb.com/title/tt0014427/
tt0014429	https://www.imdb.com/title/tt0014429/
tt0014430	https://www.imdb.com/title/tt0014430/
tt0014431	https://www.imdb.com/title/tt0014431/
tt0014433	https://www.imdb.com/title/tt0014433/
tt0014434	https://www.imdb.com/title/tt0014434/
tt0014435	https://www.imdb.com/title/tt0014435/
tt0014437	https://www.imdb.com/title/tt0014437/
tt0014439	https://www.imdb.com/title/tt0014439/
tt0014440	https://www.imdb.com/title/tt0014440/
tt0014441	https://www.imdb.com/title/tt0014441/
tt0014442	https://www.imdb.com/title/tt0014442/
tt0014443	https://www.imdb.com/title/tt0014443/
tt0014444	https://www.imdb.com/title/tt0014444/
tt0014445	https://www.imdb.com/title/tt0014445/
tt0014446	https://www.imdb.com/title/tt0014446/
tt0014447	https://www.imdb.com/title/tt0014447/
tt0014448	https://www.imdb.com/title/tt0014448/
tt0014449	https://www.imdb.com/title/tt0014449/
tt0014452	https://www.imdb.com/title/tt0014452/
tt0014453	https://www.imdb.com/title/tt0014453/
tt0014454	https://www.imdb.com/title/tt0014454/
tt0014455	https://www.imdb.com/title/tt0014455/
tt0014456	https://www.imdb.com/title/tt0014456/
tt0014457	https://www.imdb.com/title/tt0014457/
tt0014458	https://www.imdb.com/title/tt0014458/
tt0014459	https://www.imdb.com/title/tt0014459/
tt0014461	https://www.imdb.com/title/tt0014461/
tt0014462	https://www.imdb.com/title/tt0014462/
tt0014463	https://www.imdb.com/title/tt0014463/
tt0014464	https://www.imdb.com/title/tt0014464/
tt0014467	https://www.imdb.com/title/tt0014467/
tt0014468	https://www.imdb.com/title/tt0014468/
tt0014469	https://www.imdb.com/title/tt0014469/
tt0014470	https://www.imdb.com/title/tt0014470/
tt0014474	https://www.imdb.com/title/tt0014474/
tt0014475	https://www.imdb.com/title/tt0014475/
tt0014476	https://www.imdb.com/title/tt0014476/
tt0014477	https://www.imdb.com/title/tt0014477/
tt0014478	https://www.imdb.com/title/tt0014478/
tt0014479	https://www.imdb.com/title/tt0014479/
tt0014480	https://www.imdb.com/title/tt0014480/
tt0014481	https://www.imdb.com/title/tt0014481/
tt0014482	https://www.imdb.com/title/tt0014482/
tt0014483	https://www.imdb.com/title/tt0014483/
tt0014485	https://www.imdb.com/title/tt0014485/
tt0014486	https://www.imdb.com/title/tt0014486/
tt0014487	https://www.imdb.com/title/tt0014487/
tt0014488	https://www.imdb.com/title/tt0014488/
tt0014489	https://www.imdb.com/title/tt0014489/
tt0014490	https://www.imdb.com/title/tt0014490/
tt0014491	https://www.imdb.com/title/tt0014491/
tt0014493	https://www.imdb.com/title/tt0014493/
tt0014495	https://www.imdb.com/title/tt0014495/
tt0014496	https://www.imdb.com/title/tt0014496/
tt0014497	https://www.imdb.com/title/tt0014497/
tt0014498	https://www.imdb.com/title/tt0014498/
tt0014499	https://www.imdb.com/title/tt0014499/
tt0014502	https://www.imdb.com/title/tt0014502/
tt0014503	https://www.imdb.com/title/tt0014503/
tt0014506	https://www.imdb.com/title/tt0014506/
tt0014507	https://www.imdb.com/title/tt0014507/
tt0014508	https://www.imdb.com/title/tt0014508/
tt0014509	https://www.imdb.com/title/tt0014509/
tt0014510	https://www.imdb.com/title/tt0014510/
tt0014511	https://www.imdb.com/title/tt0014511/
tt0014512	https://www.imdb.com/title/tt0014512/
tt0014513	https://www.imdb.com/title/tt0014513/
tt0014514	https://www.imdb.com/title/tt0014514/
tt0014515	https://www.imdb.com/title/tt0014515/
tt0014516	https://www.imdb.com/title/tt0014516/
tt0014517	https://www.imdb.com/title/tt0014517/
tt0014518	https://www.imdb.com/title/tt0014518/
tt0014520	https://www.imdb.com/title/tt0014520/
tt0014522	https://www.imdb.com/title/tt0014522/
tt0014526	https://www.imdb.com/title/tt0014526/
tt0014527	https://www.imdb.com/title/tt0014527/
tt0014528	https://www.imdb.com/title/tt0014528/
tt0014529	https://www.imdb.com/title/tt0014529/
tt0014530	https://www.imdb.com/title/tt0014530/
tt0014531	https://www.imdb.com/title/tt0014531/
tt0014532	https://www.imdb.com/title/tt0014532/
tt0014533	https://www.imdb.com/title/tt0014533/
tt0014534	https://www.imdb.com/title/tt0014534/
tt0014537	https://www.imdb.com/title/tt0014537/
tt0014538	https://www.imdb.com/title/tt0014538/
tt0014539	https://www.imdb.com/title/tt0014539/
tt0014540	https://www.imdb.com/title/tt0014540/
tt0014542	https://www.imdb.com/title/tt0014542/
tt0014543	https://www.imdb.com/title/tt0014543/
tt0014544	https://www.imdb.com/title/tt0014544/
tt0014545	https://www.imdb.com/title/tt0014545/
tt0014546	https://www.imdb.com/title/tt0014546/
tt0014547	https://www.imdb.com/title/tt0014547/
tt0014548	https://www.imdb.com/title/tt0014548/
tt0014549	https://www.imdb.com/title/tt0014549/
tt0014550	https://www.imdb.com/title/tt0014550/
tt0014551	https://www.imdb.com/title/tt0014551/
tt0014552	https://www.imdb.com/title/tt0014552/
tt0014553	https://www.imdb.com/title/tt0014553/
tt0014554	https://www.imdb.com/title/tt0014554/
tt0014555	https://www.imdb.com/title/tt0014555/
tt0014556	https://www.imdb.com/title/tt0014556/
tt0014558	https://www.imdb.com/title/tt0014558/
tt0014559	https://www.imdb.com/title/tt0014559/
tt0014561	https://www.imdb.com/title/tt0014561/
tt0014562	https://www.imdb.com/title/tt0014562/
tt0014563	https://www.imdb.com/title/tt0014563/
tt0014564	https://www.imdb.com/title/tt0014564/
tt0014565	https://www.imdb.com/title/tt0014565/
tt0014566	https://www.imdb.com/title/tt0014566/
tt0014567	https://www.imdb.com/title/tt0014567/
tt0014568	https://www.imdb.com/title/tt0014568/
tt0014569	https://www.imdb.com/title/tt0014569/
tt0014570	https://www.imdb.com/title/tt0014570/
tt0014571	https://www.imdb.com/title/tt0014571/
tt0014572	https://www.imdb.com/title/tt0014572/
tt0014573	https://www.imdb.com/title/tt0014573/
tt0014574	https://www.imdb.com/title/tt0014574/
tt0014575	https://www.imdb.com/title/tt0014575/
tt0014576	https://www.imdb.com/title/tt0014576/
tt0014577	https://www.imdb.com/title/tt0014577/
tt0014578	https://www.imdb.com/title/tt0014578/
tt0014579	https://www.imdb.com/title/tt0014579/
tt0014580	https://www.imdb.com/title/tt0014580/
tt0014581	https://www.imdb.com/title/tt0014581/
tt0014582	https://www.imdb.com/title/tt0014582/
tt0014583	https://www.imdb.com/title/tt0014583/
tt0014585	https://www.imdb.com/title/tt0014585/
tt0014587	https://www.imdb.com/title/tt0014587/
tt0014588	https://www.imdb.com/title/tt0014588/
tt0014589	https://www.imdb.com/title/tt0014589/
tt0014590	https://www.imdb.com/title/tt0014590/
tt0014591	https://www.imdb.com/title/tt0014591/
tt0014592	https://www.imdb.com/title/tt0014592/
tt0014595	https://www.imdb.com/title/tt0014595/
tt0014596	https://www.imdb.com/title/tt0014596/
tt0014597	https://www.imdb.com/title/tt0014597/
tt0014598	https://www.imdb.com/title/tt0014598/
tt0014599	https://www.imdb.com/title/tt0014599/
tt0014600	https://www.imdb.com/title/tt0014600/
tt0014601	https://www.imdb.com/title/tt0014601/
tt0014602	https://www.imdb.com/title/tt0014602/
tt0014603	https://www.imdb.com/title/tt0014603/
tt0014604	https://www.imdb.com/title/tt0014604/
tt0014605	https://www.imdb.com/title/tt0014605/
tt0014606	https://www.imdb.com/title/tt0014606/
tt0014610	https://www.imdb.com/title/tt0014610/
tt0014611	https://www.imdb.com/title/tt0014611/
tt0014613	https://www.imdb.com/title/tt0014613/
tt0014614	https://www.imdb.com/title/tt0014614/
tt0014615	https://www.imdb.com/title/tt0014615/
tt0014616	https://www.imdb.com/title/tt0014616/
tt0014617	https://www.imdb.com/title/tt0014617/
tt0014618	https://www.imdb.com/title/tt0014618/
tt0014619	https://www.imdb.com/title/tt0014619/
tt0014620	https://www.imdb.com/title/tt0014620/
tt0014621	https://www.imdb.com/title/tt0014621/
tt0014622	https://www.imdb.com/title/tt0014622/
tt0014623	https://www.imdb.com/title/tt0014623/
tt0014624	https://www.imdb.com/title/tt0014624/
tt0014625	https://www.imdb.com/title/tt0014625/
tt0014626	https://www.imdb.com/title/tt0014626/
tt0014627	https://www.imdb.com/title/tt0014627/
tt0014628	https://www.imdb.com/title/tt0014628/
tt0014629	https://www.imdb.com/title/tt0014629/
tt0014630	https://www.imdb.com/title/tt0014630/
tt0014631	https://www.imdb.com/title/tt0014631/
tt0014633	https://www.imdb.com/title/tt0014633/
tt0014634	https://www.imdb.com/title/tt0014634/
tt0014636	https://www.imdb.com/title/tt0014636/
tt0014637	https://www.imdb.com/title/tt0014637/
tt0014638	https://www.imdb.com/title/tt0014638/
tt0014687	https://www.imdb.com/title/tt0014687/
tt0014705	https://www.imdb.com/title/tt0014705/
tt0014712	https://www.imdb.com/title/tt0014712/
tt0014721	https://www.imdb.com/title/tt0014721/
tt0014770	https://www.imdb.com/title/tt0014770/
tt0014852	https://www.imdb.com/title/tt0014852/
tt0014865	https://www.imdb.com/title/tt0014865/
tt0014999	https://www.imdb.com/title/tt0014999/
tt0015037	https://www.imdb.com/title/tt0015037/
tt0015158	https://www.imdb.com/title/tt0015158/
tt0015162	https://www.imdb.com/title/tt0015162/
tt0015168	https://www.imdb.com/title/tt0015168/
tt0015179	https://www.imdb.com/title/tt0015179/
tt0015300	https://www.imdb.com/title/tt0015300/
tt0015323	https://www.imdb.com/title/tt0015323/
tt0015401	https://www.imdb.com/title/tt0015401/
tt0015473	https://www.imdb.com/title/tt0015473/
tt0015478	https://www.imdb.com/title/tt0015478/
tt0015504	https://www.imdb.com/title/tt0015504/
tt0015508	https://www.imdb.com/title/tt0015508/
tt0015520	https://www.imdb.com/title/tt0015520/
tt0015626	https://www.imdb.com/title/tt0015626/
tt0123038	https://www.imdb.com/title/tt0123038/
tt0124753	https://www.imdb.com/title/tt0124753/
tt0125017	https://www.imdb.com/title/tt0125017/
tt0125055	https://www.imdb.com/title/tt0125055/
tt0125297	https://www.imdb.com/title/tt0125297/
tt0125324	https://www.imdb.com/title/tt0125324/
tt0125370	https://www.imdb.com/title/tt0125370/
tt0125398	https://www.imdb.com/title/tt0125398/
tt0125588	https://www.imdb.com/title/tt0125588/
tt0126268	https://www.imdb.com/title/tt0126268/
tt0126891	https://www.imdb.com/title/tt0126891/
tt0126989	https://www.imdb.com/title/tt0126989/
tt0126996	https://www.imdb.com/title/tt0126996/
tt0127452	https://www.imdb.com/title/tt0127452/
tt0127560	https://www.imdb.com/title/tt0127560/
tt0127714	https://www.imdb.com/title/tt0127714/
tt0127888	https://www.imdb.com/title/tt0127888/
tt0127903	https://www.imdb.com/title/tt0127903/
tt0128313	https://www.imdb.com/title/tt0128313/
tt0128931	https://www.imdb.com/title/tt0128931/
tt0128937	https://www.imdb.com/title/tt0128937/
tt0128938	https://www.imdb.com/title/tt0128938/
tt0128987	https://www.imdb.com/title/tt0128987/
tt0128988	https://www.imdb.com/title/tt0128988/
tt0129044	https://www.imdb.com/title/tt0129044/
tt0129063	https://www.imdb.com/title/tt0129063/
tt0129064	https://www.imdb.com/title/tt0129064/
tt0129067	https://www.imdb.com/title/tt0129067/
tt0129087	https://www.imdb.com/title/tt0129087/
tt0129101	https://www.imdb.com/title/tt0129101/
tt0129102	https://www.imdb.com/title/tt0129102/
tt0129103	https://www.imdb.com/title/tt0129103/
tt0129104	https://www.imdb.com/title/tt0129104/
tt0129142	https://www.imdb.com/title/tt0129142/
tt0129146	https://www.imdb.com/title/tt0129146/
tt0129155	https://www.imdb.com/title/tt0129155/
tt0129160	https://www.imdb.com/title/tt0129160/
tt0129193	https://www.imdb.com/title/tt0129193/
tt0129206	https://www.imdb.com/title/tt0129206/
tt0129299	https://www.imdb.com/title/tt0129299/
tt0129319	https://www.imdb.com/title/tt0129319/
tt0129328	https://www.imdb.com/title/tt0129328/
tt0129406	https://www.imdb.com/title/tt0129406/
tt0129433	https://www.imdb.com/title/tt0129433/
tt0129486	https://www.imdb.com/title/tt0129486/
tt0129759	https://www.imdb.com/title/tt0129759/
tt0129770	https://www.imdb.com/title/tt0129770/
tt0130218	https://www.imdb.com/title/tt0130218/
tt0130239	https://www.imdb.com/title/tt0130239/
tt0130640	https://www.imdb.com/title/tt0130640/
tt0130705	https://www.imdb.com/title/tt0130705/
tt0130839	https://www.imdb.com/title/tt0130839/
tt0131407	https://www.imdb.com/title/tt0131407/
tt0131579	https://www.imdb.com/title/tt0131579/
tt0131702	https://www.imdb.com/title/tt0131702/
tt0132950	https://www.imdb.com/title/tt0132950/
tt0132957	https://www.imdb.com/title/tt0132957/
tt0132962	https://www.imdb.com/title/tt0132962/
tt0132970	https://www.imdb.com/title/tt0132970/
tt0132973	https://www.imdb.com/title/tt0132973/
tt0133083	https://www.imdb.com/title/tt0133083/
tt0133692	https://www.imdb.com/title/tt0133692/
tt0133792	https://www.imdb.com/title/tt0133792/
tt0133800	https://www.imdb.com/title/tt0133800/
tt0133806	https://www.imdb.com/title/tt0133806/
tt0133813	https://www.imdb.com/title/tt0133813/
tt0133884	https://www.imdb.com/title/tt0133884/
tt0133933	https://www.imdb.com/title/tt0133933/
tt0133949	https://www.imdb.com/title/tt0133949/
tt0135822	https://www.imdb.com/title/tt0135822/
tt0136448	https://www.imdb.com/title/tt0136448/
tt0137399	https://www.imdb.com/title/tt0137399/
tt0138564	https://www.imdb.com/title/tt0138564/
tt0138614	https://www.imdb.com/title/tt0138614/
tt0138625	https://www.imdb.com/title/tt0138625/
tt0138736	https://www.imdb.com/title/tt0138736/
tt0138937	https://www.imdb.com/title/tt0138937/
tt0140089	https://www.imdb.com/title/tt0140089/
tt0140404	https://www.imdb.com/title/tt0140404/
tt0141981	https://www.imdb.com/title/tt0141981/
tt0145441	https://www.imdb.com/title/tt0145441/
tt0145952	https://www.imdb.com/title/tt0145952/
tt0149947	https://www.imdb.com/title/tt0149947/
tt0151853	https://www.imdb.com/title/tt0151853/
tt0152062	https://www.imdb.com/title/tt0152062/
tt0154273	https://www.imdb.com/title/tt0154273/
tt0154305	https://www.imdb.com/title/tt0154305/
tt0154854	https://www.imdb.com/title/tt0154854/
tt0156021	https://www.imdb.com/title/tt0156021/
tt0156913	https://www.imdb.com/title/tt0156913/
tt0156961	https://www.imdb.com/title/tt0156961/
tt0156966	https://www.imdb.com/title/tt0156966/
tt0159667	https://www.imdb.com/title/tt0159667/
tt0159710	https://www.imdb.com/title/tt0159710/
tt0160166	https://www.imdb.com/title/tt0160166/
tt0160633	https://www.imdb.com/title/tt0160633/
tt0161953	https://www.imdb.com/title/tt0161953/
tt0161955	https://www.imdb.com/title/tt0161955/
tt0163212	https://www.imdb.com/title/tt0163212/
tt0163826	https://www.imdb.com/title/tt0163826/
tt0163828	https://www.imdb.com/title/tt0163828/
tt0163829	https://www.imdb.com/title/tt0163829/
tt0164167	https://www.imdb.com/title/tt0164167/
tt0165272	https://www.imdb.com/title/tt0165272/
tt0165395	https://www.imdb.com/title/tt0165395/
tt0165479	https://www.imdb.com/title/tt0165479/
tt0165480	https://www.imdb.com/title/tt0165480/
tt0165519	https://www.imdb.com/title/tt0165519/
tt0165523	https://www.imdb.com/title/tt0165523/
tt0165915	https://www.imdb.com/title/tt0165915/
tt0165952	https://www.imdb.com/title/tt0165952/
tt0165959	https://www.imdb.com/title/tt0165959/
tt0166357	https://www.imdb.com/title/tt0166357/
tt0167422	https://www.imdb.com/title/tt0167422/
tt0167867	https://www.imdb.com/title/tt0167867/
tt0169148	https://www.imdb.com/title/tt0169148/
tt0169322	https://www.imdb.com/title/tt0169322/
tt0169809	https://www.imdb.com/title/tt0169809/
tt0170019	https://www.imdb.com/title/tt0170019/
tt0170403	https://www.imdb.com/title/tt0170403/
tt0170664	https://www.imdb.com/title/tt0170664/
tt0170683	https://www.imdb.com/title/tt0170683/
tt0173331	https://www.imdb.com/title/tt0173331/
tt0174490	https://www.imdb.com/title/tt0174490/
tt0175171	https://www.imdb.com/title/tt0175171/
tt0175275	https://www.imdb.com/title/tt0175275/
tt0175657	https://www.imdb.com/title/tt0175657/
tt0175749	https://www.imdb.com/title/tt0175749/
tt0175857	https://www.imdb.com/title/tt0175857/
tt0175924	https://www.imdb.com/title/tt0175924/
tt0175936	https://www.imdb.com/title/tt0175936/
tt0176319	https://www.imdb.com/title/tt0176319/
tt0177356	https://www.imdb.com/title/tt0177356/
tt0177360	https://www.imdb.com/title/tt0177360/
tt0177361	https://www.imdb.com/title/tt0177361/
tt0177380	https://www.imdb.com/title/tt0177380/
tt0178096	https://www.imdb.com/title/tt0178096/
tt0178789	https://www.imdb.com/title/tt0178789/
tt0178960	https://www.imdb.com/title/tt0178960/
tt0179516	https://www.imdb.com/title/tt0179516/
tt0179655	https://www.imdb.com/title/tt0179655/
tt0179706	https://www.imdb.com/title/tt0179706/
tt0179712	https://www.imdb.com/title/tt0179712/
tt0181614	https://www.imdb.com/title/tt0181614/
tt0181866	https://www.imdb.com/title/tt0181866/
tt0184715	https://www.imdb.com/title/tt0184715/
tt0185462	https://www.imdb.com/title/tt0185462/
tt0185949	https://www.imdb.com/title/tt0185949/
tt0186586	https://www.imdb.com/title/tt0186586/
tt0188393	https://www.imdb.com/title/tt0188393/
tt0188521	https://www.imdb.com/title/tt0188521/
tt0188825	https://www.imdb.com/title/tt0188825/
tt0188867	https://www.imdb.com/title/tt0188867/
tt0188875	https://www.imdb.com/title/tt0188875/
tt0188889	https://www.imdb.com/title/tt0188889/
tt0188981	https://www.imdb.com/title/tt0188981/
tt0189046	https://www.imdb.com/title/tt0189046/
tt0189060	https://www.imdb.com/title/tt0189060/
tt0189106	https://www.imdb.com/title/tt0189106/
tt0189566	https://www.imdb.com/title/tt0189566/
tt0190167	https://www.imdb.com/title/tt0190167/
tt0190562	https://www.imdb.com/title/tt0190562/
tt0190622	https://www.imdb.com/title/tt0190622/
tt0191050	https://www.imdb.com/title/tt0191050/
tt0191087	https://www.imdb.com/title/tt0191087/
tt0191096	https://www.imdb.com/title/tt0191096/
tt0191348	https://www.imdb.com/title/tt0191348/
tt0191845	https://www.imdb.com/title/tt0191845/
tt0191902	https://www.imdb.com/title/tt0191902/
tt0191909	https://www.imdb.com/title/tt0191909/
tt0191990	https://www.imdb.com/title/tt0191990/
tt0191994	https://www.imdb.com/title/tt0191994/
tt0192084	https://www.imdb.com/title/tt0192084/
tt0192123	https://www.imdb.com/title/tt0192123/
tt0192287	https://www.imdb.com/title/tt0192287/
tt0192289	https://www.imdb.com/title/tt0192289/
tt0192375	https://www.imdb.com/title/tt0192375/
tt0192383	https://www.imdb.com/title/tt0192383/
tt0193803	https://www.imdb.com/title/tt0193803/
tt0193843	https://www.imdb.com/title/tt0193843/
tt0193856	https://www.imdb.com/title/tt0193856/
tt0193916	https://www.imdb.com/title/tt0193916/
tt0194043	https://www.imdb.com/title/tt0194043/
tt0194239	https://www.imdb.com/title/tt0194239/
tt0194388	https://www.imdb.com/title/tt0194388/
tt0194424	https://www.imdb.com/title/tt0194424/
tt0194504	https://www.imdb.com/title/tt0194504/
tt0194963	https://www.imdb.com/title/tt0194963/
tt0195169	https://www.imdb.com/title/tt0195169/
tt0195170	https://www.imdb.com/title/tt0195170/
tt0195816	https://www.imdb.com/title/tt0195816/
tt0196314	https://www.imdb.com/title/tt0196314/
tt0196683	https://www.imdb.com/title/tt0196683/
tt0196971	https://www.imdb.com/title/tt0196971/
tt0197614	https://www.imdb.com/title/tt0197614/
tt0198344	https://www.imdb.com/title/tt0198344/
tt0198415	https://www.imdb.com/title/tt0198415/
tt0198424	https://www.imdb.com/title/tt0198424/
tt0198426	https://www.imdb.com/title/tt0198426/
tt0198861	https://www.imdb.com/title/tt0198861/
tt0198920	https://www.imdb.com/title/tt0198920/
tt0198998	https://www.imdb.com/title/tt0198998/
tt0199008	https://www.imdb.com/title/tt0199008/
tt0199066	https://www.imdb.com/title/tt0199066/
tt0200947	https://www.imdb.com/title/tt0200947/
tt0201284	https://www.imdb.com/title/tt0201284/
tt0201547	https://www.imdb.com/title/tt0201547/
tt0201648	https://www.imdb.com/title/tt0201648/
tt0201659	https://www.imdb.com/title/tt0201659/
tt0201688	https://www.imdb.com/title/tt0201688/
tt0201839	https://www.imdb.com/title/tt0201839/
tt0201872	https://www.imdb.com/title/tt0201872/
tt0201882	https://www.imdb.com/title/tt0201882/
tt0202061	https://www.imdb.com/title/tt0202061/
tt0203717	https://www.imdb.com/title/tt0203717/
tt0203858	https://www.imdb.com/title/tt0203858/
tt0205089	https://www.imdb.com/title/tt0205089/
tt0207710	https://www.imdb.com/title/tt0207710/
tt0207852	https://www.imdb.com/title/tt0207852/
tt0208175	https://www.imdb.com/title/tt0208175/
tt0208461	https://www.imdb.com/title/tt0208461/
tt0209123	https://www.imdb.com/title/tt0209123/
tt0210575	https://www.imdb.com/title/tt0210575/
tt0210731	https://www.imdb.com/title/tt0210731/
tt0211680	https://www.imdb.com/title/tt0211680/
tt0211685	https://www.imdb.com/title/tt0211685/
tt0213546	https://www.imdb.com/title/tt0213546/
tt0214526	https://www.imdb.com/title/tt0214526/
tt0214556	https://www.imdb.com/title/tt0214556/
tt0214689	https://www.imdb.com/title/tt0214689/
tt0214692	https://www.imdb.com/title/tt0214692/
tt0214750	https://www.imdb.com/title/tt0214750/
tt0214895	https://www.imdb.com/title/tt0214895/
tt0215057	https://www.imdb.com/title/tt0215057/
tt0215151	https://www.imdb.com/title/tt0215151/
tt0215337	https://www.imdb.com/title/tt0215337/
tt0215377	https://www.imdb.com/title/tt0215377/
tt0216398	https://www.imdb.com/title/tt0216398/
tt0217010	https://www.imdb.com/title/tt0217010/
tt0218040	https://www.imdb.com/title/tt0218040/
tt0219067	https://www.imdb.com/title/tt0219067/
tt0219230	https://www.imdb.com/title/tt0219230/
tt0219851	https://www.imdb.com/title/tt0219851/
tt0220962	https://www.imdb.com/title/tt0220962/
tt0220980	https://www.imdb.com/title/tt0220980/
tt0221014	https://www.imdb.com/title/tt0221014/
tt0221022	https://www.imdb.com/title/tt0221022/
tt0221033	https://www.imdb.com/title/tt0221033/
tt0225055	https://www.imdb.com/title/tt0225055/
tt0230006	https://www.imdb.com/title/tt0230006/
tt0230102	https://www.imdb.com/title/tt0230102/
tt0230103	https://www.imdb.com/title/tt0230103/
tt0230458	https://www.imdb.com/title/tt0230458/
tt0230662	https://www.imdb.com/title/tt0230662/
tt0230911	https://www.imdb.com/title/tt0230911/
tt0231379	https://www.imdb.com/title/tt0231379/
tt0231910	https://www.imdb.com/title/tt0231910/
tt0232589	https://www.imdb.com/title/tt0232589/
tt0232717	https://www.imdb.com/title/tt0232717/
tt0233952	https://www.imdb.com/title/tt0233952/
tt0234359	https://www.imdb.com/title/tt0234359/
tt0240315	https://www.imdb.com/title/tt0240315/
tt0240442	https://www.imdb.com/title/tt0240442/
tt0240681	https://www.imdb.com/title/tt0240681/
tt0241372	https://www.imdb.com/title/tt0241372/
tt0241400	https://www.imdb.com/title/tt0241400/
tt0241410	https://www.imdb.com/title/tt0241410/
tt0241441	https://www.imdb.com/title/tt0241441/
tt0241650	https://www.imdb.com/title/tt0241650/
tt0241978	https://www.imdb.com/title/tt0241978/
tt0241979	https://www.imdb.com/title/tt0241979/
tt0242629	https://www.imdb.com/title/tt0242629/
tt0244052	https://www.imdb.com/title/tt0244052/
tt0245208	https://www.imdb.com/title/tt0245208/
tt0245265	https://www.imdb.com/title/tt0245265/
tt0245898	https://www.imdb.com/title/tt0245898/
tt0247956	https://www.imdb.com/title/tt0247956/
tt0248359	https://www.imdb.com/title/tt0248359/
tt0249118	https://www.imdb.com/title/tt0249118/
tt0249662	https://www.imdb.com/title/tt0249662/
tt0249954	https://www.imdb.com/title/tt0249954/
tt0249962	https://www.imdb.com/title/tt0249962/
tt0250091	https://www.imdb.com/title/tt0250091/
tt0250605	https://www.imdb.com/title/tt0250605/
tt0250673	https://www.imdb.com/title/tt0250673/
tt0251061	https://www.imdb.com/title/tt0251061/
tt0251108	https://www.imdb.com/title/tt0251108/
tt0251153	https://www.imdb.com/title/tt0251153/
tt0251253	https://www.imdb.com/title/tt0251253/
tt0251381	https://www.imdb.com/title/tt0251381/
tt0251387	https://www.imdb.com/title/tt0251387/
tt0251398	https://www.imdb.com/title/tt0251398/
tt0251399	https://www.imdb.com/title/tt0251399/
tt0251459	https://www.imdb.com/title/tt0251459/
tt0251460	https://www.imdb.com/title/tt0251460/
tt0252182	https://www.imdb.com/title/tt0252182/
tt0252907	https://www.imdb.com/title/tt0252907/
tt0252917	https://www.imdb.com/title/tt0252917/
tt0252946	https://www.imdb.com/title/tt0252946/
tt0252961	https://www.imdb.com/title/tt0252961/
tt0253090	https://www.imdb.com/title/tt0253090/
tt0253103	https://www.imdb.com/title/tt0253103/
tt0253117	https://www.imdb.com/title/tt0253117/
tt0253142	https://www.imdb.com/title/tt0253142/
tt0253159	https://www.imdb.com/title/tt0253159/
tt0253226	https://www.imdb.com/title/tt0253226/
tt0253497	https://www.imdb.com/title/tt0253497/
tt0254208	https://www.imdb.com/title/tt0254208/
tt0254340	https://www.imdb.com/title/tt0254340/
tt0254601	https://www.imdb.com/title/tt0254601/
tt0254747	https://www.imdb.com/title/tt0254747/
tt0256369	https://www.imdb.com/title/tt0256369/
tt0256622	https://www.imdb.com/title/tt0256622/
tt0256656	https://www.imdb.com/title/tt0256656/
tt0257285	https://www.imdb.com/title/tt0257285/
tt0257495	https://www.imdb.com/title/tt0257495/
tt0258429	https://www.imdb.com/title/tt0258429/
tt0258434	https://www.imdb.com/title/tt0258434/
tt0258525	https://www.imdb.com/title/tt0258525/
tt0258765	https://www.imdb.com/title/tt0258765/
tt0258794	https://www.imdb.com/title/tt0258794/
tt0258845	https://www.imdb.com/title/tt0258845/
tt0258930	https://www.imdb.com/title/tt0258930/
tt0258952	https://www.imdb.com/title/tt0258952/
tt0259199	https://www.imdb.com/title/tt0259199/
tt0259379	https://www.imdb.com/title/tt0259379/
tt0260266	https://www.imdb.com/title/tt0260266/
tt0261524	https://www.imdb.com/title/tt0261524/
tt0261535	https://www.imdb.com/title/tt0261535/
tt0261937	https://www.imdb.com/title/tt0261937/
tt0262146	https://www.imdb.com/title/tt0262146/
tt0263305	https://www.imdb.com/title/tt0263305/
tt0263397	https://www.imdb.com/title/tt0263397/
tt0263910	https://www.imdb.com/title/tt0263910/
tt0263911	https://www.imdb.com/title/tt0263911/
tt0263919	https://www.imdb.com/title/tt0263919/
tt0263920	https://www.imdb.com/title/tt0263920/
tt0263955	https://www.imdb.com/title/tt0263955/
tt0263956	https://www.imdb.com/title/tt0263956/
tt0264374	https://www.imdb.com/title/tt0264374/
tt0264414	https://www.imdb.com/title/tt0264414/
tt0264655	https://www.imdb.com/title/tt0264655/
tt0264722	https://www.imdb.com/title/tt0264722/
tt0264751	https://www.imdb.com/title/tt0264751/
tt0264904	https://www.imdb.com/title/tt0264904/
tt0265074	https://www.imdb.com/title/tt0265074/
tt0265228	https://www.imdb.com/title/tt0265228/
tt0265288	https://www.imdb.com/title/tt0265288/
tt0265700	https://www.imdb.com/title/tt0265700/
tt0265745	https://www.imdb.com/title/tt0265745/
tt0265748	https://www.imdb.com/title/tt0265748/
tt0265751	https://www.imdb.com/title/tt0265751/
tt0265884	https://www.imdb.com/title/tt0265884/
tt0265977	https://www.imdb.com/title/tt0265977/
tt0266015	https://www.imdb.com/title/tt0266015/
tt0266034	https://www.imdb.com/title/tt0266034/
tt0266742	https://www.imdb.com/title/tt0266742/
tt0268143	https://www.imdb.com/title/tt0268143/
tt0268204	https://www.imdb.com/title/tt0268204/
tt0271674	https://www.imdb.com/title/tt0271674/
tt0272616	https://www.imdb.com/title/tt0272616/
tt0272940	https://www.imdb.com/title/tt0272940/
tt0273303	https://www.imdb.com/title/tt0273303/
tt0273898	https://www.imdb.com/title/tt0273898/
tt0275281	https://www.imdb.com/title/tt0275281/
tt0276289	https://www.imdb.com/title/tt0276289/
tt0276527	https://www.imdb.com/title/tt0276527/
tt0276593	https://www.imdb.com/title/tt0276593/
tt0276815	https://www.imdb.com/title/tt0276815/
tt0278339	https://www.imdb.com/title/tt0278339/
tt0278403	https://www.imdb.com/title/tt0278403/
tt0278445	https://www.imdb.com/title/tt0278445/
tt0278635	https://www.imdb.com/title/tt0278635/
tt0279091	https://www.imdb.com/title/tt0279091/
tt0280761	https://www.imdb.com/title/tt0280761/
tt0280867	https://www.imdb.com/title/tt0280867/
tt0281731	https://www.imdb.com/title/tt0281731/
tt0281807	https://www.imdb.com/title/tt0281807/
tt0282460	https://www.imdb.com/title/tt0282460/
tt0282780	https://www.imdb.com/title/tt0282780/
tt0282878	https://www.imdb.com/title/tt0282878/
tt0282879	https://www.imdb.com/title/tt0282879/
tt0282931	https://www.imdb.com/title/tt0282931/
tt0285256	https://www.imdb.com/title/tt0285256/
tt0290216	https://www.imdb.com/title/tt0290216/
tt0293777	https://www.imdb.com/title/tt0293777/
tt0294472	https://www.imdb.com/title/tt0294472/
tt0294652	https://www.imdb.com/title/tt0294652/
tt0294744	https://www.imdb.com/title/tt0294744/
tt0294844	https://www.imdb.com/title/tt0294844/
tt0294860	https://www.imdb.com/title/tt0294860/
tt0297157	https://www.imdb.com/title/tt0297157/
tt0297255	https://www.imdb.com/title/tt0297255/
tt0297467	https://www.imdb.com/title/tt0297467/
tt0301658	https://www.imdb.com/title/tt0301658/
tt0303613	https://www.imdb.com/title/tt0303613/
tt0304334	https://www.imdb.com/title/tt0304334/
tt0307183	https://www.imdb.com/title/tt0307183/
tt0308151	https://www.imdb.com/title/tt0308151/
tt0308191	https://www.imdb.com/title/tt0308191/
tt0308336	https://www.imdb.com/title/tt0308336/
tt0311215	https://www.imdb.com/title/tt0311215/
tt0312463	https://www.imdb.com/title/tt0312463/
tt0312523	https://www.imdb.com/title/tt0312523/
tt0313777	https://www.imdb.com/title/tt0313777/
tt0315329	https://www.imdb.com/title/tt0315329/
tt0315785	https://www.imdb.com/title/tt0315785/
tt0316377	https://www.imdb.com/title/tt0316377/
tt0317180	https://www.imdb.com/title/tt0317180/
tt0317685	https://www.imdb.com/title/tt0317685/
tt0318567	https://www.imdb.com/title/tt0318567/
tt0319151	https://www.imdb.com/title/tt0319151/
tt0321690	https://www.imdb.com/title/tt0321690/
tt0321706	https://www.imdb.com/title/tt0321706/
tt0322851	https://www.imdb.com/title/tt0322851/
tt0323864	https://www.imdb.com/title/tt0323864/
tt0325341	https://www.imdb.com/title/tt0325341/
tt0325481	https://www.imdb.com/title/tt0325481/
tt0325491	https://www.imdb.com/title/tt0325491/
tt0326180	https://www.imdb.com/title/tt0326180/
tt0326374	https://www.imdb.com/title/tt0326374/
tt0328036	https://www.imdb.com/title/tt0328036/
tt0329181	https://www.imdb.com/title/tt0329181/
tt0329972	https://www.imdb.com/title/tt0329972/
tt0330122	https://www.imdb.com/title/tt0330122/
tt0330235	https://www.imdb.com/title/tt0330235/
tt0330284	https://www.imdb.com/title/tt0330284/
tt0330294	https://www.imdb.com/title/tt0330294/
tt0330420	https://www.imdb.com/title/tt0330420/
tt0330523	https://www.imdb.com/title/tt0330523/
tt0331358	https://www.imdb.com/title/tt0331358/
tt0332210	https://www.imdb.com/title/tt0332210/
tt0332709	https://www.imdb.com/title/tt0332709/
tt0333580	https://www.imdb.com/title/tt0333580/
tt0333581	https://www.imdb.com/title/tt0333581/
tt0333849	https://www.imdb.com/title/tt0333849/
tt0333963	https://www.imdb.com/title/tt0333963/
tt0334820	https://www.imdb.com/title/tt0334820/
tt0335216	https://www.imdb.com/title/tt0335216/
tt0335467	https://www.imdb.com/title/tt0335467/
tt0335894	https://www.imdb.com/title/tt0335894/
tt0336129	https://www.imdb.com/title/tt0336129/
tt0336497	https://www.imdb.com/title/tt0336497/
tt0336955	https://www.imdb.com/title/tt0336955/
tt0336984	https://www.imdb.com/title/tt0336984/
tt0337050	https://www.imdb.com/title/tt0337050/
tt0338347	https://www.imdb.com/title/tt0338347/
tt0338430	https://www.imdb.com/title/tt0338430/
tt0339501	https://www.imdb.com/title/tt0339501/
tt0339671	https://www.imdb.com/title/tt0339671/
tt0339734	https://www.imdb.com/title/tt0339734/
tt0340360	https://www.imdb.com/title/tt0340360/
tt0342237	https://www.imdb.com/title/tt0342237/
tt0342649	https://www.imdb.com/title/tt0342649/
tt0345283	https://www.imdb.com/title/tt0345283/
tt0347688	https://www.imdb.com/title/tt0347688/
tt0348369	https://www.imdb.com/title/tt0348369/
tt0349735	https://www.imdb.com/title/tt0349735/
tt0350814	https://www.imdb.com/title/tt0350814/
tt0351702	https://www.imdb.com/title/tt0351702/
tt0353486	https://www.imdb.com/title/tt0353486/
tt0354203	https://www.imdb.com/title/tt0354203/
tt0355659	https://www.imdb.com/title/tt0355659/
tt0356558	https://www.imdb.com/title/tt0356558/
tt0357258	https://www.imdb.com/title/tt0357258/
tt0357670	https://www.imdb.com/title/tt0357670/
tt0359069	https://www.imdb.com/title/tt0359069/
tt0359149	https://www.imdb.com/title/tt0359149/
tt0359315	https://www.imdb.com/title/tt0359315/
tt0359338	https://www.imdb.com/title/tt0359338/
tt0360103	https://www.imdb.com/title/tt0360103/
tt0361677	https://www.imdb.com/title/tt0361677/
tt0368288	https://www.imdb.com/title/tt0368288/
tt0369782	https://www.imdb.com/title/tt0369782/
tt0385885	https://www.imdb.com/title/tt0385885/
tt0386491	https://www.imdb.com/title/tt0386491/
tt0390154	https://www.imdb.com/title/tt0390154/
tt0390907	https://www.imdb.com/title/tt0390907/
tt0390928	https://www.imdb.com/title/tt0390928/
tt0390961	https://www.imdb.com/title/tt0390961/
tt0392039	https://www.imdb.com/title/tt0392039/
tt0392058	https://www.imdb.com/title/tt0392058/
tt0392157	https://www.imdb.com/title/tt0392157/
tt0392268	https://www.imdb.com/title/tt0392268/
tt0392296	https://www.imdb.com/title/tt0392296/
tt0392347	https://www.imdb.com/title/tt0392347/
tt0392423	https://www.imdb.com/title/tt0392423/
tt0392476	https://www.imdb.com/title/tt0392476/
tt0392668	https://www.imdb.com/title/tt0392668/
tt0393740	https://www.imdb.com/title/tt0393740/
tt0393920	https://www.imdb.com/title/tt0393920/
tt0396956	https://www.imdb.com/title/tt0396956/
tt0397713	https://www.imdb.com/title/tt0397713/
tt0397934	https://www.imdb.com/title/tt0397934/
tt0398020	https://www.imdb.com/title/tt0398020/
tt0398105	https://www.imdb.com/title/tt0398105/
tt0398250	https://www.imdb.com/title/tt0398250/
tt0398314	https://www.imdb.com/title/tt0398314/
tt0402285	https://www.imdb.com/title/tt0402285/
tt0411735	https://www.imdb.com/title/tt0411735/
tt0418116	https://www.imdb.com/title/tt0418116/
tt0433893	https://www.imdb.com/title/tt0433893/
tt0434148	https://www.imdb.com/title/tt0434148/
tt0438483	https://www.imdb.com/title/tt0438483/
tt0439026	https://www.imdb.com/title/tt0439026/
tt0439184	https://www.imdb.com/title/tt0439184/
tt0442222	https://www.imdb.com/title/tt0442222/
tt0443285	https://www.imdb.com/title/tt0443285/
tt0444597	https://www.imdb.com/title/tt0444597/
tt0446515	https://www.imdb.com/title/tt0446515/
tt0450132	https://www.imdb.com/title/tt0450132/
tt0453660	https://www.imdb.com/title/tt0453660/
tt0453720	https://www.imdb.com/title/tt0453720/
tt0453737	https://www.imdb.com/title/tt0453737/
tt0453875	https://www.imdb.com/title/tt0453875/
tt0453876	https://www.imdb.com/title/tt0453876/
tt0456640	https://www.imdb.com/title/tt0456640/
tt0457907	https://www.imdb.com/title/tt0457907/
tt0458016	https://www.imdb.com/title/tt0458016/
tt0459037	https://www.imdb.com/title/tt0459037/
tt0461535	https://www.imdb.com/title/tt0461535/
tt0461568	https://www.imdb.com/title/tt0461568/
tt0465231	https://www.imdb.com/title/tt0465231/
tt0465295	https://www.imdb.com/title/tt0465295/
tt0472381	https://www.imdb.com/title/tt0472381/
tt0472813	https://www.imdb.com/title/tt0472813/
tt0473077	https://www.imdb.com/title/tt0473077/
tt0477584	https://www.imdb.com/title/tt0477584/
tt0477910	https://www.imdb.com/title/tt0477910/
tt0477921	https://www.imdb.com/title/tt0477921/
tt0482721	https://www.imdb.com/title/tt0482721/
tt0482971	https://www.imdb.com/title/tt0482971/
tt0482979	https://www.imdb.com/title/tt0482979/
tt0482981	https://www.imdb.com/title/tt0482981/
tt0483198	https://www.imdb.com/title/tt0483198/
tt0485248	https://www.imdb.com/title/tt0485248/
tt0486359	https://www.imdb.com/title/tt0486359/
tt0486520	https://www.imdb.com/title/tt0486520/
tt0488370	https://www.imdb.com/title/tt0488370/
tt0488968	https://www.imdb.com/title/tt0488968/
tt0488973	https://www.imdb.com/title/tt0488973/
tt0489012	https://www.imdb.com/title/tt0489012/
tt0489029	https://www.imdb.com/title/tt0489029/
tt0489036	https://www.imdb.com/title/tt0489036/
tt0489792	https://www.imdb.com/title/tt0489792/
tt0489960	https://www.imdb.com/title/tt0489960/
tt0490217	https://www.imdb.com/title/tt0490217/
tt0490515	https://www.imdb.com/title/tt0490515/
tt0490516	https://www.imdb.com/title/tt0490516/
tt0490524	https://www.imdb.com/title/tt0490524/
tt0492031	https://www.imdb.com/title/tt0492031/
tt0494486	https://www.imdb.com/title/tt0494486/
tt0494702	https://www.imdb.com/title/tt0494702/
tt0496701	https://www.imdb.com/title/tt0496701/
tt0497829	https://www.imdb.com/title/tt0497829/
tt0498714	https://www.imdb.com/title/tt0498714/
tt0499012	https://www.imdb.com/title/tt0499012/
tt0499131	https://www.imdb.com/title/tt0499131/
tt0757886	https://www.imdb.com/title/tt0757886/
tt0764712	https://www.imdb.com/title/tt0764712/
tt0794160	https://www.imdb.com/title/tt0794160/
tt0798856	https://www.imdb.com/title/tt0798856/
tt0809320	https://www.imdb.com/title/tt0809320/
tt0821952	https://www.imdb.com/title/tt0821952/
tt0822044	https://www.imdb.com/title/tt0822044/
tt0825262	https://www.imdb.com/title/tt0825262/
tt0828018	https://www.imdb.com/title/tt0828018/
tt0830893	https://www.imdb.com/title/tt0830893/
tt0830925	https://www.imdb.com/title/tt0830925/
tt0847065	https://www.imdb.com/title/tt0847065/
tt0848214	https://www.imdb.com/title/tt0848214/
tt0848215	https://www.imdb.com/title/tt0848215/
tt0851422	https://www.imdb.com/title/tt0851422/
tt0851424	https://www.imdb.com/title/tt0851424/
tt0851526	https://www.imdb.com/title/tt0851526/
tt0860377	https://www.imdb.com/title/tt0860377/
tt0870957	https://www.imdb.com/title/tt0870957/
tt0891587	https://www.imdb.com/title/tt0891587/
tt0898310	https://www.imdb.com/title/tt0898310/
tt0903979	https://www.imdb.com/title/tt0903979/
tt0904018	https://www.imdb.com/title/tt0904018/
tt0907782	https://www.imdb.com/title/tt0907782/
tt0922898	https://www.imdb.com/title/tt0922898/
tt0923006	https://www.imdb.com/title/tt0923006/
tt0923029	https://www.imdb.com/title/tt0923029/
tt0923687	https://www.imdb.com/title/tt0923687/
tt0924286	https://www.imdb.com/title/tt0924286/
tt0925078	https://www.imdb.com/title/tt0925078/
tt0927144	https://www.imdb.com/title/tt0927144/
tt0928031	https://www.imdb.com/title/tt0928031/
tt0928048	https://www.imdb.com/title/tt0928048/
tt0928060	https://www.imdb.com/title/tt0928060/
tt0929416	https://www.imdb.com/title/tt0929416/
tt0938611	https://www.imdb.com/title/tt0938611/
tt0938652	https://www.imdb.com/title/tt0938652/
tt0938673	https://www.imdb.com/title/tt0938673/
tt0938700	https://www.imdb.com/title/tt0938700/
tt0938757	https://www.imdb.com/title/tt0938757/
tt0938770	https://www.imdb.com/title/tt0938770/
tt0943470	https://www.imdb.com/title/tt0943470/
tt0953356	https://www.imdb.com/title/tt0953356/
tt0953487	https://www.imdb.com/title/tt0953487/
tt0953499	https://www.imdb.com/title/tt0953499/
tt0953914	https://www.imdb.com/title/tt0953914/
tt0955234	https://www.imdb.com/title/tt0955234/
tt0955316	https://www.imdb.com/title/tt0955316/
tt0956119	https://www.imdb.com/title/tt0956119/
tt0959514	https://www.imdb.com/title/tt0959514/
tt0961166	https://www.imdb.com/title/tt0961166/
tt0963275	https://www.imdb.com/title/tt0963275/
tt0963322	https://www.imdb.com/title/tt0963322/
tt0963323	https://www.imdb.com/title/tt0963323/
tt0964502	https://www.imdb.com/title/tt0964502/
tt0967542	https://www.imdb.com/title/tt0967542/
tt0989028	https://www.imdb.com/title/tt0989028/
tt0996941	https://www.imdb.com/title/tt0996941/
tt0997339	https://www.imdb.com/title/tt0997339/
tt0997394	https://www.imdb.com/title/tt0997394/
tt1000141	https://www.imdb.com/title/tt1000141/
tt1019945	https://www.imdb.com/title/tt1019945/
tt1020046	https://www.imdb.com/title/tt1020046/
tt1032865	https://www.imdb.com/title/tt1032865/
tt1037698	https://www.imdb.com/title/tt1037698/
tt1037771	https://www.imdb.com/title/tt1037771/
tt1041701	https://www.imdb.com/title/tt1041701/
tt1041799	https://www.imdb.com/title/tt1041799/
tt1042321	https://www.imdb.com/title/tt1042321/
tt1042477	https://www.imdb.com/title/tt1042477/
tt1042493	https://www.imdb.com/title/tt1042493/
tt1042534	https://www.imdb.com/title/tt1042534/
tt1045153	https://www.imdb.com/title/tt1045153/
tt1045202	https://www.imdb.com/title/tt1045202/
tt1047644	https://www.imdb.com/title/tt1047644/
tt1049193	https://www.imdb.com/title/tt1049193/
tt1050145	https://www.imdb.com/title/tt1050145/
tt1053987	https://www.imdb.com/title/tt1053987/
tt1057985	https://www.imdb.com/title/tt1057985/
tt1058715	https://www.imdb.com/title/tt1058715/
tt1063075	https://www.imdb.com/title/tt1063075/
tt1063083	https://www.imdb.com/title/tt1063083/
tt1063660	https://www.imdb.com/title/tt1063660/
tt1065497	https://www.imdb.com/title/tt1065497/
tt1067730	https://www.imdb.com/title/tt1067730/
tt1070774	https://www.imdb.com/title/tt1070774/
tt1070880	https://www.imdb.com/title/tt1070880/
tt1071933	https://www.imdb.com/title/tt1071933/
tt1072657	https://www.imdb.com/title/tt1072657/
tt1072712	https://www.imdb.com/title/tt1072712/
tt1080940	https://www.imdb.com/title/tt1080940/
tt1082821	https://www.imdb.com/title/tt1082821/
tt1085451	https://www.imdb.com/title/tt1085451/
tt1087634	https://www.imdb.com/title/tt1087634/
tt1092352	https://www.imdb.com/title/tt1092352/
tt1096908	https://www.imdb.com/title/tt1096908/
tt11007000	https://www.imdb.com/title/tt11007000/
tt1102349	https://www.imdb.com/title/tt1102349/
tt1112864	https://www.imdb.com/title/tt1112864/
tt11423386	https://www.imdb.com/title/tt11423386/
tt1158897	https://www.imdb.com/title/tt1158897/
tt1158917	https://www.imdb.com/title/tt1158917/
tt1160705	https://www.imdb.com/title/tt1160705/
tt1160706	https://www.imdb.com/title/tt1160706/
tt1160707	https://www.imdb.com/title/tt1160707/
tt1160744	https://www.imdb.com/title/tt1160744/
tt1160745	https://www.imdb.com/title/tt1160745/
tt1160747	https://www.imdb.com/title/tt1160747/
tt1160982	https://www.imdb.com/title/tt1160982/
tt1161009	https://www.imdb.com/title/tt1161009/
tt1161023	https://www.imdb.com/title/tt1161023/
tt1161024	https://www.imdb.com/title/tt1161024/
tt1161026	https://www.imdb.com/title/tt1161026/
tt1161027	https://www.imdb.com/title/tt1161027/
tt1161042	https://www.imdb.com/title/tt1161042/
tt1161043	https://www.imdb.com/title/tt1161043/
tt1161044	https://www.imdb.com/title/tt1161044/
tt1161076	https://www.imdb.com/title/tt1161076/
tt1162013	https://www.imdb.com/title/tt1162013/
tt1162014	https://www.imdb.com/title/tt1162014/
tt1162020	https://www.imdb.com/title/tt1162020/
tt1162033	https://www.imdb.com/title/tt1162033/
tt1162036	https://www.imdb.com/title/tt1162036/
tt1162044	https://www.imdb.com/title/tt1162044/
tt1162049	https://www.imdb.com/title/tt1162049/
tt1162056	https://www.imdb.com/title/tt1162056/
tt1162057	https://www.imdb.com/title/tt1162057/
tt1162058	https://www.imdb.com/title/tt1162058/
tt1162118	https://www.imdb.com/title/tt1162118/
tt1162128	https://www.imdb.com/title/tt1162128/
tt1162129	https://www.imdb.com/title/tt1162129/
tt1162136	https://www.imdb.com/title/tt1162136/
tt1162144	https://www.imdb.com/title/tt1162144/
tt1162145	https://www.imdb.com/title/tt1162145/
tt1162147	https://www.imdb.com/title/tt1162147/
tt1162148	https://www.imdb.com/title/tt1162148/
tt1162150	https://www.imdb.com/title/tt1162150/
tt1163266	https://www.imdb.com/title/tt1163266/
tt1163345	https://www.imdb.com/title/tt1163345/
tt1163839	https://www.imdb.com/title/tt1163839/
tt1168690	https://www.imdb.com/title/tt1168690/
tt1168765	https://www.imdb.com/title/tt1168765/
tt1172621	https://www.imdb.com/title/tt1172621/
tt1176644	https://www.imdb.com/title/tt1176644/
tt1176662	https://www.imdb.com/title/tt1176662/
tt1178088	https://www.imdb.com/title/tt1178088/
tt1180799	https://www.imdb.com/title/tt1180799/
tt1182916	https://www.imdb.com/title/tt1182916/
tt1182927	https://www.imdb.com/title/tt1182927/
tt1182933	https://www.imdb.com/title/tt1182933/
tt1182969	https://www.imdb.com/title/tt1182969/
tt1184697	https://www.imdb.com/title/tt1184697/
tt1187341	https://www.imdb.com/title/tt1187341/
tt11892942	https://www.imdb.com/title/tt11892942/
tt1189323	https://www.imdb.com/title/tt1189323/
tt1189328	https://www.imdb.com/title/tt1189328/
tt1189330	https://www.imdb.com/title/tt1189330/
tt1189360	https://www.imdb.com/title/tt1189360/
tt1192007	https://www.imdb.com/title/tt1192007/
tt1192126	https://www.imdb.com/title/tt1192126/
tt1193574	https://www.imdb.com/title/tt1193574/
tt1193619	https://www.imdb.com/title/tt1193619/
tt1199619	https://www.imdb.com/title/tt1199619/
tt1208001	https://www.imdb.com/title/tt1208001/
tt1213708	https://www.imdb.com/title/tt1213708/
tt1213709	https://www.imdb.com/title/tt1213709/
tt1215869	https://www.imdb.com/title/tt1215869/
tt1215899	https://www.imdb.com/title/tt1215899/
tt1220646	https://www.imdb.com/title/tt1220646/
tt1221994	https://www.imdb.com/title/tt1221994/
tt12241282	https://www.imdb.com/title/tt12241282/
tt1230300	https://www.imdb.com/title/tt1230300/
tt1258733	https://www.imdb.com/title/tt1258733/
tt12619150	https://www.imdb.com/title/tt12619150/
tt1263046	https://www.imdb.com/title/tt1263046/
tt1305717	https://www.imdb.com/title/tt1305717/
tt1315375	https://www.imdb.com/title/tt1315375/
tt1327752	https://www.imdb.com/title/tt1327752/
tt1329098	https://www.imdb.com/title/tt1329098/
tt1389317	https://www.imdb.com/title/tt1389317/
tt13938116	https://www.imdb.com/title/tt13938116/
tt13938454	https://www.imdb.com/title/tt13938454/
tt1407202	https://www.imdb.com/title/tt1407202/
tt1407203	https://www.imdb.com/title/tt1407203/
tt14083676	https://www.imdb.com/title/tt14083676/
tt1409094	https://www.imdb.com/title/tt1409094/
tt14112770	https://www.imdb.com/title/tt14112770/
tt1411889	https://www.imdb.com/title/tt1411889/
tt14197380	https://www.imdb.com/title/tt14197380/
tt1427001	https://www.imdb.com/title/tt1427001/
tt1431232	https://www.imdb.com/title/tt1431232/
tt14332532	https://www.imdb.com/title/tt14332532/
tt1445623	https://www.imdb.com/title/tt1445623/
tt1448533	https://www.imdb.com/title/tt1448533/
tt1459909	https://www.imdb.com/title/tt1459909/
tt1467019	https://www.imdb.com/title/tt1467019/
tt1469338	https://www.imdb.com/title/tt1469338/
tt14797326	https://www.imdb.com/title/tt14797326/
tt1495779	https://www.imdb.com/title/tt1495779/
tt1498738	https://www.imdb.com/title/tt1498738/
tt1519285	https://www.imdb.com/title/tt1519285/
tt1537853	https://www.imdb.com/title/tt1537853/
tt1555950	https://www.imdb.com/title/tt1555950/
tt1567384	https://www.imdb.com/title/tt1567384/
tt1569447	https://www.imdb.com/title/tt1569447/
tt1570553	https://www.imdb.com/title/tt1570553/
tt1570607	https://www.imdb.com/title/tt1570607/
tt1576435	https://www.imdb.com/title/tt1576435/
tt1582544	https://www.imdb.com/title/tt1582544/
tt1584801	https://www.imdb.com/title/tt1584801/
tt1587842	https://www.imdb.com/title/tt1587842/
tt1591066	https://www.imdb.com/title/tt1591066/
tt1598553	https://www.imdb.com/title/tt1598553/
tt1603881	https://www.imdb.com/title/tt1603881/
tt1608264	https://www.imdb.com/title/tt1608264/
tt1608331	https://www.imdb.com/title/tt1608331/
tt1608335	https://www.imdb.com/title/tt1608335/
tt16102516	https://www.imdb.com/title/tt16102516/
tt1611197	https://www.imdb.com/title/tt1611197/
tt1612137	https://www.imdb.com/title/tt1612137/
tt1615017	https://www.imdb.com/title/tt1615017/
tt1615073	https://www.imdb.com/title/tt1615073/
tt16151968	https://www.imdb.com/title/tt16151968/
tt1620423	https://www.imdb.com/title/tt1620423/
tt1620426	https://www.imdb.com/title/tt1620426/
tt1620427	https://www.imdb.com/title/tt1620427/
tt1620433	https://www.imdb.com/title/tt1620433/
tt1620445	https://www.imdb.com/title/tt1620445/
tt1620462	https://www.imdb.com/title/tt1620462/
tt1620463	https://www.imdb.com/title/tt1620463/
tt1620473	https://www.imdb.com/title/tt1620473/
tt1620491	https://www.imdb.com/title/tt1620491/
tt1620496	https://www.imdb.com/title/tt1620496/
tt1620507	https://www.imdb.com/title/tt1620507/
tt1620551	https://www.imdb.com/title/tt1620551/
tt1620555	https://www.imdb.com/title/tt1620555/
tt1620559	https://www.imdb.com/title/tt1620559/
tt1620610	https://www.imdb.com/title/tt1620610/
tt1620615	https://www.imdb.com/title/tt1620615/
tt1620640	https://www.imdb.com/title/tt1620640/
tt1620641	https://www.imdb.com/title/tt1620641/
tt1626138	https://www.imdb.com/title/tt1626138/
tt1626952	https://www.imdb.com/title/tt1626952/
tt1630040	https://www.imdb.com/title/tt1630040/
tt1634302	https://www.imdb.com/title/tt1634302/
tt1662705	https://www.imdb.com/title/tt1662705/
tt1662706	https://www.imdb.com/title/tt1662706/
tt1662707	https://www.imdb.com/title/tt1662707/
tt1662708	https://www.imdb.com/title/tt1662708/
tt1663132	https://www.imdb.com/title/tt1663132/
tt1663892	https://www.imdb.com/title/tt1663892/
tt1663893	https://www.imdb.com/title/tt1663893/
tt1663898	https://www.imdb.com/title/tt1663898/
tt1663899	https://www.imdb.com/title/tt1663899/
tt1663908	https://www.imdb.com/title/tt1663908/
tt1663909	https://www.imdb.com/title/tt1663909/
tt1663913	https://www.imdb.com/title/tt1663913/
tt1663916	https://www.imdb.com/title/tt1663916/
tt1663919	https://www.imdb.com/title/tt1663919/
tt1663923	https://www.imdb.com/title/tt1663923/
tt1663936	https://www.imdb.com/title/tt1663936/
tt1665981	https://www.imdb.com/title/tt1665981/
tt1665982	https://www.imdb.com/title/tt1665982/
tt1665983	https://www.imdb.com/title/tt1665983/
tt1665984	https://www.imdb.com/title/tt1665984/
tt1665985	https://www.imdb.com/title/tt1665985/
tt1665987	https://www.imdb.com/title/tt1665987/
tt1665988	https://www.imdb.com/title/tt1665988/
tt1665989	https://www.imdb.com/title/tt1665989/
tt1665990	https://www.imdb.com/title/tt1665990/
tt1666013	https://www.imdb.com/title/tt1666013/
tt1666043	https://www.imdb.com/title/tt1666043/
tt1666070	https://www.imdb.com/title/tt1666070/
tt1666075	https://www.imdb.com/title/tt1666075/
tt1666118	https://www.imdb.com/title/tt1666118/
tt1666122	https://www.imdb.com/title/tt1666122/
tt1676927	https://www.imdb.com/title/tt1676927/
tt1676928	https://www.imdb.com/title/tt1676928/
tt1676951	https://www.imdb.com/title/tt1676951/
tt1676968	https://www.imdb.com/title/tt1676968/
tt1713986	https://www.imdb.com/title/tt1713986/
tt1729227	https://www.imdb.com/title/tt1729227/
tt1833020	https://www.imdb.com/title/tt1833020/
tt18378592	https://www.imdb.com/title/tt18378592/
tt1850432	https://www.imdb.com/title/tt1850432/
tt19117558	https://www.imdb.com/title/tt19117558/
tt19223694	https://www.imdb.com/title/tt19223694/
tt19264566	https://www.imdb.com/title/tt19264566/
tt19369248	https://www.imdb.com/title/tt19369248/
tt19699656	https://www.imdb.com/title/tt19699656/
tt2033992	https://www.imdb.com/title/tt2033992/
tt2033998	https://www.imdb.com/title/tt2033998/
tt2034004	https://www.imdb.com/title/tt2034004/
tt2034061	https://www.imdb.com/title/tt2034061/
tt2034645	https://www.imdb.com/title/tt2034645/
tt2034702	https://www.imdb.com/title/tt2034702/
tt2034709	https://www.imdb.com/title/tt2034709/
tt2034775	https://www.imdb.com/title/tt2034775/
tt2034814	https://www.imdb.com/title/tt2034814/
tt2034833	https://www.imdb.com/title/tt2034833/
tt2035482	https://www.imdb.com/title/tt2035482/
tt2035483	https://www.imdb.com/title/tt2035483/
tt2072138	https://www.imdb.com/title/tt2072138/
tt21292580	https://www.imdb.com/title/tt21292580/
tt21481174	https://www.imdb.com/title/tt21481174/
tt21874076	https://www.imdb.com/title/tt21874076/
tt21878128	https://www.imdb.com/title/tt21878128/
tt2240084	https://www.imdb.com/title/tt2240084/
tt22942234	https://www.imdb.com/title/tt22942234/
tt22987494	https://www.imdb.com/title/tt22987494/
tt22988482	https://www.imdb.com/title/tt22988482/
tt23060762	https://www.imdb.com/title/tt23060762/
tt23123232	https://www.imdb.com/title/tt23123232/
tt23128512	https://www.imdb.com/title/tt23128512/
tt23136712	https://www.imdb.com/title/tt23136712/
tt2332350	https://www.imdb.com/title/tt2332350/
tt2346640	https://www.imdb.com/title/tt2346640/
tt2354251	https://www.imdb.com/title/tt2354251/
tt2354575	https://www.imdb.com/title/tt2354575/
tt2355973	https://www.imdb.com/title/tt2355973/
tt2397072	https://www.imdb.com/title/tt2397072/
tt2544932	https://www.imdb.com/title/tt2544932/
tt2558240	https://www.imdb.com/title/tt2558240/
tt27849574	https://www.imdb.com/title/tt27849574/
tt27925732	https://www.imdb.com/title/tt27925732/
tt28539417	https://www.imdb.com/title/tt28539417/
tt32117703	https://www.imdb.com/title/tt32117703/
tt3250788	https://www.imdb.com/title/tt3250788/
tt33042855	https://www.imdb.com/title/tt33042855/
tt33269384	https://www.imdb.com/title/tt33269384/
tt3384096	https://www.imdb.com/title/tt3384096/
tt3495246	https://www.imdb.com/title/tt3495246/
tt3531206	https://www.imdb.com/title/tt3531206/
tt3531276	https://www.imdb.com/title/tt3531276/
tt3734394	https://www.imdb.com/title/tt3734394/
tt3744872	https://www.imdb.com/title/tt3744872/
tt3744910	https://www.imdb.com/title/tt3744910/
tt3744956	https://www.imdb.com/title/tt3744956/
tt3744982	https://www.imdb.com/title/tt3744982/
tt3746680	https://www.imdb.com/title/tt3746680/
tt3746706	https://www.imdb.com/title/tt3746706/
tt3746866	https://www.imdb.com/title/tt3746866/
tt3748988	https://www.imdb.com/title/tt3748988/
tt3749020	https://www.imdb.com/title/tt3749020/
tt3749044	https://www.imdb.com/title/tt3749044/
tt3751384	https://www.imdb.com/title/tt3751384/
tt3751396	https://www.imdb.com/title/tt3751396/
tt3751628	https://www.imdb.com/title/tt3751628/
tt3751640	https://www.imdb.com/title/tt3751640/
tt3753370	https://www.imdb.com/title/tt3753370/
tt3753380	https://www.imdb.com/title/tt3753380/
tt3753392	https://www.imdb.com/title/tt3753392/
tt3754710	https://www.imdb.com/title/tt3754710/
tt3755012	https://www.imdb.com/title/tt3755012/
tt3755048	https://www.imdb.com/title/tt3755048/
tt3755324	https://www.imdb.com/title/tt3755324/
tt3755364	https://www.imdb.com/title/tt3755364/
tt3774962	https://www.imdb.com/title/tt3774962/
tt3780250	https://www.imdb.com/title/tt3780250/
tt3894906	https://www.imdb.com/title/tt3894906/
tt4578172	https://www.imdb.com/title/tt4578172/
tt4594176	https://www.imdb.com/title/tt4594176/
tt4594192	https://www.imdb.com/title/tt4594192/
tt4594238	https://www.imdb.com/title/tt4594238/
tt4596428	https://www.imdb.com/title/tt4596428/
tt4596540	https://www.imdb.com/title/tt4596540/
tt4596952	https://www.imdb.com/title/tt4596952/
tt4598142	https://www.imdb.com/title/tt4598142/
tt4598200	https://www.imdb.com/title/tt4598200/
tt4598228	https://www.imdb.com/title/tt4598228/
tt4598242	https://www.imdb.com/title/tt4598242/
tt4598284	https://www.imdb.com/title/tt4598284/
tt4598320	https://www.imdb.com/title/tt4598320/
tt4598354	https://www.imdb.com/title/tt4598354/
tt4598814	https://www.imdb.com/title/tt4598814/
tt4598818	https://www.imdb.com/title/tt4598818/
tt4598830	https://www.imdb.com/title/tt4598830/
tt4600418	https://www.imdb.com/title/tt4600418/
tt4600420	https://www.imdb.com/title/tt4600420/
tt4603472	https://www.imdb.com/title/tt4603472/
tt4603484	https://www.imdb.com/title/tt4603484/
tt4603562	https://www.imdb.com/title/tt4603562/
tt4610182	https://www.imdb.com/title/tt4610182/
tt4610194	https://www.imdb.com/title/tt4610194/
tt4610208	https://www.imdb.com/title/tt4610208/
tt4610218	https://www.imdb.com/title/tt4610218/
tt4610220	https://www.imdb.com/title/tt4610220/
tt4610230	https://www.imdb.com/title/tt4610230/
tt4610454	https://www.imdb.com/title/tt4610454/
tt4610458	https://www.imdb.com/title/tt4610458/
tt4610484	https://www.imdb.com/title/tt4610484/
tt4613416	https://www.imdb.com/title/tt4613416/
tt4613532	https://www.imdb.com/title/tt4613532/
tt4613568	https://www.imdb.com/title/tt4613568/
tt4613602	https://www.imdb.com/title/tt4613602/
tt4613652	https://www.imdb.com/title/tt4613652/
tt4615290	https://www.imdb.com/title/tt4615290/
tt4615292	https://www.imdb.com/title/tt4615292/
tt4615296	https://www.imdb.com/title/tt4615296/
tt4615320	https://www.imdb.com/title/tt4615320/
tt4615332	https://www.imdb.com/title/tt4615332/
tt4618684	https://www.imdb.com/title/tt4618684/
tt4618688	https://www.imdb.com/title/tt4618688/
tt4618790	https://www.imdb.com/title/tt4618790/
tt4618826	https://www.imdb.com/title/tt4618826/
tt4618828	https://www.imdb.com/title/tt4618828/
tt4618838	https://www.imdb.com/title/tt4618838/
tt4618870	https://www.imdb.com/title/tt4618870/
tt4618876	https://www.imdb.com/title/tt4618876/
tt4620890	https://www.imdb.com/title/tt4620890/
tt4620928	https://www.imdb.com/title/tt4620928/
tt4620960	https://www.imdb.com/title/tt4620960/
tt4621042	https://www.imdb.com/title/tt4621042/
tt4621062	https://www.imdb.com/title/tt4621062/
tt4621158	https://www.imdb.com/title/tt4621158/
tt4621162	https://www.imdb.com/title/tt4621162/
tt4623010	https://www.imdb.com/title/tt4623010/
tt4623044	https://www.imdb.com/title/tt4623044/
tt4623058	https://www.imdb.com/title/tt4623058/
tt4623080	https://www.imdb.com/title/tt4623080/
tt4625382	https://www.imdb.com/title/tt4625382/
tt4625444	https://www.imdb.com/title/tt4625444/
tt4625450	https://www.imdb.com/title/tt4625450/
tt4625470	https://www.imdb.com/title/tt4625470/
tt4625646	https://www.imdb.com/title/tt4625646/
tt4625652	https://www.imdb.com/title/tt4625652/
tt4625684	https://www.imdb.com/title/tt4625684/
tt4625712	https://www.imdb.com/title/tt4625712/
tt4625742	https://www.imdb.com/title/tt4625742/
tt4625746	https://www.imdb.com/title/tt4625746/
tt4631530	https://www.imdb.com/title/tt4631530/
tt4631538	https://www.imdb.com/title/tt4631538/
tt4631544	https://www.imdb.com/title/tt4631544/
tt4631564	https://www.imdb.com/title/tt4631564/
tt4631606	https://www.imdb.com/title/tt4631606/
tt4631970	https://www.imdb.com/title/tt4631970/
tt4631988	https://www.imdb.com/title/tt4631988/
tt4635018	https://www.imdb.com/title/tt4635018/
tt4635032	https://www.imdb.com/title/tt4635032/
tt4635094	https://www.imdb.com/title/tt4635094/
tt4636374	https://www.imdb.com/title/tt4636374/
tt4636686	https://www.imdb.com/title/tt4636686/
tt4636694	https://www.imdb.com/title/tt4636694/
tt4641640	https://www.imdb.com/title/tt4641640/
tt4641684	https://www.imdb.com/title/tt4641684/
tt4641692	https://www.imdb.com/title/tt4641692/
tt4641702	https://www.imdb.com/title/tt4641702/
tt4641704	https://www.imdb.com/title/tt4641704/
tt4641710	https://www.imdb.com/title/tt4641710/
tt4641714	https://www.imdb.com/title/tt4641714/
tt4641718	https://www.imdb.com/title/tt4641718/
tt4641770	https://www.imdb.com/title/tt4641770/
tt4641792	https://www.imdb.com/title/tt4641792/
tt4641818	https://www.imdb.com/title/tt4641818/
tt4641878	https://www.imdb.com/title/tt4641878/
tt4641914	https://www.imdb.com/title/tt4641914/
tt4649926	https://www.imdb.com/title/tt4649926/
tt4649952	https://www.imdb.com/title/tt4649952/
tt4650066	https://www.imdb.com/title/tt4650066/
tt4650080	https://www.imdb.com/title/tt4650080/
tt4650092	https://www.imdb.com/title/tt4650092/
tt4650366	https://www.imdb.com/title/tt4650366/
tt4651120	https://www.imdb.com/title/tt4651120/
tt4652330	https://www.imdb.com/title/tt4652330/
tt4652386	https://www.imdb.com/title/tt4652386/
tt4652398	https://www.imdb.com/title/tt4652398/
tt4652410	https://www.imdb.com/title/tt4652410/
tt4652464	https://www.imdb.com/title/tt4652464/
tt4652472	https://www.imdb.com/title/tt4652472/
tt4654740	https://www.imdb.com/title/tt4654740/
tt4654758	https://www.imdb.com/title/tt4654758/
tt4654822	https://www.imdb.com/title/tt4654822/
tt4654890	https://www.imdb.com/title/tt4654890/
tt4654898	https://www.imdb.com/title/tt4654898/
tt4654916	https://www.imdb.com/title/tt4654916/
tt4654920	https://www.imdb.com/title/tt4654920/
tt4654992	https://www.imdb.com/title/tt4654992/
tt4655280	https://www.imdb.com/title/tt4655280/
tt4655306	https://www.imdb.com/title/tt4655306/
tt4655318	https://www.imdb.com/title/tt4655318/
tt4655334	https://www.imdb.com/title/tt4655334/
tt4655366	https://www.imdb.com/title/tt4655366/
tt4656724	https://www.imdb.com/title/tt4656724/
tt4656742	https://www.imdb.com/title/tt4656742/
tt4656824	https://www.imdb.com/title/tt4656824/
tt4656826	https://www.imdb.com/title/tt4656826/
tt4656832	https://www.imdb.com/title/tt4656832/
tt4656840	https://www.imdb.com/title/tt4656840/
tt4657022	https://www.imdb.com/title/tt4657022/
tt4663654	https://www.imdb.com/title/tt4663654/
tt4663690	https://www.imdb.com/title/tt4663690/
tt4663702	https://www.imdb.com/title/tt4663702/
tt4665422	https://www.imdb.com/title/tt4665422/
tt4665464	https://www.imdb.com/title/tt4665464/
tt4666554	https://www.imdb.com/title/tt4666554/
tt4667912	https://www.imdb.com/title/tt4667912/
tt4667916	https://www.imdb.com/title/tt4667916/
tt4667926	https://www.imdb.com/title/tt4667926/
tt4667940	https://www.imdb.com/title/tt4667940/
tt4667952	https://www.imdb.com/title/tt4667952/
tt4667958	https://www.imdb.com/title/tt4667958/
tt4667968	https://www.imdb.com/title/tt4667968/
tt4667994	https://www.imdb.com/title/tt4667994/
tt4668006	https://www.imdb.com/title/tt4668006/
tt4668020	https://www.imdb.com/title/tt4668020/
tt4668048	https://www.imdb.com/title/tt4668048/
tt4668778	https://www.imdb.com/title/tt4668778/
tt4668804	https://www.imdb.com/title/tt4668804/
tt4670702	https://www.imdb.com/title/tt4670702/
tt4670898	https://www.imdb.com/title/tt4670898/
tt4670956	https://www.imdb.com/title/tt4670956/
tt4671016	https://www.imdb.com/title/tt4671016/
tt4671024	https://www.imdb.com/title/tt4671024/
tt4671054	https://www.imdb.com/title/tt4671054/
tt4671068	https://www.imdb.com/title/tt4671068/
tt4671080	https://www.imdb.com/title/tt4671080/
tt4671094	https://www.imdb.com/title/tt4671094/
tt4674046	https://www.imdb.com/title/tt4674046/
tt4674074	https://www.imdb.com/title/tt4674074/
tt4674118	https://www.imdb.com/title/tt4674118/
tt4674204	https://www.imdb.com/title/tt4674204/
tt4674208	https://www.imdb.com/title/tt4674208/
tt4674236	https://www.imdb.com/title/tt4674236/
tt4674494	https://www.imdb.com/title/tt4674494/
tt4675966	https://www.imdb.com/title/tt4675966/
tt4676014	https://www.imdb.com/title/tt4676014/
tt4676330	https://www.imdb.com/title/tt4676330/
tt4676344	https://www.imdb.com/title/tt4676344/
tt4676426	https://www.imdb.com/title/tt4676426/
tt4676442	https://www.imdb.com/title/tt4676442/
tt4676584	https://www.imdb.com/title/tt4676584/
tt4676596	https://www.imdb.com/title/tt4676596/
tt4676630	https://www.imdb.com/title/tt4676630/
tt4676650	https://www.imdb.com/title/tt4676650/
tt4678820	https://www.imdb.com/title/tt4678820/
tt4678852	https://www.imdb.com/title/tt4678852/
tt4678952	https://www.imdb.com/title/tt4678952/
tt4679030	https://www.imdb.com/title/tt4679030/
tt4679048	https://www.imdb.com/title/tt4679048/
tt4680818	https://www.imdb.com/title/tt4680818/
tt4680830	https://www.imdb.com/title/tt4680830/
tt4680874	https://www.imdb.com/title/tt4680874/
tt4683684	https://www.imdb.com/title/tt4683684/
tt4683696	https://www.imdb.com/title/tt4683696/
tt4683702	https://www.imdb.com/title/tt4683702/
tt4683708	https://www.imdb.com/title/tt4683708/
tt4683710	https://www.imdb.com/title/tt4683710/
tt4683742	https://www.imdb.com/title/tt4683742/
tt4684428	https://www.imdb.com/title/tt4684428/
tt4686384	https://www.imdb.com/title/tt4686384/
tt4686428	https://www.imdb.com/title/tt4686428/
tt4689352	https://www.imdb.com/title/tt4689352/
tt4689364	https://www.imdb.com/title/tt4689364/
tt4689376	https://www.imdb.com/title/tt4689376/
tt4691110	https://www.imdb.com/title/tt4691110/
tt4691114	https://www.imdb.com/title/tt4691114/
tt4691118	https://www.imdb.com/title/tt4691118/
tt4691122	https://www.imdb.com/title/tt4691122/
tt4691142	https://www.imdb.com/title/tt4691142/
tt4691148	https://www.imdb.com/title/tt4691148/
tt4691442	https://www.imdb.com/title/tt4691442/
tt4691456	https://www.imdb.com/title/tt4691456/
tt4691488	https://www.imdb.com/title/tt4691488/
tt4691502	https://www.imdb.com/title/tt4691502/
tt4691544	https://www.imdb.com/title/tt4691544/
tt4695412	https://www.imdb.com/title/tt4695412/
tt4695430	https://www.imdb.com/title/tt4695430/
tt4700482	https://www.imdb.com/title/tt4700482/
tt4700548	https://www.imdb.com/title/tt4700548/
tt4703806	https://www.imdb.com/title/tt4703806/
tt4703820	https://www.imdb.com/title/tt4703820/
tt4703826	https://www.imdb.com/title/tt4703826/
tt4703834	https://www.imdb.com/title/tt4703834/
tt4703850	https://www.imdb.com/title/tt4703850/
tt4704340	https://www.imdb.com/title/tt4704340/
tt4704360	https://www.imdb.com/title/tt4704360/
tt4704376	https://www.imdb.com/title/tt4704376/
tt4704390	https://www.imdb.com/title/tt4704390/
tt4705688	https://www.imdb.com/title/tt4705688/
tt4709120	https://www.imdb.com/title/tt4709120/
tt4710878	https://www.imdb.com/title/tt4710878/
tt4710884	https://www.imdb.com/title/tt4710884/
tt4710896	https://www.imdb.com/title/tt4710896/
tt4710922	https://www.imdb.com/title/tt4710922/
tt4710930	https://www.imdb.com/title/tt4710930/
tt4710946	https://www.imdb.com/title/tt4710946/
tt4711366	https://www.imdb.com/title/tt4711366/
tt4711446	https://www.imdb.com/title/tt4711446/
tt4711464	https://www.imdb.com/title/tt4711464/
tt4711508	https://www.imdb.com/title/tt4711508/
tt4711596	https://www.imdb.com/title/tt4711596/
tt4711614	https://www.imdb.com/title/tt4711614/
tt4711644	https://www.imdb.com/title/tt4711644/
tt4711670	https://www.imdb.com/title/tt4711670/
tt4711674	https://www.imdb.com/title/tt4711674/
tt4711684	https://www.imdb.com/title/tt4711684/
tt4719132	https://www.imdb.com/title/tt4719132/
tt4719134	https://www.imdb.com/title/tt4719134/
tt4719142	https://www.imdb.com/title/tt4719142/
tt4719148	https://www.imdb.com/title/tt4719148/
tt4719194	https://www.imdb.com/title/tt4719194/
tt4719206	https://www.imdb.com/title/tt4719206/
tt4719452	https://www.imdb.com/title/tt4719452/
tt4719668	https://www.imdb.com/title/tt4719668/
tt4719868	https://www.imdb.com/title/tt4719868/
tt4719878	https://www.imdb.com/title/tt4719878/
tt4719892	https://www.imdb.com/title/tt4719892/
tt4719996	https://www.imdb.com/title/tt4719996/
tt4720014	https://www.imdb.com/title/tt4720014/
tt4720032	https://www.imdb.com/title/tt4720032/
tt4720052	https://www.imdb.com/title/tt4720052/
tt4721578	https://www.imdb.com/title/tt4721578/
tt4721700	https://www.imdb.com/title/tt4721700/
tt4721780	https://www.imdb.com/title/tt4721780/
tt4721814	https://www.imdb.com/title/tt4721814/
tt4721884	https://www.imdb.com/title/tt4721884/
tt4722398	https://www.imdb.com/title/tt4722398/
tt4722428	https://www.imdb.com/title/tt4722428/
tt4722452	https://www.imdb.com/title/tt4722452/
tt4722474	https://www.imdb.com/title/tt4722474/
tt4722490	https://www.imdb.com/title/tt4722490/
tt4722562	https://www.imdb.com/title/tt4722562/
tt4722582	https://www.imdb.com/title/tt4722582/
tt4722642	https://www.imdb.com/title/tt4722642/
tt4722652	https://www.imdb.com/title/tt4722652/
tt4722670	https://www.imdb.com/title/tt4722670/
tt4722692	https://www.imdb.com/title/tt4722692/
tt4723838	https://www.imdb.com/title/tt4723838/
tt4723844	https://www.imdb.com/title/tt4723844/
tt4723846	https://www.imdb.com/title/tt4723846/
tt4723850	https://www.imdb.com/title/tt4723850/
tt4723886	https://www.imdb.com/title/tt4723886/
tt4723890	https://www.imdb.com/title/tt4723890/
tt4723904	https://www.imdb.com/title/tt4723904/
tt4723912	https://www.imdb.com/title/tt4723912/
tt4726114	https://www.imdb.com/title/tt4726114/
tt4989632	https://www.imdb.com/title/tt4989632/
tt5089088	https://www.imdb.com/title/tt5089088/
tt5153486	https://www.imdb.com/title/tt5153486/
tt5905778	https://www.imdb.com/title/tt5905778/
tt5921378	https://www.imdb.com/title/tt5921378/
tt5960088	https://www.imdb.com/title/tt5960088/
tt6279534	https://www.imdb.com/title/tt6279534/
tt6279568	https://www.imdb.com/title/tt6279568/
tt6279638	https://www.imdb.com/title/tt6279638/
tt6372508	https://www.imdb.com/title/tt6372508/
tt6839454	https://www.imdb.com/title/tt6839454/
tt7340892	https://www.imdb.com/title/tt7340892/
tt7395224	https://www.imdb.com/title/tt7395224/
tt7775528	https://www.imdb.com/title/tt7775528/
tt8331816	https://www.imdb.com/title/tt8331816/
tt8991462	https://www.imdb.com/title/tt8991462/
tt9006384	https://www.imdb.com/title/tt9006384/
tt9006386	https://www.imdb.com/title/tt9006386/
tt9006388	https://www.imdb.com/title/tt9006388/
tt9211922	https://www.imdb.com/title/tt9211922/
tt9487244	https://www.imdb.com/title/tt9487244/
