tconst	imdb_url
tt0021994	https://www.imdb.com/title/tt0021994/
tt0022139	https://www.imdb.com/title/tt0022139/
tt0026415	https://www.imdb.com/title/tt0026415/
tt0026639	https://www.imdb.com/title/tt0026639/
tt0027268	https://www.imdb.com/title/tt0027268/
tt0027309	https://www.imdb.com/title/tt0027309/
tt0027624	https://www.imdb.com/title/tt0027624/
tt0028088	https://www.imdb.com/title/tt0028088/
tt0028228	https://www.imdb.com/title/tt0028228/
tt0028468	https://www.imdb.com/title/tt0028468/
tt0028472	https://www.imdb.com/title/tt0028472/
tt0028545	https://www.imdb.com/title/tt0028545/
tt0028548	https://www.imdb.com/title/tt0028548/
tt0028551	https://www.imdb.com/title/tt0028551/
tt0028556	https://www.imdb.com/title/tt0028556/
tt0028589	https://www.imdb.com/title/tt0028589/
tt0028620	https://www.imdb.com/title/tt0028620/
tt0028684	https://www.imdb.com/title/tt0028684/
tt0028716	https://www.imdb.com/title/tt0028716/
tt0028721	https://www.imdb.com/title/tt0028721/
tt0028741	https://www.imdb.com/title/tt0028741/
tt0028769	https://www.imdb.com/title/tt0028769/
tt0028809	https://www.imdb.com/title/tt0028809/
tt0028822	https://www.imdb.com/title/tt0028822/
tt0028828	https://www.imdb.com/title/tt0028828/
tt0028848	https://www.imdb.com/title/tt0028848/
tt0028862	https://www.imdb.com/title/tt0028862/
tt0028885	https://www.imdb.com/title/tt0028885/
tt0028916	https://www.imdb.com/title/tt0028916/
tt0028923	https://www.imdb.com/title/tt0028923/
tt0028942	https://www.imdb.com/title/tt0028942/
tt0028977	https://www.imdb.com/title/tt0028977/
tt0028990	https://www.imdb.com/title/tt0028990/
tt0028994	https://www.imdb.com/title/tt0028994/
tt0029012	https://www.imdb.com/title/tt0029012/
tt0029045	https://www.imdb.com/title/tt0029045/
tt0029047	https://www.imdb.com/title/tt0029047/
tt0029098	https://www.imdb.com/title/tt0029098/
tt0029115	https://www.imdb.com/title/tt0029115/
tt0029186	https://www.imdb.com/title/tt0029186/
tt0029215	https://www.imdb.com/title/tt0029215/
tt0029266	https://www.imdb.com/title/tt0029266/
tt0029275	https://www.imdb.com/title/tt0029275/
tt0029307	https://www.imdb.com/title/tt0029307/
tt0029323	https://www.imdb.com/title/tt0029323/
tt0029337	https://www.imdb.com/title/tt0029337/
tt0029356	https://www.imdb.com/title/tt0029356/
tt0029503	https://www.imdb.com/title/tt0029503/
tt0029569	https://www.imdb.com/title/tt0029569/
tt0029607	https://www.imdb.com/title/tt0029607/
tt0029627	https://www.imdb.com/title/tt0029627/
tt0029639	https://www.imdb.com/title/tt0029639/
tt0029722	https://www.imdb.com/title/tt0029722/
tt0029726	https://www.imdb.com/title/tt0029726/
tt0029814	https://www.imdb.com/title/tt0029814/
tt0029821	https://www.imdb.com/title/tt0029821/
tt0029826	https://www.imdb.com/title/tt0029826/
tt0029831	https://www.imdb.com/title/tt0029831/
tt0029834	https://www.imdb.com/title/tt0029834/
tt0029835	https://www.imdb.com/title/tt0029835/
tt0029836	https://www.imdb.com/title/tt0029836/
tt0029837	https://www.imdb.com/title/tt0029837/
tt0029840	https://www.imdb.com/title/tt0029840/
tt0029841	https://www.imdb.com/title/tt0029841/
tt0029842	https://www.imdb.com/title/tt0029842/
tt0029843	https://www.imdb.com/title/tt0029843/
tt0029844	https://www.imdb.com/title/tt0029844/
tt0029845	https://www.imdb.com/title/tt0029845/
tt0029847	https://www.imdb.com/title/tt0029847/
tt0029850	https://www.imdb.com/title/tt0029850/
tt0029851	https://www.imdb.com/title/tt0029851/
tt0029852	https://www.imdb.com/title/tt0029852/
tt0029853	https://www.imdb.com/title/tt0029853/
tt0029854	https://www.imdb.com/title/tt0029854/
tt0029855	https://www.imdb.com/title/tt0029855/
tt0029857	https://www.imdb.com/title/tt0029857/
tt0029858	https://www.imdb.com/title/tt0029858/
tt0029860	https://www.imdb.com/title/tt0029860/
tt0029861	https://www.imdb.com/title/tt0029861/
tt0029862	https://www.imdb.com/title/tt0029862/
tt0029863	https://www.imdb.com/title/tt0029863/
tt0029864	https://www.imdb.com/title/tt0029864/
tt0029865	https://www.imdb.com/title/tt0029865/
tt0029866	https://www.imdb.com/title/tt0029866/
tt0029867	https://www.imdb.com/title/tt0029867/
tt0029870	https://www.imdb.com/title/tt0029870/
tt0029871	https://www.imdb.com/title/tt0029871/
tt0029872	https://www.imdb.com/title/tt0029872/
tt0029873	https://www.imdb.com/title/tt0029873/
tt0029877	https://www.imdb.com/title/tt0029877/
tt0029879	https://www.imdb.com/title/tt0029879/
tt0029880	https://www.imdb.com/title/tt0029880/
tt0029881	https://www.imdb.com/title/tt0029881/
tt0029882	https://www.imdb.com/title/tt0029882/
tt0029884	https://www.imdb.com/title/tt0029884/
tt0029885	https://www.imdb.com/title/tt0029885/
tt0029887	https://www.imdb.com/title/tt0029887/
tt0029889	https://www.imdb.com/title/tt0029889/
tt0029890	https://www.imdb.com/title/tt0029890/
tt0029891	https://www.imdb.com/title/tt0029891/
tt0029893	https://www.imdb.com/title/tt0029893/
tt0029894	https://www.imdb.com/title/tt0029894/
tt0029895	https://www.imdb.com/title/tt0029895/
tt0029896	https://www.imdb.com/title/tt0029896/
tt0029897	https://www.imdb.com/title/tt0029897/
tt0029898	https://www.imdb.com/title/tt0029898/
tt0029899	https://www.imdb.com/title/tt0029899/
tt0029902	https://www.imdb.com/title/tt0029902/
tt0029906	https://www.imdb.com/title/tt0029906/
tt0029909	https://www.imdb.com/title/tt0029909/
tt0029911	https://www.imdb.com/title/tt0029911/
tt0029912	https://www.imdb.com/title/tt0029912/
tt0029915	https://www.imdb.com/title/tt0029915/
tt0029916	https://www.imdb.com/title/tt0029916/
tt0029917	https://www.imdb.com/title/tt0029917/
tt0029918	https://www.imdb.com/title/tt0029918/
tt0029920	https://www.imdb.com/title/tt0029920/
tt0029921	https://www.imdb.com/title/tt0029921/
tt0029922	https://www.imdb.com/title/tt0029922/
tt0029923	https://www.imdb.com/title/tt0029923/
tt0029924	https://www.imdb.com/title/tt0029924/
tt0029925	https://www.imdb.com/title/tt0029925/
tt0029926	https://www.imdb.com/title/tt0029926/
tt0029927	https://www.imdb.com/title/tt0029927/
tt0029929	https://www.imdb.com/title/tt0029929/
tt0029931	https://www.imdb.com/title/tt0029931/
tt0029932	https://www.imdb.com/title/tt0029932/
tt0029935	https://www.imdb.com/title/tt0029935/
tt0029936	https://www.imdb.com/title/tt0029936/
tt0029937	https://www.imdb.com/title/tt0029937/
tt0029938	https://www.imdb.com/title/tt0029938/
tt0029939	https://www.imdb.com/title/tt0029939/
tt0029940	https://www.imdb.com/title/tt0029940/
tt0029942	https://www.imdb.com/title/tt0029942/
tt0029944	https://www.imdb.com/title/tt0029944/
tt0029945	https://www.imdb.com/title/tt0029945/
tt0029946	https://www.imdb.com/title/tt0029946/
tt0029947	https://www.imdb.com/title/tt0029947/
tt0029948	https://www.imdb.com/title/tt0029948/
tt0029949	https://www.imdb.com/title/tt0029949/
tt0029950	https://www.imdb.com/title/tt0029950/
tt0029951	https://www.imdb.com/title/tt0029951/
tt0029952	https://www.imdb.com/title/tt0029952/
tt0029957	https://www.imdb.com/title/tt0029957/
tt0029958	https://www.imdb.com/title/tt0029958/
tt0029959	https://www.imdb.com/title/tt0029959/
tt0029960	https://www.imdb.com/title/tt0029960/
tt0029961	https://www.imdb.com/title/tt0029961/
tt0029962	https://www.imdb.com/title/tt0029962/
tt0029965	https://www.imdb.com/title/tt0029965/
tt0029967	https://www.imdb.com/title/tt0029967/
tt0029968	https://www.imdb.com/title/tt0029968/
tt0029971	https://www.imdb.com/title/tt0029971/
tt0029972	https://www.imdb.com/title/tt0029972/
tt0029975	https://www.imdb.com/title/tt0029975/
tt0029976	https://www.imdb.com/title/tt0029976/
tt0029979	https://www.imdb.com/title/tt0029979/
tt0029982	https://www.imdb.com/title/tt0029982/
tt0029983	https://www.imdb.com/title/tt0029983/
tt0029984	https://www.imdb.com/title/tt0029984/
tt0029985	https://www.imdb.com/title/tt0029985/
tt0029986	https://www.imdb.com/title/tt0029986/
tt0029988	https://www.imdb.com/title/tt0029988/
tt0029989	https://www.imdb.com/title/tt0029989/
tt0029991	https://www.imdb.com/title/tt0029991/
tt0029992	https://www.imdb.com/title/tt0029992/
tt0029994	https://www.imdb.com/title/tt0029994/
tt0029995	https://www.imdb.com/title/tt0029995/
tt0029996	https://www.imdb.com/title/tt0029996/
tt0029998	https://www.imdb.com/title/tt0029998/
tt0030000	https://www.imdb.com/title/tt0030000/
tt0030001	https://www.imdb.com/title/tt0030001/
tt0030002	https://www.imdb.com/title/tt0030002/
tt0030003	https://www.imdb.com/title/tt0030003/
tt0030005	https://www.imdb.com/title/tt0030005/
tt0030006	https://www.imdb.com/title/tt0030006/
tt0030007	https://www.imdb.com/title/tt0030007/
tt0030008	https://www.imdb.com/title/tt0030008/
tt0030010	https://www.imdb.com/title/tt0030010/
tt0030012	https://www.imdb.com/title/tt0030012/
tt0030013	https://www.imdb.com/title/tt0030013/
tt0030018	https://www.imdb.com/title/tt0030018/
tt0030019	https://www.imdb.com/title/tt0030019/
tt0030021	https://www.imdb.com/title/tt0030021/
tt0030022	https://www.imdb.com/title/tt0030022/
tt0030025	https://www.imdb.com/title/tt0030025/
tt0030026	https://www.imdb.com/title/tt0030026/
tt0030027	https://www.imdb.com/title/tt0030027/
tt0030028	https://www.imdb.com/title/tt0030028/
tt0030030	https://www.imdb.com/title/tt0030030/
tt0030031	https://www.imdb.com/title/tt0030031/
tt0030032	https://www.imdb.com/title/tt0030032/
tt0030036	https://www.imdb.com/title/tt0030036/
tt0030037	https://www.imdb.com/title/tt0030037/
tt0030038	https://www.imdb.com/title/tt0030038/
tt0030039	https://www.imdb.com/title/tt0030039/
tt0030041	https://www.imdb.com/title/tt0030041/
tt0030042	https://www.imdb.com/title/tt0030042/
tt0030044	https://www.imdb.com/title/tt0030044/
tt0030049	https://www.imdb.com/title/tt0030049/
tt0030051	https://www.imdb.com/title/tt0030051/
tt0030052	https://www.imdb.com/title/tt0030052/
tt0030053	https://www.imdb.com/title/tt0030053/
tt0030054	https://www.imdb.com/title/tt0030054/
tt0030055	https://www.imdb.com/title/tt0030055/
tt0030057	https://www.imdb.com/title/tt0030057/
tt0030059	https://www.imdb.com/title/tt0030059/
tt0030061	https://www.imdb.com/title/tt0030061/
tt0030062	https://www.imdb.com/title/tt0030062/
tt0030063	https://www.imdb.com/title/tt0030063/
tt0030066	https://www.imdb.com/title/tt0030066/
tt0030067	https://www.imdb.com/title/tt0030067/
tt0030071	https://www.imdb.com/title/tt0030071/
tt0030074	https://www.imdb.com/title/tt0030074/
tt0030075	https://www.imdb.com/title/tt0030075/
tt0030076	https://www.imdb.com/title/tt0030076/
tt0030077	https://www.imdb.com/title/tt0030077/
tt0030078	https://www.imdb.com/title/tt0030078/
tt0030079	https://www.imdb.com/title/tt0030079/
tt0030080	https://www.imdb.com/title/tt0030080/
tt0030081	https://www.imdb.com/title/tt0030081/
tt0030082	https://www.imdb.com/title/tt0030082/
tt0030084	https://www.imdb.com/title/tt0030084/
tt0030085	https://www.imdb.com/title/tt0030085/
tt0030086	https://www.imdb.com/title/tt0030086/
tt0030089	https://www.imdb.com/title/tt0030089/
tt0030090	https://www.imdb.com/title/tt0030090/
tt0030091	https://www.imdb.com/title/tt0030091/
tt0030093	https://www.imdb.com/title/tt0030093/
tt0030095	https://www.imdb.com/title/tt0030095/
tt0030096	https://www.imdb.com/title/tt0030096/
tt0030099	https://www.imdb.com/title/tt0030099/
tt0030100	https://www.imdb.com/title/tt0030100/
tt0030103	https://www.imdb.com/title/tt0030103/
tt0030106	https://www.imdb.com/title/tt0030106/
tt0030107	https://www.imdb.com/title/tt0030107/
tt0030108	https://www.imdb.com/title/tt0030108/
tt0030109	https://www.imdb.com/title/tt0030109/
tt0030110	https://www.imdb.com/title/tt0030110/
tt0030112	https://www.imdb.com/title/tt0030112/
tt0030113	https://www.imdb.com/title/tt0030113/
tt0030114	https://www.imdb.com/title/tt0030114/
tt0030115	https://www.imdb.com/title/tt0030115/
tt0030117	https://www.imdb.com/title/tt0030117/
tt0030120	https://www.imdb.com/title/tt0030120/
tt0030122	https://www.imdb.com/title/tt0030122/
tt0030125	https://www.imdb.com/title/tt0030125/
tt0030126	https://www.imdb.com/title/tt0030126/
tt0030127	https://www.imdb.com/title/tt0030127/
tt0030130	https://www.imdb.com/title/tt0030130/
tt0030131	https://www.imdb.com/title/tt0030131/
tt0030132	https://www.imdb.com/title/tt0030132/
tt0030133	https://www.imdb.com/title/tt0030133/
tt0030136	https://www.imdb.com/title/tt0030136/
tt0030137	https://www.imdb.com/title/tt0030137/
tt0030138	https://www.imdb.com/title/tt0030138/
tt0030140	https://www.imdb.com/title/tt0030140/
tt0030141	https://www.imdb.com/title/tt0030141/
tt0030142	https://www.imdb.com/title/tt0030142/
tt0030145	https://www.imdb.com/title/tt0030145/
tt0030147	https://www.imdb.com/title/tt0030147/
tt0030148	https://www.imdb.com/title/tt0030148/
tt0030149	https://www.imdb.com/title/tt0030149/
tt0030150	https://www.imdb.com/title/tt0030150/
tt0030151	https://www.imdb.com/title/tt0030151/
tt0030153	https://www.imdb.com/title/tt0030153/
tt0030154	https://www.imdb.com/title/tt0030154/
tt0030155	https://www.imdb.com/title/tt0030155/
tt0030156	https://www.imdb.com/title/tt0030156/
tt0030158	https://www.imdb.com/title/tt0030158/
tt0030159	https://www.imdb.com/title/tt0030159/
tt0030160	https://www.imdb.com/title/tt0030160/
tt0030161	https://www.imdb.com/title/tt0030161/
tt0030162	https://www.imdb.com/title/tt0030162/
tt0030163	https://www.imdb.com/title/tt0030163/
tt0030165	https://www.imdb.com/title/tt0030165/
tt0030166	https://www.imdb.com/title/tt0030166/
tt0030167	https://www.imdb.com/title/tt0030167/
tt0030168	https://www.imdb.com/title/tt0030168/
tt0030169	https://www.imdb.com/title/tt0030169/
tt0030170	https://www.imdb.com/title/tt0030170/
tt0030171	https://www.imdb.com/title/tt0030171/
tt0030172	https://www.imdb.com/title/tt0030172/
tt0030173	https://www.imdb.com/title/tt0030173/
tt0030174	https://www.imdb.com/title/tt0030174/
tt0030175	https://www.imdb.com/title/tt0030175/
tt0030176	https://www.imdb.com/title/tt0030176/
tt0030178	https://www.imdb.com/title/tt0030178/
tt0030179	https://www.imdb.com/title/tt0030179/
tt0030180	https://www.imdb.com/title/tt0030180/
tt0030181	https://www.imdb.com/title/tt0030181/
tt0030182	https://www.imdb.com/title/tt0030182/
tt0030183	https://www.imdb.com/title/tt0030183/
tt0030184	https://www.imdb.com/title/tt0030184/
tt0030185	https://www.imdb.com/title/tt0030185/
tt0030186	https://www.imdb.com/title/tt0030186/
tt0030187	https://www.imdb.com/title/tt0030187/
tt0030188	https://www.imdb.com/title/tt0030188/
tt0030189	https://www.imdb.com/title/tt0030189/
tt0030190	https://www.imdb.com/title/tt0030190/
tt0030191	https://www.imdb.com/title/tt0030191/
tt0030192	https://www.imdb.com/title/tt0030192/
tt0030193	https://www.imdb.com/title/tt0030193/
tt0030194	https://www.imdb.com/title/tt0030194/
tt0030195	https://www.imdb.com/title/tt0030195/
tt0030197	https://www.imdb.com/title/tt0030197/
tt0030202	https://www.imdb.com/title/tt0030202/
tt0030203	https://www.imdb.com/title/tt0030203/
tt0030206	https://www.imdb.com/title/tt0030206/
tt0030207	https://www.imdb.com/title/tt0030207/
tt0030208	https://www.imdb.com/title/tt0030208/
tt0030209	https://www.imdb.com/title/tt0030209/
tt0030211	https://www.imdb.com/title/tt0030211/
tt0030212	https://www.imdb.com/title/tt0030212/
tt0030213	https://www.imdb.com/title/tt0030213/
tt0030214	https://www.imdb.com/title/tt0030214/
tt0030216	https://www.imdb.com/title/tt0030216/
tt0030217	https://www.imdb.com/title/tt0030217/
tt0030218	https://www.imdb.com/title/tt0030218/
tt0030219	https://www.imdb.com/title/tt0030219/
tt0030220	https://www.imdb.com/title/tt0030220/
tt0030221	https://www.imdb.com/title/tt0030221/
tt0030222	https://www.imdb.com/title/tt0030222/
tt0030224	https://www.imdb.com/title/tt0030224/
tt0030225	https://www.imdb.com/title/tt0030225/
tt0030226	https://www.imdb.com/title/tt0030226/
tt0030227	https://www.imdb.com/title/tt0030227/
tt0030228	https://www.imdb.com/title/tt0030228/
tt0030229	https://www.imdb.com/title/tt0030229/
tt0030230	https://www.imdb.com/title/tt0030230/
tt0030231	https://www.imdb.com/title/tt0030231/
tt0030233	https://www.imdb.com/title/tt0030233/
tt0030234	https://www.imdb.com/title/tt0030234/
tt0030235	https://www.imdb.com/title/tt0030235/
tt0030236	https://www.imdb.com/title/tt0030236/
tt0030237	https://www.imdb.com/title/tt0030237/
tt0030239	https://www.imdb.com/title/tt0030239/
tt0030240	https://www.imdb.com/title/tt0030240/
tt0030241	https://www.imdb.com/title/tt0030241/
tt0030245	https://www.imdb.com/title/tt0030245/
tt0030247	https://www.imdb.com/title/tt0030247/
tt0030251	https://www.imdb.com/title/tt0030251/
tt0030252	https://www.imdb.com/title/tt0030252/
tt0030253	https://www.imdb.com/title/tt0030253/
tt0030254	https://www.imdb.com/title/tt0030254/
tt0030255	https://www.imdb.com/title/tt0030255/
tt0030256	https://www.imdb.com/title/tt0030256/
tt0030257	https://www.imdb.com/title/tt0030257/
tt0030258	https://www.imdb.com/title/tt0030258/
tt0030260	https://www.imdb.com/title/tt0030260/
tt0030261	https://www.imdb.com/title/tt0030261/
tt0030262	https://www.imdb.com/title/tt0030262/
tt0030263	https://www.imdb.com/title/tt0030263/
tt0030264	https://www.imdb.com/title/tt0030264/
tt0030265	https://www.imdb.com/title/tt0030265/
tt0030266	https://www.imdb.com/title/tt0030266/
tt0030267	https://www.imdb.com/title/tt0030267/
tt0030269	https://www.imdb.com/title/tt0030269/
tt0030270	https://www.imdb.com/title/tt0030270/
tt0030271	https://www.imdb.com/title/tt0030271/
tt0030273	https://www.imdb.com/title/tt0030273/
tt0030274	https://www.imdb.com/title/tt0030274/
tt0030275	https://www.imdb.com/title/tt0030275/
tt0030276	https://www.imdb.com/title/tt0030276/
tt0030277	https://www.imdb.com/title/tt0030277/
tt0030279	https://www.imdb.com/title/tt0030279/
tt0030281	https://www.imdb.com/title/tt0030281/
tt0030282	https://www.imdb.com/title/tt0030282/
tt0030283	https://www.imdb.com/title/tt0030283/
tt0030284	https://www.imdb.com/title/tt0030284/
tt0030285	https://www.imdb.com/title/tt0030285/
tt0030287	https://www.imdb.com/title/tt0030287/
tt0030291	https://www.imdb.com/title/tt0030291/
tt0030292	https://www.imdb.com/title/tt0030292/
tt0030293	https://www.imdb.com/title/tt0030293/
tt0030295	https://www.imdb.com/title/tt0030295/
tt0030296	https://www.imdb.com/title/tt0030296/
tt0030297	https://www.imdb.com/title/tt0030297/
tt0030301	https://www.imdb.com/title/tt0030301/
tt0030302	https://www.imdb.com/title/tt0030302/
tt0030303	https://www.imdb.com/title/tt0030303/
tt0030305	https://www.imdb.com/title/tt0030305/
tt0030307	https://www.imdb.com/title/tt0030307/
tt0030308	https://www.imdb.com/title/tt0030308/
tt0030309	https://www.imdb.com/title/tt0030309/
tt0030310	https://www.imdb.com/title/tt0030310/
tt0030311	https://www.imdb.com/title/tt0030311/
tt0030312	https://www.imdb.com/title/tt0030312/
tt0030313	https://www.imdb.com/title/tt0030313/
tt0030315	https://www.imdb.com/title/tt0030315/
tt0030316	https://www.imdb.com/title/tt0030316/
tt0030317	https://www.imdb.com/title/tt0030317/
tt0030318	https://www.imdb.com/title/tt0030318/
tt0030319	https://www.imdb.com/title/tt0030319/
tt0030321	https://www.imdb.com/title/tt0030321/
tt0030322	https://www.imdb.com/title/tt0030322/
tt0030323	https://www.imdb.com/title/tt0030323/
tt0030324	https://www.imdb.com/title/tt0030324/
tt0030325	https://www.imdb.com/title/tt0030325/
tt0030326	https://www.imdb.com/title/tt0030326/
tt0030327	https://www.imdb.com/title/tt0030327/
tt0030328	https://www.imdb.com/title/tt0030328/
tt0030329	https://www.imdb.com/title/tt0030329/
tt0030330	https://www.imdb.com/title/tt0030330/
tt0030331	https://www.imdb.com/title/tt0030331/
tt0030332	https://www.imdb.com/title/tt0030332/
tt0030333	https://www.imdb.com/title/tt0030333/
tt0030335	https://www.imdb.com/title/tt0030335/
tt0030336	https://www.imdb.com/title/tt0030336/
tt0030337	https://www.imdb.com/title/tt0030337/
tt0030338	https://www.imdb.com/title/tt0030338/
tt0030339	https://www.imdb.com/title/tt0030339/
tt0030340	https://www.imdb.com/title/tt0030340/
tt0030341	https://www.imdb.com/title/tt0030341/
tt0030342	https://www.imdb.com/title/tt0030342/
tt0030343	https://www.imdb.com/title/tt0030343/
tt0030344	https://www.imdb.com/title/tt0030344/
tt0030345	https://www.imdb.com/title/tt0030345/
tt0030346	https://www.imdb.com/title/tt0030346/
tt0030347	https://www.imdb.com/title/tt0030347/
tt0030348	https://www.imdb.com/title/tt0030348/
tt0030349	https://www.imdb.com/title/tt0030349/
tt0030350	https://www.imdb.com/title/tt0030350/
tt0030351	https://www.imdb.com/title/tt0030351/
tt0030352	https://www.imdb.com/title/tt0030352/
tt0030353	https://www.imdb.com/title/tt0030353/
tt0030354	https://www.imdb.com/title/tt0030354/
tt0030359	https://www.imdb.com/title/tt0030359/
tt0030362	https://www.imdb.com/title/tt0030362/
tt0030363	https://www.imdb.com/title/tt0030363/
tt0030364	https://www.imdb.com/title/tt0030364/
tt0030365	https://www.imdb.com/title/tt0030365/
tt0030366	https://www.imdb.com/title/tt0030366/
tt0030367	https://www.imdb.com/title/tt0030367/
tt0030368	https://www.imdb.com/title/tt0030368/
tt0030369	https://www.imdb.com/title/tt0030369/
tt0030371	https://www.imdb.com/title/tt0030371/
tt0030372	https://www.imdb.com/title/tt0030372/
tt0030373	https://www.imdb.com/title/tt0030373/
tt0030374	https://www.imdb.com/title/tt0030374/
tt0030375	https://www.imdb.com/title/tt0030375/
tt0030378	https://www.imdb.com/title/tt0030378/
tt0030379	https://www.imdb.com/title/tt0030379/
tt0030381	https://www.imdb.com/title/tt0030381/
tt0030382	https://www.imdb.com/title/tt0030382/
tt0030383	https://www.imdb.com/title/tt0030383/
tt0030384	https://www.imdb.com/title/tt0030384/
tt0030385	https://www.imdb.com/title/tt0030385/
tt0030386	https://www.imdb.com/title/tt0030386/
tt0030387	https://www.imdb.com/title/tt0030387/
tt0030390	https://www.imdb.com/title/tt0030390/
tt0030392	https://www.imdb.com/title/tt0030392/
tt0030393	https://www.imdb.com/title/tt0030393/
tt0030395	https://www.imdb.com/title/tt0030395/
tt0030396	https://www.imdb.com/title/tt0030396/
tt0030398	https://www.imdb.com/title/tt0030398/
tt0030399	https://www.imdb.com/title/tt0030399/
tt0030400	https://www.imdb.com/title/tt0030400/
tt0030401	https://www.imdb.com/title/tt0030401/
tt0030405	https://www.imdb.com/title/tt0030405/
tt0030407	https://www.imdb.com/title/tt0030407/
tt0030409	https://www.imdb.com/title/tt0030409/
tt0030410	https://www.imdb.com/title/tt0030410/
tt0030411	https://www.imdb.com/title/tt0030411/
tt0030412	https://www.imdb.com/title/tt0030412/
tt0030415	https://www.imdb.com/title/tt0030415/
tt0030416	https://www.imdb.com/title/tt0030416/
tt0030418	https://www.imdb.com/title/tt0030418/
tt0030419	https://www.imdb.com/title/tt0030419/
tt0030422	https://www.imdb.com/title/tt0030422/
tt0030423	https://www.imdb.com/title/tt0030423/
tt0030424	https://www.imdb.com/title/tt0030424/
tt0030425	https://www.imdb.com/title/tt0030425/
tt0030426	https://www.imdb.com/title/tt0030426/
tt0030427	https://www.imdb.com/title/tt0030427/
tt0030429	https://www.imdb.com/title/tt0030429/
tt0030430	https://www.imdb.com/title/tt0030430/
tt0030432	https://www.imdb.com/title/tt0030432/
tt0030433	https://www.imdb.com/title/tt0030433/
tt0030436	https://www.imdb.com/title/tt0030436/
tt0030441	https://www.imdb.com/title/tt0030441/
tt0030442	https://www.imdb.com/title/tt0030442/
tt0030443	https://www.imdb.com/title/tt0030443/
tt0030444	https://www.imdb.com/title/tt0030444/
tt0030445	https://www.imdb.com/title/tt0030445/
tt0030449	https://www.imdb.com/title/tt0030449/
tt0030451	https://www.imdb.com/title/tt0030451/
tt0030452	https://www.imdb.com/title/tt0030452/
tt0030455	https://www.imdb.com/title/tt0030455/
tt0030456	https://www.imdb.com/title/tt0030456/
tt0030457	https://www.imdb.com/title/tt0030457/
tt0030461	https://www.imdb.com/title/tt0030461/
tt0030464	https://www.imdb.com/title/tt0030464/
tt0030466	https://www.imdb.com/title/tt0030466/
tt0030467	https://www.imdb.com/title/tt0030467/
tt0030468	https://www.imdb.com/title/tt0030468/
tt0030469	https://www.imdb.com/title/tt0030469/
tt0030470	https://www.imdb.com/title/tt0030470/
tt0030471	https://www.imdb.com/title/tt0030471/
tt0030472	https://www.imdb.com/title/tt0030472/
tt0030473	https://www.imdb.com/title/tt0030473/
tt0030475	https://www.imdb.com/title/tt0030475/
tt0030479	https://www.imdb.com/title/tt0030479/
tt0030481	https://www.imdb.com/title/tt0030481/
tt0030482	https://www.imdb.com/title/tt0030482/
tt0030483	https://www.imdb.com/title/tt0030483/
tt0030484	https://www.imdb.com/title/tt0030484/
tt0030485	https://www.imdb.com/title/tt0030485/
tt0030486	https://www.imdb.com/title/tt0030486/
tt0030487	https://www.imdb.com/title/tt0030487/
tt0030488	https://www.imdb.com/title/tt0030488/
tt0030489	https://www.imdb.com/title/tt0030489/
tt0030490	https://www.imdb.com/title/tt0030490/
tt0030491	https://www.imdb.com/title/tt0030491/
tt0030492	https://www.imdb.com/title/tt0030492/
tt0030494	https://www.imdb.com/title/tt0030494/
tt0030496	https://www.imdb.com/title/tt0030496/
tt0030498	https://www.imdb.com/title/tt0030498/
tt0030500	https://www.imdb.com/title/tt0030500/
tt0030501	https://www.imdb.com/title/tt0030501/
tt0030502	https://www.imdb.com/title/tt0030502/
tt0030505	https://www.imdb.com/title/tt0030505/
tt0030506	https://www.imdb.com/title/tt0030506/
tt0030507	https://www.imdb.com/title/tt0030507/
tt0030509	https://www.imdb.com/title/tt0030509/
tt0030510	https://www.imdb.com/title/tt0030510/
tt0030511	https://www.imdb.com/title/tt0030511/
tt0030513	https://www.imdb.com/title/tt0030513/
tt0030514	https://www.imdb.com/title/tt0030514/
tt0030515	https://www.imdb.com/title/tt0030515/
tt0030517	https://www.imdb.com/title/tt0030517/
tt0030518	https://www.imdb.com/title/tt0030518/
tt0030519	https://www.imdb.com/title/tt0030519/
tt0030521	https://www.imdb.com/title/tt0030521/
tt0030522	https://www.imdb.com/title/tt0030522/
tt0030523	https://www.imdb.com/title/tt0030523/
tt0030526	https://www.imdb.com/title/tt0030526/
tt0030527	https://www.imdb.com/title/tt0030527/
tt0030528	https://www.imdb.com/title/tt0030528/
tt0030530	https://www.imdb.com/title/tt0030530/
tt0030531	https://www.imdb.com/title/tt0030531/
tt0030532	https://www.imdb.com/title/tt0030532/
tt0030535	https://www.imdb.com/title/tt0030535/
tt0030537	https://www.imdb.com/title/tt0030537/
tt0030538	https://www.imdb.com/title/tt0030538/
tt0030540	https://www.imdb.com/title/tt0030540/
tt0030541	https://www.imdb.com/title/tt0030541/
tt0030543	https://www.imdb.com/title/tt0030543/
tt0030544	https://www.imdb.com/title/tt0030544/
tt0030545	https://www.imdb.com/title/tt0030545/
tt0030546	https://www.imdb.com/title/tt0030546/
tt0030547	https://www.imdb.com/title/tt0030547/
tt0030548	https://www.imdb.com/title/tt0030548/
tt0030549	https://www.imdb.com/title/tt0030549/
tt0030550	https://www.imdb.com/title/tt0030550/
tt0030551	https://www.imdb.com/title/tt0030551/
tt0030552	https://www.imdb.com/title/tt0030552/
tt0030553	https://www.imdb.com/title/tt0030553/
tt0030554	https://www.imdb.com/title/tt0030554/
tt0030556	https://www.imdb.com/title/tt0030556/
tt0030557	https://www.imdb.com/title/tt0030557/
tt0030558	https://www.imdb.com/title/tt0030558/
tt0030562	https://www.imdb.com/title/tt0030562/
tt0030563	https://www.imdb.com/title/tt0030563/
tt0030564	https://www.imdb.com/title/tt0030564/
tt0030565	https://www.imdb.com/title/tt0030565/
tt0030567	https://www.imdb.com/title/tt0030567/
tt0030569	https://www.imdb.com/title/tt0030569/
tt0030571	https://www.imdb.com/title/tt0030571/
tt0030572	https://www.imdb.com/title/tt0030572/
tt0030573	https://www.imdb.com/title/tt0030573/
tt0030574	https://www.imdb.com/title/tt0030574/
tt0030575	https://www.imdb.com/title/tt0030575/
tt0030576	https://www.imdb.com/title/tt0030576/
tt0030577	https://www.imdb.com/title/tt0030577/
tt0030578	https://www.imdb.com/title/tt0030578/
tt0030579	https://www.imdb.com/title/tt0030579/
tt0030580	https://www.imdb.com/title/tt0030580/
tt0030581	https://www.imdb.com/title/tt0030581/
tt0030585	https://www.imdb.com/title/tt0030585/
tt0030587	https://www.imdb.com/title/tt0030587/
tt0030588	https://www.imdb.com/title/tt0030588/
tt0030590	https://www.imdb.com/title/tt0030590/
tt0030593	https://www.imdb.com/title/tt0030593/
tt0030594	https://www.imdb.com/title/tt0030594/
tt0030596	https://www.imdb.com/title/tt0030596/
tt0030600	https://www.imdb.com/title/tt0030600/
tt0030614	https://www.imdb.com/title/tt0030614/
tt0030615	https://www.imdb.com/title/tt0030615/
tt0030617	https://www.imdb.com/title/tt0030617/
tt0030619	https://www.imdb.com/title/tt0030619/
tt0030620	https://www.imdb.com/title/tt0030620/
tt0030621	https://www.imdb.com/title/tt0030621/
tt0030622	https://www.imdb.com/title/tt0030622/
tt0030623	https://www.imdb.com/title/tt0030623/
tt0030625	https://www.imdb.com/title/tt0030625/
tt0030626	https://www.imdb.com/title/tt0030626/
tt0030627	https://www.imdb.com/title/tt0030627/
tt0030628	https://www.imdb.com/title/tt0030628/
tt0030629	https://www.imdb.com/title/tt0030629/
tt0030630	https://www.imdb.com/title/tt0030630/
tt0030631	https://www.imdb.com/title/tt0030631/
tt0030635	https://www.imdb.com/title/tt0030635/
tt0030636	https://www.imdb.com/title/tt0030636/
tt0030637	https://www.imdb.com/title/tt0030637/
tt0030640	https://www.imdb.com/title/tt0030640/
tt0030641	https://www.imdb.com/title/tt0030641/
tt0030642	https://www.imdb.com/title/tt0030642/
tt0030643	https://www.imdb.com/title/tt0030643/
tt0030644	https://www.imdb.com/title/tt0030644/
tt0030646	https://www.imdb.com/title/tt0030646/
tt0030650	https://www.imdb.com/title/tt0030650/
tt0030651	https://www.imdb.com/title/tt0030651/
tt0030652	https://www.imdb.com/title/tt0030652/
tt0030653	https://www.imdb.com/title/tt0030653/
tt0030654	https://www.imdb.com/title/tt0030654/
tt0030655	https://www.imdb.com/title/tt0030655/
tt0030657	https://www.imdb.com/title/tt0030657/
tt0030658	https://www.imdb.com/title/tt0030658/
tt0030659	https://www.imdb.com/title/tt0030659/
tt0030660	https://www.imdb.com/title/tt0030660/
tt0030662	https://www.imdb.com/title/tt0030662/
tt0030663	https://www.imdb.com/title/tt0030663/
tt0030664	https://www.imdb.com/title/tt0030664/
tt0030665	https://www.imdb.com/title/tt0030665/
tt0030666	https://www.imdb.com/title/tt0030666/
tt0030667	https://www.imdb.com/title/tt0030667/
tt0030668	https://www.imdb.com/title/tt0030668/
tt0030669	https://www.imdb.com/title/tt0030669/
tt0030671	https://www.imdb.com/title/tt0030671/
tt0030673	https://www.imdb.com/title/tt0030673/
tt0030674	https://www.imdb.com/title/tt0030674/
tt0030676	https://www.imdb.com/title/tt0030676/
tt0030677	https://www.imdb.com/title/tt0030677/
tt0030678	https://www.imdb.com/title/tt0030678/
tt0030679	https://www.imdb.com/title/tt0030679/
tt0030680	https://www.imdb.com/title/tt0030680/
tt0030681	https://www.imdb.com/title/tt0030681/
tt0030684	https://www.imdb.com/title/tt0030684/
tt0030685	https://www.imdb.com/title/tt0030685/
tt0030687	https://www.imdb.com/title/tt0030687/
tt0030689	https://www.imdb.com/title/tt0030689/
tt0030690	https://www.imdb.com/title/tt0030690/
tt0030691	https://www.imdb.com/title/tt0030691/
tt0030692	https://www.imdb.com/title/tt0030692/
tt0030694	https://www.imdb.com/title/tt0030694/
tt0030695	https://www.imdb.com/title/tt0030695/
tt0030696	https://www.imdb.com/title/tt0030696/
tt0030697	https://www.imdb.com/title/tt0030697/
tt0030698	https://www.imdb.com/title/tt0030698/
tt0030699	https://www.imdb.com/title/tt0030699/
tt0030701	https://www.imdb.com/title/tt0030701/
tt0030702	https://www.imdb.com/title/tt0030702/
tt0030703	https://www.imdb.com/title/tt0030703/
tt0030704	https://www.imdb.com/title/tt0030704/
tt0030705	https://www.imdb.com/title/tt0030705/
tt0030707	https://www.imdb.com/title/tt0030707/
tt0030708	https://www.imdb.com/title/tt0030708/
tt0030709	https://www.imdb.com/title/tt0030709/
tt0030710	https://www.imdb.com/title/tt0030710/
tt0030712	https://www.imdb.com/title/tt0030712/
tt0030714	https://www.imdb.com/title/tt0030714/
tt0030716	https://www.imdb.com/title/tt0030716/
tt0030717	https://www.imdb.com/title/tt0030717/
tt0030718	https://www.imdb.com/title/tt0030718/
tt0030719	https://www.imdb.com/title/tt0030719/
tt0030720	https://www.imdb.com/title/tt0030720/
tt0030721	https://www.imdb.com/title/tt0030721/
tt0030722	https://www.imdb.com/title/tt0030722/
tt0030723	https://www.imdb.com/title/tt0030723/
tt0030725	https://www.imdb.com/title/tt0030725/
tt0030726	https://www.imdb.com/title/tt0030726/
tt0030727	https://www.imdb.com/title/tt0030727/
tt0030730	https://www.imdb.com/title/tt0030730/
tt0030731	https://www.imdb.com/title/tt0030731/
tt0030732	https://www.imdb.com/title/tt0030732/
tt0030733	https://www.imdb.com/title/tt0030733/
tt0030734	https://www.imdb.com/title/tt0030734/
tt0030736	https://www.imdb.com/title/tt0030736/
tt0030737	https://www.imdb.com/title/tt0030737/
tt0030738	https://www.imdb.com/title/tt0030738/
tt0030742	https://www.imdb.com/title/tt0030742/
tt0030743	https://www.imdb.com/title/tt0030743/
tt0030744	https://www.imdb.com/title/tt0030744/
tt0030746	https://www.imdb.com/title/tt0030746/
tt0030747	https://www.imdb.com/title/tt0030747/
tt0030748	https://www.imdb.com/title/tt0030748/
tt0030749	https://www.imdb.com/title/tt0030749/
tt0030751	https://www.imdb.com/title/tt0030751/
tt0030752	https://www.imdb.com/title/tt0030752/
tt0030753	https://www.imdb.com/title/tt0030753/
tt0030754	https://www.imdb.com/title/tt0030754/
tt0030755	https://www.imdb.com/title/tt0030755/
tt0030756	https://www.imdb.com/title/tt0030756/
tt0030757	https://www.imdb.com/title/tt0030757/
tt0030760	https://www.imdb.com/title/tt0030760/
tt0030762	https://www.imdb.com/title/tt0030762/
tt0030763	https://www.imdb.com/title/tt0030763/
tt0030764	https://www.imdb.com/title/tt0030764/
tt0030765	https://www.imdb.com/title/tt0030765/
tt0030767	https://www.imdb.com/title/tt0030767/
tt0030770	https://www.imdb.com/title/tt0030770/
tt0030771	https://www.imdb.com/title/tt0030771/
tt0030773	https://www.imdb.com/title/tt0030773/
tt0030774	https://www.imdb.com/title/tt0030774/
tt0030775	https://www.imdb.com/title/tt0030775/
tt0030776	https://www.imdb.com/title/tt0030776/
tt0030778	https://www.imdb.com/title/tt0030778/
tt0030779	https://www.imdb.com/title/tt0030779/
tt0030780	https://www.imdb.com/title/tt0030780/
tt0030781	https://www.imdb.com/title/tt0030781/
tt0030782	https://www.imdb.com/title/tt0030782/
tt0030783	https://www.imdb.com/title/tt0030783/
tt0030784	https://www.imdb.com/title/tt0030784/
tt0030785	https://www.imdb.com/title/tt0030785/
tt0030786	https://www.imdb.com/title/tt0030786/
tt0030788	https://www.imdb.com/title/tt0030788/
tt0030790	https://www.imdb.com/title/tt0030790/
tt0030791	https://www.imdb.com/title/tt0030791/
tt0030793	https://www.imdb.com/title/tt0030793/
tt0030794	https://www.imdb.com/title/tt0030794/
tt0030795	https://www.imdb.com/title/tt0030795/
tt0030796	https://www.imdb.com/title/tt0030796/
tt0030797	https://www.imdb.com/title/tt0030797/
tt0030798	https://www.imdb.com/title/tt0030798/
tt0030799	https://www.imdb.com/title/tt0030799/
tt0030800	https://www.imdb.com/title/tt0030800/
tt0030802	https://www.imdb.com/title/tt0030802/
tt0030803	https://www.imdb.com/title/tt0030803/
tt0030804	https://www.imdb.com/title/tt0030804/
tt0030805	https://www.imdb.com/title/tt0030805/
tt0030806	https://www.imdb.com/title/tt0030806/
tt0030807	https://www.imdb.com/title/tt0030807/
tt0030808	https://www.imdb.com/title/tt0030808/
tt0030811	https://www.imdb.com/title/tt0030811/
tt0030812	https://www.imdb.com/title/tt0030812/
tt0030813	https://www.imdb.com/title/tt0030813/
tt0030815	https://www.imdb.com/title/tt0030815/
tt0030816	https://www.imdb.com/title/tt0030816/
tt0030817	https://www.imdb.com/title/tt0030817/
tt0030819	https://www.imdb.com/title/tt0030819/
tt0030820	https://www.imdb.com/title/tt0030820/
tt0030821	https://www.imdb.com/title/tt0030821/
tt0030822	https://www.imdb.com/title/tt0030822/
tt0030824	https://www.imdb.com/title/tt0030824/
tt0030825	https://www.imdb.com/title/tt0030825/
tt0030826	https://www.imdb.com/title/tt0030826/
tt0030828	https://www.imdb.com/title/tt0030828/
tt0030829	https://www.imdb.com/title/tt0030829/
tt0030831	https://www.imdb.com/title/tt0030831/
tt0030832	https://www.imdb.com/title/tt0030832/
tt0030833	https://www.imdb.com/title/tt0030833/
tt0030835	https://www.imdb.com/title/tt0030835/
tt0030840	https://www.imdb.com/title/tt0030840/
tt0030841	https://www.imdb.com/title/tt0030841/
tt0030845	https://www.imdb.com/title/tt0030845/
tt0030846	https://www.imdb.com/title/tt0030846/
tt0030848	https://www.imdb.com/title/tt0030848/
tt0030850	https://www.imdb.com/title/tt0030850/
tt0030851	https://www.imdb.com/title/tt0030851/
tt0030852	https://www.imdb.com/title/tt0030852/
tt0030853	https://www.imdb.com/title/tt0030853/
tt0030854	https://www.imdb.com/title/tt0030854/
tt0030856	https://www.imdb.com/title/tt0030856/
tt0030857	https://www.imdb.com/title/tt0030857/
tt0030858	https://www.imdb.com/title/tt0030858/
tt0030862	https://www.imdb.com/title/tt0030862/
tt0030863	https://www.imdb.com/title/tt0030863/
tt0030864	https://www.imdb.com/title/tt0030864/
tt0030865	https://www.imdb.com/title/tt0030865/
tt0030867	https://www.imdb.com/title/tt0030867/
tt0030870	https://www.imdb.com/title/tt0030870/
tt0030871	https://www.imdb.com/title/tt0030871/
tt0030873	https://www.imdb.com/title/tt0030873/
tt0030875	https://www.imdb.com/title/tt0030875/
tt0030876	https://www.imdb.com/title/tt0030876/
tt0030878	https://www.imdb.com/title/tt0030878/
tt0030879	https://www.imdb.com/title/tt0030879/
tt0030880	https://www.imdb.com/title/tt0030880/
tt0030881	https://www.imdb.com/title/tt0030881/
tt0030883	https://www.imdb.com/title/tt0030883/
tt0030884	https://www.imdb.com/title/tt0030884/
tt0030885	https://www.imdb.com/title/tt0030885/
tt0030886	https://www.imdb.com/title/tt0030886/
tt0030887	https://www.imdb.com/title/tt0030887/
tt0030888	https://www.imdb.com/title/tt0030888/
tt0030892	https://www.imdb.com/title/tt0030892/
tt0030894	https://www.imdb.com/title/tt0030894/
tt0030895	https://www.imdb.com/title/tt0030895/
tt0030896	https://www.imdb.com/title/tt0030896/
tt0030897	https://www.imdb.com/title/tt0030897/
tt0030899	https://www.imdb.com/title/tt0030899/
tt0030900	https://www.imdb.com/title/tt0030900/
tt0030901	https://www.imdb.com/title/tt0030901/
tt0030902	https://www.imdb.com/title/tt0030902/
tt0030903	https://www.imdb.com/title/tt0030903/
tt0030904	https://www.imdb.com/title/tt0030904/
tt0030906	https://www.imdb.com/title/tt0030906/
tt0030907	https://www.imdb.com/title/tt0030907/
tt0030908	https://www.imdb.com/title/tt0030908/
tt0030909	https://www.imdb.com/title/tt0030909/
tt0030910	https://www.imdb.com/title/tt0030910/
tt0030911	https://www.imdb.com/title/tt0030911/
tt0030912	https://www.imdb.com/title/tt0030912/
tt0030913	https://www.imdb.com/title/tt0030913/
tt0030914	https://www.imdb.com/title/tt0030914/
tt0030920	https://www.imdb.com/title/tt0030920/
tt0030921	https://www.imdb.com/title/tt0030921/
tt0030922	https://www.imdb.com/title/tt0030922/
tt0030923	https://www.imdb.com/title/tt0030923/
tt0030924	https://www.imdb.com/title/tt0030924/
tt0030925	https://www.imdb.com/title/tt0030925/
tt0030927	https://www.imdb.com/title/tt0030927/
tt0030928	https://www.imdb.com/title/tt0030928/
tt0030930	https://www.imdb.com/title/tt0030930/
tt0030931	https://www.imdb.com/title/tt0030931/
tt0030932	https://www.imdb.com/title/tt0030932/
tt0030933	https://www.imdb.com/title/tt0030933/
tt0030934	https://www.imdb.com/title/tt0030934/
tt0030935	https://www.imdb.com/title/tt0030935/
tt0030936	https://www.imdb.com/title/tt0030936/
tt0030938	https://www.imdb.com/title/tt0030938/
tt0030939	https://www.imdb.com/title/tt0030939/
tt0030940	https://www.imdb.com/title/tt0030940/
tt0030941	https://www.imdb.com/title/tt0030941/
tt0030943	https://www.imdb.com/title/tt0030943/
tt0030944	https://www.imdb.com/title/tt0030944/
tt0030946	https://www.imdb.com/title/tt0030946/
tt0030947	https://www.imdb.com/title/tt0030947/
tt0030949	https://www.imdb.com/title/tt0030949/
tt0030952	https://www.imdb.com/title/tt0030952/
tt0030953	https://www.imdb.com/title/tt0030953/
tt0030954	https://www.imdb.com/title/tt0030954/
tt0030956	https://www.imdb.com/title/tt0030956/
tt0030958	https://www.imdb.com/title/tt0030958/
tt0030959	https://www.imdb.com/title/tt0030959/
tt0030960	https://www.imdb.com/title/tt0030960/
tt0030961	https://www.imdb.com/title/tt0030961/
tt0030967	https://www.imdb.com/title/tt0030967/
tt0030968	https://www.imdb.com/title/tt0030968/
tt0030969	https://www.imdb.com/title/tt0030969/
tt0030970	https://www.imdb.com/title/tt0030970/
tt0030971	https://www.imdb.com/title/tt0030971/
tt0030972	https://www.imdb.com/title/tt0030972/
tt0030973	https://www.imdb.com/title/tt0030973/
tt0030974	https://www.imdb.com/title/tt0030974/
tt0030977	https://www.imdb.com/title/tt0030977/
tt0030978	https://www.imdb.com/title/tt0030978/
tt0030981	https://www.imdb.com/title/tt0030981/
tt0030983	https://www.imdb.com/title/tt0030983/
tt0030985	https://www.imdb.com/title/tt0030985/
tt0030986	https://www.imdb.com/title/tt0030986/
tt0030989	https://www.imdb.com/title/tt0030989/
tt0030990	https://www.imdb.com/title/tt0030990/
tt0030991	https://www.imdb.com/title/tt0030991/
tt0030992	https://www.imdb.com/title/tt0030992/
tt0030993	https://www.imdb.com/title/tt0030993/
tt0030996	https://www.imdb.com/title/tt0030996/
tt0031000	https://www.imdb.com/title/tt0031000/
tt0031001	https://www.imdb.com/title/tt0031001/
tt0031002	https://www.imdb.com/title/tt0031002/
tt0031003	https://www.imdb.com/title/tt0031003/
tt0031004	https://www.imdb.com/title/tt0031004/
tt0031005	https://www.imdb.com/title/tt0031005/
tt0031007	https://www.imdb.com/title/tt0031007/
tt0031009	https://www.imdb.com/title/tt0031009/
tt0031010	https://www.imdb.com/title/tt0031010/
tt0031054	https://www.imdb.com/title/tt0031054/
tt0031161	https://www.imdb.com/title/tt0031161/
tt0031172	https://www.imdb.com/title/tt0031172/
tt0031175	https://www.imdb.com/title/tt0031175/
tt0031178	https://www.imdb.com/title/tt0031178/
tt0031219	https://www.imdb.com/title/tt0031219/
tt0031238	https://www.imdb.com/title/tt0031238/
tt0031239	https://www.imdb.com/title/tt0031239/
tt0031251	https://www.imdb.com/title/tt0031251/
tt0031422	https://www.imdb.com/title/tt0031422/
tt0031426	https://www.imdb.com/title/tt0031426/
tt0031460	https://www.imdb.com/title/tt0031460/
tt0031494	https://www.imdb.com/title/tt0031494/
tt0031503	https://www.imdb.com/title/tt0031503/
tt0031521	https://www.imdb.com/title/tt0031521/
tt0031632	https://www.imdb.com/title/tt0031632/
tt0031633	https://www.imdb.com/title/tt0031633/
tt0031649	https://www.imdb.com/title/tt0031649/
tt0031678	https://www.imdb.com/title/tt0031678/
tt0031720	https://www.imdb.com/title/tt0031720/
tt0031731	https://www.imdb.com/title/tt0031731/
tt0031787	https://www.imdb.com/title/tt0031787/
tt0031792	https://www.imdb.com/title/tt0031792/
tt0031840	https://www.imdb.com/title/tt0031840/
tt0031864	https://www.imdb.com/title/tt0031864/
tt0031927	https://www.imdb.com/title/tt0031927/
tt0031938	https://www.imdb.com/title/tt0031938/
tt0031939	https://www.imdb.com/title/tt0031939/
tt0031952	https://www.imdb.com/title/tt0031952/
tt0031960	https://www.imdb.com/title/tt0031960/
tt0031999	https://www.imdb.com/title/tt0031999/
tt0032017	https://www.imdb.com/title/tt0032017/
tt0032025	https://www.imdb.com/title/tt0032025/
tt0032043	https://www.imdb.com/title/tt0032043/
tt0032048	https://www.imdb.com/title/tt0032048/
tt0032069	https://www.imdb.com/title/tt0032069/
tt0032093	https://www.imdb.com/title/tt0032093/
tt0032110	https://www.imdb.com/title/tt0032110/
tt0032118	https://www.imdb.com/title/tt0032118/
tt0032129	https://www.imdb.com/title/tt0032129/
tt0032157	https://www.imdb.com/title/tt0032157/
tt0032391	https://www.imdb.com/title/tt0032391/
tt0032666	https://www.imdb.com/title/tt0032666/
tt0032785	https://www.imdb.com/title/tt0032785/
tt0032872	https://www.imdb.com/title/tt0032872/
tt0033201	https://www.imdb.com/title/tt0033201/
tt0033216	https://www.imdb.com/title/tt0033216/
tt0034244	https://www.imdb.com/title/tt0034244/
tt0036144	https://www.imdb.com/title/tt0036144/
tt0121065	https://www.imdb.com/title/tt0121065/
tt0121663	https://www.imdb.com/title/tt0121663/
tt0121837	https://www.imdb.com/title/tt0121837/
tt0122150	https://www.imdb.com/title/tt0122150/
tt0122254	https://www.imdb.com/title/tt0122254/
tt0122801	https://www.imdb.com/title/tt0122801/
tt0123054	https://www.imdb.com/title/tt0123054/
tt0123061	https://www.imdb.com/title/tt0123061/
tt0123165	https://www.imdb.com/title/tt0123165/
tt0123288	https://www.imdb.com/title/tt0123288/
tt0123542	https://www.imdb.com/title/tt0123542/
tt0123943	https://www.imdb.com/title/tt0123943/
tt0124291	https://www.imdb.com/title/tt0124291/
tt0124912	https://www.imdb.com/title/tt0124912/
tt0124978	https://www.imdb.com/title/tt0124978/
tt0125576	https://www.imdb.com/title/tt0125576/
tt0125692	https://www.imdb.com/title/tt0125692/
tt0125731	https://www.imdb.com/title/tt0125731/
tt0125913	https://www.imdb.com/title/tt0125913/
tt0126099	https://www.imdb.com/title/tt0126099/
tt0129880	https://www.imdb.com/title/tt0129880/
tt0129946	https://www.imdb.com/title/tt0129946/
tt0130137	https://www.imdb.com/title/tt0130137/
tt0130358	https://www.imdb.com/title/tt0130358/
tt0130820	https://www.imdb.com/title/tt0130820/
tt0131414	https://www.imdb.com/title/tt0131414/
tt0131438	https://www.imdb.com/title/tt0131438/
tt0131489	https://www.imdb.com/title/tt0131489/
tt0131580	https://www.imdb.com/title/tt0131580/
tt0132018	https://www.imdb.com/title/tt0132018/
tt0132108	https://www.imdb.com/title/tt0132108/
tt0132321	https://www.imdb.com/title/tt0132321/
tt0132622	https://www.imdb.com/title/tt0132622/
tt0132623	https://www.imdb.com/title/tt0132623/
tt0132896	https://www.imdb.com/title/tt0132896/
tt0133325	https://www.imdb.com/title/tt0133325/
tt0133763	https://www.imdb.com/title/tt0133763/
tt0133996	https://www.imdb.com/title/tt0133996/
tt0134035	https://www.imdb.com/title/tt0134035/
tt0134109	https://www.imdb.com/title/tt0134109/
tt0134112	https://www.imdb.com/title/tt0134112/
tt0134213	https://www.imdb.com/title/tt0134213/
tt0134321	https://www.imdb.com/title/tt0134321/
tt0135163	https://www.imdb.com/title/tt0135163/
tt0135426	https://www.imdb.com/title/tt0135426/
tt0135626	https://www.imdb.com/title/tt0135626/
tt0135694	https://www.imdb.com/title/tt0135694/
tt0135745	https://www.imdb.com/title/tt0135745/
tt0136214	https://www.imdb.com/title/tt0136214/
tt0136382	https://www.imdb.com/title/tt0136382/
tt0136435	https://www.imdb.com/title/tt0136435/
tt0136474	https://www.imdb.com/title/tt0136474/
tt0136496	https://www.imdb.com/title/tt0136496/
tt0136794	https://www.imdb.com/title/tt0136794/
tt0137007	https://www.imdb.com/title/tt0137007/
tt0137882	https://www.imdb.com/title/tt0137882/
tt0137936	https://www.imdb.com/title/tt0137936/
tt0138848	https://www.imdb.com/title/tt0138848/
tt0139679	https://www.imdb.com/title/tt0139679/
tt0140394	https://www.imdb.com/title/tt0140394/
tt0140398	https://www.imdb.com/title/tt0140398/
tt0140539	https://www.imdb.com/title/tt0140539/
tt0140828	https://www.imdb.com/title/tt0140828/
tt0142289	https://www.imdb.com/title/tt0142289/
tt0142412	https://www.imdb.com/title/tt0142412/
tt0143182	https://www.imdb.com/title/tt0143182/
tt0143532	https://www.imdb.com/title/tt0143532/
tt0143533	https://www.imdb.com/title/tt0143533/
tt0144126	https://www.imdb.com/title/tt0144126/
tt0144212	https://www.imdb.com/title/tt0144212/
tt0147942	https://www.imdb.com/title/tt0147942/
tt0147992	https://www.imdb.com/title/tt0147992/
tt0148063	https://www.imdb.com/title/tt0148063/
tt0148410	https://www.imdb.com/title/tt0148410/
tt0148549	https://www.imdb.com/title/tt0148549/
tt0149228	https://www.imdb.com/title/tt0149228/
tt0149320	https://www.imdb.com/title/tt0149320/
tt0149329	https://www.imdb.com/title/tt0149329/
tt0149710	https://www.imdb.com/title/tt0149710/
tt0149911	https://www.imdb.com/title/tt0149911/
tt0150086	https://www.imdb.com/title/tt0150086/
tt0150126	https://www.imdb.com/title/tt0150126/
tt0150309	https://www.imdb.com/title/tt0150309/
tt0150368	https://www.imdb.com/title/tt0150368/
tt0150402	https://www.imdb.com/title/tt0150402/
tt0150407	https://www.imdb.com/title/tt0150407/
tt0150592	https://www.imdb.com/title/tt0150592/
tt0151025	https://www.imdb.com/title/tt0151025/
tt0151226	https://www.imdb.com/title/tt0151226/
tt0151260	https://www.imdb.com/title/tt0151260/
tt0151405	https://www.imdb.com/title/tt0151405/
tt0151421	https://www.imdb.com/title/tt0151421/
tt0151481	https://www.imdb.com/title/tt0151481/
tt0151500	https://www.imdb.com/title/tt0151500/
tt0151587	https://www.imdb.com/title/tt0151587/
tt0151611	https://www.imdb.com/title/tt0151611/
tt0151854	https://www.imdb.com/title/tt0151854/
tt0151888	https://www.imdb.com/title/tt0151888/
tt0151923	https://www.imdb.com/title/tt0151923/
tt0152012	https://www.imdb.com/title/tt0152012/
tt0152052	https://www.imdb.com/title/tt0152052/
tt0152086	https://www.imdb.com/title/tt0152086/
tt0152243	https://www.imdb.com/title/tt0152243/
tt0152370	https://www.imdb.com/title/tt0152370/
tt0152462	https://www.imdb.com/title/tt0152462/
tt0152470	https://www.imdb.com/title/tt0152470/
tt0152611	https://www.imdb.com/title/tt0152611/
tt0153284	https://www.imdb.com/title/tt0153284/
tt0153494	https://www.imdb.com/title/tt0153494/
tt0153500	https://www.imdb.com/title/tt0153500/
tt0153960	https://www.imdb.com/title/tt0153960/
tt0154214	https://www.imdb.com/title/tt0154214/
tt0154218	https://www.imdb.com/title/tt0154218/
tt0154251	https://www.imdb.com/title/tt0154251/
tt0154429	https://www.imdb.com/title/tt0154429/
tt0154434	https://www.imdb.com/title/tt0154434/
tt0154447	https://www.imdb.com/title/tt0154447/
tt0154527	https://www.imdb.com/title/tt0154527/
tt0154660	https://www.imdb.com/title/tt0154660/
tt0154729	https://www.imdb.com/title/tt0154729/
tt0154961	https://www.imdb.com/title/tt0154961/
tt0155128	https://www.imdb.com/title/tt0155128/
tt0155130	https://www.imdb.com/title/tt0155130/
tt0155246	https://www.imdb.com/title/tt0155246/
tt0155520	https://www.imdb.com/title/tt0155520/
tt0155825	https://www.imdb.com/title/tt0155825/
tt0155962	https://www.imdb.com/title/tt0155962/
tt0156260	https://www.imdb.com/title/tt0156260/
tt0156357	https://www.imdb.com/title/tt0156357/
tt0156468	https://www.imdb.com/title/tt0156468/
tt0156476	https://www.imdb.com/title/tt0156476/
tt0156486	https://www.imdb.com/title/tt0156486/
tt0156645	https://www.imdb.com/title/tt0156645/
tt0157064	https://www.imdb.com/title/tt0157064/
tt0157200	https://www.imdb.com/title/tt0157200/
tt0157504	https://www.imdb.com/title/tt0157504/
tt0157898	https://www.imdb.com/title/tt0157898/
tt0158352	https://www.imdb.com/title/tt0158352/
tt0158633	https://www.imdb.com/title/tt0158633/
tt0158642	https://www.imdb.com/title/tt0158642/
tt0158801	https://www.imdb.com/title/tt0158801/
tt0158821	https://www.imdb.com/title/tt0158821/
tt0158824	https://www.imdb.com/title/tt0158824/
tt0158897	https://www.imdb.com/title/tt0158897/
tt0159026	https://www.imdb.com/title/tt0159026/
tt0159048	https://www.imdb.com/title/tt0159048/
tt0159050	https://www.imdb.com/title/tt0159050/
tt0159061	https://www.imdb.com/title/tt0159061/
tt0159146	https://www.imdb.com/title/tt0159146/
tt0159492	https://www.imdb.com/title/tt0159492/
tt0160035	https://www.imdb.com/title/tt0160035/
tt0160396	https://www.imdb.com/title/tt0160396/
tt0160473	https://www.imdb.com/title/tt0160473/
tt0160514	https://www.imdb.com/title/tt0160514/
tt0160525	https://www.imdb.com/title/tt0160525/
tt0160557	https://www.imdb.com/title/tt0160557/
tt0160593	https://www.imdb.com/title/tt0160593/
tt0160595	https://www.imdb.com/title/tt0160595/
tt0160624	https://www.imdb.com/title/tt0160624/
tt0160634	https://www.imdb.com/title/tt0160634/
tt0160667	https://www.imdb.com/title/tt0160667/
tt0160675	https://www.imdb.com/title/tt0160675/
tt0160699	https://www.imdb.com/title/tt0160699/
tt0160709	https://www.imdb.com/title/tt0160709/
tt0160734	https://www.imdb.com/title/tt0160734/
tt0160781	https://www.imdb.com/title/tt0160781/
tt0160970	https://www.imdb.com/title/tt0160970/
tt0161826	https://www.imdb.com/title/tt0161826/
tt0161831	https://www.imdb.com/title/tt0161831/
tt0162355	https://www.imdb.com/title/tt0162355/
tt0163797	https://www.imdb.com/title/tt0163797/
tt0164064	https://www.imdb.com/title/tt0164064/
tt0164315	https://www.imdb.com/title/tt0164315/
tt0164720	https://www.imdb.com/title/tt0164720/
tt0165378	https://www.imdb.com/title/tt0165378/
tt0165619	https://www.imdb.com/title/tt0165619/
tt0165696	https://www.imdb.com/title/tt0165696/
tt0165704	https://www.imdb.com/title/tt0165704/
tt0165886	https://www.imdb.com/title/tt0165886/
tt0165898	https://www.imdb.com/title/tt0165898/
tt0165945	https://www.imdb.com/title/tt0165945/
tt0166074	https://www.imdb.com/title/tt0166074/
tt0166289	https://www.imdb.com/title/tt0166289/
tt0166534	https://www.imdb.com/title/tt0166534/
tt0166830	https://www.imdb.com/title/tt0166830/
tt0168866	https://www.imdb.com/title/tt0168866/
tt0169253	https://www.imdb.com/title/tt0169253/
tt0169615	https://www.imdb.com/title/tt0169615/
tt0169659	https://www.imdb.com/title/tt0169659/
tt0169865	https://www.imdb.com/title/tt0169865/
tt0169942	https://www.imdb.com/title/tt0169942/
tt0169963	https://www.imdb.com/title/tt0169963/
tt0169998	https://www.imdb.com/title/tt0169998/
tt0170007	https://www.imdb.com/title/tt0170007/
tt0170055	https://www.imdb.com/title/tt0170055/
tt0170062	https://www.imdb.com/title/tt0170062/
tt0170076	https://www.imdb.com/title/tt0170076/
tt0170177	https://www.imdb.com/title/tt0170177/
tt0170179	https://www.imdb.com/title/tt0170179/
tt0170207	https://www.imdb.com/title/tt0170207/
tt0170248	https://www.imdb.com/title/tt0170248/
tt0170250	https://www.imdb.com/title/tt0170250/
tt0170328	https://www.imdb.com/title/tt0170328/
tt0170349	https://www.imdb.com/title/tt0170349/
tt0170369	https://www.imdb.com/title/tt0170369/
tt0170585	https://www.imdb.com/title/tt0170585/
tt0170615	https://www.imdb.com/title/tt0170615/
tt0170654	https://www.imdb.com/title/tt0170654/
tt0170864	https://www.imdb.com/title/tt0170864/
tt0171150	https://www.imdb.com/title/tt0171150/
tt0171168	https://www.imdb.com/title/tt0171168/
tt0171187	https://www.imdb.com/title/tt0171187/
tt0171223	https://www.imdb.com/title/tt0171223/
tt0171964	https://www.imdb.com/title/tt0171964/
tt0171972	https://www.imdb.com/title/tt0171972/
tt0172122	https://www.imdb.com/title/tt0172122/
tt0172324	https://www.imdb.com/title/tt0172324/
tt0172383	https://www.imdb.com/title/tt0172383/
tt0172556	https://www.imdb.com/title/tt0172556/
tt0173009	https://www.imdb.com/title/tt0173009/
tt0173436	https://www.imdb.com/title/tt0173436/
tt0174642	https://www.imdb.com/title/tt0174642/
tt0174701	https://www.imdb.com/title/tt0174701/
tt0174990	https://www.imdb.com/title/tt0174990/
tt0175457	https://www.imdb.com/title/tt0175457/
tt0175466	https://www.imdb.com/title/tt0175466/
tt0175468	https://www.imdb.com/title/tt0175468/
tt0175474	https://www.imdb.com/title/tt0175474/
tt0175613	https://www.imdb.com/title/tt0175613/
tt0175939	https://www.imdb.com/title/tt0175939/
tt0177600	https://www.imdb.com/title/tt0177600/
tt0177605	https://www.imdb.com/title/tt0177605/
tt0177914	https://www.imdb.com/title/tt0177914/
tt0177950	https://www.imdb.com/title/tt0177950/
tt0178216	https://www.imdb.com/title/tt0178216/
tt0178272	https://www.imdb.com/title/tt0178272/
tt0178702	https://www.imdb.com/title/tt0178702/
tt0178776	https://www.imdb.com/title/tt0178776/
tt0179325	https://www.imdb.com/title/tt0179325/
tt0179777	https://www.imdb.com/title/tt0179777/
tt0180047	https://www.imdb.com/title/tt0180047/
tt0180048	https://www.imdb.com/title/tt0180048/
tt0180060	https://www.imdb.com/title/tt0180060/
tt0180594	https://www.imdb.com/title/tt0180594/
tt0180770	https://www.imdb.com/title/tt0180770/
tt0180890	https://www.imdb.com/title/tt0180890/
tt0184073	https://www.imdb.com/title/tt0184073/
tt0185243	https://www.imdb.com/title/tt0185243/
tt0185263	https://www.imdb.com/title/tt0185263/
tt0185265	https://www.imdb.com/title/tt0185265/
tt0185273	https://www.imdb.com/title/tt0185273/
tt0185304	https://www.imdb.com/title/tt0185304/
tt0185327	https://www.imdb.com/title/tt0185327/
tt0185345	https://www.imdb.com/title/tt0185345/
tt0185346	https://www.imdb.com/title/tt0185346/
tt0185482	https://www.imdb.com/title/tt0185482/
tt0185499	https://www.imdb.com/title/tt0185499/
tt0185548	https://www.imdb.com/title/tt0185548/
tt0185593	https://www.imdb.com/title/tt0185593/
tt0185709	https://www.imdb.com/title/tt0185709/
tt0186147	https://www.imdb.com/title/tt0186147/
tt0186913	https://www.imdb.com/title/tt0186913/
tt0187181	https://www.imdb.com/title/tt0187181/
tt0187463	https://www.imdb.com/title/tt0187463/
tt0187680	https://www.imdb.com/title/tt0187680/
tt0187688	https://www.imdb.com/title/tt0187688/
tt0187997	https://www.imdb.com/title/tt0187997/
tt0188824	https://www.imdb.com/title/tt0188824/
tt0190320	https://www.imdb.com/title/tt0190320/
tt0190360	https://www.imdb.com/title/tt0190360/
tt0190383	https://www.imdb.com/title/tt0190383/
tt0190585	https://www.imdb.com/title/tt0190585/
tt0190961	https://www.imdb.com/title/tt0190961/
tt0191084	https://www.imdb.com/title/tt0191084/
tt0191129	https://www.imdb.com/title/tt0191129/
tt0191136	https://www.imdb.com/title/tt0191136/
tt0191150	https://www.imdb.com/title/tt0191150/
tt0191288	https://www.imdb.com/title/tt0191288/
tt0191321	https://www.imdb.com/title/tt0191321/
tt0191414	https://www.imdb.com/title/tt0191414/
tt0191609	https://www.imdb.com/title/tt0191609/
tt0191855	https://www.imdb.com/title/tt0191855/
tt0191874	https://www.imdb.com/title/tt0191874/
tt0191883	https://www.imdb.com/title/tt0191883/
tt0191893	https://www.imdb.com/title/tt0191893/
tt0192038	https://www.imdb.com/title/tt0192038/
tt0192055	https://www.imdb.com/title/tt0192055/
tt0192479	https://www.imdb.com/title/tt0192479/
tt0192487	https://www.imdb.com/title/tt0192487/
tt0192488	https://www.imdb.com/title/tt0192488/
tt0192749	https://www.imdb.com/title/tt0192749/
tt0192771	https://www.imdb.com/title/tt0192771/
tt0192868	https://www.imdb.com/title/tt0192868/
tt0192987	https://www.imdb.com/title/tt0192987/
tt0193051	https://www.imdb.com/title/tt0193051/
tt0193197	https://www.imdb.com/title/tt0193197/
tt0193252	https://www.imdb.com/title/tt0193252/
tt0193313	https://www.imdb.com/title/tt0193313/
tt0193420	https://www.imdb.com/title/tt0193420/
tt0193432	https://www.imdb.com/title/tt0193432/
tt0193502	https://www.imdb.com/title/tt0193502/
tt0193504	https://www.imdb.com/title/tt0193504/
tt0193586	https://www.imdb.com/title/tt0193586/
tt0193639	https://www.imdb.com/title/tt0193639/
tt0193907	https://www.imdb.com/title/tt0193907/
tt0194134	https://www.imdb.com/title/tt0194134/
tt0194157	https://www.imdb.com/title/tt0194157/
tt0194204	https://www.imdb.com/title/tt0194204/
tt0194261	https://www.imdb.com/title/tt0194261/
tt0194305	https://www.imdb.com/title/tt0194305/
tt0194452	https://www.imdb.com/title/tt0194452/
tt0194461	https://www.imdb.com/title/tt0194461/
tt0194470	https://www.imdb.com/title/tt0194470/
tt0194514	https://www.imdb.com/title/tt0194514/
tt0194757	https://www.imdb.com/title/tt0194757/
tt0195072	https://www.imdb.com/title/tt0195072/
tt0195244	https://www.imdb.com/title/tt0195244/
tt0195370	https://www.imdb.com/title/tt0195370/
tt0195439	https://www.imdb.com/title/tt0195439/
tt0196329	https://www.imdb.com/title/tt0196329/
tt0197086	https://www.imdb.com/title/tt0197086/
tt0197362	https://www.imdb.com/title/tt0197362/
tt0197842	https://www.imdb.com/title/tt0197842/
tt0197969	https://www.imdb.com/title/tt0197969/
tt0197973	https://www.imdb.com/title/tt0197973/
tt0198767	https://www.imdb.com/title/tt0198767/
tt0198835	https://www.imdb.com/title/tt0198835/
tt0199102	https://www.imdb.com/title/tt0199102/
tt0199127	https://www.imdb.com/title/tt0199127/
tt0199644	https://www.imdb.com/title/tt0199644/
tt0199798	https://www.imdb.com/title/tt0199798/
tt0200536	https://www.imdb.com/title/tt0200536/
tt0200775	https://www.imdb.com/title/tt0200775/
tt0201414	https://www.imdb.com/title/tt0201414/
tt0201601	https://www.imdb.com/title/tt0201601/
tt0201797	https://www.imdb.com/title/tt0201797/
tt0202042	https://www.imdb.com/title/tt0202042/
tt0202051	https://www.imdb.com/title/tt0202051/
tt0202122	https://www.imdb.com/title/tt0202122/
tt0202210	https://www.imdb.com/title/tt0202210/
tt0202377	https://www.imdb.com/title/tt0202377/
tt0202418	https://www.imdb.com/title/tt0202418/
tt0203239	https://www.imdb.com/title/tt0203239/
tt0204944	https://www.imdb.com/title/tt0204944/
tt0205061	https://www.imdb.com/title/tt0205061/
tt0205569	https://www.imdb.com/title/tt0205569/
tt0205989	https://www.imdb.com/title/tt0205989/
tt0206085	https://www.imdb.com/title/tt0206085/
tt0206210	https://www.imdb.com/title/tt0206210/
tt0206302	https://www.imdb.com/title/tt0206302/
tt0206969	https://www.imdb.com/title/tt0206969/
tt0208305	https://www.imdb.com/title/tt0208305/
tt0208659	https://www.imdb.com/title/tt0208659/
tt0209002	https://www.imdb.com/title/tt0209002/
tt0209396	https://www.imdb.com/title/tt0209396/
tt0209499	https://www.imdb.com/title/tt0209499/
tt0210297	https://www.imdb.com/title/tt0210297/
tt0211726	https://www.imdb.com/title/tt0211726/
tt0213481	https://www.imdb.com/title/tt0213481/
tt0213482	https://www.imdb.com/title/tt0213482/
tt0213522	https://www.imdb.com/title/tt0213522/
tt0213646	https://www.imdb.com/title/tt0213646/
tt0213649	https://www.imdb.com/title/tt0213649/
tt0213685	https://www.imdb.com/title/tt0213685/
tt0213687	https://www.imdb.com/title/tt0213687/
tt0213921	https://www.imdb.com/title/tt0213921/
tt0213922	https://www.imdb.com/title/tt0213922/
tt0214020	https://www.imdb.com/title/tt0214020/
tt0214076	https://www.imdb.com/title/tt0214076/
tt0214104	https://www.imdb.com/title/tt0214104/
tt0214185	https://www.imdb.com/title/tt0214185/
tt0214406	https://www.imdb.com/title/tt0214406/
tt0214408	https://www.imdb.com/title/tt0214408/
tt0214746	https://www.imdb.com/title/tt0214746/
tt0216007	https://www.imdb.com/title/tt0216007/
tt0216784	https://www.imdb.com/title/tt0216784/
tt0216792	https://www.imdb.com/title/tt0216792/
tt0217361	https://www.imdb.com/title/tt0217361/
tt0217500	https://www.imdb.com/title/tt0217500/
tt0217595	https://www.imdb.com/title/tt0217595/
tt0218305	https://www.imdb.com/title/tt0218305/
tt0219136	https://www.imdb.com/title/tt0219136/
tt0219904	https://www.imdb.com/title/tt0219904/
tt0219950	https://www.imdb.com/title/tt0219950/
tt0220829	https://www.imdb.com/title/tt0220829/
tt0221840	https://www.imdb.com/title/tt0221840/
tt0222689	https://www.imdb.com/title/tt0222689/
tt0222993	https://www.imdb.com/title/tt0222993/
tt0223481	https://www.imdb.com/title/tt0223481/
tt0224435	https://www.imdb.com/title/tt0224435/
tt0227707	https://www.imdb.com/title/tt0227707/
tt0228000	https://www.imdb.com/title/tt0228000/
tt0228168	https://www.imdb.com/title/tt0228168/
tt0228625	https://www.imdb.com/title/tt0228625/
tt0228630	https://www.imdb.com/title/tt0228630/
tt0228764	https://www.imdb.com/title/tt0228764/
tt0229200	https://www.imdb.com/title/tt0229200/
tt0229298	https://www.imdb.com/title/tt0229298/
tt0230034	https://www.imdb.com/title/tt0230034/
tt0230065	https://www.imdb.com/title/tt0230065/
tt0230067	https://www.imdb.com/title/tt0230067/
tt0230194	https://www.imdb.com/title/tt0230194/
tt0230270	https://www.imdb.com/title/tt0230270/
tt0230301	https://www.imdb.com/title/tt0230301/
tt0230329	https://www.imdb.com/title/tt0230329/
tt0230524	https://www.imdb.com/title/tt0230524/
tt0230578	https://www.imdb.com/title/tt0230578/
tt0230604	https://www.imdb.com/title/tt0230604/
tt0230713	https://www.imdb.com/title/tt0230713/
tt0230728	https://www.imdb.com/title/tt0230728/
tt0230880	https://www.imdb.com/title/tt0230880/
tt0230881	https://www.imdb.com/title/tt0230881/
tt0230916	https://www.imdb.com/title/tt0230916/
tt0231218	https://www.imdb.com/title/tt0231218/
tt0231395	https://www.imdb.com/title/tt0231395/
tt0231764	https://www.imdb.com/title/tt0231764/
tt0232070	https://www.imdb.com/title/tt0232070/
tt0232082	https://www.imdb.com/title/tt0232082/
tt0232133	https://www.imdb.com/title/tt0232133/
tt0232511	https://www.imdb.com/title/tt0232511/
tt0232925	https://www.imdb.com/title/tt0232925/
tt0233161	https://www.imdb.com/title/tt0233161/
tt0233626	https://www.imdb.com/title/tt0233626/
tt0236241	https://www.imdb.com/title/tt0236241/
tt0236575	https://www.imdb.com/title/tt0236575/
tt0237065	https://www.imdb.com/title/tt0237065/
tt0238156	https://www.imdb.com/title/tt0238156/
tt0238432	https://www.imdb.com/title/tt0238432/
tt0238483	https://www.imdb.com/title/tt0238483/
tt0238555	https://www.imdb.com/title/tt0238555/
tt0238897	https://www.imdb.com/title/tt0238897/
tt0239035	https://www.imdb.com/title/tt0239035/
tt0239365	https://www.imdb.com/title/tt0239365/
tt0239405	https://www.imdb.com/title/tt0239405/
tt0239621	https://www.imdb.com/title/tt0239621/
tt0239924	https://www.imdb.com/title/tt0239924/
tt0239984	https://www.imdb.com/title/tt0239984/
tt0241894	https://www.imdb.com/title/tt0241894/
tt0241954	https://www.imdb.com/title/tt0241954/
tt0242176	https://www.imdb.com/title/tt0242176/
tt0242489	https://www.imdb.com/title/tt0242489/
tt0242494	https://www.imdb.com/title/tt0242494/
tt0242642	https://www.imdb.com/title/tt0242642/
tt0243340	https://www.imdb.com/title/tt0243340/
tt0243411	https://www.imdb.com/title/tt0243411/
tt0243596	https://www.imdb.com/title/tt0243596/
tt0244885	https://www.imdb.com/title/tt0244885/
tt0245005	https://www.imdb.com/title/tt0245005/
tt0245379	https://www.imdb.com/title/tt0245379/
tt0246104	https://www.imdb.com/title/tt0246104/
tt0247392	https://www.imdb.com/title/tt0247392/
tt0247438	https://www.imdb.com/title/tt0247438/
tt0247490	https://www.imdb.com/title/tt0247490/
tt0247507	https://www.imdb.com/title/tt0247507/
tt0247768	https://www.imdb.com/title/tt0247768/
tt0247784	https://www.imdb.com/title/tt0247784/
tt0247958	https://www.imdb.com/title/tt0247958/
tt0248498	https://www.imdb.com/title/tt0248498/
tt0248689	https://www.imdb.com/title/tt0248689/
tt0248809	https://www.imdb.com/title/tt0248809/
tt0249021	https://www.imdb.com/title/tt0249021/
tt0249125	https://www.imdb.com/title/tt0249125/
tt0249156	https://www.imdb.com/title/tt0249156/
tt0249167	https://www.imdb.com/title/tt0249167/
tt0249170	https://www.imdb.com/title/tt0249170/
tt0249227	https://www.imdb.com/title/tt0249227/
tt0249236	https://www.imdb.com/title/tt0249236/
tt0250044	https://www.imdb.com/title/tt0250044/
tt0250053	https://www.imdb.com/title/tt0250053/
tt0250957	https://www.imdb.com/title/tt0250957/
tt0251136	https://www.imdb.com/title/tt0251136/
tt0253530	https://www.imdb.com/title/tt0253530/
tt0253531	https://www.imdb.com/title/tt0253531/
tt0253613	https://www.imdb.com/title/tt0253613/
tt0254087	https://www.imdb.com/title/tt0254087/
tt0254138	https://www.imdb.com/title/tt0254138/
tt0254165	https://www.imdb.com/title/tt0254165/
tt0254707	https://www.imdb.com/title/tt0254707/
tt0255384	https://www.imdb.com/title/tt0255384/
tt0255618	https://www.imdb.com/title/tt0255618/
tt0255850	https://www.imdb.com/title/tt0255850/
tt0255997	https://www.imdb.com/title/tt0255997/
tt0256217	https://www.imdb.com/title/tt0256217/
tt0256218	https://www.imdb.com/title/tt0256218/
tt0256227	https://www.imdb.com/title/tt0256227/
tt0256327	https://www.imdb.com/title/tt0256327/
tt0257380	https://www.imdb.com/title/tt0257380/
tt0258492	https://www.imdb.com/title/tt0258492/
tt0258605	https://www.imdb.com/title/tt0258605/
tt0258777	https://www.imdb.com/title/tt0258777/
tt0259094	https://www.imdb.com/title/tt0259094/
tt0259200	https://www.imdb.com/title/tt0259200/
tt0259415	https://www.imdb.com/title/tt0259415/
tt0259694	https://www.imdb.com/title/tt0259694/
tt0261757	https://www.imdb.com/title/tt0261757/
tt0262075	https://www.imdb.com/title/tt0262075/
tt0263186	https://www.imdb.com/title/tt0263186/
tt0263203	https://www.imdb.com/title/tt0263203/
tt0263419	https://www.imdb.com/title/tt0263419/
tt0263532	https://www.imdb.com/title/tt0263532/
tt0263795	https://www.imdb.com/title/tt0263795/
tt0263990	https://www.imdb.com/title/tt0263990/
tt0264031	https://www.imdb.com/title/tt0264031/
tt0264161	https://www.imdb.com/title/tt0264161/
tt0264417	https://www.imdb.com/title/tt0264417/
tt0264642	https://www.imdb.com/title/tt0264642/
tt0264781	https://www.imdb.com/title/tt0264781/
tt0264823	https://www.imdb.com/title/tt0264823/
tt0265836	https://www.imdb.com/title/tt0265836/
tt0266331	https://www.imdb.com/title/tt0266331/
tt0267743	https://www.imdb.com/title/tt0267743/
tt0267921	https://www.imdb.com/title/tt0267921/
tt0270234	https://www.imdb.com/title/tt0270234/
tt0270276	https://www.imdb.com/title/tt0270276/
tt0270478	https://www.imdb.com/title/tt0270478/
tt0271152	https://www.imdb.com/title/tt0271152/
tt0272433	https://www.imdb.com/title/tt0272433/
tt0272827	https://www.imdb.com/title/tt0272827/
tt0273407	https://www.imdb.com/title/tt0273407/
tt0273409	https://www.imdb.com/title/tt0273409/
tt0273416	https://www.imdb.com/title/tt0273416/
tt0273477	https://www.imdb.com/title/tt0273477/
tt0273478	https://www.imdb.com/title/tt0273478/
tt0273527	https://www.imdb.com/title/tt0273527/
tt0273553	https://www.imdb.com/title/tt0273553/
tt0273632	https://www.imdb.com/title/tt0273632/
tt0273636	https://www.imdb.com/title/tt0273636/
tt0274593	https://www.imdb.com/title/tt0274593/
tt0274601	https://www.imdb.com/title/tt0274601/
tt0274684	https://www.imdb.com/title/tt0274684/
tt0274790	https://www.imdb.com/title/tt0274790/
tt0274825	https://www.imdb.com/title/tt0274825/
tt0274907	https://www.imdb.com/title/tt0274907/
tt0275431	https://www.imdb.com/title/tt0275431/
tt0279008	https://www.imdb.com/title/tt0279008/
tt0279383	https://www.imdb.com/title/tt0279383/
tt0279675	https://www.imdb.com/title/tt0279675/
tt0280056	https://www.imdb.com/title/tt0280056/
tt0280425	https://www.imdb.com/title/tt0280425/
tt0280534	https://www.imdb.com/title/tt0280534/
tt0280570	https://www.imdb.com/title/tt0280570/
tt0280572	https://www.imdb.com/title/tt0280572/
tt0280681	https://www.imdb.com/title/tt0280681/
tt0280738	https://www.imdb.com/title/tt0280738/
tt0280782	https://www.imdb.com/title/tt0280782/
tt0280805	https://www.imdb.com/title/tt0280805/
tt0280806	https://www.imdb.com/title/tt0280806/
tt0280855	https://www.imdb.com/title/tt0280855/
tt0280857	https://www.imdb.com/title/tt0280857/
tt0280885	https://www.imdb.com/title/tt0280885/
tt0280961	https://www.imdb.com/title/tt0280961/
tt0281003	https://www.imdb.com/title/tt0281003/
tt0281009	https://www.imdb.com/title/tt0281009/
tt0281018	https://www.imdb.com/title/tt0281018/
tt0281092	https://www.imdb.com/title/tt0281092/
tt0281152	https://www.imdb.com/title/tt0281152/
tt0281155	https://www.imdb.com/title/tt0281155/
tt0281197	https://www.imdb.com/title/tt0281197/
tt0281271	https://www.imdb.com/title/tt0281271/
tt0281381	https://www.imdb.com/title/tt0281381/
tt0281387	https://www.imdb.com/title/tt0281387/
tt0281879	https://www.imdb.com/title/tt0281879/
tt0282685	https://www.imdb.com/title/tt0282685/
tt0282735	https://www.imdb.com/title/tt0282735/
tt0282821	https://www.imdb.com/title/tt0282821/
tt0283010	https://www.imdb.com/title/tt0283010/
tt0283098	https://www.imdb.com/title/tt0283098/
tt0284686	https://www.imdb.com/title/tt0284686/
tt0286004	https://www.imdb.com/title/tt0286004/
tt0286163	https://www.imdb.com/title/tt0286163/
tt0286325	https://www.imdb.com/title/tt0286325/
tt0286413	https://www.imdb.com/title/tt0286413/
tt0287994	https://www.imdb.com/title/tt0287994/
tt0288515	https://www.imdb.com/title/tt0288515/
tt0288604	https://www.imdb.com/title/tt0288604/
tt0288690	https://www.imdb.com/title/tt0288690/
tt0288771	https://www.imdb.com/title/tt0288771/
tt0288839	https://www.imdb.com/title/tt0288839/
tt0289067	https://www.imdb.com/title/tt0289067/
tt0289896	https://www.imdb.com/title/tt0289896/
tt0292727	https://www.imdb.com/title/tt0292727/
tt0293956	https://www.imdb.com/title/tt0293956/
tt0295342	https://www.imdb.com/title/tt0295342/
tt0295637	https://www.imdb.com/title/tt0295637/
tt0297257	https://www.imdb.com/title/tt0297257/
tt0297390	https://www.imdb.com/title/tt0297390/
tt0302798	https://www.imdb.com/title/tt0302798/
tt0303700	https://www.imdb.com/title/tt0303700/
tt0304530	https://www.imdb.com/title/tt0304530/
tt0307273	https://www.imdb.com/title/tt0307273/
tt0308165	https://www.imdb.com/title/tt0308165/
tt0308803	https://www.imdb.com/title/tt0308803/
tt0308986	https://www.imdb.com/title/tt0308986/
tt0309528	https://www.imdb.com/title/tt0309528/
tt0311985	https://www.imdb.com/title/tt0311985/
tt0312500	https://www.imdb.com/title/tt0312500/
tt0315973	https://www.imdb.com/title/tt0315973/
tt0316375	https://www.imdb.com/title/tt0316375/
tt0316834	https://www.imdb.com/title/tt0316834/
tt0323358	https://www.imdb.com/title/tt0323358/
tt0324351	https://www.imdb.com/title/tt0324351/
tt0325062	https://www.imdb.com/title/tt0325062/
tt0325143	https://www.imdb.com/title/tt0325143/
tt0325762	https://www.imdb.com/title/tt0325762/
tt0325979	https://www.imdb.com/title/tt0325979/
tt0326266	https://www.imdb.com/title/tt0326266/
tt0328043	https://www.imdb.com/title/tt0328043/
tt0328480	https://www.imdb.com/title/tt0328480/
tt0331356	https://www.imdb.com/title/tt0331356/
tt0335382	https://www.imdb.com/title/tt0335382/
tt0344266	https://www.imdb.com/title/tt0344266/
tt0347090	https://www.imdb.com/title/tt0347090/
tt0347358	https://www.imdb.com/title/tt0347358/
tt0349764	https://www.imdb.com/title/tt0349764/
tt0350600	https://www.imdb.com/title/tt0350600/
tt0358442	https://www.imdb.com/title/tt0358442/
tt0358915	https://www.imdb.com/title/tt0358915/
tt0361502	https://www.imdb.com/title/tt0361502/
tt0361784	https://www.imdb.com/title/tt0361784/
tt0362194	https://www.imdb.com/title/tt0362194/
tt0364412	https://www.imdb.com/title/tt0364412/
tt0371778	https://www.imdb.com/title/tt0371778/
tt0372457	https://www.imdb.com/title/tt0372457/
tt0374148	https://www.imdb.com/title/tt0374148/
tt0375583	https://www.imdb.com/title/tt0375583/
tt0375749	https://www.imdb.com/title/tt0375749/
tt0376878	https://www.imdb.com/title/tt0376878/
tt0377614	https://www.imdb.com/title/tt0377614/
tt0378610	https://www.imdb.com/title/tt0378610/
tt0378965	https://www.imdb.com/title/tt0378965/
tt0378968	https://www.imdb.com/title/tt0378968/
tt0378981	https://www.imdb.com/title/tt0378981/
tt0379447	https://www.imdb.com/title/tt0379447/
tt0380199	https://www.imdb.com/title/tt0380199/
tt0381356	https://www.imdb.com/title/tt0381356/
tt0383632	https://www.imdb.com/title/tt0383632/
tt0385852	https://www.imdb.com/title/tt0385852/
tt0387067	https://www.imdb.com/title/tt0387067/
tt0387554	https://www.imdb.com/title/tt0387554/
tt0388384	https://www.imdb.com/title/tt0388384/
tt0390974	https://www.imdb.com/title/tt0390974/
tt0391071	https://www.imdb.com/title/tt0391071/
tt0398154	https://www.imdb.com/title/tt0398154/
tt0401763	https://www.imdb.com/title/tt0401763/
tt0407515	https://www.imdb.com/title/tt0407515/
tt0412647	https://www.imdb.com/title/tt0412647/
tt0415830	https://www.imdb.com/title/tt0415830/
tt0416293	https://www.imdb.com/title/tt0416293/
tt0416759	https://www.imdb.com/title/tt0416759/
tt0420000	https://www.imdb.com/title/tt0420000/
tt0420096	https://www.imdb.com/title/tt0420096/
tt0420331	https://www.imdb.com/title/tt0420331/
tt0422195	https://www.imdb.com/title/tt0422195/
tt0422196	https://www.imdb.com/title/tt0422196/
tt0422609	https://www.imdb.com/title/tt0422609/
tt0424056	https://www.imdb.com/title/tt0424056/
tt0425181	https://www.imdb.com/title/tt0425181/
tt0425858	https://www.imdb.com/title/tt0425858/
tt0426900	https://www.imdb.com/title/tt0426900/
tt0431187	https://www.imdb.com/title/tt0431187/
tt0433660	https://www.imdb.com/title/tt0433660/
tt0433766	https://www.imdb.com/title/tt0433766/
tt0434117	https://www.imdb.com/title/tt0434117/
tt0435192	https://www.imdb.com/title/tt0435192/
tt0437331	https://www.imdb.com/title/tt0437331/
tt0437795	https://www.imdb.com/title/tt0437795/
tt0438404	https://www.imdb.com/title/tt0438404/
tt0440021	https://www.imdb.com/title/tt0440021/
tt0445165	https://www.imdb.com/title/tt0445165/
tt0451808	https://www.imdb.com/title/tt0451808/
tt0452415	https://www.imdb.com/title/tt0452415/
tt0452421	https://www.imdb.com/title/tt0452421/
tt0454068	https://www.imdb.com/title/tt0454068/
tt0461748	https://www.imdb.com/title/tt0461748/
tt0461751	https://www.imdb.com/title/tt0461751/
tt0461767	https://www.imdb.com/title/tt0461767/
tt0461825	https://www.imdb.com/title/tt0461825/
tt0468659	https://www.imdb.com/title/tt0468659/
tt0476205	https://www.imdb.com/title/tt0476205/
tt0479650	https://www.imdb.com/title/tt0479650/
tt0485042	https://www.imdb.com/title/tt0485042/
tt0487706	https://www.imdb.com/title/tt0487706/
tt0489973	https://www.imdb.com/title/tt0489973/
tt0496596	https://www.imdb.com/title/tt0496596/
tt0497169	https://www.imdb.com/title/tt0497169/
tt0497194	https://www.imdb.com/title/tt0497194/
tt0499009	https://www.imdb.com/title/tt0499009/
tt0764781	https://www.imdb.com/title/tt0764781/
tt0786951	https://www.imdb.com/title/tt0786951/
tt0786972	https://www.imdb.com/title/tt0786972/
tt0786980	https://www.imdb.com/title/tt0786980/
tt0787044	https://www.imdb.com/title/tt0787044/
tt0787084	https://www.imdb.com/title/tt0787084/
tt0787143	https://www.imdb.com/title/tt0787143/
tt0787152	https://www.imdb.com/title/tt0787152/
tt0787998	https://www.imdb.com/title/tt0787998/
tt0788096	https://www.imdb.com/title/tt0788096/
tt0788126	https://www.imdb.com/title/tt0788126/
tt0791409	https://www.imdb.com/title/tt0791409/
tt0791430	https://www.imdb.com/title/tt0791430/
tt0791443	https://www.imdb.com/title/tt0791443/
tt0791502	https://www.imdb.com/title/tt0791502/
tt0826715	https://www.imdb.com/title/tt0826715/
tt0835043	https://www.imdb.com/title/tt0835043/
tt0843479	https://www.imdb.com/title/tt0843479/
tt0846958	https://www.imdb.com/title/tt0846958/
tt0846995	https://www.imdb.com/title/tt0846995/
tt0847011	https://www.imdb.com/title/tt0847011/
tt0847064	https://www.imdb.com/title/tt0847064/
tt0847123	https://www.imdb.com/title/tt0847123/
tt0860424	https://www.imdb.com/title/tt0860424/
tt0867244	https://www.imdb.com/title/tt0867244/
tt0867453	https://www.imdb.com/title/tt0867453/
tt0872158	https://www.imdb.com/title/tt0872158/
tt0881358	https://www.imdb.com/title/tt0881358/
tt0896804	https://www.imdb.com/title/tt0896804/
tt0900907	https://www.imdb.com/title/tt0900907/
tt0900908	https://www.imdb.com/title/tt0900908/
tt0900919	https://www.imdb.com/title/tt0900919/
tt0900961	https://www.imdb.com/title/tt0900961/
tt0923932	https://www.imdb.com/title/tt0923932/
tt0929419	https://www.imdb.com/title/tt0929419/
tt0949470	https://www.imdb.com/title/tt0949470/
tt0949486	https://www.imdb.com/title/tt0949486/
tt0949530	https://www.imdb.com/title/tt0949530/
tt0953375	https://www.imdb.com/title/tt0953375/
tt0953386	https://www.imdb.com/title/tt0953386/
tt0959365	https://www.imdb.com/title/tt0959365/
tt0965509	https://www.imdb.com/title/tt0965509/
tt0972916	https://www.imdb.com/title/tt0972916/
tt0974589	https://www.imdb.com/title/tt0974589/
tt0974620	https://www.imdb.com/title/tt0974620/
tt0974632	https://www.imdb.com/title/tt0974632/
tt10371482	https://www.imdb.com/title/tt10371482/
tt10371778	https://www.imdb.com/title/tt10371778/
tt1051270	https://www.imdb.com/title/tt1051270/
tt10587564	https://www.imdb.com/title/tt10587564/
tt1062354	https://www.imdb.com/title/tt1062354/
tt1070826	https://www.imdb.com/title/tt1070826/
tt10732232	https://www.imdb.com/title/tt10732232/
tt10732324	https://www.imdb.com/title/tt10732324/
tt10747096	https://www.imdb.com/title/tt10747096/
tt10747238	https://www.imdb.com/title/tt10747238/
tt10747256	https://www.imdb.com/title/tt10747256/
tt10747278	https://www.imdb.com/title/tt10747278/
tt10747294	https://www.imdb.com/title/tt10747294/
tt10752410	https://www.imdb.com/title/tt10752410/
tt10752452	https://www.imdb.com/title/tt10752452/
tt10752734	https://www.imdb.com/title/tt10752734/
tt10779182	https://www.imdb.com/title/tt10779182/
tt1080715	https://www.imdb.com/title/tt1080715/
tt1080797	https://www.imdb.com/title/tt1080797/
tt10822094	https://www.imdb.com/title/tt10822094/
tt10822324	https://www.imdb.com/title/tt10822324/
tt10843658	https://www.imdb.com/title/tt10843658/
tt1090186	https://www.imdb.com/title/tt1090186/
tt10924054	https://www.imdb.com/title/tt10924054/
tt10924074	https://www.imdb.com/title/tt10924074/
tt10924418	https://www.imdb.com/title/tt10924418/
tt10934606	https://www.imdb.com/title/tt10934606/
tt10934654	https://www.imdb.com/title/tt10934654/
tt10936942	https://www.imdb.com/title/tt10936942/
tt10937028	https://www.imdb.com/title/tt10937028/
tt11000476	https://www.imdb.com/title/tt11000476/
tt11000524	https://www.imdb.com/title/tt11000524/
tt11000536	https://www.imdb.com/title/tt11000536/
tt11019568	https://www.imdb.com/title/tt11019568/
tt11024304	https://www.imdb.com/title/tt11024304/
tt11024326	https://www.imdb.com/title/tt11024326/
tt11024382	https://www.imdb.com/title/tt11024382/
tt11024398	https://www.imdb.com/title/tt11024398/
tt11024424	https://www.imdb.com/title/tt11024424/
tt11024462	https://www.imdb.com/title/tt11024462/
tt11053128	https://www.imdb.com/title/tt11053128/
tt11058584	https://www.imdb.com/title/tt11058584/
tt11058958	https://www.imdb.com/title/tt11058958/
tt11060398	https://www.imdb.com/title/tt11060398/
tt11070662	https://www.imdb.com/title/tt11070662/
tt11087188	https://www.imdb.com/title/tt11087188/
tt11092724	https://www.imdb.com/title/tt11092724/
tt11092760	https://www.imdb.com/title/tt11092760/
tt11097714	https://www.imdb.com/title/tt11097714/
tt11098200	https://www.imdb.com/title/tt11098200/
tt11129464	https://www.imdb.com/title/tt11129464/
tt11206834	https://www.imdb.com/title/tt11206834/
tt11281240	https://www.imdb.com/title/tt11281240/
tt11281258	https://www.imdb.com/title/tt11281258/
tt11281314	https://www.imdb.com/title/tt11281314/
tt11444554	https://www.imdb.com/title/tt11444554/
tt11444754	https://www.imdb.com/title/tt11444754/
tt11444774	https://www.imdb.com/title/tt11444774/
tt11600914	https://www.imdb.com/title/tt11600914/
tt1162011	https://www.imdb.com/title/tt1162011/
tt1162100	https://www.imdb.com/title/tt1162100/
tt1162120	https://www.imdb.com/title/tt1162120/
tt11681302	https://www.imdb.com/title/tt11681302/
tt11710198	https://www.imdb.com/title/tt11710198/
tt11710244	https://www.imdb.com/title/tt11710244/
tt11710252	https://www.imdb.com/title/tt11710252/
tt11710428	https://www.imdb.com/title/tt11710428/
tt11710490	https://www.imdb.com/title/tt11710490/
tt11752046	https://www.imdb.com/title/tt11752046/
tt11752050	https://www.imdb.com/title/tt11752050/
tt11799628	https://www.imdb.com/title/tt11799628/
tt11799640	https://www.imdb.com/title/tt11799640/
tt11803972	https://www.imdb.com/title/tt11803972/
tt11804026	https://www.imdb.com/title/tt11804026/
tt11928060	https://www.imdb.com/title/tt11928060/
tt11930124	https://www.imdb.com/title/tt11930124/
tt1207766	https://www.imdb.com/title/tt1207766/
tt12095930	https://www.imdb.com/title/tt12095930/
tt1225584	https://www.imdb.com/title/tt1225584/
tt1225727	https://www.imdb.com/title/tt1225727/
tt1226785	https://www.imdb.com/title/tt1226785/
tt1229799	https://www.imdb.com/title/tt1229799/
tt1229800	https://www.imdb.com/title/tt1229800/
tt1229808	https://www.imdb.com/title/tt1229808/
tt1233296	https://www.imdb.com/title/tt1233296/
tt1237887	https://www.imdb.com/title/tt1237887/
tt12380824	https://www.imdb.com/title/tt12380824/
tt1268244	https://www.imdb.com/title/tt1268244/
tt1315991	https://www.imdb.com/title/tt1315991/
tt1330049	https://www.imdb.com/title/tt1330049/
tt13893552	https://www.imdb.com/title/tt13893552/
tt13937652	https://www.imdb.com/title/tt13937652/
tt1409736	https://www.imdb.com/title/tt1409736/
tt1409803	https://www.imdb.com/title/tt1409803/
tt1429401	https://www.imdb.com/title/tt1429401/
tt1433523	https://www.imdb.com/title/tt1433523/
tt1436426	https://www.imdb.com/title/tt1436426/
tt14413596	https://www.imdb.com/title/tt14413596/
tt1441451	https://www.imdb.com/title/tt1441451/
tt1445800	https://www.imdb.com/title/tt1445800/
tt1450648	https://www.imdb.com/title/tt1450648/
tt1451756	https://www.imdb.com/title/tt1451756/
tt1454021	https://www.imdb.com/title/tt1454021/
tt1458741	https://www.imdb.com/title/tt1458741/
tt1458775	https://www.imdb.com/title/tt1458775/
tt1466940	https://www.imdb.com/title/tt1466940/
tt1466955	https://www.imdb.com/title/tt1466955/
tt1467092	https://www.imdb.com/title/tt1467092/
tt1468384	https://www.imdb.com/title/tt1468384/
tt1527141	https://www.imdb.com/title/tt1527141/
tt1566600	https://www.imdb.com/title/tt1566600/
tt1757801	https://www.imdb.com/title/tt1757801/
tt1758566	https://www.imdb.com/title/tt1758566/
tt1758578	https://www.imdb.com/title/tt1758578/
tt1827478	https://www.imdb.com/title/tt1827478/
tt1848884	https://www.imdb.com/title/tt1848884/
tt1849023	https://www.imdb.com/title/tt1849023/
tt1849170	https://www.imdb.com/title/tt1849170/
tt1851011	https://www.imdb.com/title/tt1851011/
tt1851020	https://www.imdb.com/title/tt1851020/
tt1851048	https://www.imdb.com/title/tt1851048/
tt1851087	https://www.imdb.com/title/tt1851087/
tt2014179	https://www.imdb.com/title/tt2014179/
tt2014183	https://www.imdb.com/title/tt2014183/
tt2015467	https://www.imdb.com/title/tt2015467/
tt20192144	https://www.imdb.com/title/tt20192144/
tt2023482	https://www.imdb.com/title/tt2023482/
tt2094776	https://www.imdb.com/title/tt2094776/
tt2094884	https://www.imdb.com/title/tt2094884/
tt2121297	https://www.imdb.com/title/tt2121297/
tt2152104	https://www.imdb.com/title/tt2152104/
tt2153871	https://www.imdb.com/title/tt2153871/
tt2153935	https://www.imdb.com/title/tt2153935/
tt21624368	https://www.imdb.com/title/tt21624368/
tt21835964	https://www.imdb.com/title/tt21835964/
tt2191607	https://www.imdb.com/title/tt2191607/
tt21977724	https://www.imdb.com/title/tt21977724/
tt2215497	https://www.imdb.com/title/tt2215497/
tt2328563	https://www.imdb.com/title/tt2328563/
tt2328577	https://www.imdb.com/title/tt2328577/
tt2447098	https://www.imdb.com/title/tt2447098/
tt2467728	https://www.imdb.com/title/tt2467728/
tt2474378	https://www.imdb.com/title/tt2474378/
tt2530872	https://www.imdb.com/title/tt2530872/
tt26472806	https://www.imdb.com/title/tt26472806/
tt2723296	https://www.imdb.com/title/tt2723296/
tt2794420	https://www.imdb.com/title/tt2794420/
tt28680291	https://www.imdb.com/title/tt28680291/
tt2982372	https://www.imdb.com/title/tt2982372/
tt30395400	https://www.imdb.com/title/tt30395400/
tt30440964	https://www.imdb.com/title/tt30440964/
tt31392284	https://www.imdb.com/title/tt31392284/
tt31464961	https://www.imdb.com/title/tt31464961/
tt3157758	https://www.imdb.com/title/tt3157758/
tt3220442	https://www.imdb.com/title/tt3220442/
tt32241640	https://www.imdb.com/title/tt32241640/
tt32241641	https://www.imdb.com/title/tt32241641/
tt3241880	https://www.imdb.com/title/tt3241880/
tt3242422	https://www.imdb.com/title/tt3242422/
tt3242516	https://www.imdb.com/title/tt3242516/
tt3242550	https://www.imdb.com/title/tt3242550/
tt3244754	https://www.imdb.com/title/tt3244754/
tt3244896	https://www.imdb.com/title/tt3244896/
tt3245190	https://www.imdb.com/title/tt3245190/
tt3245516	https://www.imdb.com/title/tt3245516/
tt3332968	https://www.imdb.com/title/tt3332968/
tt3384246	https://www.imdb.com/title/tt3384246/
tt3386130	https://www.imdb.com/title/tt3386130/
tt3389490	https://www.imdb.com/title/tt3389490/
tt3389504	https://www.imdb.com/title/tt3389504/
tt3389548	https://www.imdb.com/title/tt3389548/
tt3390784	https://www.imdb.com/title/tt3390784/
tt3390824	https://www.imdb.com/title/tt3390824/
tt3391162	https://www.imdb.com/title/tt3391162/
tt3392240	https://www.imdb.com/title/tt3392240/
tt3392392	https://www.imdb.com/title/tt3392392/
tt3392462	https://www.imdb.com/title/tt3392462/
tt3392674	https://www.imdb.com/title/tt3392674/
tt3398442	https://www.imdb.com/title/tt3398442/
tt3398458	https://www.imdb.com/title/tt3398458/
tt3398552	https://www.imdb.com/title/tt3398552/
tt3400536	https://www.imdb.com/title/tt3400536/
tt3400556	https://www.imdb.com/title/tt3400556/
tt3400564	https://www.imdb.com/title/tt3400564/
tt3400574	https://www.imdb.com/title/tt3400574/
tt3400684	https://www.imdb.com/title/tt3400684/
tt3400696	https://www.imdb.com/title/tt3400696/
tt3400736	https://www.imdb.com/title/tt3400736/
tt3400894	https://www.imdb.com/title/tt3400894/
tt3400922	https://www.imdb.com/title/tt3400922/
tt3400970	https://www.imdb.com/title/tt3400970/
tt3401030	https://www.imdb.com/title/tt3401030/
tt3401120	https://www.imdb.com/title/tt3401120/
tt3402742	https://www.imdb.com/title/tt3402742/
tt3402776	https://www.imdb.com/title/tt3402776/
tt3402792	https://www.imdb.com/title/tt3402792/
tt3404308	https://www.imdb.com/title/tt3404308/
tt3404332	https://www.imdb.com/title/tt3404332/
tt3404688	https://www.imdb.com/title/tt3404688/
tt3405026	https://www.imdb.com/title/tt3405026/
tt3405094	https://www.imdb.com/title/tt3405094/
tt3405206	https://www.imdb.com/title/tt3405206/
tt3406874	https://www.imdb.com/title/tt3406874/
tt3406890	https://www.imdb.com/title/tt3406890/
tt3406902	https://www.imdb.com/title/tt3406902/
tt3406984	https://www.imdb.com/title/tt3406984/
tt3407004	https://www.imdb.com/title/tt3407004/
tt3407058	https://www.imdb.com/title/tt3407058/
tt3407280	https://www.imdb.com/title/tt3407280/
tt3407348	https://www.imdb.com/title/tt3407348/
tt3409476	https://www.imdb.com/title/tt3409476/
tt3409484	https://www.imdb.com/title/tt3409484/
tt3409650	https://www.imdb.com/title/tt3409650/
tt3409666	https://www.imdb.com/title/tt3409666/
tt3409732	https://www.imdb.com/title/tt3409732/
tt3409854	https://www.imdb.com/title/tt3409854/
tt3413556	https://www.imdb.com/title/tt3413556/
tt3413582	https://www.imdb.com/title/tt3413582/
tt3413886	https://www.imdb.com/title/tt3413886/
tt3413918	https://www.imdb.com/title/tt3413918/
tt3413928	https://www.imdb.com/title/tt3413928/
tt3414068	https://www.imdb.com/title/tt3414068/
tt3414172	https://www.imdb.com/title/tt3414172/
tt3414210	https://www.imdb.com/title/tt3414210/
tt3415610	https://www.imdb.com/title/tt3415610/
tt3417568	https://www.imdb.com/title/tt3417568/
tt3417580	https://www.imdb.com/title/tt3417580/
tt3417810	https://www.imdb.com/title/tt3417810/
tt3417824	https://www.imdb.com/title/tt3417824/
tt3418776	https://www.imdb.com/title/tt3418776/
tt3418784	https://www.imdb.com/title/tt3418784/
tt3420046	https://www.imdb.com/title/tt3420046/
tt3420062	https://www.imdb.com/title/tt3420062/
tt3420074	https://www.imdb.com/title/tt3420074/
tt3420080	https://www.imdb.com/title/tt3420080/
tt3420084	https://www.imdb.com/title/tt3420084/
tt3437726	https://www.imdb.com/title/tt3437726/
tt3437852	https://www.imdb.com/title/tt3437852/
tt35317605	https://www.imdb.com/title/tt35317605/
tt3552582	https://www.imdb.com/title/tt3552582/
tt3552598	https://www.imdb.com/title/tt3552598/
tt3705842	https://www.imdb.com/title/tt3705842/
tt3755192	https://www.imdb.com/title/tt3755192/
tt3825886	https://www.imdb.com/title/tt3825886/
tt3838062	https://www.imdb.com/title/tt3838062/
tt3884152	https://www.imdb.com/title/tt3884152/
tt3911510	https://www.imdb.com/title/tt3911510/
tt3911530	https://www.imdb.com/title/tt3911530/
tt3911550	https://www.imdb.com/title/tt3911550/
tt3911556	https://www.imdb.com/title/tt3911556/
tt3911558	https://www.imdb.com/title/tt3911558/
tt3913364	https://www.imdb.com/title/tt3913364/
tt3913400	https://www.imdb.com/title/tt3913400/
tt3913404	https://www.imdb.com/title/tt3913404/
tt3913484	https://www.imdb.com/title/tt3913484/
tt3913488	https://www.imdb.com/title/tt3913488/
tt3913494	https://www.imdb.com/title/tt3913494/
tt3961150	https://www.imdb.com/title/tt3961150/
tt3961194	https://www.imdb.com/title/tt3961194/
tt3962368	https://www.imdb.com/title/tt3962368/
tt3962574	https://www.imdb.com/title/tt3962574/
tt3962620	https://www.imdb.com/title/tt3962620/
tt3962646	https://www.imdb.com/title/tt3962646/
tt3962674	https://www.imdb.com/title/tt3962674/
tt3962688	https://www.imdb.com/title/tt3962688/
tt3965698	https://www.imdb.com/title/tt3965698/
tt3965704	https://www.imdb.com/title/tt3965704/
tt3965716	https://www.imdb.com/title/tt3965716/
tt3965766	https://www.imdb.com/title/tt3965766/
tt3971320	https://www.imdb.com/title/tt3971320/
tt3971330	https://www.imdb.com/title/tt3971330/
tt3971332	https://www.imdb.com/title/tt3971332/
tt3971926	https://www.imdb.com/title/tt3971926/
tt3981194	https://www.imdb.com/title/tt3981194/
tt4793322	https://www.imdb.com/title/tt4793322/
tt5067766	https://www.imdb.com/title/tt5067766/
tt5067792	https://www.imdb.com/title/tt5067792/
tt5067818	https://www.imdb.com/title/tt5067818/
tt5127210	https://www.imdb.com/title/tt5127210/
tt5127220	https://www.imdb.com/title/tt5127220/
tt5127244	https://www.imdb.com/title/tt5127244/
tt5175398	https://www.imdb.com/title/tt5175398/
tt5328674	https://www.imdb.com/title/tt5328674/
tt5329488	https://www.imdb.com/title/tt5329488/
tt5423466	https://www.imdb.com/title/tt5423466/
tt6027678	https://www.imdb.com/title/tt6027678/
tt6355054	https://www.imdb.com/title/tt6355054/
tt6629904	https://www.imdb.com/title/tt6629904/
tt6689322	https://www.imdb.com/title/tt6689322/
tt6815630	https://www.imdb.com/title/tt6815630/
tt6954046	https://www.imdb.com/title/tt6954046/
tt7016034	https://www.imdb.com/title/tt7016034/
tt7497190	https://www.imdb.com/title/tt7497190/
tt7577512	https://www.imdb.com/title/tt7577512/
tt7578158	https://www.imdb.com/title/tt7578158/
tt7651964	https://www.imdb.com/title/tt7651964/
tt7652076	https://www.imdb.com/title/tt7652076/
tt7652090	https://www.imdb.com/title/tt7652090/
tt7658476	https://www.imdb.com/title/tt7658476/
tt7658762	https://www.imdb.com/title/tt7658762/
tt7658788	https://www.imdb.com/title/tt7658788/
tt7665722	https://www.imdb.com/title/tt7665722/
tt7692212	https://www.imdb.com/title/tt7692212/
tt7692294	https://www.imdb.com/title/tt7692294/
tt7696776	https://www.imdb.com/title/tt7696776/
tt7696794	https://www.imdb.com/title/tt7696794/
tt7700358	https://www.imdb.com/title/tt7700358/
tt7700408	https://www.imdb.com/title/tt7700408/
tt7702194	https://www.imdb.com/title/tt7702194/
tt7814654	https://www.imdb.com/title/tt7814654/
tt7814676	https://www.imdb.com/title/tt7814676/
tt7814682	https://www.imdb.com/title/tt7814682/
tt7814696	https://www.imdb.com/title/tt7814696/
tt7814742	https://www.imdb.com/title/tt7814742/
tt7814772	https://www.imdb.com/title/tt7814772/
tt7819100	https://www.imdb.com/title/tt7819100/
tt7819188	https://www.imdb.com/title/tt7819188/
tt7897956	https://www.imdb.com/title/tt7897956/
tt7898048	https://www.imdb.com/title/tt7898048/
tt7901750	https://www.imdb.com/title/tt7901750/
tt7901800	https://www.imdb.com/title/tt7901800/
tt7901810	https://www.imdb.com/title/tt7901810/
tt8686370	https://www.imdb.com/title/tt8686370/
tt8691664	https://www.imdb.com/title/tt8691664/
tt8694582	https://www.imdb.com/title/tt8694582/
tt8694592	https://www.imdb.com/title/tt8694592/
tt8694608	https://www.imdb.com/title/tt8694608/
tt8694686	https://www.imdb.com/title/tt8694686/
tt8898634	https://www.imdb.com/title/tt8898634/
tt9007480	https://www.imdb.com/title/tt9007480/
tt9007484	https://www.imdb.com/title/tt9007484/
tt9007494	https://www.imdb.com/title/tt9007494/
tt9007498	https://www.imdb.com/title/tt9007498/
tt9240160	https://www.imdb.com/title/tt9240160/
tt9243018	https://www.imdb.com/title/tt9243018/
tt9244628	https://www.imdb.com/title/tt9244628/
tt9419794	https://www.imdb.com/title/tt9419794/
tt9445490	https://www.imdb.com/title/tt9445490/
tt9477008	https://www.imdb.com/title/tt9477008/
tt9571878	https://www.imdb.com/title/tt9571878/
tt9831884	https://www.imdb.com/title/tt9831884/
tt9834486	https://www.imdb.com/title/tt9834486/
