tconst	imdb_url
tt0029330	https://www.imdb.com/title/tt0029330/
tt0033212	https://www.imdb.com/title/tt0033212/
tt0034482	https://www.imdb.com/title/tt0034482/
tt0034497	https://www.imdb.com/title/tt0034497/
tt0034581	https://www.imdb.com/title/tt0034581/
tt0034807	https://www.imdb.com/title/tt0034807/
tt0035115	https://www.imdb.com/title/tt0035115/
tt0035363	https://www.imdb.com/title/tt0035363/
tt0035373	https://www.imdb.com/title/tt0035373/
tt0035571	https://www.imdb.com/title/tt0035571/
tt0035589	https://www.imdb.com/title/tt0035589/
tt0035601	https://www.imdb.com/title/tt0035601/
tt0035635	https://www.imdb.com/title/tt0035635/
tt0035650	https://www.imdb.com/title/tt0035650/
tt0035652	https://www.imdb.com/title/tt0035652/
tt0035667	https://www.imdb.com/title/tt0035667/
tt0035670	https://www.imdb.com/title/tt0035670/
tt0035712	https://www.imdb.com/title/tt0035712/
tt0035714	https://www.imdb.com/title/tt0035714/
tt0035731	https://www.imdb.com/title/tt0035731/
tt0035736	https://www.imdb.com/title/tt0035736/
tt0035737	https://www.imdb.com/title/tt0035737/
tt0035739	https://www.imdb.com/title/tt0035739/
tt0035789	https://www.imdb.com/title/tt0035789/
tt0035806	https://www.imdb.com/title/tt0035806/
tt0035815	https://www.imdb.com/title/tt0035815/
tt0035821	https://www.imdb.com/title/tt0035821/
tt0035837	https://www.imdb.com/title/tt0035837/
tt0035851	https://www.imdb.com/title/tt0035851/
tt0035876	https://www.imdb.com/title/tt0035876/
tt0035878	https://www.imdb.com/title/tt0035878/
tt0035906	https://www.imdb.com/title/tt0035906/
tt0035912	https://www.imdb.com/title/tt0035912/
tt0035925	https://www.imdb.com/title/tt0035925/
tt0035945	https://www.imdb.com/title/tt0035945/
tt0035962	https://www.imdb.com/title/tt0035962/
tt0035965	https://www.imdb.com/title/tt0035965/
tt0035980	https://www.imdb.com/title/tt0035980/
tt0035991	https://www.imdb.com/title/tt0035991/
tt0036007	https://www.imdb.com/title/tt0036007/
tt0036039	https://www.imdb.com/title/tt0036039/
tt0036058	https://www.imdb.com/title/tt0036058/
tt0036072	https://www.imdb.com/title/tt0036072/
tt0036090	https://www.imdb.com/title/tt0036090/
tt0036110	https://www.imdb.com/title/tt0036110/
tt0036117	https://www.imdb.com/title/tt0036117/
tt0036123	https://www.imdb.com/title/tt0036123/
tt0036124	https://www.imdb.com/title/tt0036124/
tt0036129	https://www.imdb.com/title/tt0036129/
tt0036152	https://www.imdb.com/title/tt0036152/
tt0036153	https://www.imdb.com/title/tt0036153/
tt0036157	https://www.imdb.com/title/tt0036157/
tt0036178	https://www.imdb.com/title/tt0036178/
tt0036190	https://www.imdb.com/title/tt0036190/
tt0036193	https://www.imdb.com/title/tt0036193/
tt0036224	https://www.imdb.com/title/tt0036224/
tt0036260	https://www.imdb.com/title/tt0036260/
tt0036276	https://www.imdb.com/title/tt0036276/
tt0036287	https://www.imdb.com/title/tt0036287/
tt0036304	https://www.imdb.com/title/tt0036304/
tt0036358	https://www.imdb.com/title/tt0036358/
tt0036373	https://www.imdb.com/title/tt0036373/
tt0036378	https://www.imdb.com/title/tt0036378/
tt0036412	https://www.imdb.com/title/tt0036412/
tt0036440	https://www.imdb.com/title/tt0036440/
tt0036456	https://www.imdb.com/title/tt0036456/
tt0036463	https://www.imdb.com/title/tt0036463/
tt0036464	https://www.imdb.com/title/tt0036464/
tt0036471	https://www.imdb.com/title/tt0036471/
tt0036488	https://www.imdb.com/title/tt0036488/
tt0036499	https://www.imdb.com/title/tt0036499/
tt0036500	https://www.imdb.com/title/tt0036500/
tt0036503	https://www.imdb.com/title/tt0036503/
tt0036525	https://www.imdb.com/title/tt0036525/
tt0036529	https://www.imdb.com/title/tt0036529/
tt0036569	https://www.imdb.com/title/tt0036569/
tt0036571	https://www.imdb.com/title/tt0036571/
tt0036572	https://www.imdb.com/title/tt0036572/
tt0036573	https://www.imdb.com/title/tt0036573/
tt0036578	https://www.imdb.com/title/tt0036578/
tt0036579	https://www.imdb.com/title/tt0036579/
tt0036581	https://www.imdb.com/title/tt0036581/
tt0036582	https://www.imdb.com/title/tt0036582/
tt0036584	https://www.imdb.com/title/tt0036584/
tt0036585	https://www.imdb.com/title/tt0036585/
tt0036586	https://www.imdb.com/title/tt0036586/
tt0036587	https://www.imdb.com/title/tt0036587/
tt0036590	https://www.imdb.com/title/tt0036590/
tt0036592	https://www.imdb.com/title/tt0036592/
tt0036593	https://www.imdb.com/title/tt0036593/
tt0036596	https://www.imdb.com/title/tt0036596/
tt0036597	https://www.imdb.com/title/tt0036597/
tt0036599	https://www.imdb.com/title/tt0036599/
tt0036600	https://www.imdb.com/title/tt0036600/
tt0036602	https://www.imdb.com/title/tt0036602/
tt0036605	https://www.imdb.com/title/tt0036605/
tt0036607	https://www.imdb.com/title/tt0036607/
tt0036609	https://www.imdb.com/title/tt0036609/
tt0036610	https://www.imdb.com/title/tt0036610/
tt0036611	https://www.imdb.com/title/tt0036611/
tt0036612	https://www.imdb.com/title/tt0036612/
tt0036613	https://www.imdb.com/title/tt0036613/
tt0036619	https://www.imdb.com/title/tt0036619/
tt0036620	https://www.imdb.com/title/tt0036620/
tt0036623	https://www.imdb.com/title/tt0036623/
tt0036624	https://www.imdb.com/title/tt0036624/
tt0036625	https://www.imdb.com/title/tt0036625/
tt0036628	https://www.imdb.com/title/tt0036628/
tt0036633	https://www.imdb.com/title/tt0036633/
tt0036635	https://www.imdb.com/title/tt0036635/
tt0036636	https://www.imdb.com/title/tt0036636/
tt0036637	https://www.imdb.com/title/tt0036637/
tt0036638	https://www.imdb.com/title/tt0036638/
tt0036641	https://www.imdb.com/title/tt0036641/
tt0036642	https://www.imdb.com/title/tt0036642/
tt0036644	https://www.imdb.com/title/tt0036644/
tt0036646	https://www.imdb.com/title/tt0036646/
tt0036647	https://www.imdb.com/title/tt0036647/
tt0036648	https://www.imdb.com/title/tt0036648/
tt0036649	https://www.imdb.com/title/tt0036649/
tt0036650	https://www.imdb.com/title/tt0036650/
tt0036651	https://www.imdb.com/title/tt0036651/
tt0036653	https://www.imdb.com/title/tt0036653/
tt0036657	https://www.imdb.com/title/tt0036657/
tt0036662	https://www.imdb.com/title/tt0036662/
tt0036663	https://www.imdb.com/title/tt0036663/
tt0036665	https://www.imdb.com/title/tt0036665/
tt0036667	https://www.imdb.com/title/tt0036667/
tt0036668	https://www.imdb.com/title/tt0036668/
tt0036669	https://www.imdb.com/title/tt0036669/
tt0036670	https://www.imdb.com/title/tt0036670/
tt0036671	https://www.imdb.com/title/tt0036671/
tt0036672	https://www.imdb.com/title/tt0036672/
tt0036673	https://www.imdb.com/title/tt0036673/
tt0036675	https://www.imdb.com/title/tt0036675/
tt0036677	https://www.imdb.com/title/tt0036677/
tt0036681	https://www.imdb.com/title/tt0036681/
tt0036683	https://www.imdb.com/title/tt0036683/
tt0036686	https://www.imdb.com/title/tt0036686/
tt0036688	https://www.imdb.com/title/tt0036688/
tt0036689	https://www.imdb.com/title/tt0036689/
tt0036690	https://www.imdb.com/title/tt0036690/
tt0036692	https://www.imdb.com/title/tt0036692/
tt0036694	https://www.imdb.com/title/tt0036694/
tt0036695	https://www.imdb.com/title/tt0036695/
tt0036696	https://www.imdb.com/title/tt0036696/
tt0036697	https://www.imdb.com/title/tt0036697/
tt0036698	https://www.imdb.com/title/tt0036698/
tt0036699	https://www.imdb.com/title/tt0036699/
tt0036700	https://www.imdb.com/title/tt0036700/
tt0036704	https://www.imdb.com/title/tt0036704/
tt0036705	https://www.imdb.com/title/tt0036705/
tt0036706	https://www.imdb.com/title/tt0036706/
tt0036707	https://www.imdb.com/title/tt0036707/
tt0036709	https://www.imdb.com/title/tt0036709/
tt0036710	https://www.imdb.com/title/tt0036710/
tt0036711	https://www.imdb.com/title/tt0036711/
tt0036714	https://www.imdb.com/title/tt0036714/
tt0036715	https://www.imdb.com/title/tt0036715/
tt0036716	https://www.imdb.com/title/tt0036716/
tt0036717	https://www.imdb.com/title/tt0036717/
tt0036719	https://www.imdb.com/title/tt0036719/
tt0036720	https://www.imdb.com/title/tt0036720/
tt0036721	https://www.imdb.com/title/tt0036721/
tt0036722	https://www.imdb.com/title/tt0036722/
tt0036723	https://www.imdb.com/title/tt0036723/
tt0036724	https://www.imdb.com/title/tt0036724/
tt0036725	https://www.imdb.com/title/tt0036725/
tt0036726	https://www.imdb.com/title/tt0036726/
tt0036728	https://www.imdb.com/title/tt0036728/
tt0036730	https://www.imdb.com/title/tt0036730/
tt0036731	https://www.imdb.com/title/tt0036731/
tt0036733	https://www.imdb.com/title/tt0036733/
tt0036734	https://www.imdb.com/title/tt0036734/
tt0036736	https://www.imdb.com/title/tt0036736/
tt0036737	https://www.imdb.com/title/tt0036737/
tt0036738	https://www.imdb.com/title/tt0036738/
tt0036741	https://www.imdb.com/title/tt0036741/
tt0036742	https://www.imdb.com/title/tt0036742/
tt0036743	https://www.imdb.com/title/tt0036743/
tt0036745	https://www.imdb.com/title/tt0036745/
tt0036746	https://www.imdb.com/title/tt0036746/
tt0036747	https://www.imdb.com/title/tt0036747/
tt0036748	https://www.imdb.com/title/tt0036748/
tt0036749	https://www.imdb.com/title/tt0036749/
tt0036750	https://www.imdb.com/title/tt0036750/
tt0036752	https://www.imdb.com/title/tt0036752/
tt0036753	https://www.imdb.com/title/tt0036753/
tt0036754	https://www.imdb.com/title/tt0036754/
tt0036757	https://www.imdb.com/title/tt0036757/
tt0036759	https://www.imdb.com/title/tt0036759/
tt0036762	https://www.imdb.com/title/tt0036762/
tt0036765	https://www.imdb.com/title/tt0036765/
tt0036766	https://www.imdb.com/title/tt0036766/
tt0036767	https://www.imdb.com/title/tt0036767/
tt0036771	https://www.imdb.com/title/tt0036771/
tt0036772	https://www.imdb.com/title/tt0036772/
tt0036773	https://www.imdb.com/title/tt0036773/
tt0036774	https://www.imdb.com/title/tt0036774/
tt0036775	https://www.imdb.com/title/tt0036775/
tt0036776	https://www.imdb.com/title/tt0036776/
tt0036777	https://www.imdb.com/title/tt0036777/
tt0036778	https://www.imdb.com/title/tt0036778/
tt0036779	https://www.imdb.com/title/tt0036779/
tt0036783	https://www.imdb.com/title/tt0036783/
tt0036786	https://www.imdb.com/title/tt0036786/
tt0036787	https://www.imdb.com/title/tt0036787/
tt0036788	https://www.imdb.com/title/tt0036788/
tt0036789	https://www.imdb.com/title/tt0036789/
tt0036790	https://www.imdb.com/title/tt0036790/
tt0036791	https://www.imdb.com/title/tt0036791/
tt0036792	https://www.imdb.com/title/tt0036792/
tt0036793	https://www.imdb.com/title/tt0036793/
tt0036794	https://www.imdb.com/title/tt0036794/
tt0036795	https://www.imdb.com/title/tt0036795/
tt0036796	https://www.imdb.com/title/tt0036796/
tt0036797	https://www.imdb.com/title/tt0036797/
tt0036801	https://www.imdb.com/title/tt0036801/
tt0036802	https://www.imdb.com/title/tt0036802/
tt0036803	https://www.imdb.com/title/tt0036803/
tt0036804	https://www.imdb.com/title/tt0036804/
tt0036806	https://www.imdb.com/title/tt0036806/
tt0036807	https://www.imdb.com/title/tt0036807/
tt0036808	https://www.imdb.com/title/tt0036808/
tt0036809	https://www.imdb.com/title/tt0036809/
tt0036810	https://www.imdb.com/title/tt0036810/
tt0036811	https://www.imdb.com/title/tt0036811/
tt0036813	https://www.imdb.com/title/tt0036813/
tt0036814	https://www.imdb.com/title/tt0036814/
tt0036816	https://www.imdb.com/title/tt0036816/
tt0036818	https://www.imdb.com/title/tt0036818/
tt0036819	https://www.imdb.com/title/tt0036819/
tt0036820	https://www.imdb.com/title/tt0036820/
tt0036821	https://www.imdb.com/title/tt0036821/
tt0036823	https://www.imdb.com/title/tt0036823/
tt0036824	https://www.imdb.com/title/tt0036824/
tt0036825	https://www.imdb.com/title/tt0036825/
tt0036826	https://www.imdb.com/title/tt0036826/
tt0036827	https://www.imdb.com/title/tt0036827/
tt0036830	https://www.imdb.com/title/tt0036830/
tt0036831	https://www.imdb.com/title/tt0036831/
tt0036832	https://www.imdb.com/title/tt0036832/
tt0036833	https://www.imdb.com/title/tt0036833/
tt0036834	https://www.imdb.com/title/tt0036834/
tt0036835	https://www.imdb.com/title/tt0036835/
tt0036836	https://www.imdb.com/title/tt0036836/
tt0036837	https://www.imdb.com/title/tt0036837/
tt0036838	https://www.imdb.com/title/tt0036838/
tt0036840	https://www.imdb.com/title/tt0036840/
tt0036842	https://www.imdb.com/title/tt0036842/
tt0036843	https://www.imdb.com/title/tt0036843/
tt0036844	https://www.imdb.com/title/tt0036844/
tt0036845	https://www.imdb.com/title/tt0036845/
tt0036846	https://www.imdb.com/title/tt0036846/
tt0036847	https://www.imdb.com/title/tt0036847/
tt0036848	https://www.imdb.com/title/tt0036848/
tt0036849	https://www.imdb.com/title/tt0036849/
tt0036850	https://www.imdb.com/title/tt0036850/
tt0036852	https://www.imdb.com/title/tt0036852/
tt0036853	https://www.imdb.com/title/tt0036853/
tt0036855	https://www.imdb.com/title/tt0036855/
tt0036856	https://www.imdb.com/title/tt0036856/
tt0036857	https://www.imdb.com/title/tt0036857/
tt0036859	https://www.imdb.com/title/tt0036859/
tt0036861	https://www.imdb.com/title/tt0036861/
tt0036862	https://www.imdb.com/title/tt0036862/
tt0036863	https://www.imdb.com/title/tt0036863/
tt0036864	https://www.imdb.com/title/tt0036864/
tt0036865	https://www.imdb.com/title/tt0036865/
tt0036866	https://www.imdb.com/title/tt0036866/
tt0036867	https://www.imdb.com/title/tt0036867/
tt0036869	https://www.imdb.com/title/tt0036869/
tt0036871	https://www.imdb.com/title/tt0036871/
tt0036872	https://www.imdb.com/title/tt0036872/
tt0036873	https://www.imdb.com/title/tt0036873/
tt0036875	https://www.imdb.com/title/tt0036875/
tt0036877	https://www.imdb.com/title/tt0036877/
tt0036878	https://www.imdb.com/title/tt0036878/
tt0036879	https://www.imdb.com/title/tt0036879/
tt0036880	https://www.imdb.com/title/tt0036880/
tt0036881	https://www.imdb.com/title/tt0036881/
tt0036882	https://www.imdb.com/title/tt0036882/
tt0036884	https://www.imdb.com/title/tt0036884/
tt0036885	https://www.imdb.com/title/tt0036885/
tt0036886	https://www.imdb.com/title/tt0036886/
tt0036888	https://www.imdb.com/title/tt0036888/
tt0036889	https://www.imdb.com/title/tt0036889/
tt0036890	https://www.imdb.com/title/tt0036890/
tt0036891	https://www.imdb.com/title/tt0036891/
tt0036892	https://www.imdb.com/title/tt0036892/
tt0036893	https://www.imdb.com/title/tt0036893/
tt0036897	https://www.imdb.com/title/tt0036897/
tt0036898	https://www.imdb.com/title/tt0036898/
tt0036900	https://www.imdb.com/title/tt0036900/
tt0036902	https://www.imdb.com/title/tt0036902/
tt0036904	https://www.imdb.com/title/tt0036904/
tt0036906	https://www.imdb.com/title/tt0036906/
tt0036907	https://www.imdb.com/title/tt0036907/
tt0036908	https://www.imdb.com/title/tt0036908/
tt0036909	https://www.imdb.com/title/tt0036909/
tt0036910	https://www.imdb.com/title/tt0036910/
tt0036911	https://www.imdb.com/title/tt0036911/
tt0036912	https://www.imdb.com/title/tt0036912/
tt0036913	https://www.imdb.com/title/tt0036913/
tt0036914	https://www.imdb.com/title/tt0036914/
tt0036915	https://www.imdb.com/title/tt0036915/
tt0036916	https://www.imdb.com/title/tt0036916/
tt0036917	https://www.imdb.com/title/tt0036917/
tt0036918	https://www.imdb.com/title/tt0036918/
tt0036920	https://www.imdb.com/title/tt0036920/
tt0036921	https://www.imdb.com/title/tt0036921/
tt0036922	https://www.imdb.com/title/tt0036922/
tt0036923	https://www.imdb.com/title/tt0036923/
tt0036924	https://www.imdb.com/title/tt0036924/
tt0036926	https://www.imdb.com/title/tt0036926/
tt0036928	https://www.imdb.com/title/tt0036928/
tt0036929	https://www.imdb.com/title/tt0036929/
tt0036930	https://www.imdb.com/title/tt0036930/
tt0036931	https://www.imdb.com/title/tt0036931/
tt0036935	https://www.imdb.com/title/tt0036935/
tt0036936	https://www.imdb.com/title/tt0036936/
tt0036938	https://www.imdb.com/title/tt0036938/
tt0036940	https://www.imdb.com/title/tt0036940/
tt0036941	https://www.imdb.com/title/tt0036941/
tt0036942	https://www.imdb.com/title/tt0036942/
tt0036943	https://www.imdb.com/title/tt0036943/
tt0036945	https://www.imdb.com/title/tt0036945/
tt0036946	https://www.imdb.com/title/tt0036946/
tt0036947	https://www.imdb.com/title/tt0036947/
tt0036949	https://www.imdb.com/title/tt0036949/
tt0036950	https://www.imdb.com/title/tt0036950/
tt0036951	https://www.imdb.com/title/tt0036951/
tt0036952	https://www.imdb.com/title/tt0036952/
tt0036953	https://www.imdb.com/title/tt0036953/
tt0036954	https://www.imdb.com/title/tt0036954/
tt0036955	https://www.imdb.com/title/tt0036955/
tt0036959	https://www.imdb.com/title/tt0036959/
tt0036960	https://www.imdb.com/title/tt0036960/
tt0036961	https://www.imdb.com/title/tt0036961/
tt0036962	https://www.imdb.com/title/tt0036962/
tt0036964	https://www.imdb.com/title/tt0036964/
tt0036966	https://www.imdb.com/title/tt0036966/
tt0036967	https://www.imdb.com/title/tt0036967/
tt0036970	https://www.imdb.com/title/tt0036970/
tt0036971	https://www.imdb.com/title/tt0036971/
tt0036972	https://www.imdb.com/title/tt0036972/
tt0036975	https://www.imdb.com/title/tt0036975/
tt0036976	https://www.imdb.com/title/tt0036976/
tt0036977	https://www.imdb.com/title/tt0036977/
tt0036978	https://www.imdb.com/title/tt0036978/
tt0036979	https://www.imdb.com/title/tt0036979/
tt0036980	https://www.imdb.com/title/tt0036980/
tt0036982	https://www.imdb.com/title/tt0036982/
tt0036983	https://www.imdb.com/title/tt0036983/
tt0036984	https://www.imdb.com/title/tt0036984/
tt0036986	https://www.imdb.com/title/tt0036986/
tt0036987	https://www.imdb.com/title/tt0036987/
tt0036988	https://www.imdb.com/title/tt0036988/
tt0036990	https://www.imdb.com/title/tt0036990/
tt0036992	https://www.imdb.com/title/tt0036992/
tt0036993	https://www.imdb.com/title/tt0036993/
tt0036994	https://www.imdb.com/title/tt0036994/
tt0036995	https://www.imdb.com/title/tt0036995/
tt0036998	https://www.imdb.com/title/tt0036998/
tt0036999	https://www.imdb.com/title/tt0036999/
tt0037000	https://www.imdb.com/title/tt0037000/
tt0037001	https://www.imdb.com/title/tt0037001/
tt0037002	https://www.imdb.com/title/tt0037002/
tt0037003	https://www.imdb.com/title/tt0037003/
tt0037004	https://www.imdb.com/title/tt0037004/
tt0037005	https://www.imdb.com/title/tt0037005/
tt0037006	https://www.imdb.com/title/tt0037006/
tt0037007	https://www.imdb.com/title/tt0037007/
tt0037008	https://www.imdb.com/title/tt0037008/
tt0037009	https://www.imdb.com/title/tt0037009/
tt0037011	https://www.imdb.com/title/tt0037011/
tt0037012	https://www.imdb.com/title/tt0037012/
tt0037013	https://www.imdb.com/title/tt0037013/
tt0037014	https://www.imdb.com/title/tt0037014/
tt0037016	https://www.imdb.com/title/tt0037016/
tt0037017	https://www.imdb.com/title/tt0037017/
tt0037018	https://www.imdb.com/title/tt0037018/
tt0037019	https://www.imdb.com/title/tt0037019/
tt0037021	https://www.imdb.com/title/tt0037021/
tt0037023	https://www.imdb.com/title/tt0037023/
tt0037024	https://www.imdb.com/title/tt0037024/
tt0037025	https://www.imdb.com/title/tt0037025/
tt0037027	https://www.imdb.com/title/tt0037027/
tt0037028	https://www.imdb.com/title/tt0037028/
tt0037029	https://www.imdb.com/title/tt0037029/
tt0037030	https://www.imdb.com/title/tt0037030/
tt0037032	https://www.imdb.com/title/tt0037032/
tt0037033	https://www.imdb.com/title/tt0037033/
tt0037034	https://www.imdb.com/title/tt0037034/
tt0037040	https://www.imdb.com/title/tt0037040/
tt0037042	https://www.imdb.com/title/tt0037042/
tt0037043	https://www.imdb.com/title/tt0037043/
tt0037044	https://www.imdb.com/title/tt0037044/
tt0037045	https://www.imdb.com/title/tt0037045/
tt0037046	https://www.imdb.com/title/tt0037046/
tt0037048	https://www.imdb.com/title/tt0037048/
tt0037049	https://www.imdb.com/title/tt0037049/
tt0037050	https://www.imdb.com/title/tt0037050/
tt0037051	https://www.imdb.com/title/tt0037051/
tt0037052	https://www.imdb.com/title/tt0037052/
tt0037053	https://www.imdb.com/title/tt0037053/
tt0037054	https://www.imdb.com/title/tt0037054/
tt0037055	https://www.imdb.com/title/tt0037055/
tt0037056	https://www.imdb.com/title/tt0037056/
tt0037058	https://www.imdb.com/title/tt0037058/
tt0037059	https://www.imdb.com/title/tt0037059/
tt0037060	https://www.imdb.com/title/tt0037060/
tt0037062	https://www.imdb.com/title/tt0037062/
tt0037063	https://www.imdb.com/title/tt0037063/
tt0037064	https://www.imdb.com/title/tt0037064/
tt0037065	https://www.imdb.com/title/tt0037065/
tt0037067	https://www.imdb.com/title/tt0037067/
tt0037068	https://www.imdb.com/title/tt0037068/
tt0037070	https://www.imdb.com/title/tt0037070/
tt0037071	https://www.imdb.com/title/tt0037071/
tt0037072	https://www.imdb.com/title/tt0037072/
tt0037074	https://www.imdb.com/title/tt0037074/
tt0037075	https://www.imdb.com/title/tt0037075/
tt0037076	https://www.imdb.com/title/tt0037076/
tt0037078	https://www.imdb.com/title/tt0037078/
tt0037080	https://www.imdb.com/title/tt0037080/
tt0037081	https://www.imdb.com/title/tt0037081/
tt0037082	https://www.imdb.com/title/tt0037082/
tt0037083	https://www.imdb.com/title/tt0037083/
tt0037084	https://www.imdb.com/title/tt0037084/
tt0037085	https://www.imdb.com/title/tt0037085/
tt0037086	https://www.imdb.com/title/tt0037086/
tt0037093	https://www.imdb.com/title/tt0037093/
tt0037094	https://www.imdb.com/title/tt0037094/
tt0037095	https://www.imdb.com/title/tt0037095/
tt0037096	https://www.imdb.com/title/tt0037096/
tt0037098	https://www.imdb.com/title/tt0037098/
tt0037099	https://www.imdb.com/title/tt0037099/
tt0037100	https://www.imdb.com/title/tt0037100/
tt0037101	https://www.imdb.com/title/tt0037101/
tt0037104	https://www.imdb.com/title/tt0037104/
tt0037105	https://www.imdb.com/title/tt0037105/
tt0037106	https://www.imdb.com/title/tt0037106/
tt0037107	https://www.imdb.com/title/tt0037107/
tt0037109	https://www.imdb.com/title/tt0037109/
tt0037110	https://www.imdb.com/title/tt0037110/
tt0037111	https://www.imdb.com/title/tt0037111/
tt0037112	https://www.imdb.com/title/tt0037112/
tt0037113	https://www.imdb.com/title/tt0037113/
tt0037114	https://www.imdb.com/title/tt0037114/
tt0037115	https://www.imdb.com/title/tt0037115/
tt0037116	https://www.imdb.com/title/tt0037116/
tt0037117	https://www.imdb.com/title/tt0037117/
tt0037118	https://www.imdb.com/title/tt0037118/
tt0037119	https://www.imdb.com/title/tt0037119/
tt0037120	https://www.imdb.com/title/tt0037120/
tt0037121	https://www.imdb.com/title/tt0037121/
tt0037122	https://www.imdb.com/title/tt0037122/
tt0037123	https://www.imdb.com/title/tt0037123/
tt0037124	https://www.imdb.com/title/tt0037124/
tt0037126	https://www.imdb.com/title/tt0037126/
tt0037127	https://www.imdb.com/title/tt0037127/
tt0037130	https://www.imdb.com/title/tt0037130/
tt0037131	https://www.imdb.com/title/tt0037131/
tt0037134	https://www.imdb.com/title/tt0037134/
tt0037135	https://www.imdb.com/title/tt0037135/
tt0037136	https://www.imdb.com/title/tt0037136/
tt0037137	https://www.imdb.com/title/tt0037137/
tt0037138	https://www.imdb.com/title/tt0037138/
tt0037139	https://www.imdb.com/title/tt0037139/
tt0037140	https://www.imdb.com/title/tt0037140/
tt0037141	https://www.imdb.com/title/tt0037141/
tt0037142	https://www.imdb.com/title/tt0037142/
tt0037145	https://www.imdb.com/title/tt0037145/
tt0037146	https://www.imdb.com/title/tt0037146/
tt0037148	https://www.imdb.com/title/tt0037148/
tt0037149	https://www.imdb.com/title/tt0037149/
tt0037150	https://www.imdb.com/title/tt0037150/
tt0037151	https://www.imdb.com/title/tt0037151/
tt0037152	https://www.imdb.com/title/tt0037152/
tt0037153	https://www.imdb.com/title/tt0037153/
tt0037154	https://www.imdb.com/title/tt0037154/
tt0037155	https://www.imdb.com/title/tt0037155/
tt0037157	https://www.imdb.com/title/tt0037157/
tt0037158	https://www.imdb.com/title/tt0037158/
tt0037160	https://www.imdb.com/title/tt0037160/
tt0037161	https://www.imdb.com/title/tt0037161/
tt0037162	https://www.imdb.com/title/tt0037162/
tt0037163	https://www.imdb.com/title/tt0037163/
tt0037164	https://www.imdb.com/title/tt0037164/
tt0037165	https://www.imdb.com/title/tt0037165/
tt0037166	https://www.imdb.com/title/tt0037166/
tt0037167	https://www.imdb.com/title/tt0037167/
tt0037168	https://www.imdb.com/title/tt0037168/
tt0037170	https://www.imdb.com/title/tt0037170/
tt0037172	https://www.imdb.com/title/tt0037172/
tt0037173	https://www.imdb.com/title/tt0037173/
tt0037175	https://www.imdb.com/title/tt0037175/
tt0037176	https://www.imdb.com/title/tt0037176/
tt0037178	https://www.imdb.com/title/tt0037178/
tt0037186	https://www.imdb.com/title/tt0037186/
tt0037188	https://www.imdb.com/title/tt0037188/
tt0037190	https://www.imdb.com/title/tt0037190/
tt0037191	https://www.imdb.com/title/tt0037191/
tt0037193	https://www.imdb.com/title/tt0037193/
tt0037194	https://www.imdb.com/title/tt0037194/
tt0037197	https://www.imdb.com/title/tt0037197/
tt0037200	https://www.imdb.com/title/tt0037200/
tt0037201	https://www.imdb.com/title/tt0037201/
tt0037202	https://www.imdb.com/title/tt0037202/
tt0037203	https://www.imdb.com/title/tt0037203/
tt0037205	https://www.imdb.com/title/tt0037205/
tt0037206	https://www.imdb.com/title/tt0037206/
tt0037207	https://www.imdb.com/title/tt0037207/
tt0037208	https://www.imdb.com/title/tt0037208/
tt0037209	https://www.imdb.com/title/tt0037209/
tt0037210	https://www.imdb.com/title/tt0037210/
tt0037211	https://www.imdb.com/title/tt0037211/
tt0037212	https://www.imdb.com/title/tt0037212/
tt0037213	https://www.imdb.com/title/tt0037213/
tt0037214	https://www.imdb.com/title/tt0037214/
tt0037215	https://www.imdb.com/title/tt0037215/
tt0037216	https://www.imdb.com/title/tt0037216/
tt0037217	https://www.imdb.com/title/tt0037217/
tt0037220	https://www.imdb.com/title/tt0037220/
tt0037221	https://www.imdb.com/title/tt0037221/
tt0037223	https://www.imdb.com/title/tt0037223/
tt0037225	https://www.imdb.com/title/tt0037225/
tt0037226	https://www.imdb.com/title/tt0037226/
tt0037227	https://www.imdb.com/title/tt0037227/
tt0037231	https://www.imdb.com/title/tt0037231/
tt0037234	https://www.imdb.com/title/tt0037234/
tt0037235	https://www.imdb.com/title/tt0037235/
tt0037237	https://www.imdb.com/title/tt0037237/
tt0037238	https://www.imdb.com/title/tt0037238/
tt0037239	https://www.imdb.com/title/tt0037239/
tt0037242	https://www.imdb.com/title/tt0037242/
tt0037243	https://www.imdb.com/title/tt0037243/
tt0037244	https://www.imdb.com/title/tt0037244/
tt0037245	https://www.imdb.com/title/tt0037245/
tt0037246	https://www.imdb.com/title/tt0037246/
tt0037248	https://www.imdb.com/title/tt0037248/
tt0037249	https://www.imdb.com/title/tt0037249/
tt0037252	https://www.imdb.com/title/tt0037252/
tt0037253	https://www.imdb.com/title/tt0037253/
tt0037255	https://www.imdb.com/title/tt0037255/
tt0037256	https://www.imdb.com/title/tt0037256/
tt0037258	https://www.imdb.com/title/tt0037258/
tt0037261	https://www.imdb.com/title/tt0037261/
tt0037262	https://www.imdb.com/title/tt0037262/
tt0037263	https://www.imdb.com/title/tt0037263/
tt0037265	https://www.imdb.com/title/tt0037265/
tt0037266	https://www.imdb.com/title/tt0037266/
tt0037267	https://www.imdb.com/title/tt0037267/
tt0037268	https://www.imdb.com/title/tt0037268/
tt0037269	https://www.imdb.com/title/tt0037269/
tt0037270	https://www.imdb.com/title/tt0037270/
tt0037271	https://www.imdb.com/title/tt0037271/
tt0037272	https://www.imdb.com/title/tt0037272/
tt0037273	https://www.imdb.com/title/tt0037273/
tt0037274	https://www.imdb.com/title/tt0037274/
tt0037276	https://www.imdb.com/title/tt0037276/
tt0037277	https://www.imdb.com/title/tt0037277/
tt0037278	https://www.imdb.com/title/tt0037278/
tt0037279	https://www.imdb.com/title/tt0037279/
tt0037280	https://www.imdb.com/title/tt0037280/
tt0037281	https://www.imdb.com/title/tt0037281/
tt0037282	https://www.imdb.com/title/tt0037282/
tt0037283	https://www.imdb.com/title/tt0037283/
tt0037284	https://www.imdb.com/title/tt0037284/
tt0037286	https://www.imdb.com/title/tt0037286/
tt0037287	https://www.imdb.com/title/tt0037287/
tt0037288	https://www.imdb.com/title/tt0037288/
tt0037289	https://www.imdb.com/title/tt0037289/
tt0037292	https://www.imdb.com/title/tt0037292/
tt0037295	https://www.imdb.com/title/tt0037295/
tt0037296	https://www.imdb.com/title/tt0037296/
tt0037297	https://www.imdb.com/title/tt0037297/
tt0037298	https://www.imdb.com/title/tt0037298/
tt0037301	https://www.imdb.com/title/tt0037301/
tt0037302	https://www.imdb.com/title/tt0037302/
tt0037304	https://www.imdb.com/title/tt0037304/
tt0037309	https://www.imdb.com/title/tt0037309/
tt0037310	https://www.imdb.com/title/tt0037310/
tt0037311	https://www.imdb.com/title/tt0037311/
tt0037313	https://www.imdb.com/title/tt0037313/
tt0037314	https://www.imdb.com/title/tt0037314/
tt0037315	https://www.imdb.com/title/tt0037315/
tt0037316	https://www.imdb.com/title/tt0037316/
tt0037317	https://www.imdb.com/title/tt0037317/
tt0037318	https://www.imdb.com/title/tt0037318/
tt0037320	https://www.imdb.com/title/tt0037320/
tt0037322	https://www.imdb.com/title/tt0037322/
tt0037323	https://www.imdb.com/title/tt0037323/
tt0037325	https://www.imdb.com/title/tt0037325/
tt0037326	https://www.imdb.com/title/tt0037326/
tt0037327	https://www.imdb.com/title/tt0037327/
tt0037328	https://www.imdb.com/title/tt0037328/
tt0037329	https://www.imdb.com/title/tt0037329/
tt0037330	https://www.imdb.com/title/tt0037330/
tt0037331	https://www.imdb.com/title/tt0037331/
tt0037332	https://www.imdb.com/title/tt0037332/
tt0037333	https://www.imdb.com/title/tt0037333/
tt0037334	https://www.imdb.com/title/tt0037334/
tt0037336	https://www.imdb.com/title/tt0037336/
tt0037338	https://www.imdb.com/title/tt0037338/
tt0037340	https://www.imdb.com/title/tt0037340/
tt0037341	https://www.imdb.com/title/tt0037341/
tt0037343	https://www.imdb.com/title/tt0037343/
tt0037344	https://www.imdb.com/title/tt0037344/
tt0037346	https://www.imdb.com/title/tt0037346/
tt0037347	https://www.imdb.com/title/tt0037347/
tt0037348	https://www.imdb.com/title/tt0037348/
tt0037350	https://www.imdb.com/title/tt0037350/
tt0037351	https://www.imdb.com/title/tt0037351/
tt0037352	https://www.imdb.com/title/tt0037352/
tt0037354	https://www.imdb.com/title/tt0037354/
tt0037355	https://www.imdb.com/title/tt0037355/
tt0037359	https://www.imdb.com/title/tt0037359/
tt0037360	https://www.imdb.com/title/tt0037360/
tt0037361	https://www.imdb.com/title/tt0037361/
tt0037363	https://www.imdb.com/title/tt0037363/
tt0037364	https://www.imdb.com/title/tt0037364/
tt0037365	https://www.imdb.com/title/tt0037365/
tt0037366	https://www.imdb.com/title/tt0037366/
tt0037367	https://www.imdb.com/title/tt0037367/
tt0037368	https://www.imdb.com/title/tt0037368/
tt0037369	https://www.imdb.com/title/tt0037369/
tt0037371	https://www.imdb.com/title/tt0037371/
tt0037372	https://www.imdb.com/title/tt0037372/
tt0037373	https://www.imdb.com/title/tt0037373/
tt0037375	https://www.imdb.com/title/tt0037375/
tt0037376	https://www.imdb.com/title/tt0037376/
tt0037378	https://www.imdb.com/title/tt0037378/
tt0037379	https://www.imdb.com/title/tt0037379/
tt0037380	https://www.imdb.com/title/tt0037380/
tt0037382	https://www.imdb.com/title/tt0037382/
tt0037384	https://www.imdb.com/title/tt0037384/
tt0037386	https://www.imdb.com/title/tt0037386/
tt0037387	https://www.imdb.com/title/tt0037387/
tt0037388	https://www.imdb.com/title/tt0037388/
tt0037391	https://www.imdb.com/title/tt0037391/
tt0037392	https://www.imdb.com/title/tt0037392/
tt0037395	https://www.imdb.com/title/tt0037395/
tt0037397	https://www.imdb.com/title/tt0037397/
tt0037398	https://www.imdb.com/title/tt0037398/
tt0037399	https://www.imdb.com/title/tt0037399/
tt0037401	https://www.imdb.com/title/tt0037401/
tt0037402	https://www.imdb.com/title/tt0037402/
tt0037404	https://www.imdb.com/title/tt0037404/
tt0037405	https://www.imdb.com/title/tt0037405/
tt0037406	https://www.imdb.com/title/tt0037406/
tt0037407	https://www.imdb.com/title/tt0037407/
tt0037408	https://www.imdb.com/title/tt0037408/
tt0037409	https://www.imdb.com/title/tt0037409/
tt0037411	https://www.imdb.com/title/tt0037411/
tt0037412	https://www.imdb.com/title/tt0037412/
tt0037414	https://www.imdb.com/title/tt0037414/
tt0037415	https://www.imdb.com/title/tt0037415/
tt0037419	https://www.imdb.com/title/tt0037419/
tt0037420	https://www.imdb.com/title/tt0037420/
tt0037421	https://www.imdb.com/title/tt0037421/
tt0037422	https://www.imdb.com/title/tt0037422/
tt0037423	https://www.imdb.com/title/tt0037423/
tt0037424	https://www.imdb.com/title/tt0037424/
tt0037425	https://www.imdb.com/title/tt0037425/
tt0037427	https://www.imdb.com/title/tt0037427/
tt0037428	https://www.imdb.com/title/tt0037428/
tt0037429	https://www.imdb.com/title/tt0037429/
tt0037431	https://www.imdb.com/title/tt0037431/
tt0037432	https://www.imdb.com/title/tt0037432/
tt0037433	https://www.imdb.com/title/tt0037433/
tt0037434	https://www.imdb.com/title/tt0037434/
tt0037436	https://www.imdb.com/title/tt0037436/
tt0037438	https://www.imdb.com/title/tt0037438/
tt0037439	https://www.imdb.com/title/tt0037439/
tt0037441	https://www.imdb.com/title/tt0037441/
tt0037442	https://www.imdb.com/title/tt0037442/
tt0037443	https://www.imdb.com/title/tt0037443/
tt0037446	https://www.imdb.com/title/tt0037446/
tt0037448	https://www.imdb.com/title/tt0037448/
tt0037449	https://www.imdb.com/title/tt0037449/
tt0037452	https://www.imdb.com/title/tt0037452/
tt0037453	https://www.imdb.com/title/tt0037453/
tt0037454	https://www.imdb.com/title/tt0037454/
tt0037455	https://www.imdb.com/title/tt0037455/
tt0037456	https://www.imdb.com/title/tt0037456/
tt0037458	https://www.imdb.com/title/tt0037458/
tt0037459	https://www.imdb.com/title/tt0037459/
tt0037460	https://www.imdb.com/title/tt0037460/
tt0037461	https://www.imdb.com/title/tt0037461/
tt0037462	https://www.imdb.com/title/tt0037462/
tt0037464	https://www.imdb.com/title/tt0037464/
tt0037465	https://www.imdb.com/title/tt0037465/
tt0037466	https://www.imdb.com/title/tt0037466/
tt0037467	https://www.imdb.com/title/tt0037467/
tt0037469	https://www.imdb.com/title/tt0037469/
tt0037472	https://www.imdb.com/title/tt0037472/
tt0037473	https://www.imdb.com/title/tt0037473/
tt0037475	https://www.imdb.com/title/tt0037475/
tt0037476	https://www.imdb.com/title/tt0037476/
tt0037478	https://www.imdb.com/title/tt0037478/
tt0037479	https://www.imdb.com/title/tt0037479/
tt0037481	https://www.imdb.com/title/tt0037481/
tt0037482	https://www.imdb.com/title/tt0037482/
tt0037484	https://www.imdb.com/title/tt0037484/
tt0037485	https://www.imdb.com/title/tt0037485/
tt0037487	https://www.imdb.com/title/tt0037487/
tt0037631	https://www.imdb.com/title/tt0037631/
tt0037798	https://www.imdb.com/title/tt0037798/
tt0037824	https://www.imdb.com/title/tt0037824/
tt0037873	https://www.imdb.com/title/tt0037873/
tt0037899	https://www.imdb.com/title/tt0037899/
tt0037975	https://www.imdb.com/title/tt0037975/
tt0038009	https://www.imdb.com/title/tt0038009/
tt0038024	https://www.imdb.com/title/tt0038024/
tt0038034	https://www.imdb.com/title/tt0038034/
tt0038042	https://www.imdb.com/title/tt0038042/
tt0038074	https://www.imdb.com/title/tt0038074/
tt0038130	https://www.imdb.com/title/tt0038130/
tt0038147	https://www.imdb.com/title/tt0038147/
tt0038166	https://www.imdb.com/title/tt0038166/
tt0038533	https://www.imdb.com/title/tt0038533/
tt0039988	https://www.imdb.com/title/tt0039988/
tt0042317	https://www.imdb.com/title/tt0042317/
tt0053463	https://www.imdb.com/title/tt0053463/
tt0121171	https://www.imdb.com/title/tt0121171/
tt0121726	https://www.imdb.com/title/tt0121726/
tt0122138	https://www.imdb.com/title/tt0122138/
tt0122152	https://www.imdb.com/title/tt0122152/
tt0122224	https://www.imdb.com/title/tt0122224/
tt0122291	https://www.imdb.com/title/tt0122291/
tt0122496	https://www.imdb.com/title/tt0122496/
tt0122510	https://www.imdb.com/title/tt0122510/
tt0122619	https://www.imdb.com/title/tt0122619/
tt0122711	https://www.imdb.com/title/tt0122711/
tt0122730	https://www.imdb.com/title/tt0122730/
tt0122859	https://www.imdb.com/title/tt0122859/
tt0123306	https://www.imdb.com/title/tt0123306/
tt0124518	https://www.imdb.com/title/tt0124518/
tt0124820	https://www.imdb.com/title/tt0124820/
tt0124904	https://www.imdb.com/title/tt0124904/
tt0124906	https://www.imdb.com/title/tt0124906/
tt0125495	https://www.imdb.com/title/tt0125495/
tt0125672	https://www.imdb.com/title/tt0125672/
tt0126670	https://www.imdb.com/title/tt0126670/
tt0127532	https://www.imdb.com/title/tt0127532/
tt0127593	https://www.imdb.com/title/tt0127593/
tt0127635	https://www.imdb.com/title/tt0127635/
tt0128091	https://www.imdb.com/title/tt0128091/
tt0128353	https://www.imdb.com/title/tt0128353/
tt0130286	https://www.imdb.com/title/tt0130286/
tt0130877	https://www.imdb.com/title/tt0130877/
tt0131470	https://www.imdb.com/title/tt0131470/
tt0132197	https://www.imdb.com/title/tt0132197/
tt0132270	https://www.imdb.com/title/tt0132270/
tt0132925	https://www.imdb.com/title/tt0132925/
tt0132997	https://www.imdb.com/title/tt0132997/
tt0133970	https://www.imdb.com/title/tt0133970/
tt0134722	https://www.imdb.com/title/tt0134722/
tt0134971	https://www.imdb.com/title/tt0134971/
tt0135048	https://www.imdb.com/title/tt0135048/
tt0136247	https://www.imdb.com/title/tt0136247/
tt0136525	https://www.imdb.com/title/tt0136525/
tt0136542	https://www.imdb.com/title/tt0136542/
tt0136581	https://www.imdb.com/title/tt0136581/
tt0138792	https://www.imdb.com/title/tt0138792/
tt0138847	https://www.imdb.com/title/tt0138847/
tt0139416	https://www.imdb.com/title/tt0139416/
tt0139839	https://www.imdb.com/title/tt0139839/
tt0140292	https://www.imdb.com/title/tt0140292/
tt0141622	https://www.imdb.com/title/tt0141622/
tt0141969	https://www.imdb.com/title/tt0141969/
tt0145677	https://www.imdb.com/title/tt0145677/
tt0145819	https://www.imdb.com/title/tt0145819/
tt0149914	https://www.imdb.com/title/tt0149914/
tt0150301	https://www.imdb.com/title/tt0150301/
tt0150771	https://www.imdb.com/title/tt0150771/
tt0150874	https://www.imdb.com/title/tt0150874/
tt0150900	https://www.imdb.com/title/tt0150900/
tt0151168	https://www.imdb.com/title/tt0151168/
tt0151244	https://www.imdb.com/title/tt0151244/
tt0151477	https://www.imdb.com/title/tt0151477/
tt0151753	https://www.imdb.com/title/tt0151753/
tt0152305	https://www.imdb.com/title/tt0152305/
tt0154202	https://www.imdb.com/title/tt0154202/
tt0154220	https://www.imdb.com/title/tt0154220/
tt0154284	https://www.imdb.com/title/tt0154284/
tt0154414	https://www.imdb.com/title/tt0154414/
tt0154989	https://www.imdb.com/title/tt0154989/
tt0155154	https://www.imdb.com/title/tt0155154/
tt0155504	https://www.imdb.com/title/tt0155504/
tt0155519	https://www.imdb.com/title/tt0155519/
tt0155537	https://www.imdb.com/title/tt0155537/
tt0155634	https://www.imdb.com/title/tt0155634/
tt0156109	https://www.imdb.com/title/tt0156109/
tt0156445	https://www.imdb.com/title/tt0156445/
tt0156810	https://www.imdb.com/title/tt0156810/
tt0156907	https://www.imdb.com/title/tt0156907/
tt0158204	https://www.imdb.com/title/tt0158204/
tt0158339	https://www.imdb.com/title/tt0158339/
tt0158626	https://www.imdb.com/title/tt0158626/
tt0158775	https://www.imdb.com/title/tt0158775/
tt0163266	https://www.imdb.com/title/tt0163266/
tt0166197	https://www.imdb.com/title/tt0166197/
tt0166752	https://www.imdb.com/title/tt0166752/
tt0167307	https://www.imdb.com/title/tt0167307/
tt0168664	https://www.imdb.com/title/tt0168664/
tt0169132	https://www.imdb.com/title/tt0169132/
tt0169575	https://www.imdb.com/title/tt0169575/
tt0169899	https://www.imdb.com/title/tt0169899/
tt0170102	https://www.imdb.com/title/tt0170102/
tt0170210	https://www.imdb.com/title/tt0170210/
tt0170253	https://www.imdb.com/title/tt0170253/
tt0171407	https://www.imdb.com/title/tt0171407/
tt0171599	https://www.imdb.com/title/tt0171599/
tt0175912	https://www.imdb.com/title/tt0175912/
tt0177493	https://www.imdb.com/title/tt0177493/
tt0178242	https://www.imdb.com/title/tt0178242/
tt0178368	https://www.imdb.com/title/tt0178368/
tt0178386	https://www.imdb.com/title/tt0178386/
tt0178446	https://www.imdb.com/title/tt0178446/
tt0179003	https://www.imdb.com/title/tt0179003/
tt0179700	https://www.imdb.com/title/tt0179700/
tt0179979	https://www.imdb.com/title/tt0179979/
tt0180508	https://www.imdb.com/title/tt0180508/
tt0180618	https://www.imdb.com/title/tt0180618/
tt0181272	https://www.imdb.com/title/tt0181272/
tt0181302	https://www.imdb.com/title/tt0181302/
tt0181539	https://www.imdb.com/title/tt0181539/
tt0182394	https://www.imdb.com/title/tt0182394/
tt0182469	https://www.imdb.com/title/tt0182469/
tt0183999	https://www.imdb.com/title/tt0183999/
tt0184053	https://www.imdb.com/title/tt0184053/
tt0184254	https://www.imdb.com/title/tt0184254/
tt0184755	https://www.imdb.com/title/tt0184755/
tt0184810	https://www.imdb.com/title/tt0184810/
tt0185599	https://www.imdb.com/title/tt0185599/
tt0185893	https://www.imdb.com/title/tt0185893/
tt0186222	https://www.imdb.com/title/tt0186222/
tt0187056	https://www.imdb.com/title/tt0187056/
tt0187618	https://www.imdb.com/title/tt0187618/
tt0188556	https://www.imdb.com/title/tt0188556/
tt0189055	https://www.imdb.com/title/tt0189055/
tt0189093	https://www.imdb.com/title/tt0189093/
tt0189413	https://www.imdb.com/title/tt0189413/
tt0190974	https://www.imdb.com/title/tt0190974/
tt0190995	https://www.imdb.com/title/tt0190995/
tt0191183	https://www.imdb.com/title/tt0191183/
tt0191872	https://www.imdb.com/title/tt0191872/
tt0192770	https://www.imdb.com/title/tt0192770/
tt0192811	https://www.imdb.com/title/tt0192811/
tt0192992	https://www.imdb.com/title/tt0192992/
tt0193340	https://www.imdb.com/title/tt0193340/
tt0193431	https://www.imdb.com/title/tt0193431/
tt0193802	https://www.imdb.com/title/tt0193802/
tt0193981	https://www.imdb.com/title/tt0193981/
tt0194339	https://www.imdb.com/title/tt0194339/
tt0194389	https://www.imdb.com/title/tt0194389/
tt0194662	https://www.imdb.com/title/tt0194662/
tt0195059	https://www.imdb.com/title/tt0195059/
tt0195208	https://www.imdb.com/title/tt0195208/
tt0195219	https://www.imdb.com/title/tt0195219/
tt0195612	https://www.imdb.com/title/tt0195612/
tt0196460	https://www.imdb.com/title/tt0196460/
tt0197238	https://www.imdb.com/title/tt0197238/
tt0197471	https://www.imdb.com/title/tt0197471/
tt0197541	https://www.imdb.com/title/tt0197541/
tt0198342	https://www.imdb.com/title/tt0198342/
tt0198557	https://www.imdb.com/title/tt0198557/
tt0198852	https://www.imdb.com/title/tt0198852/
tt0199455	https://www.imdb.com/title/tt0199455/
tt0199529	https://www.imdb.com/title/tt0199529/
tt0199785	https://www.imdb.com/title/tt0199785/
tt0200514	https://www.imdb.com/title/tt0200514/
tt0200591	https://www.imdb.com/title/tt0200591/
tt0201702	https://www.imdb.com/title/tt0201702/
tt0202656	https://www.imdb.com/title/tt0202656/
tt0204433	https://www.imdb.com/title/tt0204433/
tt0204936	https://www.imdb.com/title/tt0204936/
tt0205106	https://www.imdb.com/title/tt0205106/
tt0205538	https://www.imdb.com/title/tt0205538/
tt0205955	https://www.imdb.com/title/tt0205955/
tt0206294	https://www.imdb.com/title/tt0206294/
tt0207407	https://www.imdb.com/title/tt0207407/
tt0208070	https://www.imdb.com/title/tt0208070/
tt0208093	https://www.imdb.com/title/tt0208093/
tt0210789	https://www.imdb.com/title/tt0210789/
tt0212813	https://www.imdb.com/title/tt0212813/
tt0213074	https://www.imdb.com/title/tt0213074/
tt0213109	https://www.imdb.com/title/tt0213109/
tt0213514	https://www.imdb.com/title/tt0213514/
tt0213797	https://www.imdb.com/title/tt0213797/
tt0213858	https://www.imdb.com/title/tt0213858/
tt0213871	https://www.imdb.com/title/tt0213871/
tt0214801	https://www.imdb.com/title/tt0214801/
tt0215228	https://www.imdb.com/title/tt0215228/
tt0216172	https://www.imdb.com/title/tt0216172/
tt0216266	https://www.imdb.com/title/tt0216266/
tt0216309	https://www.imdb.com/title/tt0216309/
tt0217245	https://www.imdb.com/title/tt0217245/
tt0217564	https://www.imdb.com/title/tt0217564/
tt0217652	https://www.imdb.com/title/tt0217652/
tt0217676	https://www.imdb.com/title/tt0217676/
tt0217739	https://www.imdb.com/title/tt0217739/
tt0217770	https://www.imdb.com/title/tt0217770/
tt0218174	https://www.imdb.com/title/tt0218174/
tt0218469	https://www.imdb.com/title/tt0218469/
tt0219468	https://www.imdb.com/title/tt0219468/
tt0219470	https://www.imdb.com/title/tt0219470/
tt0219502	https://www.imdb.com/title/tt0219502/
tt0219602	https://www.imdb.com/title/tt0219602/
tt0219625	https://www.imdb.com/title/tt0219625/
tt0219626	https://www.imdb.com/title/tt0219626/
tt0219781	https://www.imdb.com/title/tt0219781/
tt0219832	https://www.imdb.com/title/tt0219832/
tt0219916	https://www.imdb.com/title/tt0219916/
tt0220501	https://www.imdb.com/title/tt0220501/
tt0220518	https://www.imdb.com/title/tt0220518/
tt0220614	https://www.imdb.com/title/tt0220614/
tt0221155	https://www.imdb.com/title/tt0221155/
tt0221249	https://www.imdb.com/title/tt0221249/
tt0221418	https://www.imdb.com/title/tt0221418/
tt0221579	https://www.imdb.com/title/tt0221579/
tt0227519	https://www.imdb.com/title/tt0227519/
tt0228474	https://www.imdb.com/title/tt0228474/
tt0228811	https://www.imdb.com/title/tt0228811/
tt0229030	https://www.imdb.com/title/tt0229030/
tt0229580	https://www.imdb.com/title/tt0229580/
tt0229600	https://www.imdb.com/title/tt0229600/
tt0230391	https://www.imdb.com/title/tt0230391/
tt0230417	https://www.imdb.com/title/tt0230417/
tt0230944	https://www.imdb.com/title/tt0230944/
tt0231205	https://www.imdb.com/title/tt0231205/
tt0231332	https://www.imdb.com/title/tt0231332/
tt0232282	https://www.imdb.com/title/tt0232282/
tt0232296	https://www.imdb.com/title/tt0232296/
tt0232520	https://www.imdb.com/title/tt0232520/
tt0232904	https://www.imdb.com/title/tt0232904/
tt0233213	https://www.imdb.com/title/tt0233213/
tt0234241	https://www.imdb.com/title/tt0234241/
tt0234496	https://www.imdb.com/title/tt0234496/
tt0234676	https://www.imdb.com/title/tt0234676/
tt0234957	https://www.imdb.com/title/tt0234957/
tt0235209	https://www.imdb.com/title/tt0235209/
tt0235251	https://www.imdb.com/title/tt0235251/
tt0235253	https://www.imdb.com/title/tt0235253/
tt0235319	https://www.imdb.com/title/tt0235319/
tt0235457	https://www.imdb.com/title/tt0235457/
tt0235588	https://www.imdb.com/title/tt0235588/
tt0235664	https://www.imdb.com/title/tt0235664/
tt0235716	https://www.imdb.com/title/tt0235716/
tt0235773	https://www.imdb.com/title/tt0235773/
tt0235893	https://www.imdb.com/title/tt0235893/
tt0236486	https://www.imdb.com/title/tt0236486/
tt0236657	https://www.imdb.com/title/tt0236657/
tt0238856	https://www.imdb.com/title/tt0238856/
tt0239283	https://www.imdb.com/title/tt0239283/
tt0239427	https://www.imdb.com/title/tt0239427/
tt0239800	https://www.imdb.com/title/tt0239800/
tt0240010	https://www.imdb.com/title/tt0240010/
tt0240083	https://www.imdb.com/title/tt0240083/
tt0240205	https://www.imdb.com/title/tt0240205/
tt0240323	https://www.imdb.com/title/tt0240323/
tt0240548	https://www.imdb.com/title/tt0240548/
tt0240569	https://www.imdb.com/title/tt0240569/
tt0240605	https://www.imdb.com/title/tt0240605/
tt0240707	https://www.imdb.com/title/tt0240707/
tt0240742	https://www.imdb.com/title/tt0240742/
tt0240883	https://www.imdb.com/title/tt0240883/
tt0240956	https://www.imdb.com/title/tt0240956/
tt0241926	https://www.imdb.com/title/tt0241926/
tt0241941	https://www.imdb.com/title/tt0241941/
tt0242843	https://www.imdb.com/title/tt0242843/
tt0242896	https://www.imdb.com/title/tt0242896/
tt0243147	https://www.imdb.com/title/tt0243147/
tt0243237	https://www.imdb.com/title/tt0243237/
tt0243476	https://www.imdb.com/title/tt0243476/
tt0243684	https://www.imdb.com/title/tt0243684/
tt0243816	https://www.imdb.com/title/tt0243816/
tt0244846	https://www.imdb.com/title/tt0244846/
tt0245145	https://www.imdb.com/title/tt0245145/
tt0246991	https://www.imdb.com/title/tt0246991/
tt0247201	https://www.imdb.com/title/tt0247201/
tt0247209	https://www.imdb.com/title/tt0247209/
tt0247605	https://www.imdb.com/title/tt0247605/
tt0247682	https://www.imdb.com/title/tt0247682/
tt0250024	https://www.imdb.com/title/tt0250024/
tt0251059	https://www.imdb.com/title/tt0251059/
tt0252677	https://www.imdb.com/title/tt0252677/
tt0253774	https://www.imdb.com/title/tt0253774/
tt0256488	https://www.imdb.com/title/tt0256488/
tt0256952	https://www.imdb.com/title/tt0256952/
tt0257720	https://www.imdb.com/title/tt0257720/
tt0258515	https://www.imdb.com/title/tt0258515/
tt0258778	https://www.imdb.com/title/tt0258778/
tt0258890	https://www.imdb.com/title/tt0258890/
tt0258957	https://www.imdb.com/title/tt0258957/
tt0259551	https://www.imdb.com/title/tt0259551/
tt0259607	https://www.imdb.com/title/tt0259607/
tt0260007	https://www.imdb.com/title/tt0260007/
tt0261586	https://www.imdb.com/title/tt0261586/
tt0261611	https://www.imdb.com/title/tt0261611/
tt0261963	https://www.imdb.com/title/tt0261963/
tt0262660	https://www.imdb.com/title/tt0262660/
tt0262920	https://www.imdb.com/title/tt0262920/
tt0263501	https://www.imdb.com/title/tt0263501/
tt0266590	https://www.imdb.com/title/tt0266590/
tt0266640	https://www.imdb.com/title/tt0266640/
tt0266963	https://www.imdb.com/title/tt0266963/
tt0267871	https://www.imdb.com/title/tt0267871/
tt0268345	https://www.imdb.com/title/tt0268345/
tt0268632	https://www.imdb.com/title/tt0268632/
tt0272571	https://www.imdb.com/title/tt0272571/
tt0273543	https://www.imdb.com/title/tt0273543/
tt0274524	https://www.imdb.com/title/tt0274524/
tt0274560	https://www.imdb.com/title/tt0274560/
tt0276783	https://www.imdb.com/title/tt0276783/
tt0281779	https://www.imdb.com/title/tt0281779/
tt0281782	https://www.imdb.com/title/tt0281782/
tt0283420	https://www.imdb.com/title/tt0283420/
tt0283430	https://www.imdb.com/title/tt0283430/
tt0283837	https://www.imdb.com/title/tt0283837/
tt0283893	https://www.imdb.com/title/tt0283893/
tt0283926	https://www.imdb.com/title/tt0283926/
tt0284167	https://www.imdb.com/title/tt0284167/
tt0284194	https://www.imdb.com/title/tt0284194/
tt0284198	https://www.imdb.com/title/tt0284198/
tt0284232	https://www.imdb.com/title/tt0284232/
tt0284256	https://www.imdb.com/title/tt0284256/
tt0284257	https://www.imdb.com/title/tt0284257/
tt0284287	https://www.imdb.com/title/tt0284287/
tt0284352	https://www.imdb.com/title/tt0284352/
tt0284360	https://www.imdb.com/title/tt0284360/
tt0284438	https://www.imdb.com/title/tt0284438/
tt0284480	https://www.imdb.com/title/tt0284480/
tt0284543	https://www.imdb.com/title/tt0284543/
tt0284594	https://www.imdb.com/title/tt0284594/
tt0284630	https://www.imdb.com/title/tt0284630/
tt0285561	https://www.imdb.com/title/tt0285561/
tt0289953	https://www.imdb.com/title/tt0289953/
tt0291217	https://www.imdb.com/title/tt0291217/
tt0293235	https://www.imdb.com/title/tt0293235/
tt0303903	https://www.imdb.com/title/tt0303903/
tt0305622	https://www.imdb.com/title/tt0305622/
tt0305629	https://www.imdb.com/title/tt0305629/
tt0305656	https://www.imdb.com/title/tt0305656/
tt0307250	https://www.imdb.com/title/tt0307250/
tt0308339	https://www.imdb.com/title/tt0308339/
tt0311813	https://www.imdb.com/title/tt0311813/
tt0312892	https://www.imdb.com/title/tt0312892/
tt0324159	https://www.imdb.com/title/tt0324159/
tt0325222	https://www.imdb.com/title/tt0325222/
tt0325947	https://www.imdb.com/title/tt0325947/
tt0326278	https://www.imdb.com/title/tt0326278/
tt0331053	https://www.imdb.com/title/tt0331053/
tt0331917	https://www.imdb.com/title/tt0331917/
tt0332460	https://www.imdb.com/title/tt0332460/
tt0335533	https://www.imdb.com/title/tt0335533/
tt0338827	https://www.imdb.com/title/tt0338827/
tt0345635	https://www.imdb.com/title/tt0345635/
tt0356967	https://www.imdb.com/title/tt0356967/
tt0361374	https://www.imdb.com/title/tt0361374/
tt0362070	https://www.imdb.com/title/tt0362070/
tt0364583	https://www.imdb.com/title/tt0364583/
tt0366212	https://www.imdb.com/title/tt0366212/
tt0367224	https://www.imdb.com/title/tt0367224/
tt0375901	https://www.imdb.com/title/tt0375901/
tt0375905	https://www.imdb.com/title/tt0375905/
tt0375906	https://www.imdb.com/title/tt0375906/
tt0376113	https://www.imdb.com/title/tt0376113/
tt0376682	https://www.imdb.com/title/tt0376682/
tt0378279	https://www.imdb.com/title/tt0378279/
tt0378818	https://www.imdb.com/title/tt0378818/
tt0379872	https://www.imdb.com/title/tt0379872/
tt0381050	https://www.imdb.com/title/tt0381050/
tt0381145	https://www.imdb.com/title/tt0381145/
tt0382529	https://www.imdb.com/title/tt0382529/
tt0385085	https://www.imdb.com/title/tt0385085/
tt0387048	https://www.imdb.com/title/tt0387048/
tt0389493	https://www.imdb.com/title/tt0389493/
tt0390403	https://www.imdb.com/title/tt0390403/
tt0398832	https://www.imdb.com/title/tt0398832/
tt0401793	https://www.imdb.com/title/tt0401793/
tt0410566	https://www.imdb.com/title/tt0410566/
tt0415693	https://www.imdb.com/title/tt0415693/
tt0415818	https://www.imdb.com/title/tt0415818/
tt0418229	https://www.imdb.com/title/tt0418229/
tt0426040	https://www.imdb.com/title/tt0426040/
tt0427523	https://www.imdb.com/title/tt0427523/
tt0431317	https://www.imdb.com/title/tt0431317/
tt0440845	https://www.imdb.com/title/tt0440845/
tt0452438	https://www.imdb.com/title/tt0452438/
tt0453301	https://www.imdb.com/title/tt0453301/
tt0454291	https://www.imdb.com/title/tt0454291/
tt0456369	https://www.imdb.com/title/tt0456369/
tt0459521	https://www.imdb.com/title/tt0459521/
tt0461522	https://www.imdb.com/title/tt0461522/
tt0476194	https://www.imdb.com/title/tt0476194/
tt0488152	https://www.imdb.com/title/tt0488152/
tt0778826	https://www.imdb.com/title/tt0778826/
tt0799777	https://www.imdb.com/title/tt0799777/
tt0867144	https://www.imdb.com/title/tt0867144/
tt0881254	https://www.imdb.com/title/tt0881254/
tt10126676	https://www.imdb.com/title/tt10126676/
tt1035425	https://www.imdb.com/title/tt1035425/
tt11003114	https://www.imdb.com/title/tt11003114/
tt11535668	https://www.imdb.com/title/tt11535668/
tt1169825	https://www.imdb.com/title/tt1169825/
tt11759648	https://www.imdb.com/title/tt11759648/
tt1177919	https://www.imdb.com/title/tt1177919/
tt1177923	https://www.imdb.com/title/tt1177923/
tt1177965	https://www.imdb.com/title/tt1177965/
tt1178188	https://www.imdb.com/title/tt1178188/
tt11992064	https://www.imdb.com/title/tt11992064/
tt1221904	https://www.imdb.com/title/tt1221904/
tt1227870	https://www.imdb.com/title/tt1227870/
tt1235449	https://www.imdb.com/title/tt1235449/
tt1286529	https://www.imdb.com/title/tt1286529/
tt1292020	https://www.imdb.com/title/tt1292020/
tt1305127	https://www.imdb.com/title/tt1305127/
tt1307462	https://www.imdb.com/title/tt1307462/
tt13723768	https://www.imdb.com/title/tt13723768/
tt14521548	https://www.imdb.com/title/tt14521548/
tt1468319	https://www.imdb.com/title/tt1468319/
tt14684120	https://www.imdb.com/title/tt14684120/
tt1583227	https://www.imdb.com/title/tt1583227/
tt1804602	https://www.imdb.com/title/tt1804602/
tt2047717	https://www.imdb.com/title/tt2047717/
tt21357704	https://www.imdb.com/title/tt21357704/
tt2153494	https://www.imdb.com/title/tt2153494/
tt2282749	https://www.imdb.com/title/tt2282749/
tt2528078	https://www.imdb.com/title/tt2528078/
tt2529150	https://www.imdb.com/title/tt2529150/
tt26454319	https://www.imdb.com/title/tt26454319/
tt2651000	https://www.imdb.com/title/tt2651000/
tt27404835	https://www.imdb.com/title/tt27404835/
tt27853591	https://www.imdb.com/title/tt27853591/
tt2839108	https://www.imdb.com/title/tt2839108/
tt29370030	https://www.imdb.com/title/tt29370030/
tt30331875	https://www.imdb.com/title/tt30331875/
tt30464326	https://www.imdb.com/title/tt30464326/
tt3155800	https://www.imdb.com/title/tt3155800/
tt3563208	https://www.imdb.com/title/tt3563208/
tt3657988	https://www.imdb.com/title/tt3657988/
tt3658018	https://www.imdb.com/title/tt3658018/
tt3836136	https://www.imdb.com/title/tt3836136/
tt4509810	https://www.imdb.com/title/tt4509810/
tt4509836	https://www.imdb.com/title/tt4509836/
tt4601014	https://www.imdb.com/title/tt4601014/
tt4664410	https://www.imdb.com/title/tt4664410/
tt4666878	https://www.imdb.com/title/tt4666878/
tt5878188	https://www.imdb.com/title/tt5878188/
tt6036332	https://www.imdb.com/title/tt6036332/
tt6347808	https://www.imdb.com/title/tt6347808/
tt6366674	https://www.imdb.com/title/tt6366674/
tt6689830	https://www.imdb.com/title/tt6689830/
tt7054710	https://www.imdb.com/title/tt7054710/
tt8810642	https://www.imdb.com/title/tt8810642/
tt9404282	https://www.imdb.com/title/tt9404282/
tt9404294	https://www.imdb.com/title/tt9404294/
tt9476466	https://www.imdb.com/title/tt9476466/
tt9476570	https://www.imdb.com/title/tt9476570/
tt9476584	https://www.imdb.com/title/tt9476584/
tt9476656	https://www.imdb.com/title/tt9476656/
tt9476674	https://www.imdb.com/title/tt9476674/
tt9660472	https://www.imdb.com/title/tt9660472/
tt9876150	https://www.imdb.com/title/tt9876150/
