tconst	imdb_url
tt0024121	https://www.imdb.com/title/tt0024121/
tt0031228	https://www.imdb.com/title/tt0031228/
tt0034475	https://www.imdb.com/title/tt0034475/
tt0034690	https://www.imdb.com/title/tt0034690/
tt0035797	https://www.imdb.com/title/tt0035797/
tt0035960	https://www.imdb.com/title/tt0035960/
tt0036076	https://www.imdb.com/title/tt0036076/
tt0036248	https://www.imdb.com/title/tt0036248/
tt0036396	https://www.imdb.com/title/tt0036396/
tt0036770	https://www.imdb.com/title/tt0036770/
tt0036868	https://www.imdb.com/title/tt0036868/
tt0036996	https://www.imdb.com/title/tt0036996/
tt0037144	https://www.imdb.com/title/tt0037144/
tt0037259	https://www.imdb.com/title/tt0037259/
tt0037519	https://www.imdb.com/title/tt0037519/
tt0037564	https://www.imdb.com/title/tt0037564/
tt0037570	https://www.imdb.com/title/tt0037570/
tt0037574	https://www.imdb.com/title/tt0037574/
tt0037578	https://www.imdb.com/title/tt0037578/
tt0037587	https://www.imdb.com/title/tt0037587/
tt0037602	https://www.imdb.com/title/tt0037602/
tt0037607	https://www.imdb.com/title/tt0037607/
tt0037619	https://www.imdb.com/title/tt0037619/
tt0037647	https://www.imdb.com/title/tt0037647/
tt0037675	https://www.imdb.com/title/tt0037675/
tt0037676	https://www.imdb.com/title/tt0037676/
tt0037705	https://www.imdb.com/title/tt0037705/
tt0037735	https://www.imdb.com/title/tt0037735/
tt0037743	https://www.imdb.com/title/tt0037743/
tt0037754	https://www.imdb.com/title/tt0037754/
tt0037768	https://www.imdb.com/title/tt0037768/
tt0037772	https://www.imdb.com/title/tt0037772/
tt0037818	https://www.imdb.com/title/tt0037818/
tt0037830	https://www.imdb.com/title/tt0037830/
tt0037857	https://www.imdb.com/title/tt0037857/
tt0037870	https://www.imdb.com/title/tt0037870/
tt0037874	https://www.imdb.com/title/tt0037874/
tt0037880	https://www.imdb.com/title/tt0037880/
tt0037887	https://www.imdb.com/title/tt0037887/
tt0037890	https://www.imdb.com/title/tt0037890/
tt0037900	https://www.imdb.com/title/tt0037900/
tt0037917	https://www.imdb.com/title/tt0037917/
tt0037921	https://www.imdb.com/title/tt0037921/
tt0037943	https://www.imdb.com/title/tt0037943/
tt0037944	https://www.imdb.com/title/tt0037944/
tt0037952	https://www.imdb.com/title/tt0037952/
tt0037953	https://www.imdb.com/title/tt0037953/
tt0037974	https://www.imdb.com/title/tt0037974/
tt0037976	https://www.imdb.com/title/tt0037976/
tt0037979	https://www.imdb.com/title/tt0037979/
tt0038002	https://www.imdb.com/title/tt0038002/
tt0038073	https://www.imdb.com/title/tt0038073/
tt0038127	https://www.imdb.com/title/tt0038127/
tt0038146	https://www.imdb.com/title/tt0038146/
tt0038154	https://www.imdb.com/title/tt0038154/
tt0038155	https://www.imdb.com/title/tt0038155/
tt0038159	https://www.imdb.com/title/tt0038159/
tt0038177	https://www.imdb.com/title/tt0038177/
tt0038200	https://www.imdb.com/title/tt0038200/
tt0038202	https://www.imdb.com/title/tt0038202/
tt0038206	https://www.imdb.com/title/tt0038206/
tt0038220	https://www.imdb.com/title/tt0038220/
tt0038224	https://www.imdb.com/title/tt0038224/
tt0038226	https://www.imdb.com/title/tt0038226/
tt0038227	https://www.imdb.com/title/tt0038227/
tt0038229	https://www.imdb.com/title/tt0038229/
tt0038232	https://www.imdb.com/title/tt0038232/
tt0038272	https://www.imdb.com/title/tt0038272/
tt0038278	https://www.imdb.com/title/tt0038278/
tt0038280	https://www.imdb.com/title/tt0038280/
tt0038281	https://www.imdb.com/title/tt0038281/
tt0038283	https://www.imdb.com/title/tt0038283/
tt0038284	https://www.imdb.com/title/tt0038284/
tt0038285	https://www.imdb.com/title/tt0038285/
tt0038288	https://www.imdb.com/title/tt0038288/
tt0038289	https://www.imdb.com/title/tt0038289/
tt0038290	https://www.imdb.com/title/tt0038290/
tt0038293	https://www.imdb.com/title/tt0038293/
tt0038294	https://www.imdb.com/title/tt0038294/
tt0038295	https://www.imdb.com/title/tt0038295/
tt0038296	https://www.imdb.com/title/tt0038296/
tt0038297	https://www.imdb.com/title/tt0038297/
tt0038298	https://www.imdb.com/title/tt0038298/
tt0038299	https://www.imdb.com/title/tt0038299/
tt0038300	https://www.imdb.com/title/tt0038300/
tt0038301	https://www.imdb.com/title/tt0038301/
tt0038302	https://www.imdb.com/title/tt0038302/
tt0038303	https://www.imdb.com/title/tt0038303/
tt0038305	https://www.imdb.com/title/tt0038305/
tt0038306	https://www.imdb.com/title/tt0038306/
tt0038308	https://www.imdb.com/title/tt0038308/
tt0038310	https://www.imdb.com/title/tt0038310/
tt0038311	https://www.imdb.com/title/tt0038311/
tt0038313	https://www.imdb.com/title/tt0038313/
tt0038314	https://www.imdb.com/title/tt0038314/
tt0038316	https://www.imdb.com/title/tt0038316/
tt0038319	https://www.imdb.com/title/tt0038319/
tt0038321	https://www.imdb.com/title/tt0038321/
tt0038323	https://www.imdb.com/title/tt0038323/
tt0038324	https://www.imdb.com/title/tt0038324/
tt0038325	https://www.imdb.com/title/tt0038325/
tt0038326	https://www.imdb.com/title/tt0038326/
tt0038327	https://www.imdb.com/title/tt0038327/
tt0038328	https://www.imdb.com/title/tt0038328/
tt0038334	https://www.imdb.com/title/tt0038334/
tt0038337	https://www.imdb.com/title/tt0038337/
tt0038338	https://www.imdb.com/title/tt0038338/
tt0038340	https://www.imdb.com/title/tt0038340/
tt0038341	https://www.imdb.com/title/tt0038341/
tt0038342	https://www.imdb.com/title/tt0038342/
tt0038343	https://www.imdb.com/title/tt0038343/
tt0038345	https://www.imdb.com/title/tt0038345/
tt0038346	https://www.imdb.com/title/tt0038346/
tt0038347	https://www.imdb.com/title/tt0038347/
tt0038348	https://www.imdb.com/title/tt0038348/
tt0038349	https://www.imdb.com/title/tt0038349/
tt0038350	https://www.imdb.com/title/tt0038350/
tt0038352	https://www.imdb.com/title/tt0038352/
tt0038353	https://www.imdb.com/title/tt0038353/
tt0038354	https://www.imdb.com/title/tt0038354/
tt0038355	https://www.imdb.com/title/tt0038355/
tt0038357	https://www.imdb.com/title/tt0038357/
tt0038358	https://www.imdb.com/title/tt0038358/
tt0038360	https://www.imdb.com/title/tt0038360/
tt0038361	https://www.imdb.com/title/tt0038361/
tt0038364	https://www.imdb.com/title/tt0038364/
tt0038366	https://www.imdb.com/title/tt0038366/
tt0038367	https://www.imdb.com/title/tt0038367/
tt0038368	https://www.imdb.com/title/tt0038368/
tt0038369	https://www.imdb.com/title/tt0038369/
tt0038370	https://www.imdb.com/title/tt0038370/
tt0038371	https://www.imdb.com/title/tt0038371/
tt0038374	https://www.imdb.com/title/tt0038374/
tt0038375	https://www.imdb.com/title/tt0038375/
tt0038376	https://www.imdb.com/title/tt0038376/
tt0038377	https://www.imdb.com/title/tt0038377/
tt0038378	https://www.imdb.com/title/tt0038378/
tt0038380	https://www.imdb.com/title/tt0038380/
tt0038381	https://www.imdb.com/title/tt0038381/
tt0038382	https://www.imdb.com/title/tt0038382/
tt0038383	https://www.imdb.com/title/tt0038383/
tt0038384	https://www.imdb.com/title/tt0038384/
tt0038385	https://www.imdb.com/title/tt0038385/
tt0038387	https://www.imdb.com/title/tt0038387/
tt0038388	https://www.imdb.com/title/tt0038388/
tt0038389	https://www.imdb.com/title/tt0038389/
tt0038391	https://www.imdb.com/title/tt0038391/
tt0038393	https://www.imdb.com/title/tt0038393/
tt0038394	https://www.imdb.com/title/tt0038394/
tt0038395	https://www.imdb.com/title/tt0038395/
tt0038396	https://www.imdb.com/title/tt0038396/
tt0038397	https://www.imdb.com/title/tt0038397/
tt0038398	https://www.imdb.com/title/tt0038398/
tt0038400	https://www.imdb.com/title/tt0038400/
tt0038401	https://www.imdb.com/title/tt0038401/
tt0038402	https://www.imdb.com/title/tt0038402/
tt0038406	https://www.imdb.com/title/tt0038406/
tt0038409	https://www.imdb.com/title/tt0038409/
tt0038410	https://www.imdb.com/title/tt0038410/
tt0038411	https://www.imdb.com/title/tt0038411/
tt0038412	https://www.imdb.com/title/tt0038412/
tt0038415	https://www.imdb.com/title/tt0038415/
tt0038416	https://www.imdb.com/title/tt0038416/
tt0038417	https://www.imdb.com/title/tt0038417/
tt0038418	https://www.imdb.com/title/tt0038418/
tt0038419	https://www.imdb.com/title/tt0038419/
tt0038420	https://www.imdb.com/title/tt0038420/
tt0038422	https://www.imdb.com/title/tt0038422/
tt0038423	https://www.imdb.com/title/tt0038423/
tt0038426	https://www.imdb.com/title/tt0038426/
tt0038427	https://www.imdb.com/title/tt0038427/
tt0038428	https://www.imdb.com/title/tt0038428/
tt0038429	https://www.imdb.com/title/tt0038429/
tt0038430	https://www.imdb.com/title/tt0038430/
tt0038431	https://www.imdb.com/title/tt0038431/
tt0038432	https://www.imdb.com/title/tt0038432/
tt0038433	https://www.imdb.com/title/tt0038433/
tt0038434	https://www.imdb.com/title/tt0038434/
tt0038435	https://www.imdb.com/title/tt0038435/
tt0038436	https://www.imdb.com/title/tt0038436/
tt0038438	https://www.imdb.com/title/tt0038438/
tt0038440	https://www.imdb.com/title/tt0038440/
tt0038441	https://www.imdb.com/title/tt0038441/
tt0038442	https://www.imdb.com/title/tt0038442/
tt0038443	https://www.imdb.com/title/tt0038443/
tt0038445	https://www.imdb.com/title/tt0038445/
tt0038446	https://www.imdb.com/title/tt0038446/
tt0038447	https://www.imdb.com/title/tt0038447/
tt0038448	https://www.imdb.com/title/tt0038448/
tt0038449	https://www.imdb.com/title/tt0038449/
tt0038452	https://www.imdb.com/title/tt0038452/
tt0038453	https://www.imdb.com/title/tt0038453/
tt0038454	https://www.imdb.com/title/tt0038454/
tt0038455	https://www.imdb.com/title/tt0038455/
tt0038456	https://www.imdb.com/title/tt0038456/
tt0038457	https://www.imdb.com/title/tt0038457/
tt0038458	https://www.imdb.com/title/tt0038458/
tt0038459	https://www.imdb.com/title/tt0038459/
tt0038460	https://www.imdb.com/title/tt0038460/
tt0038461	https://www.imdb.com/title/tt0038461/
tt0038462	https://www.imdb.com/title/tt0038462/
tt0038465	https://www.imdb.com/title/tt0038465/
tt0038466	https://www.imdb.com/title/tt0038466/
tt0038467	https://www.imdb.com/title/tt0038467/
tt0038468	https://www.imdb.com/title/tt0038468/
tt0038469	https://www.imdb.com/title/tt0038469/
tt0038470	https://www.imdb.com/title/tt0038470/
tt0038471	https://www.imdb.com/title/tt0038471/
tt0038472	https://www.imdb.com/title/tt0038472/
tt0038473	https://www.imdb.com/title/tt0038473/
tt0038474	https://www.imdb.com/title/tt0038474/
tt0038477	https://www.imdb.com/title/tt0038477/
tt0038478	https://www.imdb.com/title/tt0038478/
tt0038479	https://www.imdb.com/title/tt0038479/
tt0038480	https://www.imdb.com/title/tt0038480/
tt0038481	https://www.imdb.com/title/tt0038481/
tt0038482	https://www.imdb.com/title/tt0038482/
tt0038484	https://www.imdb.com/title/tt0038484/
tt0038485	https://www.imdb.com/title/tt0038485/
tt0038487	https://www.imdb.com/title/tt0038487/
tt0038490	https://www.imdb.com/title/tt0038490/
tt0038491	https://www.imdb.com/title/tt0038491/
tt0038492	https://www.imdb.com/title/tt0038492/
tt0038493	https://www.imdb.com/title/tt0038493/
tt0038494	https://www.imdb.com/title/tt0038494/
tt0038495	https://www.imdb.com/title/tt0038495/
tt0038496	https://www.imdb.com/title/tt0038496/
tt0038497	https://www.imdb.com/title/tt0038497/
tt0038499	https://www.imdb.com/title/tt0038499/
tt0038502	https://www.imdb.com/title/tt0038502/
tt0038504	https://www.imdb.com/title/tt0038504/
tt0038505	https://www.imdb.com/title/tt0038505/
tt0038507	https://www.imdb.com/title/tt0038507/
tt0038509	https://www.imdb.com/title/tt0038509/
tt0038510	https://www.imdb.com/title/tt0038510/
tt0038512	https://www.imdb.com/title/tt0038512/
tt0038513	https://www.imdb.com/title/tt0038513/
tt0038514	https://www.imdb.com/title/tt0038514/
tt0038517	https://www.imdb.com/title/tt0038517/
tt0038518	https://www.imdb.com/title/tt0038518/
tt0038519	https://www.imdb.com/title/tt0038519/
tt0038521	https://www.imdb.com/title/tt0038521/
tt0038522	https://www.imdb.com/title/tt0038522/
tt0038524	https://www.imdb.com/title/tt0038524/
tt0038525	https://www.imdb.com/title/tt0038525/
tt0038527	https://www.imdb.com/title/tt0038527/
tt0038529	https://www.imdb.com/title/tt0038529/
tt0038531	https://www.imdb.com/title/tt0038531/
tt0038532	https://www.imdb.com/title/tt0038532/
tt0038535	https://www.imdb.com/title/tt0038535/
tt0038536	https://www.imdb.com/title/tt0038536/
tt0038537	https://www.imdb.com/title/tt0038537/
tt0038538	https://www.imdb.com/title/tt0038538/
tt0038541	https://www.imdb.com/title/tt0038541/
tt0038542	https://www.imdb.com/title/tt0038542/
tt0038545	https://www.imdb.com/title/tt0038545/
tt0038546	https://www.imdb.com/title/tt0038546/
tt0038547	https://www.imdb.com/title/tt0038547/
tt0038548	https://www.imdb.com/title/tt0038548/
tt0038550	https://www.imdb.com/title/tt0038550/
tt0038551	https://www.imdb.com/title/tt0038551/
tt0038552	https://www.imdb.com/title/tt0038552/
tt0038553	https://www.imdb.com/title/tt0038553/
tt0038554	https://www.imdb.com/title/tt0038554/
tt0038555	https://www.imdb.com/title/tt0038555/
tt0038556	https://www.imdb.com/title/tt0038556/
tt0038557	https://www.imdb.com/title/tt0038557/
tt0038558	https://www.imdb.com/title/tt0038558/
tt0038559	https://www.imdb.com/title/tt0038559/
tt0038560	https://www.imdb.com/title/tt0038560/
tt0038561	https://www.imdb.com/title/tt0038561/
tt0038562	https://www.imdb.com/title/tt0038562/
tt0038564	https://www.imdb.com/title/tt0038564/
tt0038565	https://www.imdb.com/title/tt0038565/
tt0038566	https://www.imdb.com/title/tt0038566/
tt0038567	https://www.imdb.com/title/tt0038567/
tt0038568	https://www.imdb.com/title/tt0038568/
tt0038570	https://www.imdb.com/title/tt0038570/
tt0038574	https://www.imdb.com/title/tt0038574/
tt0038575	https://www.imdb.com/title/tt0038575/
tt0038577	https://www.imdb.com/title/tt0038577/
tt0038578	https://www.imdb.com/title/tt0038578/
tt0038579	https://www.imdb.com/title/tt0038579/
tt0038580	https://www.imdb.com/title/tt0038580/
tt0038581	https://www.imdb.com/title/tt0038581/
tt0038582	https://www.imdb.com/title/tt0038582/
tt0038583	https://www.imdb.com/title/tt0038583/
tt0038584	https://www.imdb.com/title/tt0038584/
tt0038587	https://www.imdb.com/title/tt0038587/
tt0038589	https://www.imdb.com/title/tt0038589/
tt0038591	https://www.imdb.com/title/tt0038591/
tt0038592	https://www.imdb.com/title/tt0038592/
tt0038593	https://www.imdb.com/title/tt0038593/
tt0038596	https://www.imdb.com/title/tt0038596/
tt0038597	https://www.imdb.com/title/tt0038597/
tt0038598	https://www.imdb.com/title/tt0038598/
tt0038601	https://www.imdb.com/title/tt0038601/
tt0038606	https://www.imdb.com/title/tt0038606/
tt0038611	https://www.imdb.com/title/tt0038611/
tt0038612	https://www.imdb.com/title/tt0038612/
tt0038613	https://www.imdb.com/title/tt0038613/
tt0038614	https://www.imdb.com/title/tt0038614/
tt0038615	https://www.imdb.com/title/tt0038615/
tt0038616	https://www.imdb.com/title/tt0038616/
tt0038618	https://www.imdb.com/title/tt0038618/
tt0038619	https://www.imdb.com/title/tt0038619/
tt0038621	https://www.imdb.com/title/tt0038621/
tt0038622	https://www.imdb.com/title/tt0038622/
tt0038623	https://www.imdb.com/title/tt0038623/
tt0038627	https://www.imdb.com/title/tt0038627/
tt0038628	https://www.imdb.com/title/tt0038628/
tt0038629	https://www.imdb.com/title/tt0038629/
tt0038630	https://www.imdb.com/title/tt0038630/
tt0038631	https://www.imdb.com/title/tt0038631/
tt0038632	https://www.imdb.com/title/tt0038632/
tt0038636	https://www.imdb.com/title/tt0038636/
tt0038637	https://www.imdb.com/title/tt0038637/
tt0038638	https://www.imdb.com/title/tt0038638/
tt0038640	https://www.imdb.com/title/tt0038640/
tt0038642	https://www.imdb.com/title/tt0038642/
tt0038643	https://www.imdb.com/title/tt0038643/
tt0038644	https://www.imdb.com/title/tt0038644/
tt0038645	https://www.imdb.com/title/tt0038645/
tt0038646	https://www.imdb.com/title/tt0038646/
tt0038647	https://www.imdb.com/title/tt0038647/
tt0038648	https://www.imdb.com/title/tt0038648/
tt0038649	https://www.imdb.com/title/tt0038649/
tt0038650	https://www.imdb.com/title/tt0038650/
tt0038651	https://www.imdb.com/title/tt0038651/
tt0038652	https://www.imdb.com/title/tt0038652/
tt0038653	https://www.imdb.com/title/tt0038653/
tt0038654	https://www.imdb.com/title/tt0038654/
tt0038655	https://www.imdb.com/title/tt0038655/
tt0038656	https://www.imdb.com/title/tt0038656/
tt0038658	https://www.imdb.com/title/tt0038658/
tt0038661	https://www.imdb.com/title/tt0038661/
tt0038662	https://www.imdb.com/title/tt0038662/
tt0038664	https://www.imdb.com/title/tt0038664/
tt0038665	https://www.imdb.com/title/tt0038665/
tt0038666	https://www.imdb.com/title/tt0038666/
tt0038667	https://www.imdb.com/title/tt0038667/
tt0038668	https://www.imdb.com/title/tt0038668/
tt0038669	https://www.imdb.com/title/tt0038669/
tt0038670	https://www.imdb.com/title/tt0038670/
tt0038672	https://www.imdb.com/title/tt0038672/
tt0038673	https://www.imdb.com/title/tt0038673/
tt0038675	https://www.imdb.com/title/tt0038675/
tt0038676	https://www.imdb.com/title/tt0038676/
tt0038677	https://www.imdb.com/title/tt0038677/
tt0038678	https://www.imdb.com/title/tt0038678/
tt0038679	https://www.imdb.com/title/tt0038679/
tt0038680	https://www.imdb.com/title/tt0038680/
tt0038681	https://www.imdb.com/title/tt0038681/
tt0038682	https://www.imdb.com/title/tt0038682/
tt0038683	https://www.imdb.com/title/tt0038683/
tt0038685	https://www.imdb.com/title/tt0038685/
tt0038688	https://www.imdb.com/title/tt0038688/
tt0038689	https://www.imdb.com/title/tt0038689/
tt0038693	https://www.imdb.com/title/tt0038693/
tt0038694	https://www.imdb.com/title/tt0038694/
tt0038695	https://www.imdb.com/title/tt0038695/
tt0038696	https://www.imdb.com/title/tt0038696/
tt0038697	https://www.imdb.com/title/tt0038697/
tt0038699	https://www.imdb.com/title/tt0038699/
tt0038700	https://www.imdb.com/title/tt0038700/
tt0038701	https://www.imdb.com/title/tt0038701/
tt0038703	https://www.imdb.com/title/tt0038703/
tt0038704	https://www.imdb.com/title/tt0038704/
tt0038705	https://www.imdb.com/title/tt0038705/
tt0038706	https://www.imdb.com/title/tt0038706/
tt0038707	https://www.imdb.com/title/tt0038707/
tt0038709	https://www.imdb.com/title/tt0038709/
tt0038711	https://www.imdb.com/title/tt0038711/
tt0038712	https://www.imdb.com/title/tt0038712/
tt0038714	https://www.imdb.com/title/tt0038714/
tt0038715	https://www.imdb.com/title/tt0038715/
tt0038716	https://www.imdb.com/title/tt0038716/
tt0038717	https://www.imdb.com/title/tt0038717/
tt0038718	https://www.imdb.com/title/tt0038718/
tt0038719	https://www.imdb.com/title/tt0038719/
tt0038720	https://www.imdb.com/title/tt0038720/
tt0038721	https://www.imdb.com/title/tt0038721/
tt0038722	https://www.imdb.com/title/tt0038722/
tt0038724	https://www.imdb.com/title/tt0038724/
tt0038725	https://www.imdb.com/title/tt0038725/
tt0038726	https://www.imdb.com/title/tt0038726/
tt0038727	https://www.imdb.com/title/tt0038727/
tt0038728	https://www.imdb.com/title/tt0038728/
tt0038731	https://www.imdb.com/title/tt0038731/
tt0038733	https://www.imdb.com/title/tt0038733/
tt0038734	https://www.imdb.com/title/tt0038734/
tt0038735	https://www.imdb.com/title/tt0038735/
tt0038736	https://www.imdb.com/title/tt0038736/
tt0038737	https://www.imdb.com/title/tt0038737/
tt0038741	https://www.imdb.com/title/tt0038741/
tt0038742	https://www.imdb.com/title/tt0038742/
tt0038743	https://www.imdb.com/title/tt0038743/
tt0038745	https://www.imdb.com/title/tt0038745/
tt0038747	https://www.imdb.com/title/tt0038747/
tt0038748	https://www.imdb.com/title/tt0038748/
tt0038749	https://www.imdb.com/title/tt0038749/
tt0038752	https://www.imdb.com/title/tt0038752/
tt0038753	https://www.imdb.com/title/tt0038753/
tt0038755	https://www.imdb.com/title/tt0038755/
tt0038756	https://www.imdb.com/title/tt0038756/
tt0038757	https://www.imdb.com/title/tt0038757/
tt0038758	https://www.imdb.com/title/tt0038758/
tt0038760	https://www.imdb.com/title/tt0038760/
tt0038762	https://www.imdb.com/title/tt0038762/
tt0038763	https://www.imdb.com/title/tt0038763/
tt0038764	https://www.imdb.com/title/tt0038764/
tt0038765	https://www.imdb.com/title/tt0038765/
tt0038766	https://www.imdb.com/title/tt0038766/
tt0038767	https://www.imdb.com/title/tt0038767/
tt0038768	https://www.imdb.com/title/tt0038768/
tt0038769	https://www.imdb.com/title/tt0038769/
tt0038770	https://www.imdb.com/title/tt0038770/
tt0038772	https://www.imdb.com/title/tt0038772/
tt0038773	https://www.imdb.com/title/tt0038773/
tt0038774	https://www.imdb.com/title/tt0038774/
tt0038775	https://www.imdb.com/title/tt0038775/
tt0038776	https://www.imdb.com/title/tt0038776/
tt0038777	https://www.imdb.com/title/tt0038777/
tt0038778	https://www.imdb.com/title/tt0038778/
tt0038779	https://www.imdb.com/title/tt0038779/
tt0038780	https://www.imdb.com/title/tt0038780/
tt0038782	https://www.imdb.com/title/tt0038782/
tt0038785	https://www.imdb.com/title/tt0038785/
tt0038787	https://www.imdb.com/title/tt0038787/
tt0038788	https://www.imdb.com/title/tt0038788/
tt0038789	https://www.imdb.com/title/tt0038789/
tt0038791	https://www.imdb.com/title/tt0038791/
tt0038792	https://www.imdb.com/title/tt0038792/
tt0038793	https://www.imdb.com/title/tt0038793/
tt0038794	https://www.imdb.com/title/tt0038794/
tt0038795	https://www.imdb.com/title/tt0038795/
tt0038797	https://www.imdb.com/title/tt0038797/
tt0038799	https://www.imdb.com/title/tt0038799/
tt0038800	https://www.imdb.com/title/tt0038800/
tt0038801	https://www.imdb.com/title/tt0038801/
tt0038802	https://www.imdb.com/title/tt0038802/
tt0038803	https://www.imdb.com/title/tt0038803/
tt0038804	https://www.imdb.com/title/tt0038804/
tt0038805	https://www.imdb.com/title/tt0038805/
tt0038808	https://www.imdb.com/title/tt0038808/
tt0038809	https://www.imdb.com/title/tt0038809/
tt0038810	https://www.imdb.com/title/tt0038810/
tt0038811	https://www.imdb.com/title/tt0038811/
tt0038812	https://www.imdb.com/title/tt0038812/
tt0038813	https://www.imdb.com/title/tt0038813/
tt0038814	https://www.imdb.com/title/tt0038814/
tt0038815	https://www.imdb.com/title/tt0038815/
tt0038816	https://www.imdb.com/title/tt0038816/
tt0038818	https://www.imdb.com/title/tt0038818/
tt0038819	https://www.imdb.com/title/tt0038819/
tt0038820	https://www.imdb.com/title/tt0038820/
tt0038821	https://www.imdb.com/title/tt0038821/
tt0038822	https://www.imdb.com/title/tt0038822/
tt0038823	https://www.imdb.com/title/tt0038823/
tt0038824	https://www.imdb.com/title/tt0038824/
tt0038827	https://www.imdb.com/title/tt0038827/
tt0038828	https://www.imdb.com/title/tt0038828/
tt0038829	https://www.imdb.com/title/tt0038829/
tt0038830	https://www.imdb.com/title/tt0038830/
tt0038831	https://www.imdb.com/title/tt0038831/
tt0038832	https://www.imdb.com/title/tt0038832/
tt0038833	https://www.imdb.com/title/tt0038833/
tt0038834	https://www.imdb.com/title/tt0038834/
tt0038835	https://www.imdb.com/title/tt0038835/
tt0038837	https://www.imdb.com/title/tt0038837/
tt0038838	https://www.imdb.com/title/tt0038838/
tt0038839	https://www.imdb.com/title/tt0038839/
tt0038840	https://www.imdb.com/title/tt0038840/
tt0038841	https://www.imdb.com/title/tt0038841/
tt0038842	https://www.imdb.com/title/tt0038842/
tt0038843	https://www.imdb.com/title/tt0038843/
tt0038845	https://www.imdb.com/title/tt0038845/
tt0038846	https://www.imdb.com/title/tt0038846/
tt0038853	https://www.imdb.com/title/tt0038853/
tt0038854	https://www.imdb.com/title/tt0038854/
tt0038856	https://www.imdb.com/title/tt0038856/
tt0038857	https://www.imdb.com/title/tt0038857/
tt0038861	https://www.imdb.com/title/tt0038861/
tt0038863	https://www.imdb.com/title/tt0038863/
tt0038864	https://www.imdb.com/title/tt0038864/
tt0038869	https://www.imdb.com/title/tt0038869/
tt0038870	https://www.imdb.com/title/tt0038870/
tt0038871	https://www.imdb.com/title/tt0038871/
tt0038872	https://www.imdb.com/title/tt0038872/
tt0038873	https://www.imdb.com/title/tt0038873/
tt0038874	https://www.imdb.com/title/tt0038874/
tt0038875	https://www.imdb.com/title/tt0038875/
tt0038876	https://www.imdb.com/title/tt0038876/
tt0038877	https://www.imdb.com/title/tt0038877/
tt0038878	https://www.imdb.com/title/tt0038878/
tt0038879	https://www.imdb.com/title/tt0038879/
tt0038882	https://www.imdb.com/title/tt0038882/
tt0038884	https://www.imdb.com/title/tt0038884/
tt0038886	https://www.imdb.com/title/tt0038886/
tt0038887	https://www.imdb.com/title/tt0038887/
tt0038889	https://www.imdb.com/title/tt0038889/
tt0038891	https://www.imdb.com/title/tt0038891/
tt0038892	https://www.imdb.com/title/tt0038892/
tt0038894	https://www.imdb.com/title/tt0038894/
tt0038895	https://www.imdb.com/title/tt0038895/
tt0038897	https://www.imdb.com/title/tt0038897/
tt0038902	https://www.imdb.com/title/tt0038902/
tt0038903	https://www.imdb.com/title/tt0038903/
tt0038905	https://www.imdb.com/title/tt0038905/
tt0038906	https://www.imdb.com/title/tt0038906/
tt0038907	https://www.imdb.com/title/tt0038907/
tt0038908	https://www.imdb.com/title/tt0038908/
tt0038909	https://www.imdb.com/title/tt0038909/
tt0038910	https://www.imdb.com/title/tt0038910/
tt0038911	https://www.imdb.com/title/tt0038911/
tt0038913	https://www.imdb.com/title/tt0038913/
tt0038915	https://www.imdb.com/title/tt0038915/
tt0038916	https://www.imdb.com/title/tt0038916/
tt0038917	https://www.imdb.com/title/tt0038917/
tt0038921	https://www.imdb.com/title/tt0038921/
tt0038922	https://www.imdb.com/title/tt0038922/
tt0038925	https://www.imdb.com/title/tt0038925/
tt0038926	https://www.imdb.com/title/tt0038926/
tt0038927	https://www.imdb.com/title/tt0038927/
tt0038928	https://www.imdb.com/title/tt0038928/
tt0038929	https://www.imdb.com/title/tt0038929/
tt0038930	https://www.imdb.com/title/tt0038930/
tt0038931	https://www.imdb.com/title/tt0038931/
tt0038932	https://www.imdb.com/title/tt0038932/
tt0038933	https://www.imdb.com/title/tt0038933/
tt0038934	https://www.imdb.com/title/tt0038934/
tt0038936	https://www.imdb.com/title/tt0038936/
tt0038937	https://www.imdb.com/title/tt0038937/
tt0038938	https://www.imdb.com/title/tt0038938/
tt0038941	https://www.imdb.com/title/tt0038941/
tt0038943	https://www.imdb.com/title/tt0038943/
tt0038944	https://www.imdb.com/title/tt0038944/
tt0038945	https://www.imdb.com/title/tt0038945/
tt0038946	https://www.imdb.com/title/tt0038946/
tt0038947	https://www.imdb.com/title/tt0038947/
tt0038948	https://www.imdb.com/title/tt0038948/
tt0038949	https://www.imdb.com/title/tt0038949/
tt0038952	https://www.imdb.com/title/tt0038952/
tt0038954	https://www.imdb.com/title/tt0038954/
tt0038955	https://www.imdb.com/title/tt0038955/
tt0038956	https://www.imdb.com/title/tt0038956/
tt0038958	https://www.imdb.com/title/tt0038958/
tt0038959	https://www.imdb.com/title/tt0038959/
tt0038963	https://www.imdb.com/title/tt0038963/
tt0038965	https://www.imdb.com/title/tt0038965/
tt0038966	https://www.imdb.com/title/tt0038966/
tt0038967	https://www.imdb.com/title/tt0038967/
tt0038968	https://www.imdb.com/title/tt0038968/
tt0038969	https://www.imdb.com/title/tt0038969/
tt0038971	https://www.imdb.com/title/tt0038971/
tt0038972	https://www.imdb.com/title/tt0038972/
tt0038973	https://www.imdb.com/title/tt0038973/
tt0038974	https://www.imdb.com/title/tt0038974/
tt0038975	https://www.imdb.com/title/tt0038975/
tt0038976	https://www.imdb.com/title/tt0038976/
tt0038979	https://www.imdb.com/title/tt0038979/
tt0038981	https://www.imdb.com/title/tt0038981/
tt0038982	https://www.imdb.com/title/tt0038982/
tt0038983	https://www.imdb.com/title/tt0038983/
tt0038984	https://www.imdb.com/title/tt0038984/
tt0038985	https://www.imdb.com/title/tt0038985/
tt0038986	https://www.imdb.com/title/tt0038986/
tt0038987	https://www.imdb.com/title/tt0038987/
tt0038988	https://www.imdb.com/title/tt0038988/
tt0038989	https://www.imdb.com/title/tt0038989/
tt0038990	https://www.imdb.com/title/tt0038990/
tt0038991	https://www.imdb.com/title/tt0038991/
tt0038993	https://www.imdb.com/title/tt0038993/
tt0038995	https://www.imdb.com/title/tt0038995/
tt0038996	https://www.imdb.com/title/tt0038996/
tt0038999	https://www.imdb.com/title/tt0038999/
tt0039000	https://www.imdb.com/title/tt0039000/
tt0039001	https://www.imdb.com/title/tt0039001/
tt0039002	https://www.imdb.com/title/tt0039002/
tt0039003	https://www.imdb.com/title/tt0039003/
tt0039004	https://www.imdb.com/title/tt0039004/
tt0039005	https://www.imdb.com/title/tt0039005/
tt0039006	https://www.imdb.com/title/tt0039006/
tt0039007	https://www.imdb.com/title/tt0039007/
tt0039008	https://www.imdb.com/title/tt0039008/
tt0039009	https://www.imdb.com/title/tt0039009/
tt0039010	https://www.imdb.com/title/tt0039010/
tt0039011	https://www.imdb.com/title/tt0039011/
tt0039012	https://www.imdb.com/title/tt0039012/
tt0039015	https://www.imdb.com/title/tt0039015/
tt0039017	https://www.imdb.com/title/tt0039017/
tt0039018	https://www.imdb.com/title/tt0039018/
tt0039020	https://www.imdb.com/title/tt0039020/
tt0039021	https://www.imdb.com/title/tt0039021/
tt0039023	https://www.imdb.com/title/tt0039023/
tt0039024	https://www.imdb.com/title/tt0039024/
tt0039026	https://www.imdb.com/title/tt0039026/
tt0039029	https://www.imdb.com/title/tt0039029/
tt0039031	https://www.imdb.com/title/tt0039031/
tt0039032	https://www.imdb.com/title/tt0039032/
tt0039033	https://www.imdb.com/title/tt0039033/
tt0039034	https://www.imdb.com/title/tt0039034/
tt0039035	https://www.imdb.com/title/tt0039035/
tt0039036	https://www.imdb.com/title/tt0039036/
tt0039037	https://www.imdb.com/title/tt0039037/
tt0039038	https://www.imdb.com/title/tt0039038/
tt0039039	https://www.imdb.com/title/tt0039039/
tt0039040	https://www.imdb.com/title/tt0039040/
tt0039041	https://www.imdb.com/title/tt0039041/
tt0039042	https://www.imdb.com/title/tt0039042/
tt0039046	https://www.imdb.com/title/tt0039046/
tt0039048	https://www.imdb.com/title/tt0039048/
tt0039049	https://www.imdb.com/title/tt0039049/
tt0039050	https://www.imdb.com/title/tt0039050/
tt0039052	https://www.imdb.com/title/tt0039052/
tt0039053	https://www.imdb.com/title/tt0039053/
tt0039054	https://www.imdb.com/title/tt0039054/
tt0039055	https://www.imdb.com/title/tt0039055/
tt0039056	https://www.imdb.com/title/tt0039056/
tt0039057	https://www.imdb.com/title/tt0039057/
tt0039060	https://www.imdb.com/title/tt0039060/
tt0039061	https://www.imdb.com/title/tt0039061/
tt0039063	https://www.imdb.com/title/tt0039063/
tt0039064	https://www.imdb.com/title/tt0039064/
tt0039065	https://www.imdb.com/title/tt0039065/
tt0039066	https://www.imdb.com/title/tt0039066/
tt0039067	https://www.imdb.com/title/tt0039067/
tt0039068	https://www.imdb.com/title/tt0039068/
tt0039072	https://www.imdb.com/title/tt0039072/
tt0039073	https://www.imdb.com/title/tt0039073/
tt0039074	https://www.imdb.com/title/tt0039074/
tt0039075	https://www.imdb.com/title/tt0039075/
tt0039076	https://www.imdb.com/title/tt0039076/
tt0039077	https://www.imdb.com/title/tt0039077/
tt0039080	https://www.imdb.com/title/tt0039080/
tt0039081	https://www.imdb.com/title/tt0039081/
tt0039082	https://www.imdb.com/title/tt0039082/
tt0039086	https://www.imdb.com/title/tt0039086/
tt0039090	https://www.imdb.com/title/tt0039090/
tt0039091	https://www.imdb.com/title/tt0039091/
tt0039092	https://www.imdb.com/title/tt0039092/
tt0039094	https://www.imdb.com/title/tt0039094/
tt0039095	https://www.imdb.com/title/tt0039095/
tt0039096	https://www.imdb.com/title/tt0039096/
tt0039098	https://www.imdb.com/title/tt0039098/
tt0039099	https://www.imdb.com/title/tt0039099/
tt0039101	https://www.imdb.com/title/tt0039101/
tt0039103	https://www.imdb.com/title/tt0039103/
tt0039105	https://www.imdb.com/title/tt0039105/
tt0039106	https://www.imdb.com/title/tt0039106/
tt0039107	https://www.imdb.com/title/tt0039107/
tt0039108	https://www.imdb.com/title/tt0039108/
tt0039110	https://www.imdb.com/title/tt0039110/
tt0039111	https://www.imdb.com/title/tt0039111/
tt0039112	https://www.imdb.com/title/tt0039112/
tt0039114	https://www.imdb.com/title/tt0039114/
tt0039115	https://www.imdb.com/title/tt0039115/
tt0039117	https://www.imdb.com/title/tt0039117/
tt0039118	https://www.imdb.com/title/tt0039118/
tt0039119	https://www.imdb.com/title/tt0039119/
tt0039158	https://www.imdb.com/title/tt0039158/
tt0039168	https://www.imdb.com/title/tt0039168/
tt0039186	https://www.imdb.com/title/tt0039186/
tt0039235	https://www.imdb.com/title/tt0039235/
tt0039305	https://www.imdb.com/title/tt0039305/
tt0039326	https://www.imdb.com/title/tt0039326/
tt0039347	https://www.imdb.com/title/tt0039347/
tt0039359	https://www.imdb.com/title/tt0039359/
tt0039372	https://www.imdb.com/title/tt0039372/
tt0039409	https://www.imdb.com/title/tt0039409/
tt0039422	https://www.imdb.com/title/tt0039422/
tt0039426	https://www.imdb.com/title/tt0039426/
tt0039446	https://www.imdb.com/title/tt0039446/
tt0039487	https://www.imdb.com/title/tt0039487/
tt0039545	https://www.imdb.com/title/tt0039545/
tt0039594	https://www.imdb.com/title/tt0039594/
tt0039707	https://www.imdb.com/title/tt0039707/
tt0039743	https://www.imdb.com/title/tt0039743/
tt0039745	https://www.imdb.com/title/tt0039745/
tt0039767	https://www.imdb.com/title/tt0039767/
tt0039782	https://www.imdb.com/title/tt0039782/
tt0039800	https://www.imdb.com/title/tt0039800/
tt0039878	https://www.imdb.com/title/tt0039878/
tt0039891	https://www.imdb.com/title/tt0039891/
tt0039912	https://www.imdb.com/title/tt0039912/
tt0039939	https://www.imdb.com/title/tt0039939/
tt0039997	https://www.imdb.com/title/tt0039997/
tt0040128	https://www.imdb.com/title/tt0040128/
tt0040129	https://www.imdb.com/title/tt0040129/
tt0040653	https://www.imdb.com/title/tt0040653/
tt0042186	https://www.imdb.com/title/tt0042186/
tt0042547	https://www.imdb.com/title/tt0042547/
tt0042971	https://www.imdb.com/title/tt0042971/
tt0046228	https://www.imdb.com/title/tt0046228/
tt0050345	https://www.imdb.com/title/tt0050345/
tt0051426	https://www.imdb.com/title/tt0051426/
tt0051790	https://www.imdb.com/title/tt0051790/
tt0121433	https://www.imdb.com/title/tt0121433/
tt0121839	https://www.imdb.com/title/tt0121839/
tt0121970	https://www.imdb.com/title/tt0121970/
tt0122107	https://www.imdb.com/title/tt0122107/
tt0124283	https://www.imdb.com/title/tt0124283/
tt0124300	https://www.imdb.com/title/tt0124300/
tt0125935	https://www.imdb.com/title/tt0125935/
tt0127272	https://www.imdb.com/title/tt0127272/
tt0127512	https://www.imdb.com/title/tt0127512/
tt0129257	https://www.imdb.com/title/tt0129257/
tt0130070	https://www.imdb.com/title/tt0130070/
tt0131000	https://www.imdb.com/title/tt0131000/
tt0131476	https://www.imdb.com/title/tt0131476/
tt0132669	https://www.imdb.com/title/tt0132669/
tt0133897	https://www.imdb.com/title/tt0133897/
tt0133905	https://www.imdb.com/title/tt0133905/
tt0133963	https://www.imdb.com/title/tt0133963/
tt0134128	https://www.imdb.com/title/tt0134128/
tt0135420	https://www.imdb.com/title/tt0135420/
tt0135460	https://www.imdb.com/title/tt0135460/
tt0135537	https://www.imdb.com/title/tt0135537/
tt0135538	https://www.imdb.com/title/tt0135538/
tt0135671	https://www.imdb.com/title/tt0135671/
tt0135751	https://www.imdb.com/title/tt0135751/
tt0136282	https://www.imdb.com/title/tt0136282/
tt0136452	https://www.imdb.com/title/tt0136452/
tt0136476	https://www.imdb.com/title/tt0136476/
tt0136798	https://www.imdb.com/title/tt0136798/
tt0139040	https://www.imdb.com/title/tt0139040/
tt0139152	https://www.imdb.com/title/tt0139152/
tt0139167	https://www.imdb.com/title/tt0139167/
tt0139889	https://www.imdb.com/title/tt0139889/
tt0140017	https://www.imdb.com/title/tt0140017/
tt0140387	https://www.imdb.com/title/tt0140387/
tt0140441	https://www.imdb.com/title/tt0140441/
tt0140516	https://www.imdb.com/title/tt0140516/
tt0141726	https://www.imdb.com/title/tt0141726/
tt0141750	https://www.imdb.com/title/tt0141750/
tt0141761	https://www.imdb.com/title/tt0141761/
tt0143108	https://www.imdb.com/title/tt0143108/
tt0143189	https://www.imdb.com/title/tt0143189/
tt0143250	https://www.imdb.com/title/tt0143250/
tt0143899	https://www.imdb.com/title/tt0143899/
tt0147166	https://www.imdb.com/title/tt0147166/
tt0149721	https://www.imdb.com/title/tt0149721/
tt0151856	https://www.imdb.com/title/tt0151856/
tt0152093	https://www.imdb.com/title/tt0152093/
tt0152289	https://www.imdb.com/title/tt0152289/
tt0153477	https://www.imdb.com/title/tt0153477/
tt0154389	https://www.imdb.com/title/tt0154389/
tt0154711	https://www.imdb.com/title/tt0154711/
tt0154910	https://www.imdb.com/title/tt0154910/
tt0154942	https://www.imdb.com/title/tt0154942/
tt0155045	https://www.imdb.com/title/tt0155045/
tt0155108	https://www.imdb.com/title/tt0155108/
tt0155116	https://www.imdb.com/title/tt0155116/
tt0155235	https://www.imdb.com/title/tt0155235/
tt0155322	https://www.imdb.com/title/tt0155322/
tt0155679	https://www.imdb.com/title/tt0155679/
tt0155741	https://www.imdb.com/title/tt0155741/
tt0155951	https://www.imdb.com/title/tt0155951/
tt0156389	https://www.imdb.com/title/tt0156389/
tt0156715	https://www.imdb.com/title/tt0156715/
tt0156720	https://www.imdb.com/title/tt0156720/
tt0156752	https://www.imdb.com/title/tt0156752/
tt0156935	https://www.imdb.com/title/tt0156935/
tt0157967	https://www.imdb.com/title/tt0157967/
tt0158742	https://www.imdb.com/title/tt0158742/
tt0161824	https://www.imdb.com/title/tt0161824/
tt0162292	https://www.imdb.com/title/tt0162292/
tt0163350	https://www.imdb.com/title/tt0163350/
tt0164185	https://www.imdb.com/title/tt0164185/
tt0166520	https://www.imdb.com/title/tt0166520/
tt0167966	https://www.imdb.com/title/tt0167966/
tt0168443	https://www.imdb.com/title/tt0168443/
tt0169938	https://www.imdb.com/title/tt0169938/
tt0169979	https://www.imdb.com/title/tt0169979/
tt0170001	https://www.imdb.com/title/tt0170001/
tt0170029	https://www.imdb.com/title/tt0170029/
tt0170159	https://www.imdb.com/title/tt0170159/
tt0170584	https://www.imdb.com/title/tt0170584/
tt0171138	https://www.imdb.com/title/tt0171138/
tt0171186	https://www.imdb.com/title/tt0171186/
tt0171539	https://www.imdb.com/title/tt0171539/
tt0171824	https://www.imdb.com/title/tt0171824/
tt0172375	https://www.imdb.com/title/tt0172375/
tt0172377	https://www.imdb.com/title/tt0172377/
tt0172679	https://www.imdb.com/title/tt0172679/
tt0173119	https://www.imdb.com/title/tt0173119/
tt0175031	https://www.imdb.com/title/tt0175031/
tt0175470	https://www.imdb.com/title/tt0175470/
tt0175518	https://www.imdb.com/title/tt0175518/
tt0175562	https://www.imdb.com/title/tt0175562/
tt0175839	https://www.imdb.com/title/tt0175839/
tt0175840	https://www.imdb.com/title/tt0175840/
tt0175914	https://www.imdb.com/title/tt0175914/
tt0175955	https://www.imdb.com/title/tt0175955/
tt0176688	https://www.imdb.com/title/tt0176688/
tt0177852	https://www.imdb.com/title/tt0177852/
tt0177920	https://www.imdb.com/title/tt0177920/
tt0178197	https://www.imdb.com/title/tt0178197/
tt0178375	https://www.imdb.com/title/tt0178375/
tt0178695	https://www.imdb.com/title/tt0178695/
tt0178767	https://www.imdb.com/title/tt0178767/
tt0178911	https://www.imdb.com/title/tt0178911/
tt0179092	https://www.imdb.com/title/tt0179092/
tt0179667	https://www.imdb.com/title/tt0179667/
tt0179962	https://www.imdb.com/title/tt0179962/
tt0179988	https://www.imdb.com/title/tt0179988/
tt0180334	https://www.imdb.com/title/tt0180334/
tt0180589	https://www.imdb.com/title/tt0180589/
tt0180597	https://www.imdb.com/title/tt0180597/
tt0180842	https://www.imdb.com/title/tt0180842/
tt0181995	https://www.imdb.com/title/tt0181995/
tt0182028	https://www.imdb.com/title/tt0182028/
tt0183578	https://www.imdb.com/title/tt0183578/
tt0184187	https://www.imdb.com/title/tt0184187/
tt0184483	https://www.imdb.com/title/tt0184483/
tt0184987	https://www.imdb.com/title/tt0184987/
tt0185042	https://www.imdb.com/title/tt0185042/
tt0185168	https://www.imdb.com/title/tt0185168/
tt0185449	https://www.imdb.com/title/tt0185449/
tt0185641	https://www.imdb.com/title/tt0185641/
tt0186342	https://www.imdb.com/title/tt0186342/
tt0186364	https://www.imdb.com/title/tt0186364/
tt0186588	https://www.imdb.com/title/tt0186588/
tt0187086	https://www.imdb.com/title/tt0187086/
tt0187388	https://www.imdb.com/title/tt0187388/
tt0187492	https://www.imdb.com/title/tt0187492/
tt0187517	https://www.imdb.com/title/tt0187517/
tt0187683	https://www.imdb.com/title/tt0187683/
tt0187815	https://www.imdb.com/title/tt0187815/
tt0188389	https://www.imdb.com/title/tt0188389/
tt0188468	https://www.imdb.com/title/tt0188468/
tt0188668	https://www.imdb.com/title/tt0188668/
tt0188950	https://www.imdb.com/title/tt0188950/
tt0190987	https://www.imdb.com/title/tt0190987/
tt0191184	https://www.imdb.com/title/tt0191184/
tt0191269	https://www.imdb.com/title/tt0191269/
tt0191328	https://www.imdb.com/title/tt0191328/
tt0191772	https://www.imdb.com/title/tt0191772/
tt0191823	https://www.imdb.com/title/tt0191823/
tt0192015	https://www.imdb.com/title/tt0192015/
tt0192091	https://www.imdb.com/title/tt0192091/
tt0192172	https://www.imdb.com/title/tt0192172/
tt0192216	https://www.imdb.com/title/tt0192216/
tt0192344	https://www.imdb.com/title/tt0192344/
tt0192444	https://www.imdb.com/title/tt0192444/
tt0192688	https://www.imdb.com/title/tt0192688/
tt0192948	https://www.imdb.com/title/tt0192948/
tt0193042	https://www.imdb.com/title/tt0193042/
tt0193149	https://www.imdb.com/title/tt0193149/
tt0193348	https://www.imdb.com/title/tt0193348/
tt0193945	https://www.imdb.com/title/tt0193945/
tt0194212	https://www.imdb.com/title/tt0194212/
tt0195048	https://www.imdb.com/title/tt0195048/
tt0195438	https://www.imdb.com/title/tt0195438/
tt0196042	https://www.imdb.com/title/tt0196042/
tt0196107	https://www.imdb.com/title/tt0196107/
tt0196829	https://www.imdb.com/title/tt0196829/
tt0196905	https://www.imdb.com/title/tt0196905/
tt0197212	https://www.imdb.com/title/tt0197212/
tt0197598	https://www.imdb.com/title/tt0197598/
tt0199142	https://www.imdb.com/title/tt0199142/
tt0199394	https://www.imdb.com/title/tt0199394/
tt0199416	https://www.imdb.com/title/tt0199416/
tt0199519	https://www.imdb.com/title/tt0199519/
tt0199607	https://www.imdb.com/title/tt0199607/
tt0199738	https://www.imdb.com/title/tt0199738/
tt0200219	https://www.imdb.com/title/tt0200219/
tt0200229	https://www.imdb.com/title/tt0200229/
tt0200950	https://www.imdb.com/title/tt0200950/
tt0201151	https://www.imdb.com/title/tt0201151/
tt0201769	https://www.imdb.com/title/tt0201769/
tt0202460	https://www.imdb.com/title/tt0202460/
tt0203570	https://www.imdb.com/title/tt0203570/
tt0203930	https://www.imdb.com/title/tt0203930/
tt0204181	https://www.imdb.com/title/tt0204181/
tt0205471	https://www.imdb.com/title/tt0205471/
tt0206396	https://www.imdb.com/title/tt0206396/
tt0207295	https://www.imdb.com/title/tt0207295/
tt0210332	https://www.imdb.com/title/tt0210332/
tt0213215	https://www.imdb.com/title/tt0213215/
tt0213502	https://www.imdb.com/title/tt0213502/
tt0213609	https://www.imdb.com/title/tt0213609/
tt0213834	https://www.imdb.com/title/tt0213834/
tt0214232	https://www.imdb.com/title/tt0214232/
tt0214845	https://www.imdb.com/title/tt0214845/
tt0216065	https://www.imdb.com/title/tt0216065/
tt0217347	https://www.imdb.com/title/tt0217347/
tt0217663	https://www.imdb.com/title/tt0217663/
tt0217668	https://www.imdb.com/title/tt0217668/
tt0217715	https://www.imdb.com/title/tt0217715/
tt0217835	https://www.imdb.com/title/tt0217835/
tt0217857	https://www.imdb.com/title/tt0217857/
tt0217877	https://www.imdb.com/title/tt0217877/
tt0217991	https://www.imdb.com/title/tt0217991/
tt0217995	https://www.imdb.com/title/tt0217995/
tt0217996	https://www.imdb.com/title/tt0217996/
tt0218075	https://www.imdb.com/title/tt0218075/
tt0218083	https://www.imdb.com/title/tt0218083/
tt0218117	https://www.imdb.com/title/tt0218117/
tt0218331	https://www.imdb.com/title/tt0218331/
tt0218332	https://www.imdb.com/title/tt0218332/
tt0218436	https://www.imdb.com/title/tt0218436/
tt0218476	https://www.imdb.com/title/tt0218476/
tt0218547	https://www.imdb.com/title/tt0218547/
tt0218548	https://www.imdb.com/title/tt0218548/
tt0218607	https://www.imdb.com/title/tt0218607/
tt0218613	https://www.imdb.com/title/tt0218613/
tt0218708	https://www.imdb.com/title/tt0218708/
tt0218734	https://www.imdb.com/title/tt0218734/
tt0218829	https://www.imdb.com/title/tt0218829/
tt0218862	https://www.imdb.com/title/tt0218862/
tt0218867	https://www.imdb.com/title/tt0218867/
tt0218957	https://www.imdb.com/title/tt0218957/
tt0219135	https://www.imdb.com/title/tt0219135/
tt0219217	https://www.imdb.com/title/tt0219217/
tt0219238	https://www.imdb.com/title/tt0219238/
tt0219266	https://www.imdb.com/title/tt0219266/
tt0219298	https://www.imdb.com/title/tt0219298/
tt0219315	https://www.imdb.com/title/tt0219315/
tt0219522	https://www.imdb.com/title/tt0219522/
tt0219629	https://www.imdb.com/title/tt0219629/
tt0219943	https://www.imdb.com/title/tt0219943/
tt0219946	https://www.imdb.com/title/tt0219946/
tt0219976	https://www.imdb.com/title/tt0219976/
tt0219995	https://www.imdb.com/title/tt0219995/
tt0219999	https://www.imdb.com/title/tt0219999/
tt0220024	https://www.imdb.com/title/tt0220024/
tt0220128	https://www.imdb.com/title/tt0220128/
tt0220186	https://www.imdb.com/title/tt0220186/
tt0220737	https://www.imdb.com/title/tt0220737/
tt0221255	https://www.imdb.com/title/tt0221255/
tt0221674	https://www.imdb.com/title/tt0221674/
tt0222314	https://www.imdb.com/title/tt0222314/
tt0223212	https://www.imdb.com/title/tt0223212/
tt0223614	https://www.imdb.com/title/tt0223614/
tt0226510	https://www.imdb.com/title/tt0226510/
tt0226604	https://www.imdb.com/title/tt0226604/
tt0230018	https://www.imdb.com/title/tt0230018/
tt0230140	https://www.imdb.com/title/tt0230140/
tt0230801	https://www.imdb.com/title/tt0230801/
tt0233231	https://www.imdb.com/title/tt0233231/
tt0233344	https://www.imdb.com/title/tt0233344/
tt0234128	https://www.imdb.com/title/tt0234128/
tt0234419	https://www.imdb.com/title/tt0234419/
tt0235340	https://www.imdb.com/title/tt0235340/
tt0236138	https://www.imdb.com/title/tt0236138/
tt0236166	https://www.imdb.com/title/tt0236166/
tt0236238	https://www.imdb.com/title/tt0236238/
tt0236326	https://www.imdb.com/title/tt0236326/
tt0236558	https://www.imdb.com/title/tt0236558/
tt0236780	https://www.imdb.com/title/tt0236780/
tt0236786	https://www.imdb.com/title/tt0236786/
tt0237090	https://www.imdb.com/title/tt0237090/
tt0237331	https://www.imdb.com/title/tt0237331/
tt0237392	https://www.imdb.com/title/tt0237392/
tt0238158	https://www.imdb.com/title/tt0238158/
tt0238677	https://www.imdb.com/title/tt0238677/
tt0238892	https://www.imdb.com/title/tt0238892/
tt0239776	https://www.imdb.com/title/tt0239776/
tt0240070	https://www.imdb.com/title/tt0240070/
tt0241602	https://www.imdb.com/title/tt0241602/
tt0242689	https://www.imdb.com/title/tt0242689/
tt0242765	https://www.imdb.com/title/tt0242765/
tt0242836	https://www.imdb.com/title/tt0242836/
tt0242972	https://www.imdb.com/title/tt0242972/
tt0242973	https://www.imdb.com/title/tt0242973/
tt0243744	https://www.imdb.com/title/tt0243744/
tt0243829	https://www.imdb.com/title/tt0243829/
tt0243837	https://www.imdb.com/title/tt0243837/
tt0243864	https://www.imdb.com/title/tt0243864/
tt0243929	https://www.imdb.com/title/tt0243929/
tt0244003	https://www.imdb.com/title/tt0244003/
tt0244048	https://www.imdb.com/title/tt0244048/
tt0244062	https://www.imdb.com/title/tt0244062/
tt0244104	https://www.imdb.com/title/tt0244104/
tt0244109	https://www.imdb.com/title/tt0244109/
tt0244123	https://www.imdb.com/title/tt0244123/
tt0244181	https://www.imdb.com/title/tt0244181/
tt0244239	https://www.imdb.com/title/tt0244239/
tt0244314	https://www.imdb.com/title/tt0244314/
tt0244696	https://www.imdb.com/title/tt0244696/
tt0245009	https://www.imdb.com/title/tt0245009/
tt0245537	https://www.imdb.com/title/tt0245537/
tt0246277	https://www.imdb.com/title/tt0246277/
tt0247639	https://www.imdb.com/title/tt0247639/
tt0248302	https://www.imdb.com/title/tt0248302/
tt0248330	https://www.imdb.com/title/tt0248330/
tt0248913	https://www.imdb.com/title/tt0248913/
tt0249124	https://www.imdb.com/title/tt0249124/
tt0249132	https://www.imdb.com/title/tt0249132/
tt0249150	https://www.imdb.com/title/tt0249150/
tt0249926	https://www.imdb.com/title/tt0249926/
tt0249927	https://www.imdb.com/title/tt0249927/
tt0250466	https://www.imdb.com/title/tt0250466/
tt0250813	https://www.imdb.com/title/tt0250813/
tt0250952	https://www.imdb.com/title/tt0250952/
tt0251109	https://www.imdb.com/title/tt0251109/
tt0251132	https://www.imdb.com/title/tt0251132/
tt0251492	https://www.imdb.com/title/tt0251492/
tt0251981	https://www.imdb.com/title/tt0251981/
tt0253641	https://www.imdb.com/title/tt0253641/
tt0255053	https://www.imdb.com/title/tt0255053/
tt0255204	https://www.imdb.com/title/tt0255204/
tt0255413	https://www.imdb.com/title/tt0255413/
tt0255707	https://www.imdb.com/title/tt0255707/
tt0256759	https://www.imdb.com/title/tt0256759/
tt0257221	https://www.imdb.com/title/tt0257221/
tt0257252	https://www.imdb.com/title/tt0257252/
tt0258425	https://www.imdb.com/title/tt0258425/
tt0259068	https://www.imdb.com/title/tt0259068/
tt0259734	https://www.imdb.com/title/tt0259734/
tt0260518	https://www.imdb.com/title/tt0260518/
tt0261862	https://www.imdb.com/title/tt0261862/
tt0262835	https://www.imdb.com/title/tt0262835/
tt0262919	https://www.imdb.com/title/tt0262919/
tt0264785	https://www.imdb.com/title/tt0264785/
tt0266505	https://www.imdb.com/title/tt0266505/
tt0266552	https://www.imdb.com/title/tt0266552/
tt0266933	https://www.imdb.com/title/tt0266933/
tt0267611	https://www.imdb.com/title/tt0267611/
tt0267774	https://www.imdb.com/title/tt0267774/
tt0267899	https://www.imdb.com/title/tt0267899/
tt0267922	https://www.imdb.com/title/tt0267922/
tt0268698	https://www.imdb.com/title/tt0268698/
tt0269121	https://www.imdb.com/title/tt0269121/
tt0269343	https://www.imdb.com/title/tt0269343/
tt0269446	https://www.imdb.com/title/tt0269446/
tt0270006	https://www.imdb.com/title/tt0270006/
tt0270296	https://www.imdb.com/title/tt0270296/
tt0270511	https://www.imdb.com/title/tt0270511/
tt0270536	https://www.imdb.com/title/tt0270536/
tt0272801	https://www.imdb.com/title/tt0272801/
tt0281208	https://www.imdb.com/title/tt0281208/
tt0282436	https://www.imdb.com/title/tt0282436/
tt0283145	https://www.imdb.com/title/tt0283145/
tt0283265	https://www.imdb.com/title/tt0283265/
tt0285527	https://www.imdb.com/title/tt0285527/
tt0286459	https://www.imdb.com/title/tt0286459/
tt0286465	https://www.imdb.com/title/tt0286465/
tt0286467	https://www.imdb.com/title/tt0286467/
tt0286470	https://www.imdb.com/title/tt0286470/
tt0286474	https://www.imdb.com/title/tt0286474/
tt0286475	https://www.imdb.com/title/tt0286475/
tt0286509	https://www.imdb.com/title/tt0286509/
tt0286535	https://www.imdb.com/title/tt0286535/
tt0286570	https://www.imdb.com/title/tt0286570/
tt0286651	https://www.imdb.com/title/tt0286651/
tt0286673	https://www.imdb.com/title/tt0286673/
tt0286744	https://www.imdb.com/title/tt0286744/
tt0286750	https://www.imdb.com/title/tt0286750/
tt0286753	https://www.imdb.com/title/tt0286753/
tt0286754	https://www.imdb.com/title/tt0286754/
tt0286799	https://www.imdb.com/title/tt0286799/
tt0286802	https://www.imdb.com/title/tt0286802/
tt0286804	https://www.imdb.com/title/tt0286804/
tt0286805	https://www.imdb.com/title/tt0286805/
tt0286835	https://www.imdb.com/title/tt0286835/
tt0286836	https://www.imdb.com/title/tt0286836/
tt0286837	https://www.imdb.com/title/tt0286837/
tt0286839	https://www.imdb.com/title/tt0286839/
tt0286956	https://www.imdb.com/title/tt0286956/
tt0287050	https://www.imdb.com/title/tt0287050/
tt0287078	https://www.imdb.com/title/tt0287078/
tt0287150	https://www.imdb.com/title/tt0287150/
tt0287154	https://www.imdb.com/title/tt0287154/
tt0289119	https://www.imdb.com/title/tt0289119/
tt0289595	https://www.imdb.com/title/tt0289595/
tt0294554	https://www.imdb.com/title/tt0294554/
tt0295512	https://www.imdb.com/title/tt0295512/
tt0296974	https://www.imdb.com/title/tt0296974/
tt0297003	https://www.imdb.com/title/tt0297003/
tt0297110	https://www.imdb.com/title/tt0297110/
tt0297141	https://www.imdb.com/title/tt0297141/
tt0297246	https://www.imdb.com/title/tt0297246/
tt0297248	https://www.imdb.com/title/tt0297248/
tt0297272	https://www.imdb.com/title/tt0297272/
tt0297373	https://www.imdb.com/title/tt0297373/
tt0297395	https://www.imdb.com/title/tt0297395/
tt0297474	https://www.imdb.com/title/tt0297474/
tt0297775	https://www.imdb.com/title/tt0297775/
tt0298021	https://www.imdb.com/title/tt0298021/
tt0298399	https://www.imdb.com/title/tt0298399/
tt0299112	https://www.imdb.com/title/tt0299112/
tt0302711	https://www.imdb.com/title/tt0302711/
tt0305488	https://www.imdb.com/title/tt0305488/
tt0305628	https://www.imdb.com/title/tt0305628/
tt0305732	https://www.imdb.com/title/tt0305732/
tt0305906	https://www.imdb.com/title/tt0305906/
tt0306181	https://www.imdb.com/title/tt0306181/
tt0307439	https://www.imdb.com/title/tt0307439/
tt0307484	https://www.imdb.com/title/tt0307484/
tt0307579	https://www.imdb.com/title/tt0307579/
tt0308883	https://www.imdb.com/title/tt0308883/
tt0312834	https://www.imdb.com/title/tt0312834/
tt0313194	https://www.imdb.com/title/tt0313194/
tt0313673	https://www.imdb.com/title/tt0313673/
tt0314483	https://www.imdb.com/title/tt0314483/
tt0316026	https://www.imdb.com/title/tt0316026/
tt0320509	https://www.imdb.com/title/tt0320509/
tt0321878	https://www.imdb.com/title/tt0321878/
tt0322278	https://www.imdb.com/title/tt0322278/
tt0323014	https://www.imdb.com/title/tt0323014/
tt0323092	https://www.imdb.com/title/tt0323092/
tt0323205	https://www.imdb.com/title/tt0323205/
tt0323693	https://www.imdb.com/title/tt0323693/
tt0324327	https://www.imdb.com/title/tt0324327/
tt0324380	https://www.imdb.com/title/tt0324380/
tt0326045	https://www.imdb.com/title/tt0326045/
tt0327982	https://www.imdb.com/title/tt0327982/
tt0327987	https://www.imdb.com/title/tt0327987/
tt0330943	https://www.imdb.com/title/tt0330943/
tt0331237	https://www.imdb.com/title/tt0331237/
tt0331907	https://www.imdb.com/title/tt0331907/
tt0332244	https://www.imdb.com/title/tt0332244/
tt0332287	https://www.imdb.com/title/tt0332287/
tt0336213	https://www.imdb.com/title/tt0336213/
tt0355605	https://www.imdb.com/title/tt0355605/
tt0355997	https://www.imdb.com/title/tt0355997/
tt0361776	https://www.imdb.com/title/tt0361776/
tt0362143	https://www.imdb.com/title/tt0362143/
tt0364633	https://www.imdb.com/title/tt0364633/
tt0364657	https://www.imdb.com/title/tt0364657/
tt0364683	https://www.imdb.com/title/tt0364683/
tt0369228	https://www.imdb.com/title/tt0369228/
tt0369629	https://www.imdb.com/title/tt0369629/
tt0370034	https://www.imdb.com/title/tt0370034/
tt0371617	https://www.imdb.com/title/tt0371617/
tt0371758	https://www.imdb.com/title/tt0371758/
tt0373789	https://www.imdb.com/title/tt0373789/
tt0374971	https://www.imdb.com/title/tt0374971/
tt0376683	https://www.imdb.com/title/tt0376683/
tt0376799	https://www.imdb.com/title/tt0376799/
tt0377507	https://www.imdb.com/title/tt0377507/
tt0378019	https://www.imdb.com/title/tt0378019/
tt0378149	https://www.imdb.com/title/tt0378149/
tt0378789	https://www.imdb.com/title/tt0378789/
tt0379244	https://www.imdb.com/title/tt0379244/
tt0379251	https://www.imdb.com/title/tt0379251/
tt0379336	https://www.imdb.com/title/tt0379336/
tt0379367	https://www.imdb.com/title/tt0379367/
tt0380386	https://www.imdb.com/title/tt0380386/
tt0381057	https://www.imdb.com/title/tt0381057/
tt0381322	https://www.imdb.com/title/tt0381322/
tt0381327	https://www.imdb.com/title/tt0381327/
tt0381863	https://www.imdb.com/title/tt0381863/
tt0382830	https://www.imdb.com/title/tt0382830/
tt0384109	https://www.imdb.com/title/tt0384109/
tt0384268	https://www.imdb.com/title/tt0384268/
tt0384609	https://www.imdb.com/title/tt0384609/
tt0384823	https://www.imdb.com/title/tt0384823/
tt0384885	https://www.imdb.com/title/tt0384885/
tt0386026	https://www.imdb.com/title/tt0386026/
tt0386028	https://www.imdb.com/title/tt0386028/
tt0386372	https://www.imdb.com/title/tt0386372/
tt0386448	https://www.imdb.com/title/tt0386448/
tt0386572	https://www.imdb.com/title/tt0386572/
tt0386765	https://www.imdb.com/title/tt0386765/
tt0387066	https://www.imdb.com/title/tt0387066/
tt0395500	https://www.imdb.com/title/tt0395500/
tt0396668	https://www.imdb.com/title/tt0396668/
tt0398730	https://www.imdb.com/title/tt0398730/
tt0399617	https://www.imdb.com/title/tt0399617/
tt0405626	https://www.imdb.com/title/tt0405626/
tt0408782	https://www.imdb.com/title/tt0408782/
tt0416326	https://www.imdb.com/title/tt0416326/
tt0417246	https://www.imdb.com/title/tt0417246/
tt0417445	https://www.imdb.com/title/tt0417445/
tt0419859	https://www.imdb.com/title/tt0419859/
tt0426184	https://www.imdb.com/title/tt0426184/
tt0427521	https://www.imdb.com/title/tt0427521/
tt0438806	https://www.imdb.com/title/tt0438806/
tt0440611	https://www.imdb.com/title/tt0440611/
tt0442549	https://www.imdb.com/title/tt0442549/
tt0447191	https://www.imdb.com/title/tt0447191/
tt0448746	https://www.imdb.com/title/tt0448746/
tt0449974	https://www.imdb.com/title/tt0449974/
tt0450792	https://www.imdb.com/title/tt0450792/
tt0454154	https://www.imdb.com/title/tt0454154/
tt0454234	https://www.imdb.com/title/tt0454234/
tt0461772	https://www.imdb.com/title/tt0461772/
tt0468316	https://www.imdb.com/title/tt0468316/
tt0468354	https://www.imdb.com/title/tt0468354/
tt0471179	https://www.imdb.com/title/tt0471179/
tt0471188	https://www.imdb.com/title/tt0471188/
tt0482814	https://www.imdb.com/title/tt0482814/
tt0497283	https://www.imdb.com/title/tt0497283/
tt0764690	https://www.imdb.com/title/tt0764690/
tt0777725	https://www.imdb.com/title/tt0777725/
tt0777824	https://www.imdb.com/title/tt0777824/
tt0777827	https://www.imdb.com/title/tt0777827/
tt0786924	https://www.imdb.com/title/tt0786924/
tt0787016	https://www.imdb.com/title/tt0787016/
tt0787036	https://www.imdb.com/title/tt0787036/
tt0787047	https://www.imdb.com/title/tt0787047/
tt0787073	https://www.imdb.com/title/tt0787073/
tt0787127	https://www.imdb.com/title/tt0787127/
tt0787172	https://www.imdb.com/title/tt0787172/
tt0788023	https://www.imdb.com/title/tt0788023/
tt0791450	https://www.imdb.com/title/tt0791450/
tt0791540	https://www.imdb.com/title/tt0791540/
tt0864804	https://www.imdb.com/title/tt0864804/
tt0877646	https://www.imdb.com/title/tt0877646/
tt1013720	https://www.imdb.com/title/tt1013720/
tt1045595	https://www.imdb.com/title/tt1045595/
tt1057984	https://www.imdb.com/title/tt1057984/
tt11207872	https://www.imdb.com/title/tt11207872/
tt11276008	https://www.imdb.com/title/tt11276008/
tt11304736	https://www.imdb.com/title/tt11304736/
tt11349912	https://www.imdb.com/title/tt11349912/
tt1135027	https://www.imdb.com/title/tt1135027/
tt11362198	https://www.imdb.com/title/tt11362198/
tt11452420	https://www.imdb.com/title/tt11452420/
tt11465734	https://www.imdb.com/title/tt11465734/
tt1167629	https://www.imdb.com/title/tt1167629/
tt11685712	https://www.imdb.com/title/tt11685712/
tt11688310	https://www.imdb.com/title/tt11688310/
tt1201631	https://www.imdb.com/title/tt1201631/
tt1201639	https://www.imdb.com/title/tt1201639/
tt12200154	https://www.imdb.com/title/tt12200154/
tt1240935	https://www.imdb.com/title/tt1240935/
tt12854120	https://www.imdb.com/title/tt12854120/
tt1293768	https://www.imdb.com/title/tt1293768/
tt1370742	https://www.imdb.com/title/tt1370742/
tt1389588	https://www.imdb.com/title/tt1389588/
tt13914884	https://www.imdb.com/title/tt13914884/
tt13915150	https://www.imdb.com/title/tt13915150/
tt13921292	https://www.imdb.com/title/tt13921292/
tt1411903	https://www.imdb.com/title/tt1411903/
tt1450644	https://www.imdb.com/title/tt1450644/
tt1468367	https://www.imdb.com/title/tt1468367/
tt1505892	https://www.imdb.com/title/tt1505892/
tt1566606	https://www.imdb.com/title/tt1566606/
tt1611839	https://www.imdb.com/title/tt1611839/
tt1661390	https://www.imdb.com/title/tt1661390/
tt1690100	https://www.imdb.com/title/tt1690100/
tt1726186	https://www.imdb.com/title/tt1726186/
tt1762383	https://www.imdb.com/title/tt1762383/
tt1836840	https://www.imdb.com/title/tt1836840/
tt1841612	https://www.imdb.com/title/tt1841612/
tt1851093	https://www.imdb.com/title/tt1851093/
tt1927000	https://www.imdb.com/title/tt1927000/
tt1972795	https://www.imdb.com/title/tt1972795/
tt2015464	https://www.imdb.com/title/tt2015464/
tt2016904	https://www.imdb.com/title/tt2016904/
tt2093254	https://www.imdb.com/title/tt2093254/
tt21371210	https://www.imdb.com/title/tt21371210/
tt2180345	https://www.imdb.com/title/tt2180345/
tt23018760	https://www.imdb.com/title/tt23018760/
tt2355969	https://www.imdb.com/title/tt2355969/
tt25433792	https://www.imdb.com/title/tt25433792/
tt26081742	https://www.imdb.com/title/tt26081742/
tt26439456	https://www.imdb.com/title/tt26439456/
tt26487081	https://www.imdb.com/title/tt26487081/
tt28585989	https://www.imdb.com/title/tt28585989/
tt2866350	https://www.imdb.com/title/tt2866350/
tt2866356	https://www.imdb.com/title/tt2866356/
tt28803750	https://www.imdb.com/title/tt28803750/
tt29381153	https://www.imdb.com/title/tt29381153/
tt30425742	https://www.imdb.com/title/tt30425742/
tt3155892	https://www.imdb.com/title/tt3155892/
tt32573785	https://www.imdb.com/title/tt32573785/
tt33086926	https://www.imdb.com/title/tt33086926/
tt33395217	https://www.imdb.com/title/tt33395217/
tt3375974	https://www.imdb.com/title/tt3375974/
tt3437770	https://www.imdb.com/title/tt3437770/
tt3610308	https://www.imdb.com/title/tt3610308/
tt3615576	https://www.imdb.com/title/tt3615576/
tt3658076	https://www.imdb.com/title/tt3658076/
tt3658114	https://www.imdb.com/title/tt3658114/
tt3667494	https://www.imdb.com/title/tt3667494/
tt3667640	https://www.imdb.com/title/tt3667640/
tt3671824	https://www.imdb.com/title/tt3671824/
tt3671872	https://www.imdb.com/title/tt3671872/
tt3676274	https://www.imdb.com/title/tt3676274/
tt3777558	https://www.imdb.com/title/tt3777558/
tt4158720	https://www.imdb.com/title/tt4158720/
tt4295876	https://www.imdb.com/title/tt4295876/
tt4540000	https://www.imdb.com/title/tt4540000/
tt4800094	https://www.imdb.com/title/tt4800094/
tt5961684	https://www.imdb.com/title/tt5961684/
tt5986018	https://www.imdb.com/title/tt5986018/
tt5988552	https://www.imdb.com/title/tt5988552/
tt6224410	https://www.imdb.com/title/tt6224410/
tt6227590	https://www.imdb.com/title/tt6227590/
tt6227710	https://www.imdb.com/title/tt6227710/
tt6227928	https://www.imdb.com/title/tt6227928/
tt6334726	https://www.imdb.com/title/tt6334726/
tt6350606	https://www.imdb.com/title/tt6350606/
tt6350688	https://www.imdb.com/title/tt6350688/
tt6581722	https://www.imdb.com/title/tt6581722/
tt6697274	https://www.imdb.com/title/tt6697274/
tt6986716	https://www.imdb.com/title/tt6986716/
tt7027488	https://www.imdb.com/title/tt7027488/
tt7027572	https://www.imdb.com/title/tt7027572/
tt7027678	https://www.imdb.com/title/tt7027678/
tt7033852	https://www.imdb.com/title/tt7033852/
tt7033876	https://www.imdb.com/title/tt7033876/
tt7061658	https://www.imdb.com/title/tt7061658/
tt7064960	https://www.imdb.com/title/tt7064960/
tt7065000	https://www.imdb.com/title/tt7065000/
tt7065016	https://www.imdb.com/title/tt7065016/
tt7435896	https://www.imdb.com/title/tt7435896/
tt7496904	https://www.imdb.com/title/tt7496904/
tt7917572	https://www.imdb.com/title/tt7917572/
tt8850916	https://www.imdb.com/title/tt8850916/
tt9257372	https://www.imdb.com/title/tt9257372/
tt9476728	https://www.imdb.com/title/tt9476728/
tt9476788	https://www.imdb.com/title/tt9476788/
tt9476794	https://www.imdb.com/title/tt9476794/
tt9476800	https://www.imdb.com/title/tt9476800/
tt9476804	https://www.imdb.com/title/tt9476804/
tt9632180	https://www.imdb.com/title/tt9632180/
tt9635772	https://www.imdb.com/title/tt9635772/
tt9637754	https://www.imdb.com/title/tt9637754/
tt9859508	https://www.imdb.com/title/tt9859508/
tt9859598	https://www.imdb.com/title/tt9859598/
